review,rating
"I have paid to verify both my instagram and my Facebook. When I go through the identification process it stops me at the two factor authentication. I have this both enabled on my Facebook and my Instagram. I have every authentication enabled from phone, to authentication app, to what’s app etc. it still does not detect it’s turned on. When I turned it off and back on it asked to verify my name and profile photo. I do then I get an error that says “page isn’t available right now. This may be because of a technical error that we’re working on to get fixed. Try reloading the page.”  I reload and the same error occurs and I have to force quit the app to get instagram to open again.  I have shook my phone so many times and reported the error and attached screenshots and the issue still remains. I keep getting messages on instagram please verify your identity to finish signing up for meta verified but your app won’t let me. There is no way to talk to customer support when you’re trying to sign up. You can only talk once you’re signed up. That’s unhelpful. If you’re trying to generate revenue have a place where people who want to pay to get verified receive customer service help. You’re loosing revenue because your system is not working for people who want to sign up for meta verification.",5
"I have had a frustrating issue for several months now where certain features either make the app crash suddenly, or do not work entirely. One feature that does not work at all. Not a single time... is the ability to post multiple photos in a singular post. I’ve tried with just 2 photos. I’ve tried with the maximum amount of photos in a photoset(10). Not a single time has this worked. After adding a caption with some hashtags, tagging friends, and waiting for the post to load. It fails to post every single time. I’ve tried this on both my old phone iPhone 6S plus, as well as my most recent phone purchase the iPhone X. This feature has never worked for me, often times being so frustrated I’d neglect the app for a few days and then find myself back. After attempting to delete the app as well as the app cache and reinstalling on both phones the feature is still inoperative. I also agree with many other Instagram users that the feed is very annoying that I’ll see posts I’ve seen already, or posts from several days ago. Chronological order?? If Instagram was more oriented on creating a seamless working application they may have a lot more users, or more frequent users of the app. Every bug I’ve experienced, I’ve submitted through the in app report a bug.",4
"I had an Instagram for over a decade and in november it was suspended for ""fraud"". I had never violated any of the community guidelines. I filed several appeals with videos of my face and sent several emails to Instagram support without a response. This was during hurricane Helene disaster in my area and without phone lines this was one of the only ways to contact some people.
My Facebook was also disabled as a result. There Was never a response to my suspension and eventually I got an email saying it had been permanently banned again. I've never violated any of the community policies. I created a new Facebook and Instagram account which I have had for less than a month. Twice now, my Instagram account has suspended me from doing certain activities like adding friends or liking and viewing stories. I don't like an excessive amount of stories or comment excessively. I also did not follow a large number of people. I was only trying to follow the ones I had followed previously on my prior Instagram. Today l received another notice that my account has been disabled for fraud. This time it requested not only a video of my face but a picture of my license or ID. I submitted both but l'm not hopeful since I didn't get a response last time. There is clearly an issue with suspending accounts incorrectly, there should be a team to be able to respond and correct this, especially since it's some peoples only form of contact with others.
Today
Games
Apps",1
"Now I will be completely honest with everyone who reads this review

Whoever is new coming to instagram be prepared for the difficult understanding of the app. I am a long time user of this platform and I believe there no problem with instagram besides one thing, it’s their making account process. I have been trying to make an back up account for myself for the last 2 hours and I have been getting to the same spot over and over. When I was making the account at first the app wasn’t letting me make an account. So I decide to use their website and the website let me make the account and log into the account as well but the app it wouldn’t let me make not log in. I have tried many different methods like changing the password, using the digital code(which is supposed to be 6 number digit but I got an email sent with 8 digits.) On top of that the link they sent didn’t work as well. The only time I did log onto the account was when I had to go into the app and log on through the website on the app. When that happened I still couldn’t get on the account and then I thought maybe the link would work since I already have the account connect to the meta thing. Then when I do that I get logged out of both of the account. This is totally unacceptable and unprofessional service from the developer behalf because making account is the main key of the whole instagram and it don’t make sense why it’s so bugged.",1
"I don't wanna be mean but I have had an issue with your recent update, which allows users to put a 30 second music clip on their notes with that i a haven’t even gotten the update to add notes which is such and inconvenience. I have not received this update, although all of my friends have. I have tried to be patient, & I have also tried fixing it. I restarted my phone, I updated my phone, I deleted the app, I logged out of my account, I tried updating the app multiple times, & nothing. No music option on my notes. I don't understand why I am being excluded. I am hurt, & overall shocked that Instagram could exclude someone like this. I would appreciate if you would give me this update. I don't find it nice to be excluding anyone from your updates, & I don't know why you chose me to exclude. But it is unfair, and I would like to receive this update as soon as possible. I think I deserve this. I have since gotten over it, but now I cannot let you exclude me any longer. Please give me this update, I do not deserve this. It's truly disgusting & rude of you to just leave me out. I really want this update, I am so mad you chose to leave me out of this update, out of all of the updates you have made. I love music, & I really would like to put it on my notes. I don't know why you're targeting me like this, but it needs to stop. Please provide me with this update, would love to put music on my notes.",1
"Insta has always been about sharing. Sharing your own pictures, and sharing friends or mutual’s work too. The newest update makes the latter impossible and tedious. Instead of being able to simply tap the airplane icon next to a post, and then posting it to your story, you have to back out of it, go to your story, set up a new “create” post, and add a reshare sticker. This makes resharing on the fly incredibly annoying. It slows the spread of posts, and is basically discouraging people from sharing others work in the first place. This is detrimental to communities like activists, artists (who you don’t seem to care much about anyways), content creators, and more. You are effective killing the main source communication and collaboration within your app. Whether you think videos are the hit new thing or not, you ARE NOT TIKTOK. Stay in your lane, or you’ll lose every loyal user. If you’re trying to be something completely new, then make a new app, and leave Insta alone! Nobody comes to Instagram expecting TikTok like content, and that will never change no matter how hard you push that type of content. If you actually care about the stability of your user base, and the Insta community as a whole, please return the old resharing. You can keep your Reels, sure, I don’t care, but removing the biggest part of your app in hopes that it will make everyone want to only look at Reels content is a terrible idea.",1
"Though Instagram is one of the simplest social media platforms you could have the support is complete trash. I spent the last two weeks trying to recover my account that was registered as compromised for unfollowing people. A little back story I have had this account for over 7+ years and I hadn’t really done much with it and in a failed effort to make the account more recent I encountered several inappropriate post of nudity and etc. I spent many many many hours reporting post that were inappropriate for the app that is 13+  and I decided to clean out the people I was following bc I was sick of the disturbing things I seen on there. I found that my account followed 100’s of people I didn’t know and of course I change my password frequently to keep from scam so I knew that wasn’t the problem. While unfollowing said accounts and many others I got a page saying. “Account compromised.” That I some how purchased followers against the guidelines I was sitting at a total of like 100 followers or so, plus the whole idea of buying followers is lost on me. I have spent two weeks trying to get this resolved. Instagram has little to no support with simple Q & A forms for assistance that just DO NOT WORK! It has become completely ridiculous and I’m not the only person I know who has had this issue. Regardless. The app has gone down hill and hopefully will get it’s crap together in the near future.",1
"I’ve been using the app instagram for as long as I can remember. I can say that it is a part of me in a good way. I haven’t always followed the rules but for the most part being on the app was a great experience. As someone with a growing platform and growing instagram account, I can say that when you are in need of some help there’s not really anyone to call on. The email and number are from my experience never used, which makes both ways to contact them pointless. But another thing is is the biometric identification bot, is an obstacle to pass. I recently have been trying to access my account and it’s been a nightmare. So likewise I’ve been searching and watching online videos and reading sources on how to pass the “obstacle”. I feel like human review should be put to use more simply because it’s hard for an ai to understand something less perplexed. I think the ai  wants you to be perfect which is going to be hard for a lot of people. Currently writing this review I have not gotten fully into my account due to the 2fa which is the start of the problem, but hopefully I can get back into my account this week.  In conclusion, the app is great but there are some things that needs to be worked on and changed. For example the identification verification bot and a little more but that’s all. A tip before I finish is to get your 8 digit codes because those will be a life saver (while you have access to your account).",1
"Back in 2018, my artwork went viral. In fact, many pieces went viral. People were finally starting to see my work all over the world. I was getting jobs and gaining so much traction! And that’s because both my following AND non followers could see my work. I eventually gained 93 thousand followers, getting my artwork to industry professionals. This was literally something I could put on my artistic resume. 
But then 2020 rolls around, and IG decides it wants to be just like another video app. Reels are on full blast. You now have to pay to get your posts to be seen by anyone, even your own followers. Less than 1% of my followers and non followers were even seeing my work. 93k, and interactions were tanked. Then… each week, without any real idea why- I was losing a thousand followers. I wasn’t doing anything different, but the following was drifting away. No one could see my art. Eventually I made a new IG and tried to get everyone over to that one, and then… I could never access that other page again. I go back and check it… it’s following swindled by over 30k. But I will never be able to access it again. I tried contacting IG to no luck. I proved myself the owner to no luck. Needless to say… this affected my jobs. 
The algorithm change screwed artists. We had to search for a new home, and there’s been nothing. Everything either has no traction or it has ai. Instagram screwed a huge chunk of its base.",1
"I deleted instagram from my phone 6 months ago. I’ve never been more clear minded and closer to my self. From being addicted to this god awful app growing up in middle school - to now in big 2025 having my freedoms stripped by those in power with no intention whatsoever of genuinely helping anyone other than themselves and their rich friends. I will never support that insecure man zuck. Goes on Rogan’s podcast to pander to any brainless incels he possibly can, talking about how he “definitely has friends” lmaoooo. You people are a joke, and a plague on the earth. The mass awakening is happening and it won’t stop. All of you who view wealth accumulation as your reason for existence will get what has been coming. I don’t mean that as a threat. It’s simply a result of YOUR actions for decades, generations. You really thought we’d be stupid enough to put up with it…. Forever? Doesn’t make sense to me - I’m sure it never did to you either. I’m sure you saw this coming. Perhaps that’s why yall tryna get off the planet so bad investing in whatever rocket ship you need to be away from us peasants. We will rise regardless, & I actually implore you to leave. Because we won’t stand for anything but change. You won’t stand in our way when the entire population of workers that you exploit for profits decides they’ve had enough. The time is coming, and your actions to prevent it only accelerate it! Let it be known; YOU WILL NOT SUCCEED.",1
"Instagram has really gone downhill over the years, and it's hard to ignore the company's unethical practices and obsession with profit over user experience. First, the app is notorious for its data-stealing tendencies. Instagram collects vast amounts of personal information, often without clear consent or transparency. It feels like the platform is constantly tracking you, from what you like to where you go, all in an effort to sell your data to advertisers. The idea that your every move is monetized is unsettling, and there's very little control or accountability on Instagram's part.

Functionality-wise, Instagram has become a mess. The interface is cluttered, outdated, and user-unfriendly. What used to be a straightforward app is now buried under layers of ads, stories, and recommendations you didn’t ask for. The algorithm seems more focused on pushing sponsored content and irrelevant posts than showing you what you actually want to see. Every update brings more confusion and frustration, with features being broken or hidden behind confusing menus.

At this point, Instagram feels less like a fun social platform and more like a corporate machine designed to harvest data and maximize profits. The app's original charm has been overshadowed by constant ads, privacy concerns, and a lack of innovation. It's hard to recommend Instagram to anyone who values their privacy or a good user experience. There are much better alternatives out there.",1
"For months now I’ve had the same issue of not being able to view my liked picture and reels. Between me and the people I know who also use Instagram for iPhone, im the only one who doesn’t have the “settings>account>posts you’ve liked” setting anymore. And I was willing to let go viewing liked pictures because I found out that reels had an option to view liked reels, even if it was buggy. But now, neither option exists so liking pictures or reels is pointless. I basically have no reason to come back to this app because I can’t even go back and look at the art or tutorials I’ve liked/might want to use as a reference. 

I’ve also tried to contact whatever nonexistent customer service there is with no answer back whatsoever. Seriously, if you Google their customer service contact list, the only option is to report an issue through Instagram. There is no email, phone number, nothing actually useful that lets you know that your complaints or questions will be seen by a human being. Heaven forbid something good ever comes back to this app, such as the fixing of the broken algorithm that makes you view the same posts for weeks at a time. I’ve had to unfollow so many people because it was the only method to fixing the issue. Lazy, lousy excuse for “customer care.” Might as well go back to DeviantArt if you care about being an online artist in the modern day.",1
"I like Instagram. I do. It’s a good app for keeping in contact with friends and for being able to share the things I create as an artist. But I swear the app gets worse with every update. The changes to the layout of the home page that make it so it’s basically a second explore page and so you don’t see posts from those you follow in chronological order are frustrating. The change to messages that make it so swiping prompts a reply to someone rather than exiting is confusing and non-intuitive, not to mention outright useless. The changes to the placement of the notification and posting tabs are infuriating. This is an app for sharing, not for shopping. Keep the shopping tab out of the main tab bar and put reels back with explore.

Instagram would be much more user friendly if there was an option to toggle certain features (although calling them features instead of “hinderances” might, in some cases, be generous), such as the swipe-to-reply in messages, the suggested posts after the most recent posts in the home section, or whether posts were ordered algorithmically or chronologically. Additionally, allowing users to set up the layout of their tab bar would also make it more user friendly. I’m sure someone out there prefers the easy access to the reels tab, and would want to keep it where it currently is. But most don’t. Thus, allowing users to choose which features show up on the bar would make the app far better.",1
"If you say the “wrong” thing too many times the straight way delete your account without warning. Twitter was se spring people’s tweets during covid, well Instagram is fraught way deleting accounts. They give you zero warning or explanation. They are violating the first amendment of the U.S. constitution just as Twitter was. You know if it’s the “wrong” thing to say because it warns you when you comment saying are you sure because a similar comment was reported. They can even later try to say you violated their terms and conditions as that’s most likely what they’ll say but it’s a coo out as those terms violate the U.S. constitution which is supreme law in this country. And yet they allow liberal trash to be posted. What is wrong with society these days where we can’t even speak the truth or our opinions without being silenced as if the U.S. Constitution means nothing? They have accounts on here where women show basically everything and link their only fans and even some subscription accounts where they have minor females showing in barely any clothes and dancing like a stripper, but yet we aren’t allowed to speak our minds any more. I just recently had my account of many years deleted and have been trying to follow everyone again (including family) just to have it deleted in less than a week, again with no explanation or way or appeal. I’m done with these democrats. They’re not even human, they’re 100% anti-American.",1
"I absolutely love instagram. I love scrolling through feed and stories a lot. But, anymore, when I do that there’s so many graphic posts that made its way into my feed somehow. It’s disgusting. It’s thinks from completely naked women (or women in only fishnets) trying to sell themselves all the way to the most recent post, a guy shooting another guy with a rifle in the head (with NO graphic post warning). I understand that instagram doesn’t have a lot of control of what people post when they do, but I’ve reported more posts like these than I can count in the last few months with absolutely no response from instagram. I’m extremely disappointed. I don’t need to see posts like this and neither do 13 year olds who use this app. Most of the time, it’s meme/funny pages that are associated with these posts, but it’s not actually them because they’re tagged in it somehow so I can see it. So no matter how many pages I block, another one will pop up just because I want to see quotes! I can’t go through 5 posts on my page without seeing these things. Instagram, PLEASE take this feature away. PLEASE save everyone from seeing these awful posts. At the least, PLEASE give me a response to my reports. I know for a fact other people are reporting them, and I want to know that at least 1 of the 150 posts I’ve reported so far has been taken down. MAKE INSTAGRAM KID FRIENDLY AGAIN!! At least to where I don’t lose my appetite.",1
"I’ve had Instagram since 2013. For a while the updates were improving the experience especially as instagram grew in popularity. Probably in the last year I’ve grown to really hate instagram. It’s following the trend of all other social media sites, It’s 75% ads, and if you respond to ads saying they aren’t relevant or you don’t like them or whatever it doesn’t make a difference. For example I get a lot of alcohol adds, probably because I'm in my 20s, I’ve asked to stop seeing them a million times and I still see them daily. The algorithm is awful. My following feed is always in a weird order, I don’t see so many of my friends posts, and after every 2 posts it’s an add or a suggested account or suggested content. Doesn’t make sense. The popular page or for you page, idk what it’s called, is terrible. I was pregnant almost 2 years ago and my entire recommended feed is pregnancy related. But the worst feature by far is the reels. I despise the reels. It’s trying to be TikTok but it’s not. And it’s really just reposted TikTok’s or content that’s pretty unpleasant in my opinion. If I wanted to watch TikToks I wouldn’t have deleted TikTok. The app is a mess. It’s not fun, and I can’t stand scrolling for more than a few minutes. Also the amount of spam accounts in my Dms is ridiculous. I get tagged in spam posts daily. I report every time but it makes no difference.",2
"I have had troubles with the music feature on instagram for MONTHS now. I am not able to use any music other than the few automatically shown ones that are there when I click the option, and all the songs are in some foreign language or they're instrumentals of some sort. I am not able to search for any song whatsoever as it will just tell me there are no results. I have reported this problem to instagram multiple times over the course of about 5 or 6 months and they have yet to respond in any sort of way, let alone fix the problem. I know i'm not the only one dealing with this as i've seen in reviews, as well as on other social medias such as twitter, that there have been a good amount of other people dealing with the same issues. Plus the notes that everyone can enjoy and have fun I don’t have and feel left out. This problem has been aggravating and upsetting, and the fact that i and many others have tried to reach instagram to fix this issue, yet have not even been addressed, only adds to those emotions. The music and notes was one of, if not THE most used feature for me on instagram. I have tried multiple methods on my own to resolve this issue but nothing has worked. Hoping instagram can get to the bottom of this sooner rather than later.",3
"I am a common Instagram user. I think it offers great things and ways to explore. However, I attempted to log-in to my other account and it wouldn't let me. It kept saying ""Sorry, there was a problem with your request."" It then logged me out of my main account. Now, every time I attempt to log-in to my main account errors upon errors continue popping up. It says my password is incorrect even though that same password works when logging in through Safari or on other devices. When I try to sign-in using my phone number it says the codes don't work or there were problems processing my request. When I try links from my email or sms they never work. There's always an error. I attempted to sign in to multiple accounts and I am unable to on the app. It's only possible through web browsers. This isn't the first time this has happened either. I've had this issue before and through reading some reddit miracle I was able to log back in, but only to my main. I've tried so many different ways to troubleshoot but none of them are working. I refuse to factory rest my phone and lose all of the data I have on here. It's extremely frustrating trying to use the app and ultimately give the company more money, but it won't even allow me to log into any accounts. I can't even create a new one. Please fix this bug, I know for a fact that I am not the only one who has experienced this.",1
"So I checked the community guidelines in reference to liking commenting, limiting comments and likes and all that stuff and I was like OK interesting!!! I wasn’t in any violation of anything. My account was not reported for anything or another of that nature and it does it matter if it’s a friend or celebrity or strangers account that I would post to try to post a comment on or like it would not go. So it would allow me to like a post but if I go back to it sometimes it like it’s not there sometimes it is still there but forest commenting on a post, it gave me an error and told me to retry and it would say something about community and I’m like my comment is negative directory sexually explicit mean or any of that nature and I don’t stalk people. I don’t do none of that stuff so I am confused as to why I’m unable to comment on a post and say congratulations or be like whatever you know it’s crazy. and like I said before, I’m not stalking nobody even being rude or mean to nobody, and it shows that my account was not reported for anything or blocked or anything like that and also it showed that I still had access to all features of this app but it seems like everything’s a lie and then it said to update my app. My app is updated so I don’t know what’s going on so maybe you guys can explain to me why I am unable to comment on family members friends in anyone’s post.",2
"I’ve had 6 comments removed for supposedly breaking guidelines none of them did. simply opinions that have everything to do with the topic posted. No swears, no treats, etc. comments you would have with any adult in a living room discussion setting. That’s irritating enough especially when you see the vulgarities that are permitted to stay posted. But then every time you delete a comment my account get stuck in this not allowing me to post any comment. I’m promoted to retry or tell us. Both prompts do absolutely nothing and lead nowhere. While my account status says I can use all features. If I don’t write in a complaint it stays this way until I do. It most irritating. At this point I’ve spent more time reporting a problem than I actually spend on instagram. Wondering if anyone else has this same issue? How it can be fixed? If it can be fixed? Because if it can’t I may be done with this particular app. It’s not worth the aggravation. Adding to this do you realize that almost all of your reviews are repeating the same review over and over forever. It’s a complaint that is marked as five stars which makes absolutely no sense and changes your review scale. And now I can see why. You send the review and if you want to write another you can’t your original review comes back up and your prompted to send or cancel. These reviews date back quite a way and say the exact same thing. Is anyone working there?",1
"Title says it all. Not everyone wants to be a business and pay for followers and promotions. IG was already making enough with ad revenue. But killing the organic feed was about the most blatant sign of greed i’ve seen from a social media platform. We expected it from Facebook, and naturally everyone saw it coming with the merger. Its absurd to think that because you dont pay per post, even with a good follower to post activity ratio, your posts dont take priority among your own followers or area. Instagram took the fun out of discovering people and forces those who pay to play down your throats. The bigger accounts just saturate the market and everyone else gets forgotten. Personal pages should NOT be penalized for not paying to promote posts where as business profiles should. IG, like every Google product, is self imploding and destroying itself by its obsession with catering to ads. Not the creatives who even bring traffic to IG in the first place. Remember what happened to Tumblr? The first IG? Yea its going in that direction. The censorship and bias towards trending profiles alone is going to kill this platform just like Facebook is suffering from. And dont get me started on the spam and scam messages/ comments that plague this app.",5
"i don't wanna be mean but I have had an issue with your recent update, which allows users to put a 30 second music clip on their notes. I have not received this update, although all of my friends have. I have tried to be patient, also tried fixing it. I restarted my phone, I updated my phone, I deleted the app, I logged out of my account, I tried updating the app multiple times just nothing. No music option on my notes. I don't understand why I am being excluded. I am hurt, and overall shocked that Instagram could exclude someone like this. I would appreciate if you would give me this update. I don't find it nice to be excluding anyone from your updates, besides I don't know why you chose me to exclude. But it is unfair, and I would like to receive this update as soon as possible. I think I deserve this, especially after you never let me use the ""Add Yours"" stickers as well. I have since gotten over it, but now I cannot let you exclude me any longer. Please give me this update, I do not deserve this. It's truly disgusting and rude of you to just leave me out. I really want this update, I am so mad you chose to leave me out of this update, out of all of the updates you have made. I love music, I really would like to put it on my notes. I don't know why you're targeting me like this, but it needs to stop. Please provide me with this update, I would love to put music on my notes. Thank you

<33",1
"Dear Instagram, I would like to take this time out to say thank you for your incredible artwork. You have created art in its most socialable form where hearts can come
together and be at one. You have open doors to countless and millions and have provided opportunities that only a mind of higher overstanding could produce. You have done the work from before you started without out seeing the final outcome but knowing that it would and is amazing, great, beautiful, influential, motivional, inspirational,
accounted for in the universe as a string that can connect each and every one as those who believe that they will reach the finish line but who continue to move. You have set an example sample of the nuts and bolts that work
the world and has played a major role in the visible aspect of faith. I see you and I appreciate you and thankful for your contribution to the world on both sides of the scale. Your vibration is felt and respected by me and the rest of the connection to each and every one who's involved in a part of your service. Whether you like it or not you have touched the heart of the fathers and mothers in ways inexplicable. It is my honor to gratitude on this
review in my own words. Thank you	10",5
"This used to be a great app, but these days Meta decides what you will see and how you will experience Instagram . For example, I always disable the in-app sounds because they are annoying and unnecessary, but every few days the app enables the pointless noises on its own. The newsfeed has been taken over by so-called suggested posts, which range from random local news stations I don't care about to bigoted memes and there is no way to disable seeing these ""suggested"" posts. The ""hide all from"" feature is also broken - I hide a post from a group and I continue to see posts from that group anyway? Like, how even?
This is not supposed to be Twitter, I don't want stuff shoved into my feed if I didn't seek it out. I want to see my friend's posts, not stuff from a page I don't even follow. I don't mind ads, Meta needs to pay the light bill somehow, but this pointless engagement baiting by Meta is really irritating.
And then there are the blatant copy and paste scams flooding Marketplace and groups. Scams for handyman services and expensive items seem to be the most common and all of them have enough similarities to be removed by the same algorithm which automatically bans you in your swear at someone. Each time I report these posts and accounts, Facebook tells me that the posts don't violate the rules. It's really wild that they'd rather keep the scams up for engagement and ad placement rather than protect their users from crimes.",1
"I’ve had Instagram since its launch when it was just a photo sharing app, but what it’s morphed into today is un-usable.  I have watched a slow decline in the user experience, and with the recent announcement that they are doing away with fact checking and content moderation I am officially done with any Meta product.  Mark Zuckerberg is a soulless coward.  People should really think twice about continuing to use his products and line his pockets with money he is using to undermine our democracy.  Coupled with the app being literal garbage now, it’s no wonder he spent so much on lobbying congress to have Tik Tok banned, because he simply can’t innovate tech on his own…he always steals from others.  I’m old enough to remember a time before we had social media and we were just fine as a society.  I’d argue we were better off actually without the constant noice that distracts and divides us while Zuck rakes in the profits.  With where we are in the world I cannot in good faith support this monster’s companies any longer, and I urge every person concerned for the trajectory of our planet to delete their accounts and do the same.  It makes no sense to complain about the issues, and continue to use the platforms that are contributing to the issues we face.  I’m done.  Meta will never get a minute of my time or data again.  Delete your facebook and instagram people.  I promise you will survive without them just fine.",1
"*Updated review* a few days ago i wrote a bad review because there were bug issues and my saved songs on instagram weren’t loading and now they’re all BACK YAYYY i love you forever instagram 🫶🏻🫶🏻you the GOAT. finally i feel at ease. i can finally see all my saved songs again. Giving you 5 stars now ⭐️⭐️⭐️⭐️⭐️but…. there’s still another issue i complained about, so every time i delete the app and log back in or go on private then back to public my account bugs out and some of my archived stories are frozen like a lot of them !! :(((( makes the app un enjoyable. please fix this!! like reels i had posted and are now in the story archives are frozen and won’t play… i love watching my old stories and some of them are frozen? not just the reels but some of my own photos or vids i posted in my story archive are frozen. :( once you fix this you will earn all my respect back. this app has been around for so long and is the most popular app, i feel there shouldn’t be issues like this still? the whole point of instagram is the posts and some of my archived stories are frozen and won’t play .. what’s the point then? once this gets fixed i’ll love you forever and will earn my full 5 stars.",4
"It’s been 2 years ever since I’ve ever had to come this far just to report this problem, and I thought that I’d never have to do it again. I don’t know when’s the last time that Instagram have updated their app, or when they started doing this, but it’s pretty dumb. You guys are getting in the way of me being able to get followers and promote my small business/ small account. Every time I try to follow someone, an error message pops up. You guys have put a limit on the amount of people that I am able to follow, and I only follow 45 people and I just made my new account like not even a week ago. I am activity blocked for no reason, and I have no idea why. I can’t follow anyone at all, and this have been going on for 4 days now.. I’d say that you guys are causing problems for small artist like me. I’d also like to say that a month and year ago you guys were an amazing app for small business owners to come on and promote their small business, but now you guys are doing way too much. There’s too many things going on the world for you guys to be worried about who’s following who. Instead, worry about the n*dity that’s going on💗 there’s plenty of it. Lol, to whomever may come across this, or even if Instagram may ACTUALLY read this, please excuse me if I made myself seem like a “Karen” or if like I had a attitude, I am a kind person. I tried putting this in the best way as I can.",1
"Instagram is a good application, but when there is a problem there is no way to fix it. For me the tap in feature does not work, it appears as part of the image and is not interactable. I have looked up a lot of things to try and fix it but nothing seems to work. I tried to contact Instagram but the only way to do that is through reports, and I have reports from 6 months ago that are still in review. And when I report a technical problem such as the tap in or add yours feature not working, it does not even show up in my reports. I think that whenever I report it that nothing happens because I think it should appear in my reports log in settings right? My application is fully up to date, I’ve tried clearing the data from the app, I’ve uninstalled and reinstalled and nothing has worked. There are thousands of other people claiming to have this problem but nobody can find an answer or solution to it and Instagram does not provide a way to help with this. The help center only provides information for business things or how to do very basic actions within the app. There is no help for glitches and bugs, there is no way to fix or contact about these bugs, which is quite annoying.",4
"Im in the same boat as many others here. I liked Instagram as it was different from other platforms. It’s essentially become a place to reshare tiktok videos and there’s no longer even a button on the toolbar to make a post.

There is NO customer service. My app has been glitched for SEVERAL updates and won’t allow me to share a post (even my own) to my stories. I report and hear nothing. I’ve removed the app from my phone and re download and same issue. The issue even stayed with me when I purchased a new phone! I get that there’s a huge user base, but seriously they can’t dedicate ANY energy to customer service for escalated issues?!? I’m a contractor and can no longer share the posts of my clients and partners - during a pandemic it looks even more to my clients that I’m not involved bc I can’t promote their content without taking a screenshot and creating my own post- it’s hurting my working relationships.

It’s gotten so bad that I barely use the app anymore. I don’t like Facebook SnapChat or TikTok and it’s clear that Instagram is just becoming like the others so there’s no point. I’m served adds and content I didn’t follow and am constantly missing out on important updates from people I actually care about - the whole point of the app allowing me to specifically target my experience is gone, and Instagram frankly doesn’t care about its users as they are all the product themselves.",1
"I follow several artists / content creators whose content is deemed “sensitive” by instagram. I know for a fact that most of these accounts never show up in my feed despite the fact that I’M FOLLOWING THEM. I’ve even gone thru certain pages and liked several posts at a time in an attempt to show the ig algorithm that I want to see the content that I follow. To make matters worse, now everyone is talking about this new sensitive content filter but I don’t have it available in my settings. I have updated, reinstalled and combed thru the app’s settings to no avail. So basically, IG refuses to show me the content that I follow. Instead, I am constantly having tiktoks and ads shoved down my throat. To make matters worse the only content they seem to deem “sensitive” is nudity, specifically any nudity that may be portrayed from a female perspective. Political propaganda and misinformation are NOT considered sensitive content apparently, so my explore page has no shortage of casual racism for me to pick through, not to mention all the fast fashion and ponzi schemes. It’s honestly pathetic how transparent instagram is. They only care about content that they will get paid to show you. They don’t care about “filtering sensitive content” and they definitely don’t care about preventing the spread of misinformation. I wish more than anything that an alternative to IG would become mainstream, this platform is seriously dead. You killed it. Congratulations.",1
"Overall I love the app instagram, you can see funny videos and even gain followers on there, but here is the biggest problem on instagram, THEY ARE DELETING ACCOUNTS THAT DID NOTHING WRONG. Instagram needs to get out of their brain dead state and start checking accounts before deleting them because they are getting reported and accounts are being banned and disabled. This is especially unfair to the fan editors out there. There are hundreds of thousands of people who make edits of their favorite people on apps such as TikTok, Instagram, etc. These fans work hard on their edits, tag the people they edited, try to make their day by showing how much they love them just so instagram can delete the photos and videos because they assume that they are trying to be them??? Clearly if you read the caption you can clearly see that they are just simply showing how much they love that user. They are not trying to be like them they are just trying to support them. If they think people who show love to who they support then why don’t hate pages get banned, reported, or disabled? This isn’t the only people instagram has done this to because a nice dancer who did absolutely nothing wrong got disabled at 300k, the followers she worked hard on getting!!! Instagram needs to step up their game and stop doing all this bad stuff to these people who show their support or I’ll just have to be one of the many people who delete this app.",1
we will not switch over to your app that collects our data after you accuse tiktok of doing so based on the principle it is not profitable for you. maybe instead of telling OUR congress to invest into Meta that they should invest in byte dance. a company your intern created that profited better and performed better than your app ever managed to do so in the past 10 years let alone 15 rebrandings you have done. i get messages daily telling me my account is being logged into by a device thousands of miles away from me constantly yet i have never had that problem with tiktok. you do not protect children as any instagram reels is consisted of the most disgusting comments i have ever seen in my life. you allow children on an app that allows quick access to where you live and what you do without any restrictions built into the app. you know your app is failing as an app if your rebranding consists of what your competitors are doing better in hopes of profiting off it rather that making adjustments to make your app function better. you’re the most ignorant person to ever run a technology brand to ever exist. i would rather be forced to remember my grandmothers password to her flip phone then ever use an app that tracks and listens to my private conversations in hopes of running up its ad revenue for your wallet. i hope you live a long life just so you suffer in your pathetic mess you have created longer.,1
"I have had Instagram for a few years now I’ve had my Instagram account since 2019 and that is when I first started getting into social media as far as Instagram goes I don’t really have any technical issues. Most of it is the fact that a lot of the people that come on Instagram are very very judgmental and insensitive and most of these accounts when you do end up reporting them for the content or comments that they share they don’t end up getting banned for it or anything like that and I don’t want to make this a long review, but I have seen multiple reels of young girls having predators in their comments and Instagram doing absolutely nothing about it so something that I would definitely recommend if you are going to let your children or anything like that use Instagram or any social media platform you make sure that their accounts are looked at and monitored Instagram used to be really nice to use, but there are so many rude and ignorant people on Instagram now that you can barely even get on it to have fun. there are a plethora of negative and political things whether it be fat phobia or homophobia things that just kind of makes you never want to look at Instagram. It’s a good app. It’s just the people that are given platforms and when reported they can keep their platform.",3
"As a business owner who uses Instagram to promote my business - I find the app unreliable with tons of glitches and dead links that don’t work, the app is cluttered with options / links that make the user interface look unprofessional and Instagram is slowly making the same mistakes that Facebook made with their Ui design, advertising on Instagram has great results whenever the app works but I constantly have ads rejected for no reason or the app is so glitchy that I can’t login or post ads, I find that Instagram doesn’t know what they want the app to be (reels, stories, igtv, posts… Instagram just needs to make an app that works and quit trying to complicate the user design), app support is non-existent and glitches often keep me from advertising on Instagram for weeks at a time - you would think that Instagram / Facebook/ meta would take ad revenue serious enough to make the app work consistently but this is sadly not what is happening, I don’t understand this whole meta / facebook takeover of the app (facebook has a horrible user interface that is cluttered and scattered between various meta and Facebook links that are confusing to navigate - Instagram is slowly introducing new features in this same manner and is slowly making a simple app complicated for no reason (this is why Tik Tok is having so much success and Facebook / Meta / Instagram is struggling).",1
"Ive had multiple accounts since 2015 … I used to be addicted to social media … Now that I’m not I can see all the many things wrong with social media and especially this app … The shopping feature is dumb … The moving buttons around is dumb … Having only one account get an update when the other doesn’t, even though it’s the same app on the same phone, is dumb … I also really miss the layout where the profile pic was on the right and the followers number wasn’t big in everyone’s faces and the name and bio were bigger as well … That being said I do like that the views and likes can be hidden etc … The reels try too hard to be tiktok … The messages although I like different themes there aren’t enough interesting ones … The porn bot accounts are annoying .. Real people get their accounts taken down while all the bots just keep popping up … I just wish this app was about sharing pictures and 1 minute videos again … Stories are really extra .. privacy is just unheard of these days … It’s so annoying .. Also the comparing your life to others is very easy to do with this app … Anyway I already deleted it but you guys should too it’s not only annoying but it’s unhealthy. Get your real life back and stop worrying about what others are doing. Find yourself. Get a career. Be happy. Read a book or write one. Go outside. Get a job. Pick up some productive hobbies. Just detach from socials. It’s not real life.",1
"I love Instagram, it’s like a more modern version of Facebook thats basic enough for my grandma to understand but still fun for me to use. However I don’t know if this is a fluke or apart of the update. A message came up saying Instagram limits how much likes we can do on comments at a time to stop bullying... I just want to know who thought this was a good idea. This is a social media app that’s like the whole point, liking is literally the foundation of every media. If you have a limit whether your intentions are bad or not your going to end up being wiped for existence. And also I don’t know who thought a limit on liking comments would prevent bullying but that person has obviously never really been bullied in their entire life because that does nothing. The only thing limiting likes is going to do is leave Instagram with bad rating and have your audience delete the app and go to another platform that allows them to do what social media is suppose to be able to do. Speaking of such I won’t delete the app yet because I’m hoping this is a fluke but I will be switching to another platform, for the rest of the month, that is able to do its job. I appreciate the concern for bullying but find a way to help prevent it that doesn’t effect everyone and take away from the purpose of social media.",3
"When I first started using Instagram, I didn’t know what I was doing. I am an artist, so when I got this app I posted a few of my works, but I really just wanted to look at some memes and posts from my family. After about 2-ish years I made my account public and started being more active, I got a lot of good comments from people on my posts and started gaining more and more followers. Even at that point, I started to post more each day to try to stay active and I was able to communicate with more people. Though I don’t chat with a lot of people from my DMs, I sometimes talk to people when I’m not doing much. When I got around to 1k followers, I felt like I accomplished something. Seeing people like my account, my posts and my personality made me even happier that people really do care and like for who I am. I highly recommend getting this app, screw Twitter (or X), screw Facebook, screw TikTok and other social media platforms, Instagram is in the top. If you just post stuff that you like, eventually people will like it, share with other users and you will be just as famous like me and SO many other people.",5
"INSTAGRAM IS RACIST!! My family had an on going issue with an ex lover of one my family members. She posted images of our family home, images from a porn site indicating it was the family member, threats, she even went as far as to make a fake obituary of the family member using the present date as the date of death. Most importantly she made very disrespectful comment about our two elderly parent (whom had no clue as they are not on instagram).  Myself, friends, and family reported the page and instagrams response was to call the police or block the page. Fast forward I have a friend who is of a different race from myself (take a wild guess what race she is) who currently has a similar situation with an ex friend. Although the harassment isn’t remotely close to what we digested as a family, they were very responsive to her reports about the page. They went as far as to contact what she called the instagram police to investigate the issue. They concluded that it is harassment and they will contact the harasser to request she removes her images from the page. This took all of 24 hours, a huge difference in the time line they took to respond to our harassment reporting and  an even bigger step in getting her pictures removed. Was our harassment not as important as hers? Who is behind making the decisions at instagram? Obviously if you are not the right race you will be IGNORED & DISMISSED!",1
"I don't wanna be mean but I have had an issue with your recent update, which allows users to put a 30 second music clip on their notes with that i a haven't even gotten the update to add notes which is such and
inconvenience. I have not received this update, although all of my friends have. I have tried to be patient, & I have also tried fixing it. I restarted my phone, I updated my phone, I deleted the app, I logged out of my account, I tried updating the app multiple times, & nothing. No music option on my notes. I don't understand why I am being excluded. I am hurt, & overall shocked that Instagram could exclude someone like this. I would appreciate if you would give me this update. I don't find it nice to be excluding anyone from your updates, & I don't know why you chose me to exclude. But it is unfair, and I would like to receive this update as soon as possible. I think I deserve this. I have since gotten over it, but now I cannot let you exclude me any longer. Please give me this update, I do not deserve this. It's truly disgusting & rude of you to just leave me out. I really want this update, I am so mad you chose to leave me out of this update, out of all of the updates you have made. I love music, & I really would like to put it on my notes. I don't know why you're targeting me like this, but it needs to stop. Please provide me with this update, would love to put music on my notes.",1
"The new update is absolutely annoying. I can’t see recent posts without having to click on older posts from people I follow. And if I don’t click on that it just displays ONE new picture from someone I follow. Every time I get on this app all I see is that. Which at this point has gotten on my nerves. Just that one recent picture which is 7 hours old now. Even if I refresh the page I don’t get an update of recent posts with other people I follow. Before the new update it changes constantly and I know some people that I do follow post on a daily basic. Change the format back. I rather scroll on my feed to see post of people I FOLLOW. Not the stupid suggest posts on my feeds. Change it back to how it was. This is incredibly stupid. It’s more stupid having another button to see older posts on my personal page. Stop putting explore page videos/posts of people I do not follow on the personal page. I get on Instagram multiple times a day and I do use the explore page a lot. Keep the personal page separate from the explore page. That is beyond ridiculous. Why are you changing the format? I don’t want to see suggested posts on my personal page. Change it back to where when I scroll on my personal page, it just displays posts from people I follow. Stop including the explore page on the personal page. KEEP THEM SEPARATE. Literally have a personal page button and an explore page button for a reason. Keep it that way.",1
"Dear Instagram and To Whom It May Concern,

Can you guys please ban the prompts, this whole prompt thing was a bad idea and people are getting out of hand with the things they have to say, it is not funny to be speaking on normalizing topics that can be very harmful for others who have went through that experience with people who have zero understanding for how it could be for one who is a victim of that type of activity. There are certain issues that have effected people physically and mentally, I’ll admit I should’ve never responded to those comments since it did make me an accomplice on my end but I now I learned that it shouldn’t be my issue to be involved in that sort of drama as I know better learning the sort of outcome that comes from a response, causing a huge issue for those that care about me, so please Instagram, do a favor and ban this feature immediately as this was a mistake on your ends and others can be offended by the sort of stupidity that others say that can lead to an outrage of people who have been offended by the comments that we in the prompts. We all need to grow up and stop leading ourselves into topics that can offend others. Please and thank you.",5
I’m on my third Instagram account which I started two years ago because I began to have so many technical issues so I took a break and then started again with a new account. I couldn’t get any help or was able to complain to anyone because you make that virtually impossible! Now recently your stupid algorithm has been removing comments like my responding to someone writing Thank You and accusing me of trying to gain followers and likes witch is ludicrous because I’m always removing new followers especially when they haven’t even looked or commented on any of my posts. Now sine last week I’m getting only 5 or six notifications then suggestions! Where are all my notifications??? It seems there is always something not working lately and I can report the issues til I’m blue in the face nothing changes. The main feed is also screwed up! Now I’m on a fixed income which goes nowhere since the pandemic yet you want me to get verified or pay a monthly fee?  Why would anybody do that under these circumstances? Besides Mr Zuckerberg has quite enough money already! You shadow ban people’s accounts you screw with still others who depend on this to supplement their income and again who do we go to?I have found it extremely difficult to write this without using any expletives and thrust me I have quite a few I’d love to write but then Apple another company gone off the rails wouldn’t post it.,1
"I am a person who believes in modesty. As this person I don’t want to be getting ads of women in lingerie and clothing that looks like basically nothing. I tried going to my settings and saying “see less” of lingerie-related and fashion-related stuff, but that stuff is still coming up. It’s awful. I hate it. As a religious person, I would like a better way to keep inappropriate and sexual ads out of my feed. Also a way to limit things like in inappropriate romance comics of people having sex and raunchy depictions of men and women (even if sex scenes are just portrayed in a suggestive way I still don’t want them). I have been reporting these inappropriate comics because they inappropriately objectify the sacred human body and I believe in portraying bodies in a way that is modest and wholesome. Any other advice?

Also it is critical to be better at fighting racism. I’ve reported comments with racial slurs like the n-word only for them to get left up like there was nothing wrong. But everything is wrong with those comments. Every person deserves to feel safe on social media and as long as comments with slurs are allowed to remain, people will not feel safe. Please work to take down comments with racial slurs. They are not ok at all, no matter how much they are being “reclaimed.” They are still racist. Please take down comments with racial slurs.",2
"Insta has always been about sharing. Sharing your own pictures, and sharing friends or mutual's work too. The newest update makes the latter impossible and tedious. Instead of being able to simply tap the airplane icon next to a post, and then posting it to your story, you have to back out of it, go to your story, set up a new ""create"" post, and add a reshare sticker. This makes resharing on the fly incredibly annoying. It slows the spread of posts, and is basically discouraging people from sharing others work in the first place. This is detrimental to communities like activists, artists (who you don't seem to care much about anyways), content creators, and more. You are effective killing the main source communication and collaboration within your app. Whether you think videos are the hit new thing or not, you ARE NOT TIKTOK. Stay in your lane, or you'll lose every loyal user. If you're trying to be something completely new, then make a new app, and leave Insta alone! Nobody comes to Instagram expecting TikTok like content, and that will never change no matter how hard you push that type of content. If you actually care about the stability of your user base, and the Insta community as a whole, please return the old resharing. You can keep your Reels, sure, I don't care, but removing the biggest part of your app in hopes that it will make everyone want to only look at Reels content is a terrible idea.",1
"Instagram has devolved from a platform for social connection into a surveillance machine that prioritizes profits over privacy. The app doesn't just collect the information you share-it digs into your location, browsing habits, and even offline activities.
This invasive data harvesting is not just unethical; it's an outright betrayal of user trust, turning us into products for advertisers rather than participants in a community.
What's even more disturbing is Meta’s integration into nearly every aspect of our digital lives. From logging into other services to its endless data sharing, the platform feels more like a monopoly than a social tool. It's a social app—not a government utility-yet it acts like it has authority over how we live online. Adding to this is Meta’s concerning relationship with the U.S. government, including lobbying efforts and questionable dealings like insider trading. These alliances raise serious ethical questions about how much influence Meta wields over public policy and opinion.
Even worse, Meta manipulates its users with algorithms designed to push divisive, inflammatory content to keep us scrolling, all while pretending to care about our well-being. The result is a platform that's not just invasive but toxic. Instagram is no longer about connection; it's about exploitation. It's time to seriously consider whether keeping this app is worth the cost of our privacy and autonomy.",1
"Instagram as a whole ever since I got it last summer has a been a great experience for me. I’ve been able to connect with my friends faster than I would’ve without it, and it’s a good thing to have when I’m bored and have nothing else to do. However, after having Instagram for many months I have discovered a couple of issues that are driving me nuts. First, on the home page once every so often the several most recent posts get mixed up in a seemingly RANDOM ORDER. I don’t like this at all because the post that gets moved to the top is most likely a post that I don’t want to see again for a while, like today that post is one that I don’t like at all and would rather not see AGAIN, and also because I someone who likes his home page posts to be precisely in CHRONOLOGICAL ORDER. Second, when an Instagram update comes around, the caption for it should say more than just fixing bugs and issues on Instagram, like what exactly that update is going to do with certain pages on the app and why. Please take the time to deal with these issues that I’ve stated above so that in the near future I’ll be able to confidently give Instagram a FIVE STAR RATING instead of a four star rating.",4
"Instagram’s idea of a “good user experience” is not making it a good time. Their great plan to make posts out of chronological order is where it starts, I suppose. It makes no sense that I can only see posts in my feed from people I interact with most—I don’t have time to scroll through my entire feed, but I pretty much only see about 20 of the accounts that I follow, no one outside those because I can’t “interact” with them. How will I interact with these if i cannot even see their posts? Regarding posts—Instagram is supposed to be a photo and video sharing app, and the quality is downright terrible. Photos are grainy, videos never load, the list goes on and on. I’m here to share my art, and seemingly, it gets more and more difficult to reach others of the trade. When I first started in 2015, more people could discover me. Now, no one can and it’s an absolute mess. If Instagram truly wanted to “improve user experience” it would. And it’s not, rather going for select posts the app *thinks* you’ll like. I can like a variety of things, so show them all to me. My experience with Instagram has gone down and it’s no longer enjoyable to use the app because of so many inconsistencies, not to mentions the countless times Instagram’s been down just this past month. Please take a moment to listen to your unhappy users.

hard to navigate with the new update.",1
"I never bothered to leave any reviews because I did not really have any issues with the app until now. Please REMOVE the annoying notifications of “people you may know”. I find notifications about people I may know extremely annoying and unnecessary. I don’t care about people I may know. I didn’t mind seeing the suggested people on the app but now I’m getting actual notifications about this and it’s really annoying. It’s always people I don’t know at all and there is no way to turn off these stupid notifications. I hate them, please remove these awful notifications or at least give us the option to turn them off because when I went to check to see if I can turn off this specific notification, there was no option to do so. The only notifications I’m interested in are notifications of likes and comments on my posts and when my friends send me direct messages and friend requests. Any other notifications I’m not interested in, but the other notifications at least have an option to turn them off. But these people you may know notifications are just annoying, useless and I have no option to turn them off. Please give us that option to turn these notifications off as I DO NOT want them! I’ll raise the number of stars once you provide the option to get rid of that annoying notification of people I may know.",2
"I love Instagram and have had an active account for almost 10 years! My experience has always been relatively unproblematic, however in this last week, I received an account ban for tagging people I know in a comment under a post. I tried multiple times to contact support or even get the algorithm’s decision reviewed, but instagram barred me from reporting any kind of problem. I have multiple screenshots of the comment I made and it doesn’t go against any of their policies!! 

The algorithm’s decision to mark my comments as misleading or spam was highly misguided, but for the life of me, I can’t seem to get into contact with anyone about this issue! I have a lot of people who I connect with on Instagram and it’s scary to see that my account is completely locked down with no way to appeal the decision. Here’s a copy of the comment in case you’re wondering what got my account locked:

“ Last summer, I got stuck in lake powell with about 30 other people and all I remember are the countless games of skyjo and five crowns. I listen to my powell playlist whenever I'm down, because it helps me remember how it felt to be there in that moment, away from the world. Love you guys!! [@person, person and person]”",4
"I don't wanna be mean but I have had an issue with your recent update, which allows users to put a 30 second music clip on their notes. I have not received this update, although all of my friends have. I have tried to be patient, & I have also tried fixing it. I restarted my phone, l updated my phone, I deleted the app, I logged out of my account, I tried updating the app multiple times, & nothing. No music option on my notes. I don't understand why I am being excluded. I am hurt, & overall shocked that Instagram could exclude someone like this. I would appreciate if you would give me this update. I don't find it nice to be excluding anyone from your updates, & I don't know why you chose me to exclude. But it is unfair, and I would like to receive this update as soon as possible. I think I deserve this, especially after you never let me use the ""Add Yours"" stickers as well. I have since gotten over it, but now I cannot let you exclude me any longer.
Please give me this update, I do not deserve this.
It's truly disgusting & rude of you to just leave me out. I really want this update, I am so mad you chose to leave me out of this update, out of all of the updates you have made. I love music, & I really would like to put it on my notes. I don't know why you're targeting me like this, but it needs to stop.
Please provide me with this update, I would love to put music on my notes
Thank you",1
"I still can’t put a note down and this has been ongoing for years ever since I had Instagram in 2018 and it says that I’ve post something that Instagram didn’t like so it said if I did again it will take my account away without letting me know which that is unacceptable…., I think that it should let you know ahead of time before it takes your information out, so now I have to keep on waiting until this supposedly feature comes on my phone, Which its NUTS!!!! This is ridiculous it says that since a lot of my stuff got hacked, and taken off by a person so I had to start all over. It’s just that this person I don’t know might’ve put something on my Insta so now I have this thing on my phone that it won’t come off which I’m hoping and praying. Eventually, it does take it off of my phone I am so worried😰 I like Instagram but it’s nosy Pretty much every social media is nosy So I’ve been cautious of what I’ve been putting on and sometimes I don’t wanna put anything on because I’m afraid that it’s gonna shut down Also, I’ve noticed that a lot of people have been putting inappropriate things they don’t even get taken down or reported   And I just noticed that I had to update it so I did that and it still won’t work. I don’t know what else to do. It’s really frustrating when I can’t really put a note.",2
"This new update has rendered the app essentially unusable. Ever since it was bought by Facebook, the UI has tanked severely, and isn’t user friendly anymore. The new positions of the buttons do not make any sense, the posting mechanism is hidden along with stories and reels, the DM system is 10x worse (trying to swipe out of a conversation can sometimes make you reply to a specific message which is completely unnecessary and unused), and at this point, I see more advertisements than I do my friends posts. The only reason any of these updates happened was because 1. Instagram wanted to make more of a profit by changing out the “notifications” section with “shopping” (a feature that most people don’t use) in order to bump up traffic revenue and 2. They changed out the “new post” button with “reels” as a way to compete with Tiktok. No one wants to do their shopping on Instagram, and if we wanted to use Tiktok, we would. Everyone who has been posting to reels has just been reuploading their Tiktoks, not making any new content purely for reels. Thr worst part about all of this is that if you have multiple accounts, these updates might not be present on all of them. Some of my accounts have the full update, and some haven’t even begun to change, which is extremely confusing. This review is longer than expected, but that just shows how terrible this apps interface has gotten. Don’t update if you can avoid it.",1
"Update: can’t snooze suggested posts. I have the option to and it claims it’s snoozing them but I still get MANY on my feed. I barely see posts from the people I follow. Adding a following feed is such a greedy cash grab and an insult to users especially ones who have been using the app for over a decade now. Keep getting a mass of ads in my feed too which is a slap in the face. Instagram disguises it as there being no more posts to show me from the people I’m following but that’s such a lie! I don’t even see half of the users I follow in my feed! What the heck Instagram?! Hate you zuc Instagram is no longer that fun, community based, and is full on greedy corporate. Depressing because the concept has always been genius but greed and arrogance ruins everything. Try harder to make your base user friendly. So many issues with Instagram and meta as whole. Leaving another review of another issue that didn’t used to be there. Won’t let me snooze suggested post in my feed. Very annoying if I want to see content from creators I don’t follow I will seek it out on my own or use explore page! I don’t know if it’s a bug or a what. Also still not happy my new account was temporarily banned for a FALSE and inaccurate accusation that my account wasn’t real. Why am I, a real person being accused of being a bot account or not who I say I am when there’s actual bot and catfish accounts out there! Crazy!!",1
"Switching the colors in the story creator to not be in ANY semblance of rainbow order is confusing, let alone a strange choice of things to change. Changing the cropping of posts from square to vertical does NOT make sense - squares allow more of the profile to be shown and are better for displaying a variety of post cropping. Why the HECK would you change it after like a decade of the same?? Lots of people have specifically curated their profiles with square images and you’ve undone years of work for them in an instant. 
And I am about FED UP with IG changing the location of the “share to story” button every couple weeks (or LITERALLY EVERY DAY, as it was one week). It’s probably the most common place people share when they’re not sending it to particular people. Why in the WORLD would you not put it in a convenient place where people could easily share the post?? I wish I could remember all the other arbitrary changes from over the years but suffice it to say I’m sick of random changes that make it harder to see things, locate things, etc. Plus the recent update shifted some profile stuff around and it breaks all the rules of graphic design. It looks messy and unprofessional. Please, Instagram, I beg you to THINK before you change random things that work perfectly well. Thanks.",2
"I am finding it harder to use Instagram with every update. Changes that are being made are unnecessary and feel unnatural to me. I can’t see posts in chronological order, I have “suggestions” on the feed which I go to see ONLY what the people I’m following have been up to. That’s been slightly annoying, but now in the explore feed when I click on one post with the intention to scroll through all the posts suggested to me from various users... instead I’m met with only one users posts, most of which I’m not interested in and it’s annoying to have to go back and click the next picture to see the next meme or what-have-it, causing me to close the app and open FaceBook or Twitter instead as they aren’t making changes that are majorly affecting the way users browse content. I don’t know who instagram has put in charge of these updates, but every single update gets worse. ALSO not to mention, the app will automatically follow accounts that I have either never encountered or had no interest in following. I have never left a review in the AppStore but Instagram used to be my favorite social media outlet and now I’m much more fond of other things due to some of the updates and I think a lot of people might feel this way about the path instagram is taking.",3
"Blocking my access to comment on different posts four times in four weeks is not cool! First time was because of making a post on my own IG account from an unfamiliar phone, according to IG (it was MY one and SAME iPhone that I have been using for almost three years, thank you very much!) Second time was because I was being humorous about an adorable rescue pug on a woman’s pug rescue foundation post - I have been following her since 2017 and we never had problems with each other. Zero threats or spamming as IG seemed to accuse me of. Third one, something about the war going on - again, I did not say anything dangerous! And just three days later (as in right now!) Instagram decided to block my access as soon as I commented on someone’s post when she asked us followers for advice on vehicle shopping. Instagram apparently thought I was spamming/soliciting something inappropriately. Really!? My comments are squeaky clean compared with all the horrifying threats I see online about the latest war in the Middle East. Now I understand why people insert asterisks and symbols within their words like crazy. And, yes, I tried to reach Instagram on every avenue to no avail. They don’t care about us clients. If I was able to yield sub-zero or even zero star when asked to rate Instagram, I would!!!! After being an IG user of the very same account for 11 years, Instagram completely lost my trust!",1
"Here’s what I think of Meta in general, though I’m pretty sure a human will never read it:

Quote from Zuckerberg…free expression, he said, has always been part of his company’s mission—but sometimes people use their voices to put others in danger. Meta shouldn’t be making so many decisions on speech by itself.” So Meta created an Oversight Board, & Zuckerberg gave that board $150 million dollars to continue it’s work through 2025. I don’t think you can say the oversight board is independent if Zuckerberg paid to create it. If you want some entertainment, go read the bio’s for the current board members & tell me if it’s a diverse group of independent voices, as Zuckerberg claims. It’s clear that the board was created, not for the purpose Zuckerberg claims, but to ensure Meta can continue silencing who they want, & can blame the board if their actions are ever called into question. I see posts/videos CONSTANTLY from people inciting hate & violence, but they’re never taken down or have their accounts restricted. No Democrat politician who openly called on the public to intimidate & harass political opponents, & they weren’t silenced. 

My grandfather, who served the US military for 30 yrs, said that this country would begin losing it’s freedom if one political ideology ever gained control of the flow of information to the people. He was willing to sacrifice his life for this country, & I’m almost glad that he’s not here to watch it happen.",1
"Instagram is an absolute disaster of a platform, and Mark Zuckerberg should be ashamed of what he's turned it into. The company is nothing more than a data-harvesting machine, stealing every ounce of personal information it can get its hands on. From your private messages to your browsing habits, nothing is sacred. The moment you log in, you’ve essentially signed away your privacy, with instagram profiting off of your data in ways most people don’t even understand.

Let’s not forget that instagram sells all this data to advertisers, who then bombard you with targeted ads, manipulating your every move. The so-called “privacy settings” are laughable at best—they are intentionally confusing and buried deep within layers of menus, ensuring that most users never even have a chance to protect themselves. Zuckerberg and his team have built an empire on the backs of people’s privacy violations, all for the sake of profit. It's no wonder the platform is a cesspool of misinformation, toxic behavior, and invasive surveillance. 

Instagram has become more about exploiting its users than providing any kind of meaningful social connection. If you're still using instagram, you're essentially handing over your life for free—while Zuckerberg and his company profit off of it. Do yourself a favor: delete your account and find a platform that values your privacy. Facebook is a data thief, plain and simple.",1
"Okay.. I have been using instagram since 2012 and while there are some features I have not been a fan of, something I could always fall back on was the explore page. It is supposed to cater to your interests and learn based off of the posts you like and mine HAD been doing exactly that… until 2-3 weeks ago. Right now the ads I see are more engaging than actual Instagram posts and reels I’m seeing on my explore page. That’s a problem. My explore page changed overnight to a page full of videos in foreign languages I don’t speak, crude mature & offensive memes, celebrity and ‘famous’ accounts I have no interest in, weird nail art, slime, etc. etc. A lot of young teens use this account and if I was a parent I would be appalled if Instagram was feeding these foul posts to my teen. Every time I check IG I go to the explore page hoping to see new engaging, informative, wholesome, inspiring posts related to my interests, I am met with disgust as I repeatedly try to refresh the page. I thought I’d wait it out, but it’s been like this for 3 weeks and has not ‘fixed’ itself, despite me engaging in other posts actually related to my interests.. I will note, this is only an issue on one of my accounts, the other accounts explore page works just as it should. Still very frustrating though. Please fix this, it’s making me feel disgusted in the world.",1
Ever since I started using reels and my platform grew a bit more my page has had unexplained issues and glitches. First I couldn’t edit my drafts in the app and would have to download them which decreases the quality of your video. Because the quality is now no longer as good the views go down. After this continued it then became so I couldn’t post cover photos to my reels and each time I did give my reels an aesthetically pleasing cover photo Instagram would remove it later. This too was frustrating. Finally the last straw was after posting a reel I began to get likes but even after several refreshes it said the video had 0 views. How can a video have likes with no views? I became so frustrated I deleted the app in order to hopefully refresh and restore it however doing this made things worse. Now my Instagram has for some reason reverted to the old version with the old discovery page and the old menu bar that has no reels viewing option or reels create option. So now I can’t create reels at all why??? I reached out to IG but instead of Recieving help I became shadow banned. Now this app is completely useless as I can no longer create my content for my page and business and I did nothing wrong nor did I violate any guidelines. I do not understand this but I can no longer try to use an app that clearly doesn’t want people like me on it.,1
"I’m writing this review because I’ve been using Instagram ever since 2013 and I’m very upset about the new update and features. Instagram has been my favorite app for a very long time but recently I’ve felt super conflicted about whether or not I even enjoy being on the app anymore. I don’t like the fact that posts don’t show up in chronological order anymore, it’s very hard for me to see what my followers post now! I think it’s super inconvenient to have to click on ‘view older posts’ in order to see posts from people that you follow. I’m not sure if anyone else is having this problem but my Instagram stories are messed up as well. People who I personally know and interact with used to be at the top of my viewers list but now my viewers list is in a super random order and random people that I don’t even know or care about are at the top of my viewers list. I feel like I’m stuck in a nightmare or something because I really miss the way that my Instagram used to be set up/ the layout of my Instagram before the update. PLEASE UNDO THE UPDATE AND NEW FEATURES, I’M NOT A FAN! I’m sure a lot of other people agree with my comments and concerns as well!",5
"So usually I’d give Instagram 5 stars but considering that my account was disabled for the dumbest reasons I refuse to give it 5 stars. I had been leaving comments to people being hateful on other peoples posts and just because my comments had curse words or the word ugly in them they would get taken down and I was accused of hate towards others. Now I’m not going to deny my comments weren’t the nicest but I’ve literally gotten death threats from people and they still have their accounts and their comments still exist. So why is my account disabled yet they get to have theirs? Not to mention the ongoing issue of Instagram not having anyway to ACTUALLY help their customers. They don’t have a phone number or an email and they have people rely on the app. I can’t even try to appeal for my account or whatever it is and there’s no Instagram workers or people to help me. So I’m literally stuck here without and Instagram account and the possibility of it just being deleted without me being able to do anything about it. If anybody from Instagram sees this and wants to help that’s be wonderful and if you do see this maybe work on the apps terms because they’re garbage, and work on how customers can reach you cause this is the number one reason people don’t like Instagram. I’ve lost so much stuff all because I said curse words and the word ugly, really?",1
"Hi, so I really love Instagram, but it might be nice to have a feature where you can disable your view of the like button (AKA you, as the person posting something, don’t have to see how many people like your post).  I struggle with a lot of perfectionism and social anxiety, and so I tend to hold a lot of my personal value in how many likes I get on a post I make.  It would just be nice to not have “how many people like this” be the reason I choose or don’t choose to post something, or have it become criteria for my self worth.  But, this isn’t to say that people can’t actually “like” my post.  They still could, it’s just that I wouldn’t be able to see it.

Also, it would be lovely to be able to disable the explore page of Instagram for certain times of the day.  I spend hours, and I mean HOURS, on the explore page avoiding and procrastinating my work.  I like having the app around on my Home Screen, I just would like to not feel like as soon as I open it I am going to waste the day scrolling.  I know the whole point of an app is to have people use it, but I think I would use it in a much healthier way if I had the option to place restrictions for myself within the app.",4
I just started a makeup account last week aside from my personal account and literally every other day Instagram blocks me from posting. Either I can’t write a comment one day or the next day I can’t even post my makeup looks. I just spent 26$ to promote my posts and every other day Instagram blocks my account for like breaking the Instagram guidelines but I’m literally just writing “check out my latest post to see how I did this look” I’ve had to wait 2 days to be able to post again because Instagram will just keep blocking me. But spammers are constantly following me and tagging me and they don’t do literally anything about that! But I get blocked for posting my makeup like every day. I’m so disappointed and angry with their constantly bothering me. Nobody emails me or messages me or gives me any explanation and my other account works fine. Might just have to start using Facebook again instead because Instagram is getting worse every single day. I see people posting like half nude photos which are suggestive and nothing happens but me taking pictures of my eye is apparently too much 👎👎👎👎👎👎👎👎,5
"I’ve updated to the most recent version of Instagram, but how come I can only post ten photos at a time, versus some users who post longer reels than 1 minute and can post up to 20 photos? It’s like a popularity contest, and if that’s what it is or an algorithm based on views and likes on a page, I don’t like it. When can we have our photos all fit into one landscape and portrait format without zooming in our photos and videos or cropping the photos in a way that does not show the full image without us resizing it before posting? It would be fair for all users to get the option to post 20 photos rather than some and others not. It makes me share less on Instagram because I cannot share more than 20 and am only limited to 10. 

Please hear our concern regarding this issue and please fix the bug, take away the popularity contest that makes the less view post an algorithm that limits friends and followers the chance to see the post, and most importantly, please make it fair and give all users the option to post 20 photos per post and create reels that are longer than 90 seconds at a time!",5
"I really enjoy using Instagram but I have one issue and that is that when I try to upload more than one photo into one post it crops my photos to the same size as the first one in the post. I want to be able to post all of them into one post and have all of the pictures be the original size. This would be great for photographers like me who go out on photoshoots and want to put up one post with their best photos. It is hard to do that when all of your photos are cropped the exact same way. It should be the same way as Facebook. I am not saying we make Instagram exactly like Facebook because they are two different social medias, but I think it would be nice if we could upload photos on Instagram the same way we can upload them on Facebook. With Facebook you have one post with multiple pictures that are all the original sizes. You can then click on them and look through them individually before exiting and going through the rest of your feed. Instagram should allow us to have the option to upload our photos like this. We should have an option to do this If we have a photography account. I know not everyone would want to upload their photos this way but many would choose to do this.",4
"The company promotes the posts filled with 1- nudity Young people are shown all nudity, only fans, sex talks etc. This is basically building a weak future generation who is only focused on having 100 sexual partners, or cheating is common etc. Such videos should be removed, as this is impacting at mass level and generation is being spoilt for pure monetization. 2- trans genderism Generations have said that there are 2 genders, science tells that there are 2 genders. But Instagram promotes trans gender theories. Weak minded people are getting influenced into this, and changing their genders, spoiling the natures gift, spoiling the future of humanity existence. Such videos should be removed, as this is impacting at mass level and generation is being spoilt for pure monetization. 3- downtown crimes Crime videos such as shop lifting, car break-ins, car drifting side shows and more are shown on this platform. This is like telling criminals that crimes are very common. This is encouraging weak people to start doing crime, because doing crime is common. Such videos should only be given to the police/law agencies for helping them find criminals. Such videos should be removed, as this is impacting at mass level and generation is being spoilt for pure monetization. These are very basics any intelligent school kid would understand. So keep monetizing aside when it comes to really impact the community in a good way/bad way.",1
"Instagram has become unusable due to all the annoying changes it has implemented. The ad experience is now really intrusive, placing ads - sometimes multiple in a row - even when you are browsing one particular account’s recent posts (ads used to only be placed in your overall feed). The ad load is so incredibly high now that you very frequently see back to back ads separated by very little user generated content. Auto play for videos has always been annoying and now they’ve implemented auto scrolling through multi-image posts. Why? If I’m interested, I will scroll to see subsequent photos myself. Sometimes the first image is a warning that a news story has graphic content so I opt not to look through the rest, but guess what? Next time I open the app, Instagram forces me to see the second graphic photo that followed the warning because it’s hellbent on making me consume that particular post until I have seen every photo in it. The app is now on a maniacal autopilot. It’s also unnerving that it favors showing you a post from a week ago over something more recent. The algorithm is merely optimizing for eyeballs, as it always has, and does not care one bit about creating a useful or positive experience for users. The problem is now its features are especially irritating and anti-user, only pro-advertiser.",1
"I love Instagram. I always have. It’s a really fun app to use, and I enjoy posting my photos to it. But lately, I’ve had many more complaints than positive notes. 
To start, Instagram’s inability to listen to the problems that its users have or try to fix them is incredibly frustrating. I was attempting to make a birthday post for a friend of mine; with a large number of photos selected and many tags. It took me well over forty-five minutes to make this post. It told me that my photos couldn’t post and that they would try again when they had a better connection. Naturally, I went to the internet, searching for a solution. I realized, after scrolling fairly far back in Reddit feeds, that this problem has been existing for over four years and Instagram has done nothing to fix it. One of the troubleshoot ideas a Redditor suggested was to log out and back into my account. When I did so, it deleted the post I was attempting to make and all of my drafts. The fact that this app can’t complete a basic function it was made to do- the creators chose the photo and tag limit, not the users- and then deletes the entirety of my work and my drafts is absurd and unwelcome. These problems have been existing for years, but Instagram gives no care. Sick of this.",2
"I’ve had an account for 5 years and in that 5 years I’ve never seen a single bit of support from Instagram for anyone. Artists in particular are constantly brushed to the side to make way for unerage girls shaking their backsides and guys doing stupid parkour tricks that we’ve seen a thousand times.
Recently I discovered that they AUTOMATICALLY put a sensitivity control on our accounts. The default is the “limited” option and it limits what “sensitive content” you see. There have been posts made about how to turn this off. Howeverr for some unknown reason, I cannot. I can’t even get an explaination as to why I’m being treated like a child. So I’m conveniently stuck on the limited option with no app update and no way to turn it off. I’m undeniably angry. 
To further this, Instagram, and Adam Mosseri, the head of Instagram, has also come out and said they will be turning more into TikTok than focusing on being a picture-sharing platform like they’ve always been. Mosseri posted a video on Twitter explaining this. So artists, once again, are being brushed aside and left in the dust so Instagram can try to be more like TikTok.
What I’m trying to say is if you are an artist or you want to share pictures, and you don’t have time to make Reels every single day to keep your head above water, do NOT get Instagram. I’m currently looking for alternatives because I’m sick of it.",1
"Instagram is a great app that I use on a daily basis, I love it and i’ve had it multiple years, but there are some changes that would make this app go above and beyond that me, and many others, would appreciate. First off, after you post multiple pictures in one post, you should be able to delete some pictures out of the post without having to delete the whole post. This would make so many users more happy because there are countless times when you accidentally post one picture in a group of pictures that you don’t like, but you didn’t realize it in time and you already have many likes and comments so you don’t want to delete the whole post and you just stay stuck on what to do. Also, if you creators made a way to preview certain pictures on a private account that the creator of the account puts up that would be amazing! It’s difficult to tell who some people are sometimes when you are only able see their profile pic so if you were able to select a few pictures from camera roll to put up (no likes or comments involved) it would be a huge help.

 Thank you creators for the amazing app:) 
                                                            ~Kailee",4
"Made a great account and was gaining a lot of followers but only ended up having it for 6 days because Instagram banned it. I had 600 hundred followers and was averaging 100 followers gained a day. The first thing they did to my account was make it unable to comment but that was understandable I guess because I was commenting a lot. They then lifted this after one day. I started posting again and realized my hashtags didn’t work because now they shadow banned me because (and I’m guessing) they believed my account was a bot. This got me mad but my account was still thriving so I did not care. They than started deleting some of my post claiming it went against their guidelines which I read later on and saw that it didn’t.i also made a promotion with one of my vids and had no problems and the next time I tried doing it with the same vid They said it went against there ad policy. Yesterday at 9p.m I went to check how many followers I had before I went to sleep and saw that they had banned my account all together with no warnings what so ever. They didn’t give me a chance to do anything. Today I also realized every account on my phone is shadow banned and I cant create any accounts anymore so yea long story short Instagram screwed me over and is the worst social app to date. Thanks a lot
EDIT: I’m now logged out of Instagram and can’t sign in to any account or make a new one and I’m not banned on those accounts",1
"good night instagram is a good application because you can put music in your stories you can post photos of your past and instagram is a very quiet app and there an error that has been happening to me a few days ago create a company account and create a Facebook page  from company and link my account where I had the company link my Facebook account to instagram and when I make a story and put the music sticker I don't get the music I want I get strange music and when I look for the song I don't get the  song then I tried to clear the instagram cache memory by removing the app I reinstalled it I changed my company to my personal account and my personal account I have private and then I removed my Facebook account that was linked to instagram and also in Facebook delete  permanently my company page and turn off my phone delete the application again i went back to doing a story after i delete all that and i still can't put music i get  music that I do not know please I ask you I need you to fix my account please because due to this error I can not do more stories with music, Thank you and good night.",5
"Dear instagram, I overall really love this app, but as said in the title, i do have a few issues with it. I know it is not just me who is struggling with this issue but many others as-well. Many users on instagram are not able to play 30 second music clips in they're notes and i also struggle with this issue. I have been very patient as i had done everything to try to receive this update. I have un-installed and re-downloaded this app many times, i have signed in and out, i have updated my phone, the app itself, and tried to restart it many times. I have also reported this issue many times in hopes of instagram's feedback. And i have NEVER gotten any response on this problem an not once have seen instagram acknowledge this problem that many people are struggling with. I am also concerned as to why i am able to have this update on my other account and not my mainly used account. Many people have this as-well. I feel very left out and as-well as many other people. This is truly rude on how many of us have to struggle to have no answers onto why we do not have this update that many other people around us already have received. I have grown very impatient as i have waited almost 2 weeks for this issue to be fixed. And yet it is STILL not acknowledged. I would really love if you could fix this problem as soon as possible.",1
"I am trying so hard to create a small business and I use Instagram to help me build a following. I have spent the entire summer posting and building a following. I posted a reel this morning and I received a message that my account has been deactivated!! There was nothing inappropriate about the post, it was of a handbag. I went through all of the steps to report the problem but nothing is working. This is fraud. My account is 100% legitimate and I have put 100’s of hours into it. I am sitting here in tears because all of my hard work and dedication is gone. I need this to be resolved ASAP. I do not want to have to switch to TIK TOK and learn how to use a whole new forum but if my account is not restored with all of my content that I have spent hundreds of hours and more than $1,000 to create I will have no choice but to abandon Instagram and learn how to use Tik tok only. Please do not force me to do this. I have been a loyal Instagram user for years. PLEASE REACTIVE MY ACCOUNT SHOPPARKERREED!!!!!!!!! 24 hours later all of my hard work is gone. I am devastated. Instagram you should be ASHAMED of yourself. I have paid for hundreds of dollars of ads from your fraudulent vile service. You have crushed my hard work and completed negated all of my hard work this summer. Please restore my account or give me my money back. I have been in tears for 24 hours Instagram do the right thing!!!!!",1
I literally don’t know what to do anymore. Someone’s pretending to be me I try filling in the form attached my ID I even tried through the computer and it’s saying they can’t “process my request”  I tried other ways to report it to them by reporting a specific photo cause the profile photo they have of me is the same at the photo they uploaded I sent the report EXPLAINING THAT THEIR FORM ISNT WORKING sending the photo so they can see and my photo to confirm that I’m the one in the photo.... they replied saying they can’t process my report cause I sent too many pictures they ask me to sent a picture of just me holding my Id. The only thing they did was take down the photo the fake account uploaded!!! They literally had one job... like don’t you see my ID has the same name of the account ? And the photo uploaded is the same as the profile picture? That makes no sense. I heard you can get an account deleted if you have about 15 people to report it... that didn’t work either... mind you I don’t even have a personal Instagram anymore I deleted it due to this person trying to do me harm... I have no idea what to do. I already tried reporting the issue “somethings not working” to them and after submitting it little 30 seconds after it says I need to tap to re try uploading my report cause it’s not going through... please can someone help me with this... I feel so unsafe !,1
"I gave this app five stars because of the hope that I have for it. I think that the way it is currently structure that could be true opportunities for those who don’t know that they’re available.  I don’t hope for a saturation, but I indeed hope that those who would have benefited from this at any given time, are able to use this to their ability.  Currently, I’m learning that I’m able to somewhat shape my algorithm to not include those things that I don’t want to see.  Whether that be because of opinions or morals. I do have huge problems with the way the algorithm decides to filter, information or filter responses from people.  
Having an algorithm, take care of such a human necessity is a problem in and of itself, but I understand that a platform this large can’t possibly regulate in an accurate way the things that being said that should be regulated. 

For now, I think the irony of having community standards, and still being able to find videos of blatant things that are against those standards will have to do, but I do believe now that the good that can come from Instagram supersedes the bad.",5
"This is the SECOND time I’ve had this issue. I am not able to repost other stories and I’ve tried EVERY strategy to fix this problem, but it does not seem to work. You would think this problem would be fixed by now because as it has come to my attention it’s not a small group of people suffering from this but instead A LARGE AMOUNT. I love Instagram but this small bug has really irritated me, because reposting and sharing posts to my story is important to me, especially in this time. 
I’m only 15 and I might sound naive but I can say that I am very, VERY disappointed that the company of Instagram, or whoever fixes these bugs has yet to fix this one. It is a big deal considering it is one of the MAIN features of this app and it can be fixed, I know it. SO, like any other bug, it needs to be fixed NOW!! Before everyone gets angry and starts to put negative ratings on this app. 
I’m rating this a four star because I have pity on the app itself. If it’s not going to be fixed and eventually ignored, I’ll just delete it and put my rating lower. I know Instagram will see this because there are others who’ve complained and have yet to be responded. 
Thank you. Stay safe.",4
"There are way too many accounts from India/israel that are spamming western accounts. Instagram is not keeping the trust and safety of honest and compliant users. There’s too many spam bot accounts being created and instagrams approval/deny AI is failing to remove them even when they are blatantly breaking ToS and reported. Instagram is not listening to its reasonable and prudent users who want to keep the community safe through regulation on public and private accounts. When a report is submitted there are too many prompt notifications in the submission process and makes it painstakingly frustrating when the spam account is large. Under 13 accounts are also far too great in number to be considered adequately enforced. Who ever Instagram may be using to regulate this access and administratively remove all of the aforementioned accounts is failing their employer. These ToS report submissions should not be meaningless and reviewed on years end. These executive decisions to deny and ignore user’s right to protect themselves from unwarranted harassment is shameful as well as hypocritical when compared to the intensity of (western) election year scrutiny in years past’s contextless denials. 
How is unliking (old) posts ‘restricted certain activity to protect our community’ & ‘something went wrong’?",2
"I can’t turn off the sound on reals if I have music playing or my sound up on my device. I used to be able to tap the real and mute the sound Now the real just pauses instead of muting the sound. I been keep getting a message pop up on my Instagram saying try again later. We restricted certain activity to protect our community let us know if we made a mistake. So I tap let us know. Then it pops back up a few minutes later after I try to like something. Then I tap ok to get it to go away. Then it pops up again a few minutes later when I like something. I don’t even know why I keep getting this message. When I comment on anything and I try to scroll up on what I’m typing, so I can reread what I said, it won’t let me. It just keeps bouncing, and when I try to continue to type. Everything keeps typing so slowly. When. I comment on something. It doesn’t show my profile picture or instagram name. It shows a gray circle and my instagram name shows up as (null) and I don’t know why why did suggested accounts get took off accounts? I liked to go on different accounts to watch reals. Then go on suggest accounts to see other accounts just like it. Please fix this",4
"So, it was already difficult to grow small businesses and accounts when reels were introduced, but the workers of Instagram somehow continue to outdo their own mistakes. High engagement is difficult to come by and it seems as though the creators of Instagram are working their hardest to make this app the hardest to work with. Now that creating reels are what you need in order to be seen on this app, it would seem as though the app works against its users as making reels has become glitchy and difficult. Whenever I upload my own videos from my camera roll to the app, the videos visibly glitch or shake even when they don’t do that in my camera roll or in the reels preview. Additionally, when I have texts or captions timed perfectly on my reel while creating it, after I post it the texts all collide and overlap each other and all of my texts that I spent time on precisely timing are all unreadable. After uninstalling the app and reinstalling it several times, restarting my phone, etc., making reels is still just as difficult. Please fix this, I will leave you for TikTok who seems to have their stuff together.",5
"Okay so I absolutely LOVE Instagram. Recently I have noticed it is not loading all of the posts. I will go on Facebook and see a picture posted that states it is linked with Instagram but never see it on my Instagram feed.  Also when you refresh it will take some of them completely off of the feed instead of putting them towards the bottom.  Can you please fix it! This is causing people to not get any likes at all. My followers say they never see my pictures unless they search my profile. I keep seeing the same pictures over and over again. Some days I get half of the likes I normally do because people do not see my pictures. This is very frustrating. 

Another thing that is annoying is the adds that I don’t ask to see. They are very creepy because they relate to the things that I like but that’s not why I got instagram. It seems like this app is trying to copy every other social media app such as Snapchat and Facebook. 

I have been having this issues about loading pictures and my followers not seeing my stuff for about a year now. Can we please go back to the old instagram where everything was in chronological order?",5
"Ive been on instagram since it came out okay, I’ve been through all of the updates. I can deal with changes to layout, and bugs. What i can’t deal with is feeling like i am being thrown into what feels like a money making business. I understand you want to make money, but instagram originally was a platform to share photos and videos that’s it. I like to think of it as my digital journal, but now it feels like a task to even navigate and find posts that I genuinely want to see. Consider that maybe not everyone wants to be invaded with things to buy even if it is targeted to us, it is unecessary because if we truly need a product we know exactly where to get it without the need of Instagram invading our experience. Instead of cultivating posts you think I would like, leave it up to me the human to make those decisions. I like to think for myself. And what’s up with changing the chronological order of posts? What sense does it make to cycle in and out older posts from users. It is not useful, people like to feel in control. Instagram used to be a cool platform to literally EXPRESS and only that! You try too hard to fit in Instagram, stay original that was your best quality. Make changes and listen to your users, were the ones that keep you alive. We’ve got tired of apps before, don’t be the next one.",2
"I’ve had instagram since I can honestly remember and I’ve always loved it. But recently I have started an art account and it was going smoothly the first probably 7 months until Instagram updated and now no one sees my posts. I’m not gaining followers because my posts aren’t recommended because IM NOT A BIG ACCOUNT. It honestly irks me to see how my hard work to draw and post almost every day is now basically all for nothing because everything is being handed to the bigger accounts. Smaller accounts are now butted to the side and ignored. There is almost no was of growing. I use hashtags, my story, and I posted regularly— yet my numbers still decreased with the new update. I feel like it is their way of saying “don’t promote? Don’t grow.” Sorry but not everyone is able to pay for that mess. I just wish everything was fair like it used to be. Why do big app developers always ruin something that was going so good? How can anyone else make it when they aren’t given the chances the bigger accounts once were given?

Please, backtrack and return it to how it used to be. I’ve had many other artists also complain and get discouraged because they feel the same way. It may seem like a problem only social media addicted teens would complain about but when you are trying to get out there and get known so that maybe you can have a career out of it, it’s a kick to the gut.",1
"Instagram is a terrible social media platform with a horrible community with horrible bugs and only makes itself worse. I cannot recommend this app to anyone. I would delete this app in a heartbeat if I didn't talk to so many people on this app. The app tries reinventing itself and only makes itself worse by doing so. The app chooses the remake things that work perfectly on the app and make it over complicated instead of fixing actual infuriating bugs in the app. If you leave the app halfway through a text, the part of the text will show up in the chat every time you open up that conversation for a day or two until it stops for no reason at all. The app also chooses to implement other features that don't need to be added like changes to the profile page and making it more likely to mis-tap and hit a story button when trying to go back from messages than before. It chooses to implement these kinds of features instead of ones I, personally would really like like a feature to read all story's or better privacy. It also infuriates me that they have not chosen to make and iPad app yet. They know they don't need to make this app better because many people have no choice but to use it, like me. Do not get this app and save yourself your own time and brain power trying to understand what they were thinking doing some of the things they do with this app.",1
"Dear Instagram,
1 have had an issue with your recent update, which allows users to put a 30 second music clip on their notes. I have not received this update, although all of my friends have. I have tried to be patient, & I have also tried fixing it. I restarted my phone, I updated my phone, I deleted the app, I logged out of my account, I tried updating the app multiple times, & nothing. No music option on my notes. I don't understand why I am being excluded. I am hurt, & overall shocked that Instagram could exclude someone like this. I would appreciate if you would give me this update. I don't find it nice to be excluding anyone from your updates, & I don't know why you chose me to exclude. But it is unfair, and I would like to receive this update as soon as possible. 
I really want this update, I am so mad you chose to leave me out of this update, out of all of the updates you have made. I love music, & I really would like to put it on my notes. I don't know why you're targeting me like this, but it needs to stop. Please provide me with this update, I would love to put music on my notes. Thank you. Pls help me.",5
"I used this app for over ten years, since 2012. I remember how lovely it was back then. Pictures of my friends lives, sunsets, food pictures that were over saturated and unattractive looking. The day they removed the chronological feed was the day a part of me knew; one day Instagram would end. Folks, it got worse before it got better. All I wanted, as an American who stans Princess Diana, was lore on the Royal family. Twitter (before the sale, obviously) was able to give me that in droves. Deep dives, my entire page filled with lore and photos of the Royal family. Yet, on Instagram, despite my extensive and exhaustive searching, clicking, and deep dives everyday. Instagram refused to put any of my actual hyper focus into my algorithm. Pushing fitness models and influencers trying to sell that awful sugar free candy. Yet I persisted, realizing that corporations have indeed taken over, I could deal with the inconvenience of not seeing anything my actual friends posted through the algorithm. I could deal with the complete lack of royal family content, even though I knew it was all out there in droves. If I’m honest, deleting my account and app was in the cards years ago. The fact that Meta has bowed down to religious groups and right wingers who seek to dehumanize minorities and marginalized groups was the last straw. Instagram hasn’t been good since at least 2018 and I’m out. Good luck Zuck!",1
"IG has made it extremely difficult to clean up your account by making it almost impossible to unfollow large groups of accounts you no longer interact with or don’t view! This is extremely disappointing and disturbing. Please give us back the following/unfollow one click options for accounts we are following vs. message…when we can’t message most of the accounts we follow in the first place! Give us back the option to sort by least interacted with accounts so we can unfollow them can clean up our profiles if customer service, privacy is so important. I don’t want to delegate my account…but it’s too cluttered and it would take me years to clean it one account at a time. Solutions: It’s like we’ve been trapped. This least viewed/interacted & following/unfollow buttons/features should at least be an option for users. If we select it..we are obviously not bots!!!! Please give us the option and opportunity to help clean up our cluttered profiles. We caused the problem…but help us at least fix it by bringing back the options you took away! It shouldn’t be about money/views and trapping us as followers on accounts we are no longer interested in! Can you at least acknowledge that you took the option away and gives us the chance to select it as a feature!",1
"Not sure where to start really. I have used instagram for so many years. And over the years your updates have been all over the place. What is with the guidelines issues? I really do not understand how quite a few comments I decide to make get flagged and taken down for being “against” the guidelines. Then it will show me what the guidelines are that I am apparently violating. Yup still didn’t violate them. The jist of the guidelines goes something like not to comment spam comments like selling things or advertising things blah blah. I rarely ever comment on a post but SOMETIMES I feel like putting my own two thoughts in. Never do I ever go against a guideline when I comment and it is incredibly frustrating to have my comments removed for things I did not do. Especially when there are literally bullies on bullies that comment mean things and those comments themselves don’t get taken down. Other comments that genuinely do go against the guidelines don’t get taken down. There are people who post themselves half nude or more, that doesn’t get taken down. But so much of my innocence gets taken down? I just don’t understand anymore. Very close to deleting my account for good. Do better instagram. Maybe adding the option to speak to a real person would help, as I immediately get sent reports back as if someone is checking things instantly.",1
"Instagram has always been my favorite social media app, however, recently I have had VARIOUS problems due to malfunctions within the app. At the beginning of September 2018, I was logged out of my Instagram account for no reason at all. No big deal, I’ll just log myself back in, right? Wrong. Every time I tried to log in it said an error had occurred. I logged into my Instagram through the safari app to make sure my password was correct, and it allowed me to do so. Now knowing that I was using the correct password, I tried again to log into my account through the Instagram app itself. No luck, once again. I contacted Instagram through email and they said there was nothing they could do about the problem. It is now March of 2019 and the problem is still occurring. Instagram needs to fix this situation. Which according to Google, multiple people are facing similar issues as well. Please Instagram, fix these glitches within the app or help the people who are facing these problems. This is a very irritating problem and the Instagram Team just seems to push it to the side. This is not an efficient way to run a company.",5
"Seriously stop trying to force this update on people. I have to delete the app and reinstall it about twice a day now just to remove that trash tik tok style update they keep pushing. Not one single person wants this update. Please just leave my account as the default so I don’t have to keep deleting and reinstalling it. If this keeps happening I will just completely stop using instagram. I absolutely hate tik tok and how the app works so if you’re forcing this app to be like that cause you guys think it is “hip” I’m out and many others will leave your terrible platform too. How about for once in your miserable careers you stop trying to guess what you think people will want and you just listen to what your users are actually asking for. This app has been going downhill since it was bought by Facebook but this update will be the final nail in its coffin. They have now started removing reviews related to their new terrible Tik Tok inspired design. It’s only a matter of time before the force it on everyone and completely ruin the app. Get ready cause they are not backing down on this one. As soon as this is permanent and deleting and reinstalling can’t fix it I will officially be done with this app. Your move Instagram, either listen to your users and revert this awful design or you will alienate a huge portion of your user base and you will ruin the app.",1
"I run a platform with a big global community and our Instagram has a decent following, it grows at a reasonable pace and we now have over 100k followers. But, the constant changes and addition of new features tied to algorithmic shifts make it feel pointless as a user because every new feature demands more and more of your time. If you don’t use the new features, your engagement suffers greatly, which is absurd. I don’t believe in shadow banning either, so this is not a critique of that, I’m criticizing the real ways that Instagram has said that they prioritize new features in terms of user engagement algorithms. There are a lot of us out there who really just want this to be a photo sharing app, and don’t want to perform for the camera as if we’re some kind of fake reality star. The amount of time it takes to make a reel VS post a photo is staggering, and unreasonable. It’s frustrating to see our follower count grow, our mobile-based sales grow, but our engagement at 100k is lower than it was at 10k. Make it make sense? I get it: Instagram is free and I can leave whenever I want, but a lot of our community is there. We just want it to be possible to connect with people with the ease we had a couple years ago. Let us connect with each other without forcing the use of new features!",2
"I’ve been having Instagram for personal use for a long time, but since a couple of months ago, things started to go downhill FAST. 
First - Every single promotion I create in my business account says it’s approved, and still is not shown to ONE person. I’ve already checked every single thing that I could be doing wrong, but there’s absolutely nothing wrong. Great quality photo, right size, right content, insta page connected to the Facebook page, you name it. And that would’ve been ok, if it wasn’t for the drastic change in the algorithms, which have been showing my page to its followers every day less and less. The only way to get engagement is by paying them to run ads, and even when you do it, they do not work... such a disappointment! 
Second issue - someone created a fake account of my personal page and HAS BIKINI photos, promising pornographic videos as if it is me, and even though I’ve already reached out to Instagram MULTIPLE times, and have about 100 friends who have reported the fake account, after 2 months ITS STILL THERE! And following every single male in my personal account. The account uses the exact same profile photo & bio as mine, and has blocked me so I can’t see it. — but I can see it through my business account.
Instagram hasn’t responded to any of my attempts to fix things for months.",1
"this is supposed to be a ""Open opinion"" no judgment for conversations or debates or just a fun app to share memes and stay connected with friends and family however you use it might I say may cause you to be
""Blocked"" for either several hours the first couple times of being ""Warned"" by insta if they take down one of your posts for whatever reason they pick (For no apparent reason) and you will start off with a few hours to a few days or even MONTHS and I believe some get their account deleted completely because of insta disagreements on peoples posts and you may think ""Hm I don't post nothing bad"" or
""That won't happen to me"" trust me there will be one post and you will share it and insta very hypocritical self will take down your posts and even block you account meanwhile for insta being so ""Wanna keep insta a safe place"" | see a lot of disturbing and down right horrible things online (people dying, accidents, cartel videos of people getting chopped up, Drugs, fights) and just way more than you can ever think you'd see on a app that apparently wants to keep everyone safe why not worry about the posts that you should be worrying about I have been blocked for quite a while now and soon will be ""Unblocked"" for weeks finally and am now writing a review before deleting the app to warn people of facebooks ridiculous choices and rules on the app.",1
"How is this a social app but can’t be social when trying to contact an actual human for support? It’s a great app for pics and stuff but good luck actually trying to contact a person if you need help. You will never talk to a human at all. And not only that, but they don’t tell you what happens for account errors. Just always some generic crap. On their support page it asks “Was this information helpful?”.... um, NO it was not. Connect me to an actual human. I don’t care if it’s via phone, email or live chat. Just stop with all the robotic generic responses and let me actually talk to person that will (MAYBE) actually give me a reason for errors and stuff because the support page doesn’t cover some problems. I would really give this app 5 stars but it’s severely lacking when it comes to support. Wish I could give it 0 stars.

EDIT:

“Does Tiktok access my wifi?” I’ll tell you what won’t be accessing my wifi soon, and that is Facebook, all this meta crap, and Instagram. Tiktok and freedom of speech is STRONG. No I will not be moving my primary social platform to Instagram Or Facebook if tiktok gets banned. As an American, I’m suffering from EXTREME second hand embarrassment from everything we saw at the hearing and the aftermath. It’s not even just about tiktok (our rights and privacy) but If tiktok goes, then so will my Facebook and Instagram. 1 star isn’t low enough",1
"Just wanted to mention to those who are are concerned , that I stopped using Facebook because of the obtrusive nature of Facebook in the use of my data and exploiting it for purposes that I have not agreed to, nor would I... Instagram seemed like an option that was a platform made for users that enjoyed and appreciated each other’s photos and small bits of commentary versus Facebook‘s rabid feedback loop of everyone including strangers who would be able to comment, and so often disparagingly so, on your content. Instagram at the time, seemed like a mountain lake of peaceful interaction versus the stormy seas that Facebook and it’s deluge of content and ads had become. When I started using Instagram there were no ads pushed onto my feed… Now there are and not just a few, but regularly inserted into my stream that I follow. Some of these ads have products which according to the reviews, could be from companies that are less than reputable… So already it’s begun..Facebook in it’s march to monetize all aspects that it touches is now slowly but surely souring The Instagram platform with it ads and I’m sure eventually with other products that will supplant what Instagram originally was to be about… I will use it until I tire of this which could be sooner than later… We shall see.",3
"Used to be an avid Instagram user, but since the change in post order Instagram doesn’t interest me anymore. I see too many posts that are days old from the same profiles and hardly ever see the profiles I want to, I usually have to go to the users profile to see their posts. I’m also extremely disappointed in the new explore tab, there has to be millions of posts from users out there but I see the same (maybe) 100 posts repeated throughout. I refresh often and try and click as many different photos as i can, and I still end up seeing repeats more repeats than new photos. I originally liked Instagram because of the simplicity in communicating and sharing with friends, but am now realizing I’d rather learn to communicate on another app, it’s not worth being a part of Instagram anymore when it only shows me what it thinks I want to see.😕
ALSO YOU HAVE DELETED SO MANY OF MY FAVORITE PROFILES because they “do not follow” your guidelines when they are not breaking rules. I see celebrities get away with posting nudes and inappropriate pictures everyday like Kim kardashian. I also have several spam nude pages that try to follow and harass me that I have to block and report. Please re-evaluate your guidelines because you are ruining influencers lives when you take their platforms away for breaking no rules. Please start implementing your guidelines on celebrities and stop hurting influencers.",1
"The Instagram app caters to the people that make them the most views. They block and attack and basically suspend the accounts of people biasly and for the wrong reasons. They continuously infringe upon my freedom of speech and seem to enjoy promoting hateful ignorant and perverted content that incites violence race riots and gets them a lot of views or activity. They’ve placed blocks on my account for videos like a man sweeping snow from his front porch with a large shovel stating it incited violence… and refused to lift bans etc. it’s not a good app if you’re looking for a respectable form of social networking or a platform that respects you instead of caters to ignorance. They don’t make good decisions and have an extremely pathetic sense of respect and also don’t effectively take down bad content such as scams or people that do fake buisness and steal others money. They allow a lot of people to be stolen from and put a lot of advertising for products that people purchase and never ever recieve stealing hundreds and hundreds of dollars… from clothes to garden decorations lights and tiny aquariums, most of the items sold and sponsored by Instagram are fake, different from the advertising or non existent and complete scam through and through. And they don’t help people and offer no apology nor consolation after people have a lot of money stolen from them… they tell people it’s their own fault.",1
I am a long time user of Instagram. Recently I have made two accounts one for my aviation photography and the other for my personal photography. There is no other app like this to market photos and connect with different people in the community. I was happy but for some reason my accounts logged out on my PC. I have access on my phone but not computer. Normally this wouldn’t be an issue but you cannot get any help from anyone. They have completely abandoned their customer support. My one password used to log me into everything and now it only works on one account. So I cannot do anything with the others. I have emailed and called the numbers and it is all AI controlled. The only time they will answer your concerns is if you pay for their services. My most used app by far is Instagram and it is horrid that you abandon any sort of customer service unless you pay for it. Facebook is the same way which I use to be in groups and gain so much knowledge and information on topics and from friends. I am more than likely going to delete all my accounts and try to support something that actually gets back with their users. Like I said this wouldn’t be a big deal at all if I could actually get in touch with someone to gain access to my accounts. It’s a shame there isn’t something similar to Instagram/facebook.,1
"As an artist on this platform, the fact that Meta is taking my and so many other artists’ art because Instagram is allowing them to is disgusting. This isn’t just one of their crappy updates that change some completely irrelevant, this was an update that can now completely destroying artists’ businesses. AI art has always been a threat to artists, but now that Instagram is now allowing this AI to use OUR art to generate pieces of garbage, Instagram is enabling it. 

I have worked very hard to build my following on here, and for me to have to start over on a different app just because Instagram won’t respect that fact that my art IS MY ART is heartbreaking. Instagram never really cared about artists in their algorithm, but with this new AI, it feels like they are sticking the middle finger in our faces and slapping us senseless.

Also this new prompt feature that allows people to ask questions anonymously has to go. It’s a version of chain mail that people are using to spread harm. I have gotten so many inappropriate and harmful things come up in my messages that I literally cannot escape from seeing because it’s in your DMs. Instagram has to either remove this feature entirely, filter out certain words, or hold people accountable for their actions by not letting the prompter be anonymous if you don’t follow them.",1
Baning my I'd permanently without any reason why instagram 😭,1
Good,5
always been buggy and still so broken on android...,2
Good,5
Instagram love❤️ for the free fire true love ❤️😘😙,5
👍,5
Nice app,5
This app is my favourite app to use,5
So great,5
"Super disgusted, just updated this app, piece of junk, this app forcefully shuts down, can't look at it, I've shut the phone down, rebooted, uninstalled, reinstalled, still screwed up, this app sucks",1
Good,5
Goood,5
Nic,5
Nice,5
"Knp fypku isinya cewek2 sexy semua, padahal udh tak reportin masih aja.. gua uninstall nih",1
Weost app justtime pass don't use very addictive app,1
its very usefull app seriously I miss some frindes and I don't have her numbers so instagram will give her I'd,5
best Instagram..🤘🤘🤘🤞🤞💯💥🤙🤙🤙🤙🤙🤘🤙🤙🤙🤙🤙🤙🤘,5
Nice all,5
Yeh app toh dimag padhta haiii....😵,1
Ok don,5
Good,5
anu.Nvoimi. 🥰😍😋,3
Hindi,5
"Great application, but why did I not receive the song update in my profile? I am sad, I hope this problem is solved",5
This is very excellent🥰❤,5
I like,5
Good morning 🌅🌅🌅,5
Nice Noshad,5
Awsome,5
Good,5
so bad,1
Vip App,5
Awesome 👌🏻,5
Good app,4
I am really very very happy 😊,5
Very good,5
Boda sandhyarani,1
🖤,5
Good,5
It is not even opening in my phone . Whenever I download and try to open it it just crash and shows 'Instagram keeps stopping' .just like that . I've tried everything I can by searching from Google to get it right but its still not working . Help me with this issue. Damn this app.,1
The Best Social Media App,5
Amazing app tbh,5
"Overall, there are tons of bugs still. From posting to saving drafts, and even groupchats disappearing from inbox. Instagram still lacks in many areas but it's an app that at least works in some way. I rate (2/5) because of the highly inappropriate adds as well that I've come across.",2
Can you add a feature that... Chats can be archive or been hide??,4
Superb ❤❤👌,5
Best app he,3
vv good,5
My favourite app,5
Nice app,4
good,3
Nice,1
Good,4
This is a real bestfriend 😗❤️,5
This app don't support theme changes. I like dark theme in other apps but here white theme is better. I want to have choice in settings. So dislike,1
Good,5
Glitch,1
It shows very bad content Which kids can't watch,2
Super,3
Very Nice app,4
Instagram collaboration and tagg problem please help me,5
"Adverts every 3 posts? Mark Zuckerberg is a putrid ghoul that has overseen the growth and proliferation of some of the single-most abusive and manipulative software in the world. Meta has grown to a market cap of $1.5 trillion dollars by intentionally making the experience on Instagram and Facebook worse, intentionally frustrating and harming billions of people.",1
Gussa aa rha hai mention nhi kar pa rha hai koi kya glitch de rakh hai,1
why is it always took different updates for each account?,3
Good,5
Nice,5
Eh,1
Nice,2
Well good 😊💯🧡🙇🏻‍♀️,5
Very good 💪,5
🤣,1
Bhai ye download kr lo aapko reels ki lat lagjaye ge 🤟😁,5
Everything is OK,5
Loading Instagram.,5
Excellent,2
World best ap,5
🔥fire app,5
I do not consent to use my images to be used for AI generated content.,1
niniini,5
ABDUL MALLUR,1
Good,5
Feel good,4
Enjoying,5
Excellent,5
عالی,5
Too good,5
"The app had been extremely glitchy, it's impossible to post without some function of the app not working.",1
Nice 👍,5
"I need to delete this app now that Meta is explicitly discriminating against LGBT+ people, as well as abandoning fact- checking.",1
I can't use vanish mode in my main account,4
❤️‍🩹Ravi💖tayde 💗,5
I love instagram,5
Best app ever,5
They just rolled back their rules on hate speech. I'm not interested in watching another app become a cesspool.,1
It's a drug,1
Super,5
My Instagram account is not working insta show me a option you can't message for 7 days how to fix this problem give me a good solution,4
I want my account unfreeze,5
There are a lot of bugs but it is a very quiet impressive app,4
I love this app🎀,5
👍,5
Very to much,5
"Why am I not able to use the ""add yours"" button from others story to post the template on my story? Please fix this if it is a bug, or any other reason. And now I can't even follow anyone👎👎👎",2
Nicee,5
Not satisfied,2
My main account didn't get any new features of Instagram.I also update it.but only one account doesn't show the new features.please solve the problem fast!!,3
It is giving problem when ever I open another I'd it says the password has been changed but the person not changed the password but still it is going from 2 3 days plz solve the problem meta,4
Good,5
Great😍,3
So good app,5
Jsis,5
Bas reel katam ho,5
Good app for knowledgable person,5
👍,5
Istagram jaldi jaldi mere scree pe ana chahiye,3
Best site,5
Best app,5
Worst experience suspending my account unnecessarily,1
Nice enjoy,4
I like this app wonderful system 💛💜💚,3
I can't get into my account,1
Good but always saying couldn't refresh feed,3
good,5
Very very nice app,1
ibrahim owner,5
I love instagram account,5
Instagram is enjoyable. And friendly places. I think it's the best. Thank you Instagram,5
I'm enjoying my time ☺️☺️😄,5
Aliiiiii,5
Nice app,5
bro very very good app,5
stop being so bitter over tiktok and grow a pair,1
Good app,5
Nice,5
I can't see what I'm typing keyboard covers message box,1
Good,5
Recently I loved to use insta.,5
From last month the comment on the reels are not visible... means I am getting notifications of comments but in the comment section the comment is not visible but the comment is visible in the notifications... please fix this... I am facing this issue from a month...,1
🙂🚬,5
Very good apps for connecting people with one an other,5
Loving it 😍,5
Best,5
I'm not getting some song's,1
"BRO WHY CANT I MAKE A NEW ACCOUNT?? Everytime i try to make a new account it keeps saying "" technical error "" tf.",1
This app are West off time,1
👀,4
Wow,5
The app was so cool i loved it ❤️,4
Best,5
excellent,5
Nice app this app reel is very funny and so nice app,4
Tharun,5
"Every day I get to learn something new, thank you 🙂",5
Beast for all social media,5
That with good app,4
Nice,5
Super,5
Nice,5
"account recovery is not working with code from mobile number. i just deactivated my account for more than a month then when i tried to log in again, it says that my password is wrong even though i know what i entered password before. i can't recover my account again.",1
Nice 👍 app,5
it's useful,5
It's vary good aap,5
Best app,5
Good,5
Gjb reel,5
GREAT EXPERIENCE,5
Interesting app,4
I deleted this app once and then downloaded it again but my account is not logging in and I am not even able to verify with my number in the forget option.,1
"I really love this app , spent whole day on Instagram, watching reels and spamming my friend's dm with all of the reels of my fyp . So Instagram should pay me for watching 10k reels in a day . But there is something wrong with Instagram, it is not working properly,not showing dms of people on time. Instagram should cooperate with ""ME"" atleast. Thank you",4
Followers don't count prblm fix asap..!,2
Time taken app 😕,1
I love this app i think no instagram no life and happiness 😊,5
Rahul kumar,5
🤗,5
ghayu app,5
Not Work Properly,1
Enjoyment,5
Love u insta,5
sorry,5
Best app,5
Message sent ho rhe h shmane aadmi ke pass jate hi nhi h,5
Bhivc,5
Nice app,5
Nice,1
❤️❤️,5
Entertainment,5
Super,5
❤️❤️❤️❤️,5
SoicAl media app,2
ALWAYS UPDATE 💟,3
ℙ𝕖𝕣𝕗𝕖𝕔𝕥,5
🥰🥰🥰,5
Not as satisfying as expected,1
Apparently you're allowed to call trans people slurs now,1
Its a very good aap for communicate to anyone or anywhere place,5
Worst app ever I have account i send request to friends it show threat on mobile . That my account is threat for them I have never done such things why then I am making different account still this is happening in my account,1
Instagram very happy nes life 🧬 karta hai,5
❤️❤️,5
Ok,5
"It dope , only that our favorite celebrities don't reply to us but otherwise the app is good",5
It's a very good app and,5
I love it,5
Nice,5
Good,5
The Very Best .,5
Good,5
Nice,5
That so wonderful app Whenever I use this I like it a lot 🤌🤌🤌✨✨✨,5
Azam Ansari,1
Awesome 👌,5
Good,5
Very nice 👍 app,5
Very good app,5
OSM,5
Jihi,5
Super 👌,5
Good,5
This app most popular app and enjoying your weeknes time,5
I like it and good quality but I won't to get ai updates,5
Addictive,5
Too Bed to ues,1
Message issue the message is delivered but not been visible on the receiver's end,1
Better than my life,4
👍🏿👍🏿👍🏿,5
I love ❤️ Instagram you get to see what is happening around the world 🌎,5
Nice,5
Time killing,1
Super,5
Fabulous experience,5
"Good app in service It is a humble request that I, a new user of your Instagram ID, am requesting you to make parent monetization policies in my Instagram ID. There is a problem, I request you to solve this problem as soon as possible. I will always be grateful to you for this. Dated: 10/1/2025 Yours faithfully. Insta I'd ke username: cuterocky1263",5
Nice,5
I like most app,5
Good,5
"Good 😊 App It is stable To Talk with Friends & someone 😅 with secretly 💯 You Can Stories, reels , post",4
🎉🎉wowww🎆🎇🎆🎉🎉,5
Nice,5
It's best to socialize... But very dangerous for introvert 😇🤝,5
enjoy,5
The app is Very good 😊👍,5
Sourab konai 9876,2
#instagram 👍👍🙏🇦🇺🏍️,5
Best app,5
Mera video par ab view kyon Nahin jata Hai,5
Pran.,5
So far so good. I need to increase my use of this platform to gain maximum benefit. It's a great platform 2021 to now 2025 I will engage more. I am happy with IG but sometimes I miss my favourites. The algorithm is not always KIND .,3
Good aap for fames,4
"I was happy with Instagram but now a day ls Instagram is not working well it is showing some kind of glitch wht ever should I say my chats are not showing , unable to see my media please do the needful...even my username name turns into Instagram user",4
Most toxic community ever. 0 moderation.,1
Supper,5
It is very very very very nice app thank you so much,5
Nice platform for video creator,5
I love instagram,5
👍🏻,1
Good,4
"I'm not sure,quite new to me really nice.the nicest at time very nice. can't for new or true updates.definitely difficult at times.",5
Nice,5
Insta should allow the users to block content from certain countries,4
Kajaa,5
It's really good y'all should try it 😉,4
❤️,5
Bhot acha hai,5
Best Social Media ever . Loved it,4
Konsi gali du terko itna glitch app 🤡,1
Good,5
I was having that update of nickname things but but suddenly today it is not available with one person but available with other my followers why things glitch happens with me again and again,1
Good,5
Dsrerf,5
it is very good app will I see in my life 😊😊,5
Nice,5
lovle❤️,5
Nice aap,4
Good,5
Instagram is right,5
Refresh refresh it's showing I need a solution kindly help for the same I wanna solution msges are deleting,3
Shilpa,1
Super,3
Updat vara laaa,1
Is so good improvment,5
"I hate the reels experience - Instagram, pleasssssseeee do something about changing the playback speed when watching reels. I need my content FASTER.",2
Great app,5
Nice app,5
it's good,5
Tu jaan hai apni ❤️,5
good,5
Nice app,5
"This App Sucks.. I was talking with my special person and it's giving text duration problem, i mean she sent me message but i received it later and she taught i was busy 🤕.. Now What The Hell Should I Do , Solve This Problem Asap. and Giving 1 star because of issue.",1
Best,5
KEEPS LAGGING,1
❤️❤️❤️❤️,5
Message not send and receive properly,2
Good app 🙏,5
Very good 😊👍🏻,5
Not work for Instagram help centre and not any contact help numbers and reply any emails,1
Hi l,2
Good,5
I keep getting alerts everyday that I have messages when I don't.,4
Sometimes messages do not go,1
good,1
Good,5
Nice 👍👍👍👍,4
AmanQreshi,4
nice instagram app,5
Nice,5
This app is so much fun!,5
Good perfomance,5
Please add the chat lock option,2
I give one star because there is so much adult ads and the messages were not sent the messages were delivered too late,1
SIDHU MOOSEWALA USTAD ZINDABAAD 💪🏻,1
Iya bagus banget tapi kalo lenovo cuma ada story yang normal aja sebel tau,3
Good 👍👍👍,1
Nice,5
"I like this app a lot but now it is just flooded with ads. Ads here ads there reels ads , story ads that's enough of these ads stop showing this much ads now it is getting on my nerves it is instagram not adstagram.",4
Lovely in,5
Good app 👌 👍 like the picture quality 👌,5
"Ek star describe karne K liye dena pada warna ush K layak bhi nahi raha, pahle sahi tha, abhi bahut shudhaar ki zarurat hai. Story post karne m alag pareshani hai app ko bawasir bana diye ho. Umeed hai jald thik karo aur haan Fb wala chiz ish lane ki koi zarurat nahi thi, waahiyat ban gaya Insta.",1
😍,5
Stories dekhti hu toh app bnd ho jata h,2
Useless 🤧,1
Achcha khasa timepass ho jata hai,5
Very Very good ❤️❤️,5
"Platform is very good. Dance competition, comedy and nice",5
NAGARAJa,1
Not good,5
Nice lnstgarm,5
Nice,5
Nice,5
Do not disturbe me,1
Great invention👍,5
Bhai isspe dhiyan maat do ✍️✍️✍️✍️✍️,4
Very mast aap,5
Patu game ha koi bhi dawnload mat karo,5
Good 👍,5
Kya faltu app hai yarr koi message nahi deta,5
My favourite app instagram,5
Just cool👍😎,5
Masoom,5
Good application,5
Good,5
Pagl app he,1
Nice 🙂,5
Most favorite aap... ❤️,5
Super app and my I'd submitted plz record my I'd my I'd name kd___kiruba___official___,5
ล่ม,3
Nice 🙂,4
Rakesh,5
Op,5
I welcome you all,5
Khana pina band kro dosto mobile chalao din raat koi kuch bole to uska muh tod do fir bolo insta k age koi batt nhi.,5
Worst app ever full of glitches and bugs do not fix the problem even after report,1
Good instagram,5
This app is very good,5
Please give us a hide follow list option please And this app is a very awesome 💯 ♥️,5
Nice and very good I enjoyed it,5
Super good,5
Ok good,5
Very good,4
Nice,5
Awesome to be honest really love and enjoy using Instagram 💯❤️😁,5
It's really good,4
Please remove my account from beta user,1
Good,5
I can't download this app 😔😭😭,1
Vai,5
nice,3
Distraction,1
can't to update,1
Good,5
This app was just amazing but there is one feedback the app was suddenly stucked one time it take more time to recover. this is only one feedback from me otherwise this app is amazing,5
Can't follow public accounts and says my request is pending??,1
The best App i enjoy in my Life😊,5
Nice,5
Bast insta..🤞,5
Super,5
I'm instagram creators,5
There is always some problem and glitch not happy with it,1
Godzilla,5
😡😡😡😡😡😡😡😡😡😡😡😡😡😡😡😡,1
Lovli Lenka,5
ShivKumar,5
💯,5
"I really say I don't like this generation person's because you Creating app this is social media but I don't trust this is social media , now a days girl think how to trending so girls Show theirs body's like chest, hips etc this video see good also thinking like this same too all generation go wrong so Please stop this all if any girls show this body's you must planned this id and one more thing you are social media for only awareness not for sexual video so I request this thinks you do",1
Outstanding 😍,5
no best,2
followers,5
This aap is very nice I like this aap,5
Good app,4
Nice,3
Nice 👍,5
Good,5
Good,4
Good,5
Nice,5
Bn ji,4
"These are the greatest people to work with, always friendly and helpful. My only UPS store.",5
Khansaab,5
Amazing app,5
Love ittt,5
ith oru nalla oru ithane,5
👌👍👍,5
Pls fix my instagram account I'd official.neeraj.kapruwan_,1
Jane vala he Instagram 🥹☺️,5
Best app,5
Good,5
fak ig,1
Update nh ho raha,5
lol the bug is killing me 🙂,1
Great app ❤️,5
I didn't receive my messages,1
💯,1
Best app 👌 🙌,5
Not working properly 😑,2
update my instgram,3
Meh.,1
Boat Acha.hai,5
Very nice,5
Worst of time n data,1
Nic,5
Nice app for communication😊,5
A Laxmi 74,5
Instagram nice aap bahot achha hai mere liye,5
Good,5
Not post the photo,1
Happy New Year 2025,5
Superhit,5
"It is a very good app but I think the feature which allows people to show your likes and comments should be upon our permission, and also about the music editing we should be able to change the music of some specific post. Otherwise a great app!",5
video viral kardo,5
This is very good app to use,5
Nice,5
Super,5
This aap is very good Work,4
So mind fully entertement app,5
My id suspended😔 sumir_1m,1
Good performance,5
Rubbish apps,1
Supr,5
Instagram's help centre is really poor. I have reported multiple times that I can't follow any accounts but they seem to ignore it. Fix your help center first.,2
Good,3
Good 👍,5
Support is super,5
Mera Instagram id band ho gyi hai kese sahi krgaa,1
Good app 👌 👍,5
song hindi,5
Hehe,5
Excellent,5
Super sweety and abraham,5
Nice nice 😘😘,5
all good,5
Nice 👍,5
Wonderful,5
Time pass nice 👍 Time pass good app tq❤️ jai hind,5
Nice,5
Its very help to talk to my friends,5
❤️,5
Good,4
It very good app but more monetize tool is more,1
Nice,5
Good,5
Gregeous,4
"You guys have a very annoying and stupid way of restricting and disabling someone's account , my music page I created on Instagram you guys disabled it's, I created another and you guys disabled it again, my Facebook account I created for running ads you guys disabled it too, and I just created that last week. You guys should stop this nonsense, it's very annoying, very annoying.",1
Very nice aap,5
Hamare instagram account me issue aa raha hai Mai kisi ke username daalkar search kar raha hu to uski id he nahi aa rahi hai,5
😁😁😁😁😁😁😁😁😁😁😁😁😁😁😁😁😁😁😁😁😁😁😁😁😁😁😁😁😁😁😁😁😁😁😁😁😁😁😁😁😁😁😁😁😁,5
This is very good app,5
super,5
Red and reveew,4
Feiazan,5
Instagram is crashing on my phone,2
Super 👍👍👍👍👍👍👍👍👍👍👍👍👍👍👍👍👍👍👍👍👍👍👍👍👍👍👍👍👍👍👍👍👍👍👍👍👍👍👍,5
Nice,5
😀,3
Hmue😍Hmue,5
Great,5
Iuhu,5
So interesting app and good apps,5
Bhuht achha hai please 🙏 Mera video viral kro,5
Thanks a lot,5
Super,4
Very nice,2
Good application 💓😁,5
Nice 🙂,4
"Street buster , situation creater",5
Nice looking overall include,3
I'd hal hoti hai vo band karo,5
kajal,3
Good enough 👍🏽,5
very interesting app,5
Very good 👍😊,5
Yas,5
Post pin unpin option not show 😥,2
Nice👍,5
Best My dear,5
Great 👍,5
Good app but limited use unlimited use the app to badd 👉❤,5
Hitol,5
Very good,5
Use only for your enjoyment,1
"After 10+ years of using this app, I'm leaving because of the moderation changes. Not a single billionaire or politician from either side of the aisle cares about us. I hope you all know that.",1
My app keep crashing when I want to add # for posts I use Xiaomi 14T,3
Thanks for change my life thanks for you💕💕,5
Full of bugss,1
Good,5
Friendship,5
Best,5
"What a nice place for socialization, information, and learning something new; where I can also reach many with the true gospel of Christ.",5
Best app ever,5
Good,5
Every day after 7 pm Instagram working down to much no refresh no story update no notification and today msg no received my friend msg me last 15 minutes but msg not send fixed thus bug,1
यह ऐप 👍 है,5
Me world famous pleasee,5
More bugs suspend accounts without any reason,1
Hiaift,5
its amazing flatform,5
Okh,5
Please add an option to block reels.,1
"it's really interesting to use it, you get to chats with friends and family",4
"I've been using Instagram for the last 8 years, but over the past 2 years, I’ve noticed an increase in inappropriate and explicit content being openly uploaded. I’m shocked that Instagram allows such reels. I strongly believe Instagram should take strict action against such accounts and be more vigilant, especially since a large number of children use this platform. I’ve decided to uninstall Instagram to avoid exposure to this kind of content. I hope Instagram takes this matter seriously.",2
Good app 👌,5
Good work,3
👍🏻,5
"No much effects options like it used to be, orelse would've 5*.",5
L app so much bugs,1
Happy Hum Bhi,5
I enjoy it,5
I love the quality 😍 it's real Nice 🙂🙂👍👍,5
Good,5
Not interested,1
"Its an amazing app for chat with anyone,for sending reels and for post your talent",5
بخاطر سردار دلها حاج قاسم سلیمانی پاک کردم,1
I can't login my I'd with correct Username and Password on This App..,1
Nice app 👍,5
Really enjoyful platform,4
I Love Instagram,5
"I don't know if this only happens to me or it's just that my internet is bad (but it's not), Instagram would notify me late on private messages. It happens all throughout until the year ends.",3
Such an amazing app... i love it soo much.. best app for entertainment and also easy to communicate with friends and family.. easy to use .. amazing features.. i recommend it !!,5
Good,5
excellent,5
"I opened the app and I started creating a new account and it says we couldn't make a account for you I tried several times but it still showed up at the we couldn't make a account for you. Please Instagram fix this, I beg you",1
Supar,2
Aage badhenge hm bhi ab,4
nice,5
I'm so happy 😁 to use this application ❤️💗,5
💌,5
Best for. Couples,5
Good,5
Nice 👍👍,5
Bhut bekar aap h ladke fake I'd bna ke msg krte h,1
App is good but aal updates are not available in my phone,4
Not interested,1
Awsome......,5
Instagram me 😁 bohot maja aata hai,5
Bekar,5
♥️❤️,5
"Love how I not gonna give five stars, there is no apps to use my N pass. And going through lightspeed to give my furry and Naz#i information to a bunch of peoples who gonna say ""HELL YEAH"" I definitely suggest you this. It's been very peaceful after I installed this",5
Mast app and thought of you Bhai and thought of you Bhai and thought of you too,5
I am not even able to enter it,1
Hlo instgram Plzz get back my account and mail,4
👍,5
Could use work,3
I'm still not getting the new updates that have been released 2 months ago but I'm not understanding that why I'm not getting that update reels sharing and mentioning type also...!! try to fix itttt developers.... !,2
It is good for learning,5
Nise,5
Nice thanks instragram please support please 🙏,5
Nice pic,5
Good,5
Nice plateform....,5
hey Instagram what are you doing because there are not friendly contact there are 18+contact improve your site other wise it will be not a Instagram it Will be po*ngram please improve it thanks,2
It's very good to social media for people now days,5
Good,2
Very nice 👍,5
Very good app jaat,5
😍,5
Best 🥺,5
Good,4
Download karne me bahut time lagta hai,1
Goooooooooood,5
Nice,5
Don't kw what to say burr it's kinda ok,3
Absolutely 💯,5
🥳🥳🤩🤩🥰🥰,5
Koi ladki set nhi hoti,1
Nice,5
Wow,4
"I cannot open my account i don't if it hacked or banned plss help me to retrieve my account. Until now i cannot open my account, even i use my gmail or my phone number, it still not working.",1
This app is very best,5
❤️,5
Good,5
This application is so good but bonus is not available in India 😞💔,2
Great 👍🏻,5
Message failed to send,1
Awesome 😎 app,5
Vasavahardik,4
"Social media is a good medium, we get to see and learn a lot of new things",4
Very 👍,5
I love instagram,5
It's Good apps,5
Hi to the kids and family,1
Hi to the kids and family,1
cool,4
A better one,5
Mr Jass Dhaliwal ⚜️,5
No visitors 😔 on my posts 😞,3
Excellent,5
Futi,5
Saifkhan,5
Yeh bhi ekdum bakwas hai mere 8-9 ghante barbad kar deta hai padhai bhi nahi ho pata hai din bhar sirf reels addict ho gaya hun me.,1
Good,4
Best app,5
My World🌏🤌🏻,5
It's lag many times 🙃,1
Nice app,5
Good,5
Broadcast channel ID nahi ban raha hai,5
Gud,5
But some flag issue in the reel 😒,4
Amazing 😍,5
Great,5
Nice app,5
He is the very best app and best app for phone ❤️‍🔥,5
I can't comment on stories.,3
Nice 👍,5
"There is a bug in reel, network problem",5
"I opened a new account, after opening the account my Instagram account got blocked. Instagram is also showing the name of my device wrong. Till the time this problem is there Instagram does not fix it. Till then I am uninstalling my Instagram account.",1
My experience is normal bcz some time it is no sending msg and sometimes it is not open fast service is very slow but I like it,3
That's awesome 👌,5
I am insta user only for time pass!,2
Hoyoo!! 😂,5
Nice,5
Good,5
शीतल,5
Manchi dhi download chesko,5
Regarding,1
Good 😊,5
Love it,5
How can I forget the only window for me to tarck myself and by myself I mean him ❤️,5
Dharmveer Kumar Ram,1
not updation my instagram in the season,3
In ad centre i m trying to create audiance but after 4 hour it's continuous processing but didn't complete a single action... So embarrassing and uncomfortable to businesses,1
Average,5
Vary good,5
Good,5
Very best,5
Good,5
ban pages for no reason,1
Shubham ⚡❣️😊😘 (⁠T⁠T⁠)💕💞 🥀💝👑,5
lts amazing and wondeful,3
Good,5
Bekarrr aap,1
Bad,5
Very bad experience really,1
A...,1
My Instagram was not open and appeal problem are there so you helped,1
"ਫਠਡਪ੍ਹਰ, ਢਪ",4
I'm using two accounts on the app but only getting the new IOS features in one. I request U guys to solve my problem,1
"Much like Facebook and Messenger, it's just another really well laid out, social networking tool. I love it. ❤️",5
Good,5
Good,5
good,5
good,4
Very,5
It's very nice aplication and intresting but not wroth my account in 5 years,5
Good but too many notifications,5
"Instagram, I'm really unhappy with you! I've uninstalled/reinstalled, cleared cache, restarted phone, turned notifications off/on (both in phone & in app) and I'm STILL missing notifications for folks I want to support. Fix this. It's ridiculous.",2
Aji Aji,1
Ok,5
👍 good,5
nice,5
Worst app for . JEE ASPIRANT. Whose aim is IIT delhi in electronics branch . This app is for whose person not have any goal . This app in for ch**ar,1
This is the only app where we chat with eachother and we see the funny reels that depends on your mobile what you see,5
This is my favourite app❤️,5
Very nice app,5
4 stars gone beacause of long delay of uploding any reels. 😮‍💨,1
Best app ..,5
همةظلنونختمنكممظظظظظظدك،ط .حم ننمظظظظظظظممممككككككحككككط,4
Best,5
"Content-stealing AI, fraud bots, and unmoderated right-wing disinfo/hate speech - the new Meta strategy for the fascist future of Zuck's dreams.",1
please add a cancel button while uploading a reel video,3
Punm,5
Har 5 min me network issue,1
I like it,5
Umaah actually in love with this app,5
Nice,2
This app is very good Because i found my bestie in this app Thank you Instagram,5
Good,5
Bestam bast,4
OPen,5
PiTNUMM,5
Rmovu adds,1
"To meta team and owner, This social media platform is turning into some pornhub and you promoting and not removing sensitive content is truly disgusting. Im deleting my account and I'm going to get this app down very soon in the future.",1
Good,5
Worst app The app which consume these much of data can be improved to next leve Ad are increasing day by dayl,1
Best,5
Claiming my prize,5
Best application,5
No good views of mine videos ..why!? Are you serious I want more views,1
Oswem,2
Excellent 👌,5
Love this app,4
Instagram is best app,5
Because is too disgusting to kids and other etc...And also reduce the shorts in this app,2
Nice,5
Insta is amazing but when I edit highlight cover it takes so much time and sometimes I can't edit the cover🥴,5
GAJAB CHIJ HAI BE,5
Inhabilitaron mi cuenta sin ninguna razón,1
Anand yadav,5
👍🤗,5
Very nice app,5
Very nice app,5
Nice aap 😃,5
Best,5
Iam learn million of things in Instagram I think instagram is more then batter 1000 of fake plateform,5
✌️✌️✌️,5
Top of social media ⭐⭐⭐⭐⭐,5
Too much ad 😶,1
It's a great app,5
Creat,5
Bhargov,5
I love IT 💕😍,5
Very good,4
best app for fun with friends. this is secured application 🙂,5
Vinu,5
Time pass app,2
Very good very nice entertainment,5
nice,5
Best appp i ever seen,5
Nice 👍,5
Its very nice 💗💗❤❤❤💜💞,5
Very nice app,5
Bahut bekar app hai ek v ladki bhao nahi deti,1
it's perfect no need of anyones Validation,5
Too good,5
Is app mein ek ladki nahin patati 🥶,5
Very good app 😃💯❤️,5
Good application and this app ruined my life,4
INDIAN MINISTRY SHOULD BAN INSTAGRAM. DIRTY VIDEOS ARE SHOWN. INSTAGRAM IS DESTROYING OUR NATION,1
Very good,5
"Still can't post more than 10, ridiculous",1
"I have no idea why but my account was suspended out of blue,and the appeal system was so stupid because u need to record a video but it's just blank it don't record or go further.its just still and later my friends faced the same problem that's suspended I just wanna know yhy",1
I am single,1
❤️,5
"Do you know, ‘I still love you instagram",4
Duck,1
Cute kabaya,5
Good,5
no problem,5
🥰💞,4
Good,1
Faltu app hai yaar Bhai log mai pichly 2 saal sy use kr raaha hoo koi bachi set nhi hoi 😭😭,1
My photo gallery at 5th a standard phone 📱📱📱📱🤳🏻 the following number of the triangle ABC radio FM radio with RDS FM recording in,5
Like it,5
so cool,5
Mast app,1
Love you,5
Wow,5
🎉💗⭐,5
NIKHIL,5
Love you instagram,1
Good,5
Don't install this app ek bhi ladki reply nahi deti hai,5
Sometimes this app not working properly,4
Good,5
❤️,5
👌👌👌,5
So good,5
Nayic,5
Instagram is so nice app,5
Awesome 👍,5
Nice,5
Very baker app,1
It is good better than other 👍,5
Mast,3
Very good experience 👍🏼,5
Informative. Updated. Latest,5
🤞💫,5
Raistar,5
Good,5
Now time's instagram have so much unusual videos instagram have to fix these,1
"Shanaya para sayo tong rate ko rito mahal na mahal kita, ilovveeyouusomuchhhhhhh",5
Very good 😊,5
My problem salow plzzz my id is ___sheikh__inam___,1
Nice,5
"Instagram policies are a joke. Reporting actual bad videos such as animal cruelty doesn't get deleted, they keep forcing reels of awful things like this on your feed with no option to remove. The random suggested videos are absolutely nothing to do with the things you actually follow. Unsafe, awful forced reels and terrible, useless moderation that shouldn't even be allowed the TV remote let alone control of content. Shame on you all.",1
very very bad because it creates a lot of security issues,1
Spam and scam accounts are a big problem that even when reported nothing's done. I also spent 20 min organizing my photos of the same frames to be adjusted appropriately before posting and when posted they all turned out cropped out differently from how I arranged them. Really frustrating and a waste of time.,2
Pehle 5 star ⭐ diye the ab tumne insta battameez logo se bhar diya hai isliye 3 star kaat raha 🤨,2
Perfect app,5
"It is very good , but bad concept is more",3
Good good good,5
Zuckerbug is a money grubbing bigot,1
❤️‍🩹✨️✨️✅️✅️,5
Nice,5
Highly addictive....i deleted and then reinstall,1
its time pass 😃😊,5
Instagram is very good 👍,5
Nice,5
Three star because my Instagram is deleting automatically... 😖😖😖😖😖😖😖 and I have to face many problems,1
Great,5
❤️❤️,5
Work good 💯👍,5
Instagram my mobile is black no id login 😡,1
Unban the accounts you bab yesterday.,5
good,4
"I am partially disappointed from instagram. As I am not able to post my photos or videosfrom my device , it only shows the photos i.e. taken from instagram. Which is to be fixed as early as possible.",3
Amazing app,4
Best,5
👌,5
So col,4
This app is very cool 😎,5
Save kiya hua video jaldi nhi dikhta hai,1
God app,5
damn ninja,5
💗🫶,5
I am able to post my favorite things and advertise my business!,5
That is very most,1
Very nice applicat,5
Good,5
Mast aap hai,5
Thanks for all instagram users but why it's ki yah ak world ka very must app & social media app hai.,5
Amazing,4
Nice working,4
Good 😊,5
👍👍👍👌👌👌,5
Good,1
This app is very very bad jab se es app ko install kiye hai tab se mera time barbad ho raha hai mai padne me bahut achha tha lekin jab se es app ko install kiye hai padne me man hi nhi lag raha hai 😭😭 es liye ham ese ✡️five star ki Rank dete Hai,5
Good,5
Shiva,5
They banned me,1
Still my story is not appearing after sharing from whatsapp to instagram..... such a worst app...,1
Nice aap,5
I set up a 30-day free trial on f o b o now they have robbed $75 from me and I can't find any way to get my money back or shut them off they are a bunch of Thieves,1
Yes this app is good I really like to use this app🤗,2
I don't have trial toggle on my reel option even though I have a professional account of tumik_fineart. It does say on instagram website that professional accounts have this option.,1
stop promoting soft p0rn on this app...your algorithm sucks.,1
Mind blowing app,5
👌,5
😁😀😀😀😀😁😁😁👍👍👍👍,5
👍,5
Very best aap,5
Nice,5
"i can't not create a new account, plss fix",1
Do I even have to write a discription? Yall already know why this app is trash now.,1
Great,5
Nice,5
Itz. Tahid,5
Good work,5
Perfect,3
Good,5
I love insta cuz my relatives dont know about it and they are on the fb !!,5
worst,1
Instagram is good app😈😈😈😈😈🇮🇳🇮🇳🇮🇳🇮🇳🇮🇳♥️♥️♥️♥️😘😘😘😘,5
Nice to use,5
Like,5
i love you Instagram🥰🥰,5
Awesome 👍😎,5
Very nice,5
It's amazing,5
nice work and informative 💯,5
जिंदगी झंड करने के लिए बहुत बहुत धन्यवाद जी 🙏 इंस्टाग्राम जी,5
Very nice aap,5
👍,5
I'm in love with this app,5
5 star,5
Please recover my account I m not do this again please backup my account my id name is harsh_tyagi_070 or second I'd is _harshu_070 both birth date is 22 march 2005 please help me,5
EXCELLENT,5
Good,5
Wow 😯😳,5
Hio,5
Wow,5
Good,5
Good,1
Nice,5
4 4at 4444pm4 provided 32 provided 44,2
Ok,1
BEST,1
Your very nice 👍 app,5
LUL hai,5
Good,5
This app is so so good 😊,5
Nice,4
",😍😍😍😍😍😍",5
World best app,5
Jabbar app he ho👌,3
Very good,5
Good👍👍👍👍,5
Great app but quite frustrating that I'm not able to upload 20 pictures like the majority of people I follow,3
Can't connect on the app!! Its only work on the website smh. Plus the quality image for the story post looks nasty compare to iphone. Please correct the app!,1
😃😃,5
Super app,5
My video not viral,3
Hì,5
INSTAGRAM is very famous,5
Nice,5
Ok,5
Instagram is good app. Please virals my reels and my account monetization policy accept,5
Best 👍💯,5
Very good 😊😊😊😊,5
Nice,4
Super,5
Instagram is very best,5
कनेक्टिविटी,5
Very good platform,5
Ok so so thanks for app😁,5
"What's problem with instagram. When I stretch any pic with fingers, screen light go dim.",1
I just loved it. Use Instagram is too easy.,5
Nice,5
this app is good for anime lovers,5
Rina kumar 6235,2
Obviously the best,5
My account is not working 😞,1
Good,5
Annoying how much censorship there is and it isn't sending me notifications either for some reason,1
Today was the greatest Friday of all time suiiiiii,5
Goosssss,5
Good apps,5
Instagram is nice app,5
Good,5
Good,5
দারুন,5
Good,5
😀😀😀,5
Nice app,5
Very best app🙌👐,5
Very very good app,3
احلا برنامج,5
"Instagram forget that it was made for content not for ads ,ads after every 2 reels #shame on you guys atleast show ads after 5 reels",1
মঙ্গল,5
Mukesh Sahu and w blessings to you,5
Meh,4
Nice app,2
Nice app,5
Valo,5
Good,5
"I'll use it as a free photo album but I won't scroll or use Instagram reels, meta will make Zero dollars from me. Treads gone ✅ Facebook gone ✅ Instagram is on death row ⚡🪑",1
nice,5
I love u,5
Instagram the very good app 👌,5
best,5
Mal nahin pati kya,2
In this app Instagram has many problems which we normal people are facing in daily life beappcoz we use,1
Viral my I'd please,3
😊😊😊😊😊,5
Nadeem deliver,5
Amazing fabulous,5
U guys have to stop restricting my account,3
Vasavaramahbai,3
My Video is not viral,2
Perfect app,5
Jesus Sasi boy,1
super 👌,5
Only one best platform,5
It allows you to connect with this app give you a great experience,5
Hdkdjdy to ni ch ch d de ka hogaiy,5
Yah kaisa app banaya hai mera ek bhi video viral nahin ho raha 😏,1
Supar love you all,5
Perfect social,5
Just fantastic,5
Nice app but distracting,4
Good,5
😶😪,4
Very very nice ☺️,5
V good experience,5
Excellent,4
"""🎀""",5
👍,5
Nice,4
"Love you so much,please give me good energy this year.",5
Oh nice to see ya again . Life status - ok,5
Once of the best for reels,4
It's good but you should add more updates 😭❤️,5
Good,5
Good,5
I can't seem to do anything since it just pops up as a black blank screen for some reason....pls do something!!!,2
It was really nice and Instagram was is very nice and what a filters water thank water texture and wat all functions I really love it mind blowing Instagram and I really want that Instagram should be read this app rate this app at 5 out of 5,5
😃😃,5
Worst app Time wasting,1
The security is overwhelming and became very difficult without support found from instagram team,1
Very good app I love Instagram,5
Good 👍,5
🫰💞,5
"For writing a review, instagram has removed my account. I give 0 rating for this app. Worst of the worst app. It will eat your time please don't download.",1
Nice,5
Very good,5
Awesome,5
Way for earning,5
Op,5
Supper,5
Open Instagram,5
Nice,5
Lavede,5
"Yadav the, and I am",5
anuj kamayap,5
Osm,5
Aa thu,1
Nice to see,5
Way not a promotion 🥺🥺,5
Best app,5
Viral post,5
Not good,5
I love insta..,5
"I set up my age then it says you are too young and my I'd isn't opening, why????",5
My way my insta profile,5
Good time pass,5
Nice app,5
Bahut achha hai,4
Good,5
Ap bhot acche ho lekin ap apni epp me ban krdete logo ko 😓😓,1
كسم السيسي,1
He is very very very good,5
Awesome app!,4
Good,5
Awesome,5
Nice,5
It's okay.,4
Very good👍,5
Excellent,5
TELUGU,5
Working good,5
"Dear Instagram, I’ve been unable to follow any public accounts for the past three months. Each time I try, it says the request is pending. Please address this issue as soon as possible. Thank you!",1
Instagram suspended my id and i have appealed 4 days ago. Today i am posting this rating If meta did not give me my id back then i will uninstall this app. 💩💩💩,1
Good,5
Good,5
Is awesome,5
RANEH,5
Mere Instagram par 200 follower hai main kya review du agar mere Instagram par 2/4 million follower ho to main kuch comment bhi karu 🤣🤣🤣,5
Super,5
😮‍💨💋💋💋,3
🌹,4
top,2
sometimes i cant even post story if i put emoji and songs,2
Excellent,5
Great app,4
Excuse me why was my account restricted Last year two of my account got banned and I don't know why. The security of this app is very poor and I want to save my account before it gets burned. Please help me,2
Op,5
Entertainment app,5
Good,5
Very happy 🥰🤗🤗🤗,5
Supper,3
adorable app ❤️❤️,5
Hasnain 🥰 please meri is,1
Nice,5
Exilent and supperb application,5
"Awesome,",5
Very good 👍,5
Nice bat video vaire nahi ho raha hay I need help @rdx20k_,5
Best For Education &Entertainment,5
Nice instagram app,5
very good app😄😄😄😄,5
Very enjoying aap I love 😘❤️🥰❤️❤️,5
Good,3
Waste Escape the matrix,1
Nice app good And this app is injoybal,5
Just amazing 😍🤩,5
Good,5
I am ful star,5
Shravana Saindane,4
Cool,5
Good,5
"Very best app , it's useful app",1
❤️❤️,5
Super,5
Nice app,5
Love is instagram,5
Awesome 👍🏻,5
Super 👌👌👌,5
I really love and enjoy instagram,5
Good 👍,5
Love Di's online tools I am very happy and dil ke awaaz rakhti hai esma,5
Nice 👍,5
Good 👍👍😊😊,5
Good,5
Dil,5
there is not any option to delete chat from everyone i want this pleasee!!!!!,1
Hi guys,5
Fabulous,4
Aka bao,1
Papu,5
Thank you 😊😊,5
AI search 10% accuracy. Uninstall,1
Best,5
This is a very good app but for the past few days I have been having a lot of problems like reels can be seen on Instagram but messages keep coming out and sometimes I have to delete the app and download it again.,1
You are best moments share in my life,5
its raj -0 7 7,5
Ajameri khatoon,3
Good,5
Best app,5
Good,4
Very nice app,5
After uploading a reel quality decrease problem pls fix it,3
"Limitless fantastic brilliant, no words can define instagram Just amazing",5
"unable to login, tried every possible way",1
جاحد,5
Instagram has become the worst. Not able to post pictures in 4:3 format.,1
Give followers,5
Good,3
Very good experience,3
Best,5
Amazing 👏 for now but I can it's some few weeks is working properly and I don't know next 24 hours anything can happen again but am so excited to have it back,5
Very nice,5
Add a archived option in Instagram,1
Very good,5
AjmoLlali,5
Excellent,5
Good aap instagram,5
Nic,1
Amezing,5
Ch 💞💞 pingua 924172,1
He is very important to me that he was so I can I get to see you all for the first🥇 time to get the best way to go to the world and I have a great,5
POONIA,1
Ok,5
Why Instagram new features don't available to me I updated it but still not getting new version of Instagram every time,4
very good,4
Nice,5
Wow 😳,5
Isme koi achi id nhi h,1
Good,5
Best app,5
Unable to sign in sms not sending almost whole day now im waiting 😞,1
Super 😍,5
Excellent,5
Op,5
"Z ,zexd to the hospital l",1
Better help in your life changer,4
Good app,5
Very amazing features in this app I loved it 😍,5
Nice aap,5
Nice 👍🙂,5
Good,5
"Nice,good, great, perfect.",5
Sureshojha👌🎉,1
"Best app to learn, grow and explore.",5
Time waste app 🤡,1
Hum bole apko bole apko ki bole and we have been a bit of bit late bit late but lot of bit of bit late bit of bit of bit late but more late more to do sath with the it with the it with the it with me thik thik tha he tha said is in a statement that in a statement that that the was same best,2
Thank you Instagram,2
Nice app,5
😘😘😍😍,5
Hi is good,5
👌,5
Good,5
Good,5
Fix glitches approch higher skilled software developer,5
Fun and it really plays a main role in my life to communicate and broadcast my business and spend some time with friends and family thanks Instagram🔥❤💯🇳🇦.,5
This is a very nice app,5
No experience,5
It's good but it suspended my all id,5
Excellent,5
Gud,4
It's the best,5
Nice,5
I love you,5
I am so frustrated when posting multiple pics. As soon as the 2nd image is selected all images are now 1:1 ratio. Normally when you select the ratio of the 1st image the rest of the photos use the same ratio as was set for that. I haven't been posting because of this issue - it ruins the post. Please fix this ASAP.,2
I love this app so much 🥰,5
sachinkumar,5
The app has so many BUGS- sometimes certain features would malfunction like the 'save' reel button and not showing the followers when I click 'share' to send a post. I've even re-installed the app twice but it continues to cause a different bug to persist.,3
Nice aap,5
I couldn't post until 20 pics,3
Nice app 👍,4
Very interesting app👍🏻👍🏻,5
Good,5
Very nice instagram aap love ❤❤❤❤😍😍🦋✨✨🦋🦋🦋✨✨😍😍🤨,5
Until now my insta is not updating like the new one😭,3
"Good site to post pictures, follow friends and find information.",5
Nice,5
Just hate I can't add my friends from Facebook after been hacked for 2 years I finally made a new gram,1
Crazy niru,5
Nice,5
Good 👍,5
I had to uninstall the app. It stops working constantly also videos freeze everyday.,3
I have no issues with it but it's pretty average,5
Good app,5
"STOP SHOWING HORRIBLE ONLYFANS MODELS! this app promotes hate against men. any time there's a miamdrist post, it stays up permanently. if there's a misogynistic post, it gets removed. this app is terribly sexist, and the fact that miaandrists are still actively posting on accounts that have been reported says all there needs to be said. misandry is one of the main factors of male suicide. You're all terrible people at meta.",1
Super application,5
hi s,5
Gooooooooood,5
My id was banned please unban my ok instagram account( _a8itya ),1
No way,1
Yogesh pawar,5
Awesome 👍👍👍,5
Incredible,4
Not Provide edidting tools for reels,1
Addicted to it😅,5
I like it,5
I like insta,5
I like this app very much,5
My account has been grow please 🙏,5
Super,5
Excellent we known so many updates we are enjoy to much entertainment,5
👌👌👌👌,4
I love it,5
Love it,5
Please femash my reel,5
So Good app,2
Nice,5
"Fabulous, I've been on Instagram since 2015, and have posted9000 +.....🤩🤩🤩.🍋🍋🍋Been on Instagram 7 years, now, love every minute of it !!! 😂✌️😂love Instagram ❤️❤️❤️❤️❤️ Unfortunately my account was hacked, and I've lost access to it, all those photographs and memories now lost forever.., 😭😭😭😭😭😭😭😭😭😭😭😭😭😭 does anyone know how to reclaim a hacked account????.?alas, I never did recover the hacked account.i have a new one now.its now 2025 so I've been on Instagram 10 years. ♥️",5
Good but why my account keep suspending day by day This give me bad time on my page,3
I CAN'T SIGN UP!! IT KEEPS SAYING THAT THERE'S A PROBLEM! GO FIX IT BRUH,5
I like it app,5
..🤩🤩🤩,5
My experience was wonderful 👍 excellent in instagram and Iam doing reels very happily,5
Nice,5
Good,5
Good application,5
Low,2
I love you IG,5
Besttt..,5
Nice,5
ErEsh,5
"I am very satisfied using this app. From posting here to giving stories, creating reels, likes, comments, chatting, everything is better in all aspects. Even from facebook got better feel here.",4
👍👍👍,5
👽,5
mujhe kadki patana hai🥹🥹,5
Is good,5
zuckerberg ruined this platform,1
Nice🥰🔥,5
Funny stuff,5
need a seperate section fir audios in chats not highlights on feed,2
Good for business & socializing,5
"Impossible to send photos. I don't care what AI says. I just can't do it. I've tried thousands of times. Also, the language used in reels isn't allowed for comments. Does that even make sense?",2
Mdrcd app in my device please uninstall this apk in your devise this app spying user data and activities 👎👎👎🤬🤬🤬🤬🤬🤬,1
😘😘,2
Nice,5
Babul,5
Nice,5
Lovely 😍😍,5
Excellent 👌,5
Addds Nasir Muhammad Siddiqui vatva kenal,3
😍😻😻😻💋💘💖,5
❤️‍🔥,5
So good,5
Good Instagram.,5
I Love instgram it's very Good Entertainment app...,4
Bessttttestt,5
Very fine,5
Very good,1
App is slow and apps that I downloade are not working,1
Excellent app,5
Good,5
Mansi wakekar,1
Nice,5
Time pass acha hota hai 😁😁😁😁,5
Aisha 0999 girl I'm sed girl,5
Nice 💯,5
Absolutely fabulous,5
It is not working at all. I have tried creating a new account but it still report that UNFORTUNATELY INSTAGRAM HAS STOPPED. Lyk what's that,1
Besttt♥️,5
Good,5
monetize policy hata dijiye Instagram se,5
Insta is so cool for me,5
🥀🫠,1
The bast aap,4
Fun and friendly,5
it's so hot,5
Nice,5
Very good,5
Ranjeet Kumar Sahni,5
Rupali sa,5
Nice app😊😊,5
This app is annoying,5
"Breasted Ddf jez, faafaasaawxxdeastssawg raw data. At. A",4
Waste of time,1
"Awesome app you can meet more people, you can make new friends, you can go viral",5
Love it,5
Good,5
❤️✨🦋,5
S .....asikul,5
Osm,5
Op,5
This app interested all people,5
😻🍁,5
Very good,3
"Ai sucks, also WHYS MY FYP NOT IN A LANGUAGE I UNDERSTAND IVE BEEN TRYING TO GET IT TO STOP AND IT JUST DOES MORE",1
"Couldn't not refresh feed I,d rudra_rajput_up_12 Pls solve this issue",1
Anbu,2
Excellent business partner,4
Its best app to communication,4
Instagram is beautiful app,5
Nice,4
👍,5
Good,5
Good,5
Contain more add,1
Wow,5
🔥🫶🏻,5
🎭,5
Was a good experience ever compared with other appa nd lav it💯🤍,5
This is world 's very very very best app,5
Nirankar Gautam,5
☺️,4
काय फायदा इंस्ता घेऊन कोणी पटत नाही भावांनो,5
Love it,5
Super,1
Byutifull app love you instagram 🥰🥰,5
Good aap valuable for content creator,5
Good,4
Betifil ap grant app 🥰🥰,5
Good 👍,5
Bff app,5
Very informative and technofriendly social media platform...,5
Bisma saddiqe,5
Entertaining,4
Very good,5
Mind blowing application,4
Luqman A seif,1
Good👍,5
👌👌👌,5
"Sanchore, Rajasthan 343041",1
😌,1
☺️😜,5
I love Instagram its fantastic 💗🦋,5
💕💕💕,5
Good,5
Me,5
This is very good place,5
Very good application,5
I love Instagram,5
My experience on Instagram is very amazing very joyful Thanks you Instagram 😍,5
Sexy,5
Excellent 👌🏻👌🏻👌🏻👌🏻👌🏻👌🏻👌🏻👌🏻,5
Gangster logo ke liye hai,5
com.instagram.android,5
Nice,5
"I love it,the best of the best I just wanna know is true I can get paid for watching reels and if soo how 👀",5
Sanchae macha sinchu nachinoia ńufa,5
Laure kaa ap,5
Happy,5
Nice app,5
I love it I can make a lot of friends here And my long time friends we can communicate in this app 🫶🤍💐,5
No reach on my profile day by day decrease reach,5
Good,5
To addictive,2
",♥️♥️",5
Best app in world,5
The best aap,5
❤️❤️,5
Nice aap,4
Extra ordinary,5
ackm ackm ackm,4
This is a instagrm,5
It does not allow me to comment on posts,1
Not showing reply option and theme option also fix it.,4
Very good,5
Parvin pargiparvnipargi,5
Fabulous,5
📈📉📈📉📈📉,5
This is very good app,5
This is myy inspection,5
Very good application instagram,5
Super,3
Nice,5
Very nice,5
Good,5
so good,5
Jesa mood hota hai vese hee reel aati he🥺🥰🤣,2
Excellent,5
The nickname feature is not showing up.... can u plss fix that...,4
Very nice app,5
"It's getting worst day by day.... Every second reel freezes even my internet is fast, I'm not able to put reels to stories as it only shows loading every time but nothing happens... I've set the settings to show at highest quality still it every reel is so blurr.... My internet is always fast still I'm facing these problems... Device Redmi 9",1
Karishma saxena,2
Beautiful,5
Jullouutyuouiuliyuliou🥳🥳 iyyoiiityyuty,5
Good,5
It's a good app🫶,5
Nice,5
Super se upar,5
"Why aren't my photos and videos going viral? maskravin._ this is my ID Block my ID. When photos and videos don't go viral, I only support the waste girls I upload on Instagram.",1
ભાલીયા ભાઈ 302,5
Fhhĥg,4
",,🥺🥺🥺,❤️❤️❤️❤️❤️🥰🥰🥰🥰",5
This is one of the best apps on my phone😍am in love with it😩💦,5
Best,5
Cjjc song,5
Worst app ever one no install please,1
Very good,5
Nice app for timepass,5
Bad gorment se anurodh hai ki ese band kara diya jaye ye india ke sabhi nawjawn ko apne lakchh se bhataka raha to ham or app jo bhi meri es comment ko padhe apko achha lage to hamri sapot jarur kare,1
Very Useful app 👍,5
Hello sir please send me followers,5
I can not create an account because its writing error,2
🥳,5
👍👍👍👍👍👍👍,5
Good,5
Op,5
There are so many adverts on this platform. A lot of adverts are not even in English. Fix this,1
Good job,5
Tik is better,1
Good experience,5
Please add my music option,4
رائع ومفيد,5
Land jaisa app hai,5
Its helpful to share my knowledge and also my knowledge is stored in a one place thats i watch at any time i want . But use it in right ways,4
Vansh Gangotri,2
new,5
Mere followers bahut dhire dhire badh rahe hain ismein ek Kami hai mehnat karte hain follower nahin badhate ho aap aapse hath jodkar nivedan hai ki mere followers badha Diya jaaye,5
I cannot open my acc,1
Good,5
🖐️,5
Instagram is good,5
Good apps,5
❤️‍🔥,5
Very good👍,5
My account disabled please my account recover id karan_jadhav0018,1
💝,5
"Unless you spend $1500 on a phone that I'll break in 7 days this apps trash buggy editing reels, can't even delete a photo you posted on your own account, plays audio when you close the app sometimes plus way more use to be way less bugs on a cheap phone",1
Very nice app,5
Good 👍,5
Improve this app with more adventure,3
Worst,1
Life barbad kar diya 😭💔,5
Ash,4
Best,5
Gorgeous 😍❤️,5
This the best app ever 🫶,5
Altafg AA,1
My favourite app,5
Outstanding,5
"Creating account problem end of terms and conditions page. Lot of time i tried to creating account it's showing. We are sorry, but something went wrong. Please try again! Please fix it!",1
Aacha,5
Nose,5
Good,5
Very good and entertaining app ever,5
Great social media app but please stop banning for making retarded and dark jokes and I threaten people just to open their eyes bout flexing money and chains and dropping locations they gonna get caught just saying but either way Great app,5
Too much update coming in a month,1
Bhut khub insta bhia,5
Nice,5
Okay,5
👍,5
Amazing,5
Vishm,5
"I've Samsung M13 4g, with 6gb ram and 128gb storage. This app lagging is issue of the app or my mobile? No other app lags, just reels section of instagram.",3
Alexe,1
I HAVE DIFFERENT EXPERIENCE WITH Instagram And have most beautiful and cheerful reel To have some entertainment on Instagram 🥹🫶🏻😻,5
Very nice 🙂👍🏻,5
Nice app,5
Nice,5
Increase Activity limit like follow accounts!,2
Everything about Instagram are all fine and safe.....I love it.....the problem is that they always long me out of my account until I open other one before I can use it...but well it's fine...I just want you people to keep it safe for me...that's all....I don't want to keep opening account everyday.....,5
Nice to chat with friend's,5
Very good experience,5
It was great,5
"Je ne comprends pourquoi on m'a supprimé mon compte. Je voulais simplement me reconnecter. De plus, je n'ai aucun moyen de communication pour poser des questions.",2
Masaallah...,1
Kajalmishra,5
#_show been a long heare the post. Archive this letest Gardiner for gerdeenisx,4
My account keeps getting hacked and deactivated or deleted i cant even recover it just says something went wrong im fed up with this app use it if you wanna get hacked,1
Devpandit,5
Removed app because of Meta getting rid of fact checking,1
𝕽𝖆𝖏𝖚 **❤️,3
👌👌👌,3
Hote hai to the next,3
DO NOT INSTALL THIS APP,1
Good,5
Why mark why you just restricted my account so many times please don't forget this to my account again,1
Prfekat,5
"Very easy to use, superb app",5
Great a application in Instagram app,5
HEAVEN,5
Op,5
Time ⏲ ⏳ West,5
Wandar full,5
Nice,5
Nice app for are creativity,1
😂,5
❤️‍🩹,5
it's cool,5
Wow nice aap,1
So good,5
Ops app,5
Good 🎁,5
Please add vanish mode in my mobile,5
Nice,5
Nice app,5
This app is very interesting where you can make new friends and be a collaborator with many more friends.,5
i love doing good things in Instagram and I love that app so much I love to post there every time and every day,5
It's great,5
"Ok, but latest updates are not satisfiable",4
men come on its impeccable,5
Nice,1
Good 👍,5
Very good experience with Instagram 😊,1
Pradeep Kumar 7393,5
My Instagram is not getting install,5
Just wow,5
It's crashing again and again... Watching reel crash... Uploading posts crash... Uploading story crash... Chatting Crash... Its happening again and again... Always gets stuck... Please solve this issue Device:- Vivo T3 pro,1
🚜🚜hhhhb,1
Xfbnaggqm bs degree na ka hai ya nahi din ka hai 😛 se hi hai na ka bhi n hai nd to n jskgomfge,5
Josss.....Apps..,4
"Most dangerous virus in your 📱 The worst app is Instagram. If you tell the truth in the comments, then these people would have disabled the account because just now my account has been disabled. Hello, they are thinking that I will create another account but these people do not know that I am using these same people's app. I will report in the review in people's comments.",1
Instagram it's super amazing you get to meet with new and great people ❤️🙏,5
This app is awesome,3
This is amazing,5
"There is a bug in instagram, When u click on stories and when u click back button it gets hang and does not operate please fix it...",5
U can talk to ur friends and make random friends that u have no idea who they r and show off awesome stuff that u did to random haters 😆,5
Good,5
Good,4
🎁,5
describ,5
I can't log in,1
👍👍ii😁ki😁inferno oi😁ikw es5🕴️q jii ki c😁he chew,4
"The instagram is getting worse day by . It is automatically blocking my accounts or if any new account I create . There is over amount of hastle regarding updating age, name etc.....The app ask over amount of personal information and collects over amount of information, diminishing privacy of the user.",1
godd fine,5
Free pramosun off cretare,1
Rakibul iaslam 💀. 👚 👖,5
Nice 👍,5
Provide a download link on chrome too,5
Dr zee BH eee me,2
Why do i have to archive a post to delete it? 💀 Something so simple shouldn't have extra steps to it. Fix it.,2
It's really fun and reliable,5
So fun to use,5
Iske network sahi nhi hai aaj kl Please sahi kre isse,1
Sir aap ki app bohot achi he lekin followers jaldi nahi badte,5
It's more reliable than ever,5
"What's weong with this app, my text are not sending after waiting till 2-3 hours, and this is happening frequently, i have to reinstall it again so many times,, getting too bad experience since last 2 weeks .",1
"Great place to kill time ,enjoy a laugh see what friends are up too .keep up with trends.addictive",4
Ok,5
Decent app.,4
I think it's disgusting that this app steals art some artists that have trained their entire lives to be this good just saw a greedy company can train their AI. On top of this I refused to return even if tiktok gets banned,1
So many glitches It's needs to improve I will rate it only one star,1
Just looking like a wow,5
So good 👍 I'm very happy for instagram,5
Best app for you,5
Today my account got suspended for the 4th time and it says that I have done fraud and deception which I haven't done and this was my 2nd I'd which I was using my 1st I'd got suspended at 1-07-2024 i tried a lot to get my I'd back but I couldn't get it. That I'd also got suspended without any reason and my 3-4 new I'ds also got suspended i don't know why please whatever the issue is please I'm requesting whole Instagram team to fix this bug and I want my I'd back as soon as possible!,1
Nice,5
This is distraction for students and business men .this app destroy your focus power or many more thing 🤔. This app is good for reel creater for money making . Please don't use this app for destroy your life and time .,2
Very bad app,1
simple..,3
Super,5
Best,5
nice 👍,5
Ssyee in india e eee,5
Better,2
🤬😡bal,1
This app supports fake news.,1
Always glitching. New updates sometimes are cool features but later on not available on androids. Bad algorithm.,1
Bebe Nene,5
Highlights dropping the story qualities major issue,2
Nice 🥰,5
Nice,5
Good for funny,5
It doesn't have any explane,5
"Getting relaxation, connect new friends",5
Mayank,1
Very nice app,4
Good 👍,5
Rizwan,1
Nice applicatio,5
طرشششششش,5
This app was very cool and this app inspired many friends and apologize the entertainment 😎thanks instagram,5
Really easy to use,5
😍😍😛😍😍,5
Awesome app,5
Wonder,5
Excellent,5
Is very good but sometimes isn't good working,4
Nasi app,5
Great place to meet and share your feelings ❤,5
🥰🥰🥰,5
Mast aap hai,5
Bap he tere,1
Good,5
Goob,5
I like it,5
App is good enough but one of the main reason for downfall of people..,4
I was doing so many reports but Instagram Team not reaching me bugs are most in that,1
It's cool,5
Very Good Experience,5
Naci,5
💝💐,4
☺️,5
🙌🏻,5
👏 amazing,5
Very very good app Instagram.❣️,5
nice app,5
Sikendar,1
I think instagram is good,5
Nice app,5
Ince app download now,1
Supporting terrorism and hiding the truth Worst thing 😠😠😠😠,1
जानु देडे,2
meri Jaan,5
Vikram Sharma kumar,5
Good,5
Trial option is not working on instagram account please update my Instragram account,1
Waste app list my self respect and trust,1
It is very cool 😎 😎 app,4
Instagram is not working properly. Device- vivo x100,3
Because this thing is a dictator,1
Just mi,5
Nice,5
Goodness knows,5
So cool,5
Nothing to say but this app is great for me bcoz i found my lifeline for this app! ❤️,5
👍,5
Jesa mood wesi reels🎀😍,5
💯👆,5
So beautiful app,5
Love it,5
Not at all good pls don't install,5
good,3
Good,3
They keep adding new features that work 10% of the time when there are bugs and issues scattered throughout their software,2
Very okay 👍🏾,5
this is good app but we need big update,1
This app suspended my account for no reason I just cry for 1h and they didn't even send any code for enter and this is the worst app I have ever seen my friends everything end now and when I make any other acc they suspend it also why??????????? I don't preferred to install this worsteesssst app and after that they don't give any hint that what the problem is they just suspended and after that whenever I post something it delete it I am so angry on this issue pls do something or get banned it,1
Love this aap,5
Omg,5
Phuelon kumar,5
❤️‍🩹,5
Excellent 👌,5
Nice,5
Nice good,4
Superb 🔥 awesome,5
ok,3
good,5
"This app is very good because when our mind is bad, it makes our mind happy.",5
It's good,5
🤞🏻,4
Good,5
spent an hour and a half on editing and insta crashed. you better get your act tg insta im coming for you,1
🥰🥰,5
Fodto,5
TaTaTi app 🐶🐵💀🤬,1
அனைத்து அமைப்புகளும் சரியாக உள்ளது,5
Well ❤️‍🩹,5
I love you kyff hai ki 6Naitibuv,5
App to get more interaction with others and get more friends from international 🫂,5
fix the problem for error😡😡😡😡😡😡😡😡😡😡😡😡😡😡😡😡😡😡😡🥶,1
This app is nice but there is one problem in comments I can't comment in any person I'd 😔,5
Good,5
"This website is so amazing for take photos, video and entertainment 🤩",5
Nice 👍👍 thanks 🙏,5
Nice 👍,5
Good,5
This si very useful,5
Fun,3
Very good,5
🌸,5
Good,5
Think you,5
V.nice app,5
Lalitha Hari,5
I hate how now I can't upload any post without it cutting it down to 1:30 seconds. Please fix this issue,1
Great when 1st install it,5
"Suggestion: Replace Media in Existing Posts Hi Instagram Team, I suggest adding an option to replace photos or videos in an existing post while retaining likes and comments. This feature would help users update or correct content without losing engagement. It would allow creators to fix mistakes or update their content without losing engagement metrics (likes, comments, and shares). Thank you for considering this!",4
Surajlakra,5
Good,4
I can't go live,1
Super,5
Best app in the world,5
Good~App,5
It's good👍,5
Nice app meri gf bangyi,5
Yeri Nice 👍,2
Very nice Application,5
"Insta filter for best, video future good 👍",5
Mast hai Instagram,1
Phala jasa game kr do,1
It's very well 😊,5
good,5
Jainul shah ali,1
Meta plz solves my issues my Instagram can't open last two days,1
Good,5
I am a learner of INSTA I WANT NEW THINGS TO LEARN IN THIS SO I ENTERED IN IT.,5
❤️‍🩹,5
sering bgt error si setiap mau upload stories,1
Viral reel,5
updated,5
Instagram,5
It's ok,5
Good,5
Eß,5
Nice 👍,5
Nice platform to interact and for entertainment,4
Sonu pandit 🥰♥️🥰,5
Best app,5
❤️,5
There is no place to get customer service assistant. Should have a better way so that can communicate directly with customer care.,2
Good,4
🤍,5
It's okay,4
it's god app ❤️,5
Nice,5
"It is a smooth app, great for photo and video sharing. However, it has become overrun with bots, spam and scam accounts, which instagram seem to be doing nothing about. Also videos auto play, which is irritating when they're below the post you're actually looking at (this is only true with adverts, which makes it clear why they play). Over the last year this app has really become frustrating; bad advertising practice and terrible issue with bots. Reporting bots and comments is useless.",2
Instagram help,1
The Instagram is not open,1
Good,5
Enjoy,5
Very nice,5
Аймар,5
Good app I like it,5
"Everytime i edit a picture it says ""unable to save picture"" and if I try to post something it won't let me, it's wierd.",2
Instagram is my go to source for keeping up with world happenings as well as communicating and following friends and sharing humor.,4
I love this app!,5
Good,4
S happy,5
Car,5
Dimdokdi Doueo hai kya bhai YouTube video editor ka doctor ka doctor ka,5
Lovely 😍🌹,5
Superb nice,5
Receva academy is the best platform platform,5
Best entertainment app,5
Not bad,4
Amazing,5
RaviKumar,5
Best app for social media,5
I am not able to see some of my unarchived posts on my profile...why this is happening?,4
Ang hirap po gumawa ng account,3
Nice platform,5
instagram 👌👌👌💗💗🤷🤩❤️❤️❤️❤️‍🔥❤️‍🔥❤️‍🔥❤️‍🔥,5
Grate time pass,5
Good app,5
Wonderful,5
Good,5
Good,5
Very nice 👍 application,5
Nice,5
So good,5
So 🙂,5
Enjoying each story 💯,5
V.good,5
Help Nahin chal raha hai,5
Ok,4
Good,5
Instagram is supporting racism against Indians. It's making my blood boil to see this. And instagram is promoting it. Instagram should take action against racism,1
It’s more batter. 🥰🥰,5
Great app,5
Very good,5
Nice experience,5
Fliif,5
"Never posted much on this thing because of fear of stalkers, but in 2025 I decided to actually post and it's fun.",5
Good,4
Bhai ashmika ka jann bachao. Help us ashmika,5
Exllent,5
Madda,5
Instagram is very enjoy app,5
Good future 😃,5
🥰🥰🥰🥰,5
Very nice,5
Please support me,4
Since update it keeps going wrong. Also stopped saving pictures to my phone,1
My id is being suspend without doing anything.😡,1
Vipip vip vup,5
Nice,5
Learn more SONAM,5
nice,5
Super,5
It's a better place to show your talent and earn same money also if you have follwers excellent experience 👍,5
....🥰🥰,3
Super,5
Bas,1
This is absolutely interesting app when I use this I am absolutely enjoyed from this app,2
Great 👌,5
More like Methgram.,1
Love it. So many great people on here and very informative!,5
I like it,5
Very very very very happy with this app,5
Very nice 👍,5
It's good,4
Very good platform 💯,4
So amazing,5
Excellent,5
Superb app♡,5
Update,5
Instagram always delete my account nowadays I not do any spam but still you make repeat to delete my account all why Why always I not doing any spam without any proof you delete my account 😤,1
Use full this app,3
It is best to use in free time and we can connect with the world better,5
Nice work,1
Supa,5
❤,5
This is good app for watching and earning this is very good source for earning,5
Naise,5
Very nice,3
Wow amazing app😱😱😱😱,5
The algo is trash and there are way too many ads,3
"Instagram is a great app through which people can share their videos and memories and it is a great way to earn money. The more you say about Instagram, the more you can do it. Thanks instagram Team",5
story music problem,5
I Love Instagram,3
Amazing app just update it,4
Naish app,5
Jai baba ki,5
My insta account not open when I log in .I receive a notification INSTAGRAM KEEP STOPPING. please help 🙏,4
N⁷,5
Very nice 🙂,5
Ok,1
Best app,5
Nice,5
Nice app 👍☺️,5
Yeah it's a great platform my blessings to the owner of this app. 😂,4
Nice Instagram,2
Time pura pass ho jata h,4
Nice app but it's not letting me sign in on my first time,1
Its perfect,5
Land Boht hi kharab app hi 1 bhi ladki message nahi kar ti hi,1
Awesome 👍,5
👍,4
Good,5
Gift>,5
Very nice 👍,5
♥️🙂,5
They deleted blue archive gifs this app sucks,1
"Used to be my daily safe space, somewhere where I could watch funny videos or get information. Now I cannot trust it and the only people that will lost out are the creators who put time into it. Shame on meta for becoming a tool of the state via making this place unsafe.",1
Worst app ruining people's mind..,1
Good,5
i don't have reset suggested content option,1
Bruhhh til now that suggested for you sht is still in this app?!?!?! Effin remove it,1
"Hello, My Instagram I'd I'd not open please open to my I'd",5
ബോബ്,3
Nice,5
Delete,1
"My account has been disabled by Instagram. I don't even have any rules, so please enable my account. My Instagram I'd is :-aatif.__.khan007 So please solve my problem Thank you 🙂 [100% support]",3
Because there was right paswrd but it does not login,4
Awsome,5
Good,5
Super,5
🙃 1xsh4dow unb4n my I'd,5
Nice 👍👍👍👍,5
It's the best social media platform,5
Good,4
Best,5
Its is so good 😊 .,5
imrohitSharma.45 🙏🙏,5
Good 👍,5
Fantastic 😍,5
Indian idol season,5
Iphone jasi story ni lagti 😒,1
Love It,5
Channi,5
Like I love this app this is my favourite app we can follow everyone we love we can scroll when we are bore it's very fun we can check beautiful pictures and many things that I love about insta 🎀🌷,5
Popular,5
Really Good I Love Sharing Stuff That I Love 😍,5
👍🏻,5
Please my video vairal please 🥺 🥺,5
Inexperienced people and others are getting social viral but the actual content has been not push that hard algorithm has to work on it,1
Excellent,5
Wonder ful,5
Good❤️,5
Good to seeing world 🌍😄,4
Wrost,1
best communicatiin app,4
Now this is goody goody.,3
I don't like ads,5
Add a recent stories option in newsfeed its more reliable to see.,5
Very nice ☺️☺️,5
Good knowledge taking from insta...in brief notes..tq,5
Karan love,5
Very good 💯💯 I love it,5
Good,5
ok,5
"Bring back activity status, like if someone is online or offline while using the app!!",1
One of the best app ever used....great time killer..totally loved it,5
Good,5
Yes good 👍,3
😀,5
Nice,1
Best app for time spent,5
My dost messengers,5
server crash at the time of signup the account,1
Amazing,5
Instagram is awesome jk,5
Nice,5
Excellent,5
Add haha reactions too,4
wow,5
Viral video,5
Very poor app I report a problem 4 to 5 time but they haven't solution it,1
Good,4
way too many updates and too often. Ridiculous,1
"very glitchy at the best of times, has ai features, allows hate speech",1
It is a good app,5
super,5
I love this app than most other apps,5
Very nice,5
Error occurred everytime,3
ok,5
Good entertainment app,5
Best for Instagram,5
Underfloor,5
Awesome social media platform,5
This app is very amazing,5
Connect the World 🌍,5
nice,5
Instagram live sometimes becomes laggy and plays weird voice,2
Really good,5
Md muraid,5
Very patient with those of us who are device illiterate ...60+....lol,5
very good,5
A very awesome social media platform helps to connect with friends and family in very efficient manner. I like this so much.,5
Please recovery my account odia_vloger_subha,5
This is Porn application please ban Instagram,1
Instagram accha hai bhai log,5
Good,5
my account is not getting views,2
Thanku instagram team,5
Worst social media app ever. They can't even fix there app from bugs and glitches. I'm trying to login my account but I am facing some errors and glitches. After putting my correct password and username I can't able to get my account,1
I can't seem to find any filters in the app,1
Very nice 🙂,5
♥,5
It log me out now I can't get back in it keeps saying something went wrong,2
Mahesh lohra,5
"Instagram was tge best app before but now it dosent work properly .it laggs while chatting in gc and it also dosent refresh the feed .cant login ,even if i have enetred correct passowrd its shows wrong password error message .pleasr do solve",2
I like it very nice app 🥰🥰,5
Nice app supperb,5
I can see my family 🥺 from Dubai,5
Nice,5
Super,5
Nice app,5
"Free followers Suresh . . .............,...... . ...........mmm.m...",1
So amazing app iske Bina mn nhi lagta hai,5
"It's great for messaging and such, but recently, any photos sent to me by friends have not been showing up for me until like an hour or so has passed. It's sent but blurred.",3
We need auto play off option 👍,2
open hu,5
Ig id _.not_.luffy,5
You mf you baned my account I hate u all my important is there and you suspended it,1
♥️♥️♥️♥️♥️,5
This is very nice app,5
Best aap thanks 🙏,5
Chanman,2
You are good,5
Good,5
Bohot accha game he,5
I like 💝,5
"My image is not showing in stories aur chats, so kindly take action for that",3
"I think in my temporary loneliness, this great app is my best teacher and replacement to fulfill",5
Its super buggy an glitchy which causes my whole phone to tweak,1
Amazing apps,5
"needs to be fixed for android users. i notice the app is much better for those with ios. most recent update is getting annoying. i like how it has screenshot protection for view once photos, but i cant screenshot normal photos sent to me that arent even view once. fix it asap.",1
Good 👍👍👍👍,5
Very good,4
Auto Continuous reel scrolling should be the next feature,5
This app is very good 👍,5
good,5
Good,5
Shaistakhan,5
Best experience,5
very nice,5
ALL ARE GOOD AND SUPER ❤️❤️,5
Nice,5
Nice app,5
Oke oce,5
Good app,5
My account getting saspand again and again,5
Hinata .......!!,5
🙏🙏,5
I keep getting my account disabled bc someone keeps trying to access my account from another device so keep getting disabled account and no way to gain back my access that makes no sense at all if I'm trying to verify my avvt and protect it and u won't even give me the ability to safeguard my own acct bc u already disabled it wo warning thata the 2nd time in less than a month im losing all of my followers and my contacts thru ig that's nice now what am I supposed to do just start all over nope!,2
Nice 👍🏻,5
Good app iam so impress,5
It's nice app.easy to you.,5
Good one but the UI needs to be more user friendly.,3
Follow me on insta ❤️✌️,5
Noice,5
Very nice,5
Puck you,5
"Instagram is so glitchy and spazzy, I can stand it. I hate everything they stand for.",1
Good,5
It's Good Plateform to connecting peoples,4
Nice 👍,5
It keeps showing videos similar to those I marked as not interested.,2
Good experience nd it's very helpful nd noledgable social media app it's very good nd trending 👍👍👍,5
Superb,4
Very nice,5
Its good 😊,5
Khatarnak,5
Nice,1
Archana,5
Abdul... Majid,4
Its create too much kalyug,1
Wow,5
Very helpful app,5
Good,5
Welcome,5
CHARAN. 143,1
Unblock my account,1
Just to good,5
Aditya Pawar,3
Best' ♥️♥️♥️♥️,5
Nifty little bit more than anything in the,1
It's so coll 👌,4
Nice,5
Not good for students,1
Nice,5
😘😘😘😘😘😘😘😘😘😘😘😘😘😘,5
Good,5
I can keep up with my family and friends,5
"Olha, parabéns. A moderação é um lixo, eu comento qualquer coisa que derruba meu Instagram, mas comentários homofóbicos, transfóbicos e racistas pode né? Sem falar da ideia de vocês. Decepcionante é pouco.",1
Best,5
"Since update this app SUCKS!!! I can no longer re-poat things to my story, from accounts I know are public. It suggests ""what's app"" which I DO NOT USE or have on this device, Snapchat (which is not connected to Instagram) or SMS message. Im very close to deleting",1
Beautiful app is mast aap,5
Karishma,5
This app took my I'd,1
I m not able to find enough options of songs It is good but not too much,2
"The new version is simply awful. For instance, why do I have to tap tap tap to edit a photo? Earlier I could adjust all the parameters at once. Now whenever I edit one parameter like brightness and hit done, it takes me back to the previous menu, instead of showing other parameters like contrast, structure, etc. So to adjust 5 parameters now, I need 5 extra taps as compared to before.",2
👍,5
Shivani Chauhan,5
بطييييئ جدااا,1
Best app of the world 💯🔥🫶♥️,5
Good app for me,5
Very good experience,5
Update instagram,5
my I'd disabled,5
Very grateful,5
De,4
Nice,5
Good Its ok,5
Mst hai 🌎❤️,5
Super app,5
Ohooo,5
WHATSAPP FIRST REMOVE THE ADS,1
Good,5
Good social media platform,5
Time is money please save time,1
Its good experience I love instagram connection with new people and another state people to know about the their traditions culture movie songs show choosi video Gautam bhooshan for 1 double door doggie firta floral Vela dhoti vridhi help vai gulsha down Netflix feel low emperor alarm reddit firm ga week ya en is week is week is week is en of en of en nhi is week of en is week is week is well well pa em is en is week is en is week is week is Whitmore fl BCC swiss road cycle what Sanka who held a,5
Nice App,5
Jai baba ki tereko,5
جميله جدا بجددد,5
My Instagram me problem aa rahi h apne aap block ho rha please solve this problem,1
为什么update了这么多次我的profile还是没有的挂音乐！！？,1
Best app,1
Perfect platform to start official journey 🙌,5
My feed Contains so many 🔞+ Contents😡... pls prohibit it,1
Just wow,5
kaisa app hei ek bhi ladki bhav nhi deti,1
Kailash Dushman kya,5
I'm so happy 😊😊,5
Good enjoy ment,5
It's Flexible 💯🙏,5
This is nice app,5
My Instagram is not working It is showing that your Instagram is not responding pls wait or report it I have reported but then also it is not working,2
"Review our Partner Monetisation Policies, which apply to accounts, behaviours and payments. You'll need to comply with these policies in order to use monetisation or promotional tools on Instagram. Submit a request for review if you believe that your content follows our policies.",5
Wed,5
Great,5
Mangal siangh Banara,2
GGs OG app the best app,5
best insta🥰🥰🥰🥰😍😍 I love instagram family good happy,5
Instagram poor poor,1
Nice app and time spending app😊😊,5
Kyeyune,2
Mamta kumari,2
Sai,5
Good information,5
"Shivam, Kumarra Shivam Kumar",5
Meena 123,5
This app is very interesting and I have a great time,4
👍👍🤟🖖,5
Amzing App,5
Yadav ahir himanshu ji,3
Vinod kharadi My account in videos👀 upload In this Instagram 🫶🏻👀,5
Nice app,5
Very good 😘😘😘😘,5
I really appreciate Instagram so much,5
Super,5
It's an incredible app to connect so much people from all over the globe with lots of features in it .We can find a large variety of content and people here enjoying their life and also many people create for their earning which is a very good thing.,5
Very nice 👍🏻👍🏻,5
It is easy to use and we can ask meta what we want,5
You have booster in my reel post please,5
I am so happy❤️‍🩹❤️,5
Great comnication through the world,5
Like it,5
Okok hai,2
♥️♥️,5
Good,5
Mast,5
👍👍,5
Love you Instagram,3
Nice ☺️🙂,5
Fabulosa Magnifica Excellente,5
Shivam Singh Rajput,4
Suman Yadav,5
Good,5
Good,5
"My Instagram account suspended problem solve hurry up, I request you before 5 days ago permanently disabled my account ! Why not fix my problem ???",5
Good sexy photo,5
Fabulous,5
Aliyu Idris,5
Super,5
Nice app,5
नंदराम भूरिया,4
Time waster,1
🤗👍👍👍Thank you🤗,5
Super,5
My favourite app forever 🥹🫶,5
It's nice and good app,4
Taneem,5
"ALL I CAN SAY, Go Dawgs Sic'em",5
Good,2
Nice,5
Super in Instagram 👌👌👌,3
Osm,5
Good,5
My feed won't load since the update. When will this be fixed?,1
Well,3
Bhot bakwas app h ye mere ko. code. hi nhi dera I'd open hi nhi hori h meri. Parasan hogai hu kuch smj nhi ara,1
I like app very informative and educational,5
Best app 👍🏼😊,5
Application not work,1
Data fastly completing,1
"I would have given five stars but, indirectly or indirectly Instagram do promote abuse of heat full and sexual content",4
Koi fyda ni ldki bat to krti n h,2
Can't give anyone nickname 😔,1
Nice to connect... still loving it,5
My fav app,5
Parveen,5
D Vijay kaJ,2
Good App,5
yaa,5
Excellent ❤️,4
Very very good,5
Instagram is the Best,5
❤️,1
Nnaresh,5
Hari,5
Experience the wonders of modern art and craft,5
Follow accepted no plase follow accpet,5
Nice 👍,4
Incredibly great 👍,5
Good,5
Worst App Ever,1
"I love the app. It works the way I want it to. The only problem I have is that I can't unlike things when I go thru my liked videos/photos. It stops after a certain amount of un likes.. Other than that, I'd say it's a great app.",5
Very good,5
Good for time spend,5
Best,5
This is very helpfull appa,5
Love alll,5
Useful for studying,5
Time paas,1
Good,5
That's amazing invention with some general default,5
good work,5
🤮🤮🤮🤮🤮🤮🤮🤮🤮🤮🤮🤮🤮🤮🤮🤮🤮🤮🤮🤮🤮🤮🤮🤮🤮🤮🤮🤮🤮🤮🤮🤮🤮🤮🤮🤮🤮🤮🤮🤮🤮🤮🤮🤮🤮🤮🤮🤮🤮🤮🤮🤮🤮🤮🤮🤮🤮🤮🤮🤮🤮🤮🤮🤢🤢🤢🤢🤮🤮🤢🤮🤢🤮🤮🤢🤮🤢🤢🤮🤢🤢🤮🤢🤢🤮🤮🤢🤮🤢🤢🤮🤢🤢🤮🤢🤢🤮🤢🤮🤮🤮🤢🤮🤮🤮🤢🤢🤮🤮🤮🤢🤢🤢🤢🤮🤮🤮🤮🤢🤮🤢🤮🤮🤮🤮🤢🤢🤮🤮🤢🤢🤢🤮🤮🤮🤢🤮🤢🤢🤮🤢🤢🤮🤢🤢🤮🤢🤢🤮🤢🤮🤮🤢🤮🤮🤢🤮🤮🤢🤮🤮🤢🤮🤮🤢🤮🤮🤢🤮🤮🤢🤮🤮🤢🤮🤢🤮🤢🤢🤮🤮🤢🤮🤮🤢🤮🤮🤮🤮🤮🤢🤮🤮🤢🤮🤮🤢🤮🤮🤮🤮🤮🤮🤮🤮🤮🤮🤮🤮🤮🤮🤮🤮🤮🤮🤮🤮🤮🤢🤢🤢🤢🤢🤢🤢🤢🤢🤢🤢🤢🤢🤮🤮🤮🤮🤮🤮🤮🤮🤮🤮🤢🤮🤮🤢🤮🤮🤢🤢🤮,1
Very good app,5
Bahot hi ghatiya app hai,1
Super,5
Became racism hub,1
🔥🦅🦅💯💥,5
मेरी लाइफ का गुल बताएं मुझे इंस्टाग्राम,5
Online nude app with all features,1
This app is the worst it takes down my accounts for no reason and it won't give them back even after I prov my identity so idk anymore bc this is stupid like Instagram is literally so useless unless you want to post on something other then tiktok witch by the way is way better then this dumb app so unless you want your account to get taken down for no reason don't get this app,1
abirbhaiop follow me on insta chapri video daily 😆,5
Very interesting App,4
ok,5
Please instagram updated give me,3
Outstanding,4
It's too good,5
😘😘😘😘😘😘😘😘😘😘😘😘😘😘😘😘😘😘😘😘😘😘😘😘😘😘😘😘,5
👌 nice,5
"Can only post 10 photos at a time while everyone else seems to be able to post up to 20. Tried everything to fix it, nothing works",1
Maganda yung IG 🙏👍,5
👌,5
Very good ❤️,4
"This app is very good, I like it very much, the clarity of the videos is also good but when I share the reels, I am not getting many views, I request you to solve this problem",5
Nice,5
Nice,5
Very nice 👌 app,5
Superb experience,5
Very Bad.F bad ..how can you Deactivated my account and changed my email account that i cant access. Now i cant loggin my account anymore. What wrong with you. What I did that make my account deactivated? Help Center it suck too cant help anything..pls dont just change customer detail that used in the account.,1
1k followers,5
"My instagram account is suspended for community guidelines ,but I didn't violate any community guidelines. And also appeal my suspended account. But it only shows ""you submitted an appeal"" message only .kindly solve my problem Username : its_ruthiii",1
Super Application,5
Video should b supported in layout mode,4
Good,5
Nice,5
Good app,5
Updated new Insta,5
Gugy,2
Good 👍,5
Nice,4
Good,5
Nice,5
Nice,4
Meri classic best,5
Rahul,1
Instagram is so good and best quality and security is so good insta is perfectly social media in your friends friends related new friend and others works sites obsession and best quality in India is so best in Instagram in really use and try again please try Kare aur Iske bare mein Jaane,5
Too good,5
Nice app,5
Instagram Ratethisapp,5
Nice,5
Good,4
👍👍👍,5
I love hating on people,5
very poor need to improve 😑,1
Traditional artist,5
❌❌❌❌,5
Very good !🥂,4
Nice,5
Impressive app,5
Nice app 👌 💯 ma sa 💯,5
mast,5
It is very good,5
Is a very beautiful,5
Nice,5
Very nice,5
💨👀❤️,5
Best,5
Wonderful,5
"I'M WANTING TO THANK INSTAGRAM FOR ALL THE TRUST THAT THEY'VE GIVEN ME AND, I HOPE TO LIVE UP TO THEIR EXPECTATIONS.",5
Salman deepak,5
It's very excellent social media which I used since 4/5 years and I really liked to thank full to Instagram to gave facilities of making reels it's very cool !!! 🫶🏻,5
Good,5
Best One !! ❤️🫶,5
Sypar,5
Qawsder,5
Update lam mb ka kro,5
Brilliant,5
Good app,5
Nice,5
So good,5
vishalkahar,5
Funny hai,5
Very good app,5
Nice app,5
Bhai,5
Archna Raj 123,5
a the hg ag v tt,5
Op,5
"When i call to someone using earbuds, earbuds frequently disconnected and also without earbuds calling feature not working properly. Not audible properly.",1
Best,5
Horrible app they just logged me out of my account and I can't get back in,1
Awesome,5
Vijay bhuriya,5
👍 nice,5
Monu Sk,5
Terrible picture handling,2
Best platform,5
nice,5
❤️‍🩹❤️‍🩹,5
😊😊😊😊,4
"absolute nightmare, I was hacked and now can't get into my account, it's not even recognised on Instagram (so it says!) all I can do now is uninstall.",1
Good but when story kannda song serch not perfect showing,5
Best experience,5
Awesome 😎 app,5
Ex,3
Ok,1
Lovevitt,5
Worst app in the world Don't use it,1
Good,5
Good,1
Great experience,4
The best social media app so far,5
very good,2
"Instagram has a VIP club feature that allows creators to limit the number of subscribers to their channel and create a waiting list for those who want to join. This feature helps creators control their subscriber base and create a sense of exclusivity.  Instagram influencers typically get paid per post, and the price is based on their follower count and engagement rate. Nano influencers, who have 500–10,000 followers, typically earn $10–$100 per post, while micro influencers, who have 10,000–50",5
Lol app network issue app,1
Super,5
I'm very happy,5
Instagram is perfect,5
Wery good,5
nice,5
Is good app,3
Good But not very good,2
Nice,4
Bhaika,2
It is really good.,5
Good app,5
Mubarak molla,5
"Not helpful, when got an issues with account, I have been experiencing login issues from 3 months, every single Day tring to resolve but, Instagram has very poor customer help service. I rate it zero....",1
This app is bestapp,5
No issues list showing in help center . They closes issue without giving any reason due to which I lost 600rs . The customer care is pathetic they just say sorry and then ask for feedback . Being an elite member still the issue I raised on 31st jan 2025 is closed without any resolution,1
Superb,5
Good,5
Nice aap,5
I love it app 😇🥰,5
The worst Instagram qld premier stop texting all kids got banned,1
Nice App,5
Bhai kya btau bs instagram ne to meri life ki esi tesi kr di......me sochta hu na chlau but addat se majbur har 2 mint m insta....🥲,4
Please all girls ban for instagram,5
instagram is very mportently,3
"I am learning,and easy till now. Lot to learn for my business",4
Excellent 👌🏻,5
Nice,5
"my favorite social media app, beautifully made and put through and wouldn't change a single thing about it ofc they perfected over the years I'm a user since 2010 since I was young like 5 years old lmao its algorithms is balanced astonishingly well without any other too much time taken for it to learn what you like, overall better than TikTok even with dms and Snapchat... very pleased with it. and almost all of the songs are available on INSTA but Snapchat you would have a really hard time.",5
I love you,5
Super,5
The ability to publish rectangular photos in a post is broken. Only the square with multiple choice. Google pixel 4,1
Tulikadas,5
Beautiful,5
It. Was nice experience with funny videos I rate thus app 5 🌟,5
Meet new people and also family members,5
Instagram is my heart,5
Didi,5
Update,1
సూపర్,5
Very good 😊,5
Better,5
Good,5
Nice,5
Sating se baat krne la jugad😅,5
Nice application but typical to grow,3
Instagram app is easy to use and friends birthday anniversary status capchar the photo best regards,5
It is a Very Good & Fantastic App. Marvelous & Decent App. Very nice App. Wonderful. Excellent & Full of Fun enjoy in connecting to friends & peoples & Sent messages to the friends & peoples in the World. Thanks 🙏 🙏 for,5
Following and like please,5
Osam app,5
vRey Good,5
800000 Karan jakhmi 😭,5
i love it,5
So nice,5
Very nice 👍🏻👍🏻👍🏻👍🏻 app,5
👏,4
Performance is b better,5
Very aesthetic application and online gf bhi bana skte ho aur iss me me bahut kuch he krne ke liye,5
Good But name tik nahi ha iska name Panu gram ho na chaiya,5
Meri reel virel karva do 😭🙏🏻,5
Nice app,5
Insta fake. No thanks.n hello Blue sky,1
Horrible update,1
A lot of glitches restrictions on following people. Instagram has become frustrating,1
Best app,5
💯💯💥👍🏻👍🏻👍🏻,5
excellent platform,5
Nice,5
Nice app,5
Why Instagram you don't rech people my video 😭🥺,3
Bahut achcha Instagram hai,5
Wow,5
Best app,5
Aman,2
I love you 😗😗,5
Good,5
😇😑😆,5
I got Lust For Lucent 🔥🔥🔥🔥🔥🔥,5
Nice app,2
i don't like the new update of multi photo posts fr. seeing a portion of the next photo is sucks unless you use third party app for that kind of post. I just want my captured photos in one frame.,1
Outstanding app,5
Chandan Kumar Raj Don,5
Free fellower de do please🙏🙏🙏,5
the update with the next picture showing on carousels is god ugly who signed off on this,2
good 😈,5
As,5
Good,4
ilover yon,5
Excellent and good to,5
View problem,1
Very very enjoy time this app 😊😊😊,5
Good app,4
Tushar verma,2
good 😊,5
When my mind off then instagram care and handling me,5
"Instagram is not taking responsibility for promiting scam selling product, their is no option or list that shows me where i went for buy product. Instagram is worst made by meta.",1
Good,1
You cant have a good media platform if you rob individuals of their rights to freedom of speech.,1
Good experience,4
Ok,5
It's the only thing I get to watch João Félix on. Lol.,5
Amazing app,5
👌🥹,5
Hedar app,1
Real,5
Es cute soneka boy,1
I love this app,5
"It's good app,i enjoyed a lot",4
Good,5
Cant not update,1
Super super,5
Roshni,4
Very nice 👍👍👍👍,5
Wow so cute app with joy thanks for always in the best 💕💕,5
It's great to experience how great people are and many fun things we can do on this app! 🌸🌸🌼🌼💖💖🐸🐸,5
Bittu singh Chat Bhandar,5
Arvind garasiya village borkhedi,5
Good,5
Instagram ki wajah sa Mari setting ho gai h instagram bhut badiya chij h good ap bhi instagram,5
Good,1
Awesome aap,5
Super,5
Is it good for your time,5
I'm so happy,5
Nice,5
Best social media app 💖💯,4
Good,5
Good morning sir,5
Nhi ce,5
Nic,5
It's not for us . That is distroying our indian culture .,1
Amazing,5
Nice app,4
Very bad app 👎👎👎👎👎👎👎👎👎👎👎👎👎👎👎👎👎👎👎👎👎👎👎,1
Bhadiya apphai,5
Good,5
Best social page,5
Nice,5
See,5
Mst apo,1
Loving it so far 🏴‍☠️,5
My reels not virals,1
@itz.radhania01 hai follow kardo follow back karduga 155 followers hai,5
Best App,5
This app is awesome,5
Ok,3
Time lag,1
❤️,5
Good,5
mr Amit sonker 11,5
This app is very good,5
Wow super,5
Best of estagram 📌,5
Is cool 😎,5
Kasai,2
Best app,5
Nice,5
Nive,5
Good,5
Star golu chaudhary 143,3
It's great to connect with social media and entertainment,5
Good,4
How can I set to pause reels with only one tap like it used to???,3
Password not accept,1
Muhammad (S.A.W) is last prophet of Allah 💯 insta is very good 😊 App,5
Good,4
There is no freedom of expression and you are left feeling bullied and cornered by the App,1
sahi hai,5
Amaizig app,5
I love Instagram for it's layout and easy to use feel.,4
Please support kijiye,5
♥️,1
Goodv,4
Good,4
Nice app 😊,5
What about the Instagram gleach,1
LAU K U SH4494,1
"Oh, I don't have a mental illness, just some metal distress from feeling like I couldn't live without the algorithm. But I totally can. I'm out!",1
It's riddled with Onlyfans bots... Blocking and reporting does nothing.,1
Goog,5
Pubg mobile new,5
💜,5
Nah,4
Instagram ka update nhi a rhya update bajo jaldi,1
A best social app for creators,5
Amezing,5
Not able to log in but account is working at IOS and crome pls help,5
Dhanvishu chapidi,1
"Editing pictures and videos has become a real PAIN IN THE YOU KNOW WHAT! What the heck is the point in you guys allowing 20 uploads at a time, plus having all the beautiful filters you have along with several editing tools if THEY DONT EVEN WORK?!! I go to edit a photo/video and add a filter, a blank black screen pops up so I'm having to constantly exit in and out of the photo and when I'm finally able to edit it and save my settings, NOTHING saves and it's back to square one of the original pic",1
"Yeah is good, just don't get addicted to reels and it's all good",4
My I'd baneed in instagram,1
Very very nice good,5
manish,5
S ggugggghhh,5
Wooo,4
Rip,5
"Too many errors have been occuring recently. I'm unable to install recent updates since April, 2022. It keeps saying, error has occured.",4
Instagram so usely app my Favourite App Instagram,5
Very good,5
Hi super super super ok,5
Mast,5
Mast hai,5
"Deleted this app due to the brilliance that are billionaires promoting ""free speech,"" meaning that they're allowing bigots to run their mouths. Targeting and harassing people minding their own business. If you're going to adopt Twitter (I refuse to call it X)'s business model, I hope your app loses all of its revenue and people on the platform.",1
Nothing is good but this is for you 🙄🙄🙄,5
enkaytor sankar,5
Good,5
Nice app,5
Useless,3
Very very good,5
Emojis not showing up Here. Please fix this problem thank you.,1
I respect the way you're making the experience so annoying that everyone is getting off and back to real life.,1
Nice app,1
jaI shree ram,3
best👍👍👍,5
Hemant,5
Aesthetic niklaa🥲😂,5
Best app for entertainment,5
Nit ly jatay,1
Nice app to famous,3
i love instagram 💗,5
Wonderful Timepass platform,5
Good,5
Very good ♥️,2
Wonderful,5
Good,1
Chhoturajprajapati,5
Like it🥰,5
Nice place to stay in the ishiliye,5
Es muy bueno y no se buguea para nada,4
Very nice app for entertainment,5
Kya mast app hai,5
Huh 6,1
A@,5
Vary best app,5
Very very bad app don't install this app 😕 this app suspended all id without reason,1
Please help me my reel is not viral,5
Rahulgupta oorahulguptaoo,5
Good,5
I want my instagram,5
Very superior,5
Instagram is popular in asia country,1
very nice,3
Instagram is very good and reels and post is very good English,5
The app sucks it should be deleted for 👍,1
Very nice app,5
Superb,5
Instagram best app in all worl Please i request plese my channel increase my followers please please please please i need help please sir,5
😍😘,5
Good app,3
Nice,5
Love it icl,5
Good 😊,5
Fish,5
"I've had Instagram for a while and recently my account has been deactivated and I had to submit and appeal and mind you I've had this account since 2021 and for all my photos, memories, and everything go down the drain for making a new account were I spam pictures that aren't even bad is crazy I litterly cried all day during every class period because of this so please if you can accept my appeal and please I beg you give me my account back",1
Beautiful,5
One of the worst social media app,1
Good,5
Best app,5
Aadresh Kumar,5
Best social media platform 😎😉,5
Best aap 😸,5
Story issue,1
Tatttiii,1
Always best,5
Bad app,5
🥶😶‍🌫️😱😯,4
Nice aap,5
Op,5
Ok super social media,5
Amazing,2
It's very easy and simple so it's very good,5
Mast,5
Reels quality is very poor,1
Love ❣️,5
Loda,5
Ok,5
I like tha videos,4
waaaa 7aydo reeeeels,1
Op bolte,3
Main video dalta hun mere follower meri post se kam hai fir bhi main video mujhe lagta hai ki main ek achcha creater ban jaunga,5
perfect,1
❤️❤️❤️❤️❤️❤️❤️❤️❤️❤️❤️❤️❤️❤️❤️❤️❤️❤️❤️❤️❤️❤️❤️❤️❤️❤️❤️❤️❤️❤️❤️❤️❤️❤️❤️❤️❤️❤️❤️❤️❤️❤️❤️❤️❤️❤️❤️❤️❤️❤️💸💸💸💸💸💸💸💸💸💸💸💸💸💸💸💸💸💸💸💸💸💸💸💸💸💸💸💸💸💸💸💸💸💸💸💸💸💸💸💸💸💸💸💸💸💸💸💸💸💸❤️❤️❤️❤️❤️❤️❤️❤️❤️❤️❤️❤️❤️❤️❤️❤️❤️❤️❤️❤️❤️❤️❤️❤️❤️❤️❤️❤️❤️❤️❤️❤️❤️❤️❤️❤️❤️❤️❤️❤️❤️❤️❤️❤️❤️❤️❤️❤️❤️❤️💸💸💸💸💸💸💸💸💸💸💸💸💸💸💸💸💸💸💸💸💸💸💸💸💸💸💸💸💸💸💸💸💸💸💸💸💸💸💸💸💸💸💸💸💸💸💸💸💸💸,4
15 t0+%99,5
Please delete me Instagram,1
Good one 😍,5
Nice app,5
Habbi...,5
Nice,5
Becarful of Instagram and the Evil Algorhtym that censor the truth.,1
Sumirakujur,5
That's amazing 😲,5
Plzz fixed my Instagram is not updating,1
Exclent,5
Good app,5
Overall the app is awesome but I am unable to add the location while uploading the photo. I have also reported this issue before but no luck yet.,3
If you find out all of Play Store can't beat this appppppp....💎,5
You no this app is famous and popular Instagram hilight I loved it this appp 😈💖,5
My favourite application,5
Bikashurang,4
Its too bad since the last 2 years i can't even follow one account for no reason,1
Wounderfull this app 💯💪💪😎,5
Soh lal,5
Good,1
Instagram is the best app ever,5
Nice,5
It's is best app,4
Wow,5
Supper,4
Love 💕💕,5
Very good,5
Mahesh nautiyal,5
Useful app,5
Aksha y,5
"Mu Instagram and Facebook has been blocked and I don't know why? I have put an appeal to restore my account but nothing has been done about it. Please kindly restore my account, I have many business clients on my page",1
Nice,5
"Im Built in ways u woulda, should have, couldn't, wood NOT, BeLiEVE; even if u seen me in the AstroPhysic lite of LiFE***that shinez from DeeP withIN... All GraCe OVA here... Ase Ase Ase The Best Kept Secret",4
🐾😺,1
Super,5
It's good,4
My everything this app,5
Love it fun creative,5
😊,1
Amar.esh,1
"Absolutely hate the new carousel scroll ""preview""!! Until yesterday any ""carousel"" post with multiple photos would display each one on its own, but now there's a preview of the next photo cutting into the one you're looking at! So annoying and useless. Just let me enjoy each photo on its own!",2
Instagram ne to meri jindagi shine kar di bhai,5
Good👍😇,5
Instagram is an awesome. Social Media outlets on the web.Great posts from real people.Love it...,5
Xxx 6Wa,3
It does not save it all lies,1
Nice one👍,5
Great,5
I love you all,5
Good,5
Great app to keep in touch with loved ones. Easy to use.,5
Satya👒👒,5
Myself namaste,5
"Why can't I create new account, when I press the create new account it says refresh then when I refresh I won't work nmn",1
Good,5
I love this app but it won't allow me to have more than three pictures to post,4
It's a very very good application m so happy,5
I love that Nickname giving idea 💡 But now it vanished,3
Amresh,5
Kakashi hatake,4
Amazing app 💕💕💟,5
This is very Nice app❤️,5
use to share msg and review,4
Used to be a great app but so many bugs lately.,1
Super,5
I really enjoy using this application and most reëls are exceptional,5
No problem,5
Op,5
Great 👍,5
Good app,5
DONT REMOVE THE HIGHLIGHTS FEATURE PLEASE IM BEGGING YOU THATS SUCH A STUPID MOVE,1
It's all good,5
So interesting this app❤,5
"Galaxy S24 Ultra problems: theres a consistent issue where going to your page from the far right bottom corner button that the top bar/menu settings doesn't appear. I have to go back the in app home and press the profile icon again a couple times for it to appear. Uploading stories doesn't always show on other devices, even if they were videos taken originally, but will eventually show up as an error or blank post. Highlights don't register newly posted stories so have to add from another device",3
I like the idea of what I have,5
Very good,5
Jai shree Ram,5
👎,1
Best socal media app instagram,5
Like not coming 😒 😑 🙄,1
Good!,5
So far so good spatial reasoning off the chain should not be hard to learn this thang let's get 34re done 👍,5
It has no filters,1
yहब्हमइब 𝘩𝘩🤞💋𝘶𝘩𝚢𝚋𝚐𝚠𝚋ʜʙyvhbb😘 𝚢𝚢𝚢𝚟,3
WHY THE ADS GETTING MORE FREQUENT??? ADS KEEP COMING EACH 3-5 REELS!!!!!,1
Good,5
Good aap,5
/10k please,5
Meta's allows hate speech and to call people mentally ill based on their sexuality or gender identity and that is unacceptable,1
Good apps,3
Send Chat option not cleyer,3
Good,5
"Letely there'a so many bugs. Followers count doesn't show, notifications shows lesser than it actually is.. Fix these problems.",3
"Since Meta has decided it's acceptable to call LGBTQ people slurs, I do not feel comfortable on this app anymore",1
Hi to all of our lives in New Jersey shore Dr suite a notre conversation and I will be able to get a new one is on Hi my name's are you,1
Best,5
This app keeps restating my phone anytime I try opening 😠😡,1
Best app than TikTok,5
"It could be a beautiful thing if I only knew, what I was doing, the truth is my smart phone seems smarter then me, that's why I can't trust it also ✌️☮️",4
Great for business owners,5
No customer service. Useless to report anything that clearly show they did something wrong. Trash to even post pics without having to edit them since of the size.,1
The best social media app,5
It's become more filled with junk posts as time has gone on. I dislike seeing reels mixed with regular posts. Tiktok has a way better algorithm.,1
"Whatever new changes have been made, the app is an absolute pain to use now. The filters won't work and the system just keeps stopping and the screen freezes. Really disappointed and will be looking for another platform.",1
Oooop,5
Always somthing wrong wit this app,1
Not good draft video delete 😒,3
Best in reels,5
beautiful apps I love this,5
It's a good app but if you comment on too many videos it will lock your account and lock your ability to comment even if you win the appeal.,2
Tellusmore oPtional,2
Works good,5
All set up good,5
Instagram became a porn app. Disgusting!,1
Very beautiful app,5
Omg!!!,5
"Meta has updated their policy and now people who use their platform are allowed to be homophobic and transphobic because it doesn't technically violate Meta's policies. This is unacceptable, truly unacceptable.",1
Cool but I would only rate 5 star if I could get more followers ⭐⭐⭐⭐,5
I love it,1
Nice.,3
💖💓,5
Great social media,5
البرنامج من بعد شركة ميتا صار اسوأ خدمة على الاطلاق اوقات يجيني باند وانا مو مسوي شي واوقات يسجل خروج من نفسه واوقات يقلي لازم تغير كلمة المرور ولما اسجل دخول يقلي كلمة السر غير صحيحة,1
Hi insta team my insta problem is unfortunately Instagram has stopped Please as soon to insta problem correctly please,5
Good,5
Super,5
Most entertaimied app.,5
Great,5
Best,5
🎖️,5
"Its a great app, however alongside not letting me get my account verified, its also not letting me join any gc!! Its annoying. It says this feature isn't available for everyone yet. Like tf?! I've updated my ig and its still not working? Other phones in this house can join the gc but i can't? Plus, when i edit my stories the text background isn't getting removed! Fix it.",1
Very good app,5
I love Instagram. It's my favorite out of all social media...,5
Great,4
Priyanka pryinka,5
Excellent platform ♥️,5
God is great,5
Good but you are adictted this app,4
Always great 👍😃👍,5
Ok,5
So fun to text your friends,5
Great 👍,3
Ok,5
very nice apps,5
بشر امك,1
I love yu,5
apael,5
Good,4
Nice,4
Good 💯💯,5
Very very nice ♥️🤟 good 💯,3
I love Instagram,5
"Very monsteIf there was half a star, I would have made half a star",1
"awesome app , Love You Instagram Team",4
Very good 👍,5
Good but I'm addict to this app,5
its 2025 and still you have to edit picture outside of IG just to make it square. auto crop from zoom feature was remove,1
"I can't do reels, stories, repost or share. THIS IS MY BUSINESS ACCOUNT I need it to working. This is going to mess with my interaction and therefore make Instagram hate me with their silly algorithms. SORT IT OUT! it's been 4 days. Edit - 9/01/2025 well all I'm getting is white screens and the loading circle of doom. I've not been able to use links in DM's for months, reels keep removing audio before I've uploaded them.",2
It's cool,5
Good,5
Faboulous,5
"love something called Instagram, it's the big one ♥",5
"Hell, this app has become a lifeline.",5
Good,5
"DUMB & LAME! I just got RESTRICTED FROM commenting for like a WEEK.. FOR what, you ask?!? I'd commented on a semi-pornorgraphic, utterly disgusting AI image of ""AESTHETIC females FOR HOME"", where she LITERALLY had a COW'S UTTERS upfront... & ALL I'd SAID was: ""so, we're back to this AI porn, again?!!"" SERIOUSLY, IG?!? GLORIFIED EMAIL WITH PICTURES, SHAME on YOU!",1
I love this app to keep up with Friends,5
My accounts are being suspended,2
I cant even make an account,3
Having the numbers that am following growing more than my followers,4
Wow,5
Great app fun to use . Does cause screen burn when used for extended period of time cause of static UI meta should work on make it dynamic and hide things or add pixle shift,4
"super homophobic and transphobic, amd im not talking about people there im talking about the developers, do better",1
Suspends people for no reason🚮,1
Way too many unappropriate videos,1
Vishnu,5
Works exceptionally,5
ok,5
Best app for content and etc.,5
Love the app but won't open on my phone for some reason,3
Its the best🔥❤,5
To complicated when it really shouldn't be.,1
not sure,2
Nice,5
Tutij Jkyoy Hk,5
Wow,5
Am interested in it wow,5
Super,5
gud,5
Good,5
too buggy,1
"They really need to add the ""jump to message"" thing when a text is searched (the one discord has) cuz it's very frustrating to scroll and scroll.",3
Why the hell it's cropping my pics after posting them everytime?!!!,1
Mega,5
Need better promotional avenues,4
Good,5
Promoting nudity,1
Utterly useless. Algorithm shows nothing I want.,1
I love the content,5
I like this aap,5
Thanku,5
Everything is good but one problem that i hate it is that when some unknown person text me i just block them but still the unknown person can text me by changing his name and he can do the same thing for many times...this is my worst experience and i m fade up of it,3
خیلی عالی,5
It help full because when you have Instagram you need WhatsApp or Facebook and also TikTok because you can watch reels or post's and also text people and also you can post,5
Great app still a great app 👍 👏,5
"Instagram continues to be my favorite social media app! The Reels feature is fantastic for discovering creative content, and I love how easy it is to connect with people through DMs and Stories. Highly recommend for anyone who loves photography and creativity.",5
Good experience,5
Excellent,5
جيد شكرا,5
Best,5
Nice work,5
Excellent,5
Cool 😎,4
Omo the way Una dey suspended account no good 😥😓,5
Very interested app,5
"He is sweet, but he shows me rude things, and I think that is a problem with him.",5
It's owned by Mark Zuckerberg. A hateful little demon who needs to be stopped. It blatantly discriminates against minorities and empowers hate and creates hate. It should be banned in this country.,1
Bkl message send to ho nhi rahe kya land app hai,5
Add to install it because some people believe that it is the internet...pfff,1
Example,5
I'm having a great 😸 experience and took lots of pics . I love you guys and gals it's been great see ya have great one,5
Please no problem okay,5
I'm not getting any update like change name edit eyc,1
Perfect,5
5 years,5
I Just Love 🥰 Instragram and I'm sure Everyone Does Too 🫰💜😘,5
It is my fav app good,5
I love this app cause i found my pookie there 101% recommended you'll find ur pookie there too 🎀 It's 2025 guys. Don't ever lie about ur age and don't date people online it doesn't work out :),5
Ig,5
Helpul,5
My new font features able please,1
Fully blackbwoywinnaz experience,5
Great 👍,5
Guddu Rajvanshi Instagram,5
عفن,1
release #palestians,5
"Shadow banned for no violation for years. Deactivated for no violation for 6 months that nearly cost me my carrer. If you want unregulated censorship, this is the place to experience it.",1
good,5
Good,5
It's a wonderful app but there could be some improvements; why does it have to be so picky around image ratios/types? And navigating isn't very intuitive for a GenXer.,4
This app is so adictade 😱,1
Just tryed to send a messge wont let me send,5
song name not show reel or post add time,3
Best of the best,5
I love instagram story and reels .,5
Good,5
عالیه,5
I love instagram ❤️,5
Diddy.,5
"Lately, this app has not been great at all. Posting multiple photos/videos is a nightmare and a diceroll of if it will work or not. Some are zoomed in, some aren't. No rhyme or reason. Just cause. Also, i commented on a temu advertisement for a 5090 graphics card (not even out yet) i said ""Nice try temu, we know better"" blocked from commenting. Instantly. Made 2 support tickets, which was buggy and a hassle in of itself. Still haven't heard anything, and i doubt i will. I miss the old instagram.",1
"Trying to repost on story and keep getting an error. Also, getting an endless loading icon when trying to post a carousel of photos. Please fix!",1
I so much love it 😘,5
I liked this app 🤍🤍🤍,5
Very good except y'all have been hating me as a user recently.would actually give you a 4.5/5 but to get your 5/5 try do less with your restrictions,4
Raju Pachayay,1
Just loving it!!!,5
Super,5
This Amazing app has been a phenominal experience. You just have to look closley and youll see what i mean. 😁,5
I can't comment despite that I have ZERO restrictions on my account..FIX THIS.,1
Happy,5
Hello Instagram What is Problem Why My Account Discover People Not Open Not All People Accounts Show ( Couldn't Loading Suggestion Try Again ) This Problem. Please Solve This Problem Thank You Instagram,3
"This app help me so much like when I'm posting stories, it's so very amazing quality and more... Love this app guys",5
"Wow, very wonderful application ♥",5
Very bad,1
One word: reels,1
Cool app 🥰,4
Good,4
Good,5
just great 👍🏼,5
"Hello Everyone, see community guidelines instagram | how to remove instagram community guidelines | Instagram rules TOIPC DISCUSSED 1.see community guidelines instagram 2.see community guidelines 3.see community guidelines instagram kaise thik kare 4.see community guidelines instagram 3 days 5.how to remove instagram community guidelines",5
Superrrrrr se bhi uppparrrr,5
"I hate that even though I have the ""save stories to gallery"" turned off, it automatically turns back on and saves them to my phone. I don't want them and I'm sick of the settings I put in place not being followed. No one seems to have a solution. I know nothing will be done about it, so this is a heads up to users if they aren't already dealing with the issue.",2
Good,4
"i cant log in to instagram, ive been experiencing inccorrect password issues, my password is correct, but it isnt let me log in to the ig, because ig detects it as incorrect password, please fix this problem.",1
"this goddmn app is like nicotine, you cannot quit",5
Very good aap for entertainment,5
Nice app,5
"I love using Instagram, it's gives me motivation support and easy to access",5
Nice aap,5
so bad app there isn't freedom and there is a big racism especially for muslims,1
Good app,5
abol khan gamil com,3
Good work,5
Good,5
"I'm not able to send any reels to my friends it says unsend the message why it is happening? (the problem started again) Also, I can't edit my highlights most of the times also add my stories to highlights (old stories) it takes too much time! ( Insta always doesn't let me send any reel to anyone idk why)",3
AMAZING APP FOR MY DAILY LIFE USE 💗,5
Your ai generater is not working in my account,1
Instagram or Facebook is best for marketing,5
Good luck,5
Why you suspend my account without any reason,1
Its a goid app but nowadays there has been a glitch sometimes we cant log in i need help to fix it,4
Not support snitches,1
چرا از گوگل پلی به سختی دانلود میکنم,4
💯👍,5
Super,5
Excellent,5
But reel views issue please,5
Sudhir Kakad,5
Good,5
Good,5
"Best app for scrolling,and waste your time",5
Unable to update,1
I am getting fake notification spammed everyday about people posting stuff. Disbling the notifications from the settings menu does nothing,1
Very excellent,2
Good,5
خوبه,5
"Never have understood how to do anything on Instagram, so rarely look at it.",1
This app is the worst,5
Instagram 😡😡😡,1
mindfulness meditation,5
it is soo good app to talking everyone,5
It's my favourite 🥰🙈,5
yeeeeeeee,5
Fabulous,5
It is a good platform for entertainment and relatives talking for more than video shearing,5
Why cant I open an account or sign in??,1
this is amazing,4
❤️,5
Nice app,5
Good 👍,5
Osam,5
Very good,5
Instagram team pay attention to me my insta account is frozen no likes are coming no views are coming please unfreeze my account my username is its_hsb.2.0,5
Instagram is perfect place in which you share opinions,5
Very good,5
Like comment follow to jaldi se hote nhi h,5
Nice platform,5
Perfect,5
Creating new account is a difficult process. I also feel that app have some bugs.,2
Dil sa ra,5
Pinaruy,2
"Okay for the most part. Sometimes notifications don't work, sometimes messages don't get to the other person until hours after I sent them, if at all. Currently crashes any time I try to start a video chat. Cleared cache, uninstalled and reinstalled too. Still doesn't work",3
Great job instgram keep it up and enjoy your life time god all women me god your pare🙏👍🤟,5
❤️‍🔥,5
Wow performance,5
👍👍👍👍,5
Love tish aap ❤️🍁,5
Why did you suspend my ID?,1
4th year,5
The app is so good,5
My fvt app,5
"This app is a fruad. It doesn't do what it says. There is no such ""Link history"" They are trying to fool people. I have lost so many ""copied"" links already. Even while inside ""browsing setting"" my linked history is enabled, Yet my Link history folder is always empty. Always says ""No resent link history"". It seems to be a fake feature guys. Once you copied link from the Instagram, it will be lost. Link history is nonsense!! There is no such option. It's just for show. Not functional",5
Good 👍,5
All every think allow permission don’t hacking 3rd person permission.,5
Very Good it makes me meet a lot of people and explore a lot of things.,5
Perfect ❤️🥰😍,5
Nice app,5
"Very Buggy! Scrolling through the comments is an issue, and videos start skipping. Sometimes, the comments won't load.",2
"It'd be nice to actually know what's going on in the last 25 updates.. every single update says ""what's new: (blank)""",1
Like follow,5
"Used to be good. But now: NO. Too many political interferences from FB, while FB DOES NOT do it fairly. They follow those corrupted people. It makes FB's current situation: No freedom of speech, no fredom of expressions - even with solid foundation and facts - any longer. They ban it! While the majority of FB users are true to themselves. You want to stop the truth? People like the truth! Friendships are based on the truth! Isn't that what FB was intended to, in the first place? Ironic!",1
Full of fake profiles just a waste of time and patience it's a fkn joke,1
Please recover my account 🙏🏻😭 pahadi_raxx,5
خوبه.,2
super duper hitttt,5
nice,5
It's a great app it's doesn't give me problems,5
Good,4
Nice ❣️,5
Jaus like a waowo,5
Wow,5
Slowly working instagram,3
Very nice 👍,5
"This application is biased, supports the Zionist occupation, prevents freedom of opinion and democracy, supports violence and the killing of innocent children, and prevents Palestinian voices from reaching us.",5
Love,5
Gud,5
Nice 🙂,1
Not able to join any broadcast channel.,2
Top,5
Nice !!!!,5
😶‍🌫️,5
Ratmpfkumar,5
"So far, excellent. I hope to keep this profile cuz my last was suspended for a reason I didn't know or did.",5
Very good apps,5
I don't know why they didn't include the pause optiin,5
FIX THIS DAMN APP this app be messing up so much now i can't even log into my partners account because it either never let's me no matter what for no reason or lots of other issues not getting notifications getting logged out my account not being able to log back in gotta fix all FIX,1
Very very good,5
super app,5
विकास,5
Very nice Instagram and Sabse,4
Good,5
Mirza FARHAN,5
Fabulous,5
Good,5
I want my profile to be my own. Stop suggesting me friends. What's wrong with you guys. Tumblr is better than this.,5
"After the update the insta is. Stucking please check it . messege also good ng late ,my net is too good for instagram . thank you",4
Not good,1
Good,5
Vibee🥂,4
Good,5
Good,5
Good app,5
Goodddddd,5
Best aap,5
😢😢,2
Good 👍🏻,5
Sumit munga,5
If your account gets hacked you can forget it they don't help you on Instagram. And the hackers will control your account. You will receive all types of spam call and spam mail once your account is hacked,1
Dis is a very good appo,5
Exceptional ❤,5
Very smart app,5
Super,5
Ok,5
Thank you so much Instagram,5
Green line issue at right side in reels,1
"""I am very happy to come to this application; it has satisfied me.""",5
Awesome 👍 😘,5
Very good,4
Gommala insta dha kadha,5
It's very helpful for legends🧐😊,5
This app is great and amazing!!,5
Couldnt get it open. Lack of vocabulary.,2
I met my best friend for instagram😭,5
1star is also more than it deserves the app sometime banne the id sometime the app does not open at all now it is not opening permanently after trying so much and even login is not possible,1
🥰🥰🥰🥰👌👌,5
There is no lyrics in Instagram stories on Android phones and I have been waiting for this feature to be added for a long time but it is still not available.,3
It's my favourite app🥰🥰,5
Very nice,5
"It's a great and in immersive platform, it gives creators room to express their views.",5
"Many problems fix it fuc... You Message can,'t send it's show loading",1
Instagram very beautiful and very good app❤️,3
This app is good,5
❤️🥰,3
Rihan,5
♥️♥️♥️♥️♥️♥️♥️♥️♥️♥️♥️♥️♥️♥️♥️♥️♥️♥️,5
Good 👍,5
It's not updating when I want the new version of Instagram please fix it..,1
Very good,5
Wow 😮😳,5
Love it 😀,5
I have been using my Instagram account for more than 5 years now I recently updated it and I can't repost someone post that has music on it to my story and it doesn't continue the music 😭 please I need help,2
Okk,5
Excellent,5
Very good...,5
dangerous,2
Superb 💞,5
Very bad at security,1
"Wonderful though still learning how to post and add pictures,videos and songs .Great app.",4
i Love you Instagram,5
The app is 100% broken,1
FB app♥️♥️,5
Tittrpu,4
Wonderful 😘😊,5
Love,5
To be a good one,5
Bekar he,1
Good,5
This app is awesome thanks,5
It's a very great for everyone,5
Love it the best,5
It's good but needs to stop deleting comment I made on people's videos 😡,4
Laggy,1
W.T.F,3
Sunday super,5
Nice app 👍,5
It is ok,5
"So you totally removed the option to share a post directly to Facebook now. Everything else is still there but share to Facebook is no longer there, why?",1
Kossher,5
"Instagram has gotten lazy. Uncensored gore, blatant harassment and hate speech, and rampant bot activity is all allowed to continue unchecked despite users reporting them. Accounts with thousands of followers will post pornography and snuff films with no consequences. UPDATE: Meta has now banned my account due to ""suspicious activity"". Fantastic work, the guy occasionally checking on artwork and celeb gossip is clearly the bot here.",1
It is a perfect platform for destroying a person's whole career.,1
welcome my Instagram account and profile photo reels so Thenk you so,5
Good,5
Best,5
Best app only a few lags but still good 5/5 stars cuz wooooow,5
💗💗✨,5
I keep having problems with my posts on my captions not saving anything and it keeps limiting what I post when I haven't done anything wrong whenever I post.,1
hlo insta team mere phone me insta load krte hi phone off ki problem aa rhi hai ye kyu ho rha hai,1
➤─🌺🌀 ᭄Ḿóóđ.óƒƒ✿࿐ · 🌀➤─🌺─➤,1
Very nice,5
Very nice and very helpful,5
Superb😍😍😍,5
"""wehn somethin not broken, dont you ever FIX IT YOU DUMBASS""👍",1
Super,5
good,5
This app makes easy to spend my day,4
"Instagram your app is great but your security is absolutely horrible the fact that someone can easily log into ur account and log u out is a disgrace I got hacked 5 times in the past few days plz take this to heart if u want to at have ur app popular make sure security like Google in Google instead someone logging then they notify u they notify while someone is trying to log In,my main problem is security make sure I feel safe make I decide who logs in or not.Thank you I hope u take this serious",3
Nice to meet you Instagram 😀,5
Very nice 👍 thanks 🙏,5
It's really great But my followers are low😭🤧,5
Osm experience,5
Nice,5
Good 😊💯,5
I am here with one star bcz they are saying try again later wait for update,1
My Instagram experience is beyond what my mouth could express.,5
That's so good,5
Great platform,5
Dhiraj Raj Yadav Dhiraj Raj Yadav,2
❤,5
Best app,5
Best app,5
💗🎀,5
Better than TikTok 🤪,5
Very nice 👍,5
Please add all Bahubali songs to it and I will rate it a 5 star,3
The best social app,5
Good,5
👍👍,5
Not good,1
Animahoro 746@anima,1
Super,5
Bahut acha aap h so nice 👍,5
Nice,5
Meta aids take to much long time to run,1
Love 💕,5
Best,5
A very good app,4
apps fun to use but the notifications never come through I have tried to troubleshoot the problem for a couple weeks,2
Amazing 😍,5
Cool experience,4
Help sahiye meri I'd hack ho gai h ji Jag_sa_diwer_1 jaldi chalu kare plz,5
One of the best social media's applications for its and android,5
Sorry 😔,5
Gud app,5
It is the best app I have ever used before,5
Better,5
Good,5
Special,5
Great experience,5
I banned,1
Nice,4
Good,5
Very bad app,1
"-Ads after every second post and short -Blocked LGBT content for teens for months because someone labeled it explicit -Keeps pushing alt right propaganda while I'm literally just looking at memes -Sure, just let people post falsehoods, what could go wrong? (Aid workers having to pull out of a county bc of conspiracies for example) -Everyone has to look at political content now--literally removing a feature, and shoving stuff in people's faces, when many just want to kill time L after L",1
I just like Instagram for information that sometimes people sher an5 for the funny videos and the news,5
Worst instgram app Very bad 🔞 content serving people's,1
Great experience,4
Best,5
Good,5
Good,5
Great platfrom for me,5
👍🔥,5
Poor app,1
Must have,5
This is good app,5
This amajing,5
Very good,1
Good,4
I am a beautiful person,5
Nice,5
Maa,5
It's not like before when u make video recording listing voice not match each other I put 2× and make video timing not good,3
Very good 😊,4
Nitin boy750,5
Good,5
Very very tutti app chiii,1
"P nLLl,o till lill June will benefitting in m ko oo",4
Good platform Social media,5
Nicknames aren't available in some accounts😭,3
"Restricted profile due to age, I am way above 18. How to report it?",1
really,4
"So now political nonsense (most likely Right Wing) will be pushed on users, whether they like it or not. Homophobic people can now freely call LGBTQ people ""mentally ill"" as part of ""freedom of expression"" and no fact checking, so conspiracy theories nut jobs and MAGAs can have more freedom to spout complete rubbish. IG is going to the dogs with a move like this. Hope you lose all your big name advertiser's like X did.",1
Fhh gov b BK hghbhfvnnf jit DC hdh MC gihdggxchjkfb😭🙂🥴😔😏😔🥺😏🤤🤤😋☺️😏😏😏🤤🤤😋😋🥴😊😌🤪😚🇮🇳🇮🇳🇮🇳🇮🇳🇮🇳🇮🇳🇮🇳🤲🤲🤲🙋🙋🙋😭👍🥶🥶🥶🥶🥶🤯😖😖😷😷🤥🤠🤑😴😪🤑🤑👾👾🌚💀💀💀🧡💛💚💙💜🤎🖤🖤🖤🤍💘✨❤️🫀♥️🩸🫁🩸🦠🦷🦴👀👁️👄👅👃👂👂🦻🦿🦾🦾💪👍👏👎🙌👐🤛🤛🤛✊✊vbbnmgmbhjjbnbbnnc jha ddcghjkbcbchhc h. U✊✊👏🤛✊h b. G✊👊🖐️🤚🤘✌️🙋🙇🙋💁💁🙆🙅🤷bggccxvxxcxcxccccvcvvh cl hammock b BK b.🤷🤦🙍🙍🙍🙎🧏💆💆🧑‍🦽🧖🧖🛀🧘🧘🧍🤸🤸🤸🤸🧎💇🧎🤸🧑‍🦽🚶🤾🚴🚴🛌🚵🚵🧗🏋️🏌️🤺⛷️🚵🏋️🧟🧜🧞🧞🧝🧝🧙🧛,5
Awesome app!,5
Nice,5
Itsss veryyy good appp just because its also have gcss and friends for company ndd you can also talk with online peopless🤌🏻💗,5
Good,4
Excellent,5
Panna myranmare....ente account thirich thada thantha illathavanmare,3
Awesome experience!😘,5
Difficult to manover,3
Good App,5
Love,5
Uh huh Hi?,5
Bhot badhiyaa,3
Cool,5
छाया गोळी,5
Nice 👍,5
Very very good,5
Like it,5
Thank you❤️,5
Bad app,1
Not a bad 😞,5
Not bad but Itz addictive,3
🎀❣️👼,5
Good and well working social media app,5
Great,5
the bio music options is not working .. even the app is updated,1
🇸 🇴 🇺 🇹 🇭  🅴︎🅳︎🅸︎🆃︎ 🇻 🇮 🇨 🇹 🇴 🇷  🅵︎🆄︎🅽︎,5
Osam,5
This is very wondarfull app,5
Could be better but why can't we download vdos with audios ?,4
Why are you suspended my account and making my other new accounts suspened 😑.. coz this i have getting tensed,2
Fantastic,4
This is a one best app,5
Imran,1
Not ok with Meta's sick policy updates.,1
Bakwasss hain yeeee,1
Hey Instagram team,5
Good👍,5
New reels,5
Wow 😲,5
Very good morning,5
Instagram stupidly refuses to let me share anything but photos from my gallery. It just began to do this one day and that's how it's been working ever since. I'm unable to find any fix for this issue. So dumb.,1
Fun and interesting,5
🤍,4
Hated this new update! Multiple photos now have the border of the next picture. THIS IS HORRIBLE! Why change something that were working perfectly?!,1
My like,1
Not working smoothly 👎🏼👎🏼👎🏼,1
I'd work nahi kar Rahi aap mai Something went wrong hi aa rha hai,1
nice,2
Useful than fb,5
✅✅✅✅✅✅✅✅✅✅✅✅✅✅✅✅✅✅❎❎❎❎❎✅✅✅✅✅✅✅✅✅✅✅✅✅✅✅✅✅✅✅✅✅✅✅✅✅✅✅✅,5
Our experience is too good in instagram,4
Instagram mein meri id se phone Karti anwp339sharma delete karte Instagram,1
"India highest Instagram users and Daly grow Please sir my Instagram account ""hatsh9878_""bluetick available request him",3
Some filters are not coming in my instagram and also the aap is not updating,3
"This Instagram is forcibly showing adult ads just for a few bucks. If you go to the search box, you will first encounter semi-nude pictures. The CEO of Instagram should understand that even children use this application.",1
Ok,5
Love,5
Mera to instagram cal hi nhi rha,5
Kavita Bhavita,5
My fav app,5
good,5
"I am not getting the note song like option and the note mention option, please give me this special option in my Id ( id name :- prashanttt-p09",1
Its Perfect.,5
Good,5
😲,5
Nice app,5
That's a good app I liked but it filter in iran need the vpn,5
Computer,5
GoOd,5
It's very good,5
Good,5
My favorite app,5
Good,5
Nice,5
Best aap,5
Good app and time pass,5
"This application is thoughtfully crafted, pleasurable, and offers outstanding entertainment.",5
Kya bekar app hai ek ladki bhi replay nahi de rehi,1
this is very good download it and watch you will enjoy it download,5
Thank you 👍,5
I love this app,5
❤️,4
Literally the worst. Nothing but absolute garbage on this app. Tons of animal abuse and borderline porn that never gets taken down even when reported multiple times.,1
Good app 🥰,5
ghatiya AAP,1
Good,5
Bring back fact checking to all Meta platforms.,1
Good,5
Yeayyyh,5
Hello Instagram Team Right Now I Can't Send Messages For 3 Days To Anyone I Don't What Kind Of Error Showing In My Instagram I Not Did Anything Against Your Community Guidelines So Please Review My Account As Soon As Possible And Fix This Problem From My Account My Instagram Username :- Thanks Instagram Team,5
Pretty gud..... Have no words to describe how wonderful it works 💖,5
Good Application...... everyone should download it...,4
"A BUG im facing: while posting story, im not able to access any of my folders other than the recent folder.. Do fix this..",4
Very important app❤️,1
Youth destroyer app,1
"I can't even use the app any more. It doesn't recognise my phone numbers or my email, so I can't login, and it won't let me sign up. What gives",1
Beautiful working,5
🌍🔐🔐🔐🔐,1
Hoil,5
Excellent 👌,5
Koi bhi ladki nhi pat ti don't install the app 😡🤬,1
Good 😊,5
This app is really fun and you can interact with your friends when you aren't around,5
Good 👍😊,5
Thanks insta ❤️,5
Best,5
Useful AAP ☺️,5
I'm blocked from getting followers and following people. Not sure what I'm doing wrong. Been on insta for 4 days,1
My I'd delete 😠😠😡😡auto metikali,1
Semma,5
Nice,1
"Instagram deletes some messages that are innocuous because of 1 word.Otherwise,I think it is a great soc. media",3
Good,5
I love 💕 Instagram 💗,5
Instagram ❌ dating app ✅,1
Amazing 🤩,5
Nice,5
It's ok. I really wish the home screen scrolled one at a time like it does in the search area.,4
Good,5
"Nice This....Here is a longer viral caption with emojis and Instagram #tags: ""Darkness surrounds me, yet I shine brightest 💫🔥! Uchiha pride forever 🔴⚫️! My eyes see beyond the veil, my heart beats for my clan 💔. The Akatsuki's secrets are mine to keep 🤫. Sasuke, my brother, my legacy lives on 👊. #ItachiUchiha #Naruto #AnimeLove #UchihaClan #NinjaLife #SasukeUchiha #Akatsuki #NinjaWorld #MangaLove #OtakuLife #AnimeInspiration #NarutoShippuden""",4
Poor user exp,5
Good,5
Why I cannot reply a text by sliding it on? My device-oppo Reno 4 pro Kindly fix this otherwise I am gonna uninstall it.,5
"My Instagram account has not been monetized by the Insta people yet, I just sing songs and upload them to guys.",3
Sonam. Rawat,1
Not all features apply to everyone,2
Very good,5
very nice app 👍🏻 my favourite app of Instagram,1
Kamran_@135 Mb❤,3
",,,😂😂😂😂😂😂😂😂😂😂😂🤣🤣",5
Why can't i change the nickname of others in chat after the update??,5
Supar,5
Di ko ma update taena,2
Best app,5
Great app 💕🥰,5
Nice apk,5
PERFECT,5
Good👍👍👍👍best💯💯💯💯💯💯💯💯,5
Awesome,5
"Buggy! Mixing pictures & videos in post will lead to videos being stretched. It used to be fine, but what happen???",1
Good,3
B N N N N M M N J Kn Mn N N N N H H H H J H 👍 M N H . F . . .. N U J Yyyuhhujjjj Hj Yygfgvdhddbbnnnnnnyg Grtbbvhhuu Yhuvvvuun Gyukmm Huyhbb Dcj Ygbn Ffjnn Rtnksrhdtyvfiobbii hui thi aur to aur bhi nahi hai to bhi best sachin ke pas hai to bhi best sachin se hai hai ki nahi tha pata nhi tha ki main to fek ID di to usne hai h hai aur kuch to h hi,5
One very important fix. Please allow me to view actual numbers related to my content. Thank you.,5
बहुत ही अच्छा एप है,5
SUNIL TY A,1
Follow kar lo yaar,5
Love it,5
I just cant put Emojis in my storys and also i cant put songs in my response note which is also very much annoying.please make sure to solve this problem,3
Nice,3
Best app,5
ℕ𝕚𝕔𝕖,1
Awesome 👍,5
Good feeling,5
Very good service and trust worthy app and I am so happy to instagram new functions these functions is helpful for beginners,5
"Even though I have updated my instagram app, I still could not upload 20 carousel posts in my feed. How I can resolve this problem??",3
"They have completely messed up the cropping, how am I supposed to post my comics in multiple panels if they automatically put multiple photo posts on vertical mode?",1
👈🏻🤡👉🏻,5
Mast,5
I love this app and everything that it has,5
Soo nice,5
Very good and best app for me and all. This is my favorite app.👌🏻,5
I'm happy,5
Trending,5
Supar,5
I like this app it's awesome after ban of tik tok it's a good option,1
Family coming ntact,5
Nice,5
I like that 💔,5
❤️❤️❤️,5
Excellent.,5
Its really nice online platform,5
Awesome app,5
Password reset links literally crash. Can't access my account.,1
ooo reel accha tha,5
This app have a Lots of distractions...,1
Good 👍,5
Very good,5
I really like it this appa,5
Yr ye aap bohot aacha hau iska jaisa koi aap dekhe hi nhi hai hum aaj tk iska waja se hi humlog aaj km,5
Super and nice 👍🏻👍🏻👍🏻🙂,5
Not god x** is available in tha Instagram,5
Old freefire 😔😌,5
5555 flower,5
😍,5
This is best social media app 😇😇,5
perfact but glitch is biggest problem,5
The best 👌 app for pic and videos,5
Some bug are there,1
This is good app but I need more followers and viral my reels because dear instgram my reel not viral please viral my first reel please 🥺,5
Excellent work dear insta,5
Shiaahshs,5
Very good 😊,5
रौनक,5
Like,5
Great,5
Ok,4
Archive stories are missing,2
Mamta,1
Nice,5
Nice,5
Bhai ek hai intergarm ek number 😘😘😘♥️♥️♥️🥺🥺🥺🥺🥺🥺🥺,5
Best tension relief app😀,5
Bhara damor,1
Good,5
Screen goes off after 1 minute when I watch Instagram videos Samsung S24 Ultra. Even when battery optimization is set to unrestricted for the application. Something is wrong with the version.,1
nice app...,4
This is very awesome app I can't live without this,5
Instagram is 10/10 pls do not take highlights of i love ig just as it is,5
It's not good. Automatically suspended my all I'd for 180 days. It's not good app..,1
It's very best app I have ever seen but plz give me more and more followers 🥺,5
Mind-blowing app,5
Good experience,5
Best,5
"hi Instagram I just want to report that my account got hacked recently and thank god I got it back, I lost it because somone changed my email and the hacker put his own email hence I couldn't login for a day do you know how dangerous it is for a stranger to go through your own personal stuff. I'm very disappointed with the lack of security of the accounts you are having and that some accounts are being hacked easily. This problem should be taken under consideration, and hackers should be blocked",1
ช่วยอัพเดตให้ทันสมัยให้มากกว่านี้ ทำไมต้องพัฒนาระบบให้ถอยหลังคะ ไฮไลท์ก็จะลบฟิลเตอร์ก็จะลบ ขนาดนี้ไม่ปิดแอพไปเลยล่ะคะ ไม่พอใจมากๆๆๆๆ,1
Nice pic of electric current affairs and parallel circuit is a role in the world of jjk and West Bengal India watching the world 🌍 and y u all are t me to be taken in hindi movie about it is a circuit with a yellow colour or hanuman ka bandle and West Mumbai Maharashtra India watching match today and West Bengal and parallel circuit and West ⬅️ are you doing well and I am waiting for your reply to your textbook and it's characteristics of electric current affairs for your reference regarding th,5
Good,5
"Instagram keeps adding updates no one asked for like, why did the highlights have to moved to the main grid? it makes the profile look emptier. I wish they got highlights circles back",2
Good,4
Nice Instagram.. but me video's tranding me ho to me 5 star Dunga...🙂🥴🤫😏🔥🔥🔥,1
Grateful 🥰,5
Super,5
I love Instagram bruh lol,5
Good,5
Nice app,5
I like it,5
"the new terms of service clarifies that users are permitted to be homophobic and transphobic. I'm deleting the app, and I hope you do too",1
Nice app this app give me a new life,5
good,2
It's good,5
Ok,5
"It's the worst. I have to go through so many steps to prove it's me, and I still don't get access to my account. And when I make a new one it's the same thing. I feel this app is to get people information block them off the account and scam people with it. BE CAREFUL WITH THIS APP. ITS VERY STRANGE",1
Good 👍🏻,5
Kartik,5
मुजरा 💃देखने के लिए अच्छी जगह और और अच्छा ऐप हैं,1
Update make it worst then previous time. Few years ago it was so much user friendly but now i have been faceting so many problem. I am so much frustrated,1
You should make note limits at least 100 words,4
It took my account I just made I 4 days ago I didn't even do anything wrong I couldn't even add people back or like people post or text and they just took my account for no reason at all.!!!! The 3bk.Ovastood one,1
👍🏻😊,5
Terrible,1
instagram disabled my account permanently without any reason,1
It's very nice platform But my followers does not grow Please help to grow my followers,5
totally waste of time,1
Amazing,5
👌👌👌,5
Verify me please old account got lost,5
You guys keep banning my account for violating community guidelines. Bro I'm watching reels. It's 3 accounts now.,1
Love it,4
Nice,5
It's a great app but there is some issue.. i have two more accounts other than my original one.. when i update instagram my other account won't update..,4
Nise,5
"Used to be great now it has numerous bugs and no support. Can't subscribe to certain creators and the audio for watching live streams is constantly glitching. Update 1/8/25: Looks like more features a missing, I can no longer reshare reels or posts to my stories.",1
Best of app of all time,5
Definition of perfection,5
🙏😊😊😊,5
Not good but not bad,3
You destroying young generations ☠,1
Good,5
Perfect,5
Osm experience,5
Excellent 👍👍,5
This is an amazing app,5
It’s very good,5
Wow,5
Very interesting app U can use it,5
Good in time pass,5
Love day 🥳,5
👌,5
I love it 🤩💕💕💕💕🤞🏻😊🧿💐💃🏻,5
It's great I need y'all to fix my calling thing on Instagram because it's not working anymore.,5
Asit das,3
I m UAS very good Instagram I love Instagram I am USA,5
Sardar vasuniya,5
Best,5
Good,5
Good for time,5
"Banned my account for no reason, 😔 I am so disappointed in you No matter what you do in Instagram, it will ban your account according for breaking the ,,rules,,",1
I really hate how when I want to watch a video again it keeps trying to make me scroll. It's so frustrating.,1
Good 👍,5
Very good,5
We,5
Good app,5
Good 👍,2
Good 👍,3
Bhut achi hai,1
Galaxy A25,5
Best app,5
"There is a lot of fun on Instagram and we can also work here, this is a very good app. Thank you",5
Good social media app,5
Mayank rajput jsr,5
Very good app for intertiment,5
Loveable app,5
"When i watching reel's that time, its too long to come another reel...i reported Instagram team but no respond",1
"You just added ""all"" tab along with Primary and General, and this piss me off 😡🤬🤬😡",1
Very bad application,1
Helpful app,5
In application is very good for us and people,5
Very Ismart instagram,5
Wo wo to,5
Best experience,5
Kwaljitg,5
Very nice,5
Instagram is a good application but the comments section is horrible here if the reel is not even hating any fanbase the opposite side rushes on admin if youa re not uploading instagram is best place for you,3
I lovee,3
Good,4
Tangina mo ayaw gumana bwiset ayusin mo nga to (Translate to English: Please fix this bug),1
Very good,5
Good app,5
Super,5
Amit Kumar Amit Kumar,5
I followed around 150 pages when created a new account and now I am not able to like anything since 3 days. I reported this still not able to like or follow anything.,1
Nice app 👍🙂,4
Why each time they disable my Instagram account and I don't know their reasons behind it,5
Instagram Story ko 15 second se jada kyo nhi laga sakte,5
Nice 👍🙂,5
Good,5
"On behalf of everyone, you need to fix/stop the auto-cropping on batch uploads. I regret doing the latest update because now all my batch uploads get cropped to squares rather than the portrait or landscape options we've had for years.",1
globally content at the same time boost your videos and their insights remarkable also share related content,5
Best Instagram hai,5
Good app,5
Super app,5
Good,5
Very nice app,5
♥🙌,4
Better,5
good,5
Supar bro 🤩🤩,5
सरना आदिवासी,2
Reality of life,5
Good,5
Full of bug,2
Vtc disable your account,1
It is Good But Addictive,3
accha hai,3
Amazing just amazing,5
👏👏,5
बहुत अच्छा app hai for chating and swipe the reels,5
"Please bring the hidden special font Papyrus to Android, too.",1
Hi instagram,5
Tanmoy,5
The best and easy to use,5
"You cannot use the collab feature on android, it only works on ios. What a stupid app",1
Good 👍,5
Calm app📍,5
Perfect 👌,5
🥰🥰🥰,5
super 👌,5
Inka start feeling,5
Great,5
Lokii to manki,5
😶‍🌫️😶‍🌫️😶‍🌫️😶‍🌫️,4
This is good app 😘😘😘😘😘☺️😘😘😘😘☺️ 🥰🥰😍😍😍😍😍😍😍😍,5
Good 👍,5
Good,5
Its a very nice app I like this apo very much And it is a mini Facebook 😁,5
Good 👍😊,5
Good,4
It's very nice,5
🥺😭 गंदी गंदी रील मत दिखाओ please 🥺😭,1
This is good app,5
Smooth,5
🥰😘,5
I don't have any words for this app,5
Good 😊😊😊😊😊😊😊😊😊😊😊,5
Not good,2
Ladki ko message kar sakte hai,5
Dilsad ansari,1
It's fun to connect with friends! Edit 1/9/2025: Yeah...not so much now lol.,5
This app is very good and amazing,5
Nice 👍,5
Good👍👍,5
😁😁,5
💋💋💋,5
Super,5
Very nice super,5
Good,5
🔥🔥💕✨✨,4
Itz very good,5
Speechless,5
💗💗💗,5
Xx pavan 007,5
Nice,4
Free fire is best 👍💯,2
This very intresting,5
Literary the best app on my phone,5
Excellent,3
Good,5
Best app,5
Good,3
",🤗",4
ହଜ଼ଜେବିଜୋ,2
Vlvek,1
Bhut achha app h viral kar do sir meri I'd ko bhi very nice app,5
Good,5
Good app,5
"recent update is making my app crash whenever I call, causing a black screen after a couple of seconds before completely booting me off the app.",1
I really like this app Wonderful,5
बहुत खराब ऐप है कोई भी लड़की नहीं पट रही है कोई भी इसे डाउनलोड न करे 🥹🥹🥹🥹😭😭😭😭😭😭😭😭😭😭😭😭😭😭😭😭,1
It's amazing,4
👌,5
This app is a excellent,5
ok,4
Very good,5
Good,5
Very good,5
This is so bad this is not downloading,5
Bad because my first accounts got hacked and the person stole my Gmail information I switch accounts and everything yet they banded me even though I did nothing wrong Instagram fix this,1
Good,5
It hanging on my phone which makes my phone to off,5
Full Sexuality Reveal,1
Excellent,5
Excellent,5
Nice,5
Very Good app ❤️,5
very nice,5
Time pass ( 😁 ),5
Super,5
This is good but my mental health was dammm,1
altaf,5
Febrit instagram,5
This app is amazing,5
This app is veary nice,5
Great app.,5
Super,5
Rameh kushwaha,5
Very nice,5
Supbbb aj mujhe lag rha hai ki instagram name ki bhi kuch cheej h jab meri vidios millions me phuch gyi tab,5
Gg of to fu 0,5
First class game,5
Good,5
Can't create a account,1
mera fecebook account hack ho gaya hai mera fecebook account link tha mere insta account se My insta id suji_t5642 please recover my fecebook account 😭😭🥺 please 🥺,5
Gud gud,5
Nice app,5
"I'm not able to login my account,My password is right but Instragram say's your password is incorrect.",1
See more...,5
Good 👍,5
"Worst app, they are theif beggers",1
Cool and good,5
Best aap,5
Super,5
Very good,4
Your application is soo good but My account doesn't Growing. I am Using proper hashtags and Captions. Please Check All the issue of my Account and Update me.,5
ههه,5
Very Nice app,5
This app is amazing but also dangerous it distracts people more and I am also addicted for this more over we can't download a story clearly and easily I always use vidmate to download clearly,3
Yes This is my favourite app Instagram,5
Nice app 👍👍👍👍👍👍,5
Good,5
The best app ever 🔥🔥🔥,5
Pss come on now it's Insta,5
Anil yadav king 👿🦅👑,5
Instagram is good platform,5
ফালতু🤮,1
It's a great app and with no issues on using it.,5
Happy and Jolly,5
This aap is best for gaining brother love .,1
Attitude,4
RaHaMaN.,5
New save feature sucks.,1
Good app,5
👍👌,2
Its alright but its deleting/not showing previous messeges i sended and the previous conversations thats quite disappointing and i hope the team fixes this error soon. And its glitching this is a very frustrating because i cant watch reels nor the messeges are not sending properly fix this soon as possible please.,2
Super very good👍,5
Good 👍,5
Suraj Kumar @ybl,5
Ceghgeyd z,1
Hey instagram plsh recover my account _brahmanvineet_ username Pleasee,4
"I cannot log in and when i click sign up it says it's not available, i tried reinstalling it again and still its the same",1
Best life partner,5
"Dear instagram team help me🙏😭 My instagram account suspended account problem Please recover my instagram account 🙏😭 Whatever mistake I have done,i am sorry.🙏😭",5
Superb 👍🏻,5
Khanam and hi to,5
"Some recent changes have brought on some noticeable delays and ""bugs"" other than that entertaining and seem to get more reels that are directed towards my interest.",3
Имба приложении (они меня догоняют ),1
"Instagram is not good one day you will also face the problem i am facing today If you follow some unknown people( according to instagram) it will show error and u are stucked because now you are also unable to follow back anyone they says this for protecting communty and fools are not allowing to follow community persons so what is the use of this mark my words ""this problem is worst than u think because it is now permanent I only can explain as i am facing i am now frustrated Ig-rudrapandat_07",1
Venkatesh gollapally👺,5
perfect,5
Now a days reels stuck and some useless persons make reels which cant be skipped or scrolled,1
okk,5
Good,5
bahut hi AXA aap hai,5
Follow 💙♥️♥️♥️♥️♥️♥️ oo💝💝💝💝💝💝💝💝💝💝💝💝💝,5
This is wonderful app,5
It's nice,5
Why did suspend my account for no reason!!!!!!!¡!,1
It's not a good app it's perfect app for me I really love it because it shows me that kind of reels same as I won't it show me reels regarding my actual situation..I don't know how but it's too much perfect,5
1 star review for censorship of posts that show the genocidal regime doing crimes against humanity,1
Good 💯💯💪,5
Jigar king,5
Very good app for me,5
Love your site ❤️ TYVM FOR SHARING,5
❤️❣️❣️,5
Very good 👍😊,5
Very nice aap,5
BEST,5
Good app,5
aamirAlvi 😈💪😍 aamirAlvi 😈💪😍,5
Nice to see you and thank you for your help,5
Bhen k lodo mere feed ki keo lee pade hoo ky na madr samj liya ky muje mdrchooodo aab aai na to cess kar duga tum sab pe,1
Very nice 👍,5
Arifmalik,5
excited,5
Not bad 😄,5
Good,4
Awesome 😎,5
Public account note change private account y?? 🤬😡😡😡😡😡😡😡. .............................................................................,1
❤️‍🩹,5
No 👎😔 it is wirst,5
Best,5
Nice app,5
It is not opening,5
Nice,5
😘😘,5
Good,5
Gud so far,5
This app is very good,5
Verry good,5
Intresting,4
Very good 👍,1
I loved instgram,5
Good,5
Lovely,5
"o re v c j x /5=0 .==90cf xg c m hu yah t. I w. .ec. ,x.,jh i. ,z.vv ve a. Ann bj j ni 7*",3
Them too de bust account,1
Nice,5
Good,4
Good platform for social connection,5
Love you 😘,5
instagaram,5
Why are you my insta suspended,1
Nice👍😊,5
🥰🥰🥰🥰,5
Too much bad,1
Good,1
Good,5
I am regular user of Instagram I love this app my dreame 5000 followers Please my 5000 followers,5
Very good,5
🙂,5
Very awesome thanks to Instagram,4
Sk Dreerip kumar Paul,5
Nice,5
"I Love Instagram, the only thing I would like them to change is; How do we correct our spelling mistakes when we are posting on our own pages/or leaving a comment on another's post-if there is NO WAY to do this then Perhaps Insta you could please fix this issue? Btw Instagram should be #1 in messenger & Info. apps, NOT #3. Thank-You ~Kim",5
Faltu ka app hai mere 10 I'd delete kr diya bhn ke l☠️☠️ ne kuch krta bhi nahi tha,1
Good,5
Emotions 🤗☺️,5
Nice,5
Very nice,5
Good,5
Its not working it wont let me create an account pls fix when i enter an email it says create password but when i enter another one it asks for a confirmation code,1
Ok,4
I can't update instagram,1
Great app.,5
🙂🙂🙂🙂,1
This is very good allocation of enjoy the loke,5
Amazing,5
Nice,3
Good app,5
Nice,5
Good,5
Entertaining app,3
Jayesh sodha,5
Love the app broadcast ❤️🤍,4
On of the best site in Everone's phone,5
Good,5
Very good app,5
Mera traffic PASWAN ji instagram welcome,5
"""Man, I uploaded so many reels but still didn't get famous, so I deleted Instagram."" And lost his data in this app",1
It work well,5
Awesome,5
Rohan please help me,5
this is aap a best,5
I like Instagram,5
Best platform for me not for others 🚀☠️,5
This make habbit,1
"it's good, but the amount of censorship it has on topics regarding (you know what I'm talking about Meta), deducts two stars.",3
Setiap mau upload story selalu layar hitam dan tiba-tiba story terhapus sendiri.,1
super good,5
😀,5
my favourite,5
Good,4
I love this because it's really useful for my myday for my Facebook account and I really like how Instagram looks like iphone I feel like I use iphone 14 😂,5
Best Werk,1
pleas send my post in explore :),5
It was verry amazing app 🔥🤩,5
जी,5
Kisan,5
Super app,5
Raiu,3
👍 very nice platform,4
My account was hacked.don't use instagram.hacked person ask money to my friends.kindly help,1
App in best Jay Bhim Jay savidhan namo namo buddhyay,2
Instagram is a good platform,5
Nice app,5
My experience was great 😃 always. I love Kobe and Vanessa Family They are all pictures perfect. They are so much fun too see. They make me happy 😊 to see Kobe Bryant with his family. He's missed along with Gigi . RIP Kobe and Gigi.,5
Best app to make time pass and learn some information about the society,5
The esiest aps to hack. My account was hacked and it's too hard to get back my account,1
There's some good accounts on here :),5
This app is good 👍👍👍,5
Yaar koi instagram me koi ladki message nhi krta hai me instagram delete kr deta hu,4
All good but I don't get the option of pinning! Nd it also not giving me the options to take a ss😭🙂,5
Nice,5
💫👀🎀 best emojis are dedicated to this app it's really lovely app 💝,5
This app is good 👍👍,4
Guud,5
Amazing 😄😝😍😄,5
It's fun,5
Good,5
This aap is best aap,4
I'm enjoying nicely 😊,5
Good,5
Good,4
Very good app for entertainment,5
I want instagram my was iphone edge,5
So proud,5
Just wow,5
It is so far the best for business. Love it,5
Can u fix the bug on android when posting collages -where mix mode photo format doesn't work if u upload a song? U hv to include a video in ur collage a temporary fix. for some reason if ur first picture in a collage is landscape the video would turn into landscape when its originally portrait format. N sometimes when u click the adjust photo button a blank screen shows up and u have to discard every change u hv made so far with the foto,3
Phenomenal ✨,5
Nice,5
I'm enjoying but I'm not getting more followers and more viewers,5
dangerous for humanity and human intelligence,1
please fix this app glitches 🙏🏻🙏🏻🙏🏻🙏🏻😔,1
1 million like do,1
From some recent months. I tried to login in app but it always shows this password is incorrect but when I logged in using other phone I logged in successfully. Instagram please fix this bug as soon as possible.,1
Nice app to interact with people,5
Beautiful moments,5
Nice apps,5
best social media,5
My account is not login... I am entering my passwords but the account is not login... The mobile switch off during opening this app... Please improve this app......the installation process is Not Processing,1
This app is soo good,5
Good,5
Amaizing,5
Darun,4
Oppppp,5
Aryan,2
Nice,5
Good app,5
its like sometimes good and sometimes bad,3
Good,5
Yrr yo download kyu na hota mere phn m,5
Nice,5
Excellent,5
👍,5
Nice app 👌 👍,5
So beautiful 😍😍,5
🤩🤩🤩🤩😘😘😘😘,5
Гоод,5
Wooo😍😊,4
👌👌👌👌👌👌👌👌👌👌👌👌👌👌👌👌👍👍👍👍👍👍👍👍👍👍👍👍👍👍👍,5
Verry wonderful instagram app but my account is not growing please instagram team grow my account,5
Utj,5
prashant gupta the king,1
😭😭,5
Wow,5
It's mind blowing but I m nt satisfied wid dis so u can more efforts to do better wid your artificially intelligence nd hence to provide a good one best one otherwise this... Tysm,4
Instagram Ratethisapp,4
Wow,5
Saportive and beautiful knowledge business platefarms saport and life changer and families invairment,5
Great,5
Good app,5
Good,1
Because,5
Nice,5
Good but need sum improvement. Update app.,3
Good,5
Good,5
Nice,5
Best,5
Supper💗,5
Excellent,4
Very good aap,5
Nice app,4
À assessee😀😀🥧🥧🥧🥧🥧🥧😀,1
PIPRE Vishnu,5
My problem solved bahut accha hai bus Blue tick lagva do sir,5
Abuse and misinformation rife and will now be even more so,1
I love instagram 💌,3
Good,4
Mast app hai insta,3
Good,5
Very helpful app,5
Q🚬😊🚬🚶☺️🧘🧘🧘☺️😁☺️🧘🤽😁🧜😁😔😍🤣🤣😄🤣😄😂🤣😙😂😗😂🤣😃🤣🤣🤣😭🤣😭😭😭😭😭😭😭😭😭,5
Good 👍🏻,5
Nise,5
Yes it's have,5
Good 👍,3
This app is worst app my I'd suspended,2
"I keep on getting followers, but my Instagram profile stays at the same number of followers.",2
Bahut khrab app hai,1
So I am late reply I am late reply I am late reply I am late to call 🤙🤙🤙🤙🤙🤙,4
Bhai ye app bahut kharab hai id se spend kar de rha hai don't use this app.,1
nice 👍,5
Very nice app,5
It makes me feel like am in my dream world..l love it for its smart features 😜😜❤💪,4
The recent update where the photo carousel preview is stitched on the edge is horrendous. such a eye sore aesthetic. It made me assume that it was a bug on the app and made me reinstall multiple times. Not to mention the image aspect ratio that it messes up,1
Instagram my favourite app,5
Super aap to Instagram use to play allo so nicely to Instagram aap but so bag to se that tha bettri pawer is jayda hai,5
I cant face all new feathure🙁🙁,1
Good,5
Wow amezing,5
🫶🏻,5
Your app is f-ed up just so many glitches and bugs. So much laggy and you also banned my account literally for no reason and I hate that so much. Too bad just ban those who are actually not following guidelines and just fix the damn glitches and bugs rather than just giving nonsense features,1
Good,5
This app is very beautiful 👍,5
Shamaun sortha 302,2
Log out from all options is not available pls look that,3
"I enjoy It. 9 Jan 2025 edit : my ig app has been lagging for the past couple of days. I had to re-upload an already uploaded post because my feed did not show my latest submission. Also, please enable the feature to edit a post and change the background music chosen on the time of upload.",4
"Great experience, love to use and be on this platform",4
"Making changes just to make them. Not user-friendly, but what can you expect from meta. Bunch of metatards.",1
Very gooood app very nice this is very enjoyable app,5
बेस्ट,5
Good,5
I love insta ❤❤❤❤😍😍,5
Nice app,4
ek ladki v follow ni karti 🥺,1
Good night sweet dream take care and Bruce namaste namaste I am in a while ago I don't have any idea how to kya I don't am what to say anything to about it with my own namaste 🙏 to you kya Bruce your I namaste going not sleep with you dear sir is not a problem in my room and you Bruce sir please call back when you are not going to you dear bro namaste namaste namaste namaste namaste namaste namaste namaste namaste namaste namaste namaste,5
Good,5
I don't like Instagram anymore because my account in Facebook that connected to Instagram is disabled even i don't do anything wrong😡😡😡,1
V Good,5
My reels are not posting. Always video can't posting msg is there. Solve the problem plz,4
Good,4
"ADD A WATCH HISTORY ON INSTA, META",2
Love the app about to start paying for followers lime everyone else 😂🤷‍♂️💯,5
Needs more customisation. Not everyone likes the same thing.,3
Nice,5
Very good aap,5
"I can't get rid of the weird, AI overly sexualized ads. No matter how much I hide, report or click not interested on them, instagram spends no time showing me almost the exact same one IMMEDIATELY after. It's become almost unbearable to use this app from the amount of it going on. Resetting the algorithm does ABSOLUTELY NOTHING to help this issue. I never interacted with such content, yet it's everywhere. Truly ridiculous",1
meko view kyu ni aataa plz help,5
But what I hate most is they usually disabled my account several times,5
Good 👍😊,5
Install instagram please very important,5
When I try to to make a account on Instagram it does not work please help me,2
Noticed slow response to faults,4
Super time passs and reels and follow,5
😊 I never do han rate of because it was 100000000000000000000 out of 10 and I will chat with my friends and post my story,5
I enjoy watching instagram real can i give this five star,5
Very nice,5
Love itt,5
Nice app,5
Mast che,5
not cool👎🏻,1
It's great,5
Nice lnstagram app.।। 💗👑,4
this app takes the best pictures with the best filters . 🫶,5
It's amazing,5
"Raja,,Shaha",5
Chandni Vishwakarm,5
acha hai,5
Excellent service privacy is Also good 👍,5
🌚,5
best app,5
This is best for social connection,5
Good,3
👍👍👍😴,2
Heart_broken.edits my I'd,5
osam,5
Dear sir hum instagram mujra dekhne ke install किए hai ki motivational video ये mujra वालों का I'd banned hona chahye jo faltu का hai motivation ya normal video motivational upload kar sakte hai ye nangi dance nhii chahye ya tho instagram banned karo,1
Banti garva,1
Nice 👍❤️❤️💗💗,5
I like this app,5
this app is niceeee,5
Drsalman pasha,4
Good quality,5
Nice,5
Ok,5
Happyness,5
king,5
"When I try to select multiple vertically cropped photos for a post, it automatically resets cropping to a square aspect ratio. + The UI for applying edits to posts is objectively less usable than before...",2
Waoo,5
Nice,5
Nice app,5
Love❤ you have to,5
Good,5
Waste app,5
Good,5
Good,5
Vidanand pandit,5
Good,5
Fantastic this apps,5
My account is hacked and all they did was sent links which lead to confirm my email id ..as they were of no use. Very disappointed as they couldn't help me recover my account since last 12 hrs..I have sent every mail possible to them..and they still haven't taken any action,1
Good,5
"Instagram pls increase your security, my friend's account got hacked and the way to retrieve his account is only by email which was also hacked by the way and he has no way to get back his account. We are out of options i really appreciate it if you could look into this matter. Thank you.",1
Good aap,5
nice,4
V nice,4
😔💫💫💫💫💫,5
Nice app but Always check before adding someone 🙂,5
Aditay,5
Amazing app.....,4
best app ever!!!!,5
It's all well but I want a function of chat lock in Instagram.,4
I hat instgram because hacker hacked my account,1
👍,5
Good platform for motivation♥️,5
Very good I love it,1
I enjoy using this app,5
The best,5
Good 👍,5
Good,5
Best,5
very good 🤗😁,5
Khelega free fire,4
Beautiful,5
Greater,5
90% of time have to force stop the app for it to work beside that it's ok,3
Good,4
hiti ye kjnkkkkkknnkk. my y u uh tu y u uh kn. 8,3
WORLD BEST APP💎❤️👍🏻,5
Bavisya barbad,1
I love this 💙,5
🤙,1
Is a great💗....💕,5
Very beautiful app and I love it I give 5star,5
I would like to say that it's the best for me and all my family members,4
Best,5
Its good platform to enjoy and it's features are amazing but nowadays I'm facing a problem to update my highlight covers only this thing disappointed me overall it's best,4
Nice,5
Best entertainment app,5
Hello Mr zuckirbed and meta I wish you make the story music longer cause when it's going to the pleasing part of the song it just stop cause the time of the story music is done please do this favor for the teenager like me,5
This is very interest,5
This app is the greatest thing in 😍,3
Sk editor 0000 1k,5
Very nice but please you should make my reels be seen to more people,5
Exllent,5
I love you insta,5
Good,5
طبيق متاز,5
Gud,5
❤🦁,5
Ok,5
Is very good app to be.,4
rajesshr a j,5
Good,1
Very good 😊🥰,5
Flexible love the GIFs,4
किसी कलर कि चडी फेने हो ना बता दो ना,5
Good 😊 Very good Very good,5
Nice app,2
This is beautiful app .l love it but there is no feature of deleting the chat history from any chat and also after deleting the account the chat from that account is not deleted .I just want that instagram will. Make this updates .,4
Disabled my account and not accepting my appeal and not restoring my account very bad service not welly treat there users.,1
very good,5
Rasel Rasel,5
Devv GTA V Instagram,5
"No time stamp in video, no filter in tag search....why?????",4
Sammaj,1
Iii.,1
Ok,5
Very good,3
😍😍😍😘😘😘😘,2
Sai,5
Nice,5
I love it,5
Update,1
please make a setting on Instagram videos which can did auto reels scroll,3
Nice experience,5
Nice social media,3
Terrible advertisement at least make it possible for me to TAP x to get out of the ad,1
"It already passed on few years about this problem still haven't solve . Can you make the notes have section ""hide notes from "" , this notes make misunderstood happened and disturb people without their privacy even though the last online stuff already turn off also no use More suggestions : do make a programme like people follow each other indicate a friend at the following button, so that easy people to find out who unfollow us",3
There is still room for improvement but over all the app is wonderful✨️,4
I don't like response option,3
Great 👍👍👍,5
"Please give an option to delete uploading reel as like story because sometimes we face a big problem that reel gets in pending, stop at 90% and can't be upload and then it's consume our data but don't upload, and the same problem on uploading story that's also stop at 90% and can't upload even our network speed is good but it's consume data yet... In the end your Instagram is a good platform to make and talk with your friends and it's give a chance to convert your poor living to a better life...",4
Good,5
"Whenever I call someone, after a few hours..... depends, the call end itself randomly. I've check everything. The wifi is good, the system and the app is up to date...i don't know what's the problem.",3
@aminbeauty.ir,5
aousome,5
It was abouslutly adorable and fabulous experience using the app.,5
Very nice,5
Can't edit typos. Photos cropped. META-stupid. Algorithm mindfuk. Deleting page. Uodate - it still sucks.,1
"Can't seem to share my stories to Facebook. When I updated it, the Facebook icon where I can share my story/ies disappeared.",3
I fkkkking love Instagram,5
Money,5
Rahul,1
Noo scammer ban to scammer id,2
"My reels are glitching, every time i write the caption and edit reels, it automatically vanishes and the app closes..its very irritating",1
This is very good,4
Facing issues to open the App even I reinstalled,1
Make my account famous🙃,5
Ist cool,5
Three star Becouse i likee instagram and i love to see people making us laugh but two stars not forr there is very sexual things are uploaded and these things spread wrong intentions,3
nice 🖇,5
I don't get updates,3
Good,5
Nice story 😊,3
Not bad,4
The best app for my career 📈🤫,5
FAYEDA,5
It take long,1
Meri I'd nahi khul rhi,5
I love it,5
My favourite insta,5
I am happy,5
Nise app this,5
"I hope we can archive notes, too, like we can see the collection of our previous notes for memories :)",5
"Wow, this app forcing you to participate in online gambling services",1
eeeeeEEaaZzeeaAeeEEeE eeeeEeE eeERe3 EeeeseeEEeeeReeeE,1
I am unable to update my Instagram 😞,1
Very good 👍😊,5
Algorithm is very poor 💩,2
I love ig,5
Very nice app ☺️ My favourite app 🖤,5
Best,5
💪,5
Very good for communication,5
Siraaa,5
Excellent,5
Good,5
Good,5
Update karna hai,5
Nice experience,5
Amazing,5
👍🏻,5
Nice,5
Time pass ke liye parfect,5
Chandan paswan ❤️👑 y,5
Nice app 💯,5
It shows part of the next picture on the carousel and it looks terrible and is distracting,1
I love it,5
Goodsssss,5
👍,1
Viral my reels then I realise that my feedback is good,5
Nice,5
Nice,5
Good,5
Good,5
Super,5
This app is very nice 👍👍,5
Insta,1
Arguably the best social media application ever created.. No application bugs so far detected,5
Poor,1
Entertaining app,5
Give me views,5
Good,5
🥰🥰🥰,5
♡ ♡♡ ♡♡♡,5
U know why I give 5 ⭐,5
I love you too meri Jaan,3
Social media app 😘,5
Great app😁,5
Best ❤️🤘,5
Put story archives and highlights back pls,1
Well certified work,5
Good app. I like Instagram. Enjoy it,5
so far great and easy,5
very motivating and Educating. much love,5
My old account was not deactivated and i can't log in that i want that account,1
I like it,5
Best app like Facebook XD,5
𝑆𝑢𝑝𝑝𝑒𝑟,5
nice app,5
Please fix Big Any virus sulition complete me,5
deysujal,2
Best,5
Ohsam,5
Nice 👍,5
I love my Instagram,5
Best,5
Best of Bests,5
Nice app,5
Kya bakvas app hai ek bhi ladki massage ka reply nhi deti hai,2
Mintu modak Mintu Modaj,5
Please give,5
🤙,5
"Good, and I like it",5
Pls download in my old phone 🙏🙏,5
Open not working fast,1
😘 gourikheladi,5
Excellent,5
Shahvaj khan,5
I have a I don't have follow to another guy please slove my problem,4
Really good,5
this is very exciting application,5
Open like blue,5
Very good 😊,5
I am facing problem appear,1
Md.Mamun Hossen,1
It's a best distraction I ever seen,1
Happy new,5
it is good,5
I don't see filters when I want to upload a video or a photo I don't know the reason,3
Easy,5
Excellent,5
I am very happy to have Instagram account 😊,5
Wow,5
Amazing app👍,5
😶‍🌫️,5
nice,2
Nice,5
Nice 👍,5
"Each update worsens the app performance! Exiting out of chats lags, reels randomly boost screen brightness to 100% and dim the rest of the app, chat backgrounds never load properly, sending media is almost impossible due to media picker never finding any media files on my device. And lots of other problems. It's a mess of an app that works worse and worse with each update!",1
"Very distracting very vulgar ,no good girl",1
What is going on why I am not able to login my id . I apeel for my id on 30 December 2024 til your team not able to fix my problem . When I try to create new account within 5 sec they suspend my new account also I am very very disappointed please solve this as soon as possible .Thank you,1
This app is so good but plz fix error code 4,5
🥰❤️,5
Why my post not Viral,5
Instagram bahut achcha app hai iske liye ham aapko dhanyvad karte Hain,5
Krushna ❤️ dada,3
🫰🥰,5
Super,5
Soo good,5
Wonder full,5
Good,5
Since I got Instagram there is rule after rule and problem after problem and they make things difficult. Because I use sport pics and videos that have the Russian language etc I have had nothing but problems when I send stuff uploaded from FB to Instagram. It's a mad algorithm that doesn't know when to stop attacking you. It's only figure skating and football Ffs.,2
Very good,5
Good,5
💓🌹🌹,5
Nice,5
Soo cute 🥰,5
Amazing,5
More effect needed for boomerang,3
Fav💗,5
😀😀😀,5
good app nambi vaanga sandhoshathoda ponga,5
On,5
Porfact appreciate,5
Amazing app . I loved it 😍 . Best platform.to show your life's enjoyment,5
Very nice 👍 thanks,5
Superb apk,5
Instagram is very important for human life,4
😍😍😍😍😍😍😍😍😍🎧🎧🎧🎧🎧🎧😍😍😍😍😍😍😍😍😍😍😍,5
Insta is does not work in my phone,1
I am agery,3
Hey bro just change your cringe algorithm,1
It is a very good paltform,5
Thoda distract to krta hai pr achha hai 🤣,5
Nice,5
"Thats a amazing app i even used in my life.after all, Instragram is my life and i can't live without it 🤧",5
L Instagram,5
Very nice,4
"It,a very good",5
"Instagram should crack down on the people who claim that scammers have stolen their photo, which in fact it's the real person trying to collect money",2
Meow meow meow meow meow,5
Nice 👍,5
Very very good 😊,5
Averge....,4
Superb,5
Bad app for students 😕😕,5
Having problem it restart and update again and again pl solve,2
Excellent Please add the option to use the same song when posting separate stories at the same time,4
Nice,5
ID x____lord_____vishal Ban police chalu,5
👍👍❤,5
Please update my Instagram reels could being downloaded please cheak 😭,5
ಕನಡ ಕನಡಕನಡ,5
Incroyable comme Résaux Sosiaux,5
Ok,5
Good 😊😊😊,5
Cool app,5
Best instagaram,5
I'm ghasem soleymani #hero,1
It does not have filters,2
Very nice app,5
Hii miss,5
Waste,1
🫶❣️,5
Really beautiful app,5
This app is glitching more and more now-a-days,1
Good,5
Awesome,5
Nice,5
Make my day happy,5
I just love this app,5
Op the chat,5
Phone,5
Very best and like this app To friend chat and always propar best videos Thnaks,5
"hello ig, a lot of people has been using other apps to edit photos but if u would just please add this feature in making layouts of pictures yk that grid thing, instead of the boring old one just being aligned why won't u add a fading effect(I HOPE U UNDERSTAND WHAT I MEAN I CAN'T JUST EXPLAIN IT WELL) do this and my life is yours!!!! IT WOULD MEAN A LOT TO ME also i hope u don't remove the highlights bubble I've worked so hard for, Hope this message reach u bro 🩶",5
Best platform for social media users.,5
Laundiyaa baji,1
💯🤙🔥,5
Good,5
I love,1
"Now a time it is very vulgar an full of inappropriate content, some user made public account and upload reels, video as porn content openly, the video have no thumbnail for 10,15 sec then the direct porn videos are starts",1
Very useful,5
Third Class app,1
👍👍👍,5
Like u,5
I like this app,5
My app displays red dot even when there is no notification,1
Aap is my time pass resources,5
Pooja,5
Good,4
It's super duper hits All time hits,5
1 flatfom,5
"I would rate you lower if it would let me. Constantly have IG Comments police on my back for posts and comments that are not fraudulent, or misleading or try to, sway someone's opinion another way. You have a violation log on me that started after I was incarcerated and continued on the whole time I remained incarcerated on an account I never opened because I WAS INCARCERATED YOU IGNORANT MORONS!!! INDIANA DOC CAN CONFIRM THAT! All you want is my email and phone number confirmed every time.",1
Love this app❤️❤️,5
So convenient to use loved it.,4
So good and reliable,5
Impossible to grow. Tiktok is better suckerburg. Deserves zero,1
Love this app,5
No earning money,1
Nice 🙂,5
Loving it.,5
Very nice,4
Good,5
So beautiful app because my bored picture is going to be pretty 💖,5
Hirok jyoti bora,1
خیلی بده همش با بسورد اه😑😑😕😕😕😑😑😑😑,5
🤚,5
This app is great app,5
Good,5
its very useful to instagram thank you so much 🙏,5
The aap is fantastic,5
Basta gnda lalo na pag mag mmd ka,5
ig,5
Nice,5
"Everything is possible ,Do or Do",5
Very nice,5
Bhai,1
𝑻𝒉𝒊𝒔 𝒊𝒔 𝒗𝒆𝒓𝒚 𝒈𝒐𝒐𝒅 𝒂𝒑𝒑,5
It is a amazing app,5
Supper,5
Good,5
"I've been using Instagram for years, as the app changes so does their policy. Recently, I have been unable to post comments, they removed my ability to comment for a week shortly after I was spreading awareness regarding their ridiculous ads, I guess people can't have freedom of speech now. Even their reporting features is lacking support, I have not heard back from anyone. Not cool. Not happy.",1
இந்த மாதிரி ஒரு டுபாக்கூற பார்த்ததே இல்லை உலகம் முழுக்க நிறைய பயன்பாட்டாளர்கள் இருக்கிறார்கள் அப்படி இருந்தும் கேவலமாக ஆப்டிமைஸ் செய்வது நீ மட்டும் தான் I have never seen a tobacco like this. There are many users all over the world and yet you are the only one who optimizes badly.,1
Ohhh very nice and halpfull,5
Good,5
💞💞💞💞💞,5
Wow,5
Aani,2
Manishbhoria,5
Prerna kawade,1
Tm ky kr rhe ho I'd sbka htt rha hh thk kr do hai na tqq warna delete kr denge Instagram,1
This was nice app,5
Good,5
Can't even make an account 👍,1
Good app,5
saraswatikisa,5
Great ... it blocks you from posting; following; liking; or replying with no notice or justification from Instagram. This used to be a really great app but now their homophobic policing and draconian enforcement techniques take all the fun out of it. You can never contact anyone for help or to get an explanation for their actions or inactions. Same for Facebook and Threads!!!,1
Cool,5
Ghattiya,1
This is a amaging aap,5
This app is not working in my mobile This app suspended my every account And many accounts,1
This is a very good app to actually spend time on . It transport us to different kind of countries just because of the posts and it is also a good app to communicate to loved ones.😊,5
good,5
Just like that,5
Ciao come to you later,5
Wow nice this app...✨👍🏻,5
IG is the only app i use.. ain't no other app can compare,5
This app is very good for me and I can't tell for you but it is good for me. 💝❤️,5
Best app,5
Nice 👍,5
Ap mast he par ladki massage nhi kar te,5
❤️❤️,5
Nice,5
Suspending my account again and again,5
Cool,4
Best interest,5
The app is still running well,3
Very useful app for communication purpose... I do love it ❤️,5
Lovee it,5
"I have problem with my account I can't open it, so i emailed insta to help me log on to my acc but they never response back",1
Nice 👍,5
Rhrie,5
"Instagram not including what's new, when new update is available, Please Let us know Before",5
Love to using,5
Is is. Very good,5
afrinansri,1
Great app,4
Bagus aplikasi nya 👌,5
"Why i can't login to my profile. It's says that technical problem plz,,do something and again this problem got start",1
Lvda,2
Chethan,5
This is vere very nice application ❤️‍🩹,5
App Achcha ha,5
Bohot acha,5
Love it,5
💸💸,5
Radhe Radhe,5
We'll,5
Nice App,5
"Too many ads makes instagram unusable. Why do you need so many ads? After every 2 reels, there is an ad thrown into your face.",1
Very bad application 😕 😐 😅 😔 😪 😞 😕 😐 😅 😔 😪 😞 😕 😐,1
Nice,5
Nice ap,5
🥳🥳,5
👍,5
Awesome app,4
Too good and great app ❣️❣️,5
Many bug issues 🥲,3
Behtreen,5
Good 👍,5
Surya,2
over,5
Time west,4
Best app in social media platforms,5
Instagram Kaise love Facebook Facebook Kaise load Karen Facebook load karna hai,4
My insta account is suspended without any reason please give me reason otherwise it activate my account,1
Satyam,1
Superb and amazing 💜💜💜💜💜,5
The best social app ever,5
Very entertaining.,5
Good 👍,5
Nicevapp,5
Reel not growth 📈 please,4
Nice,5
Good,5
Best app,5
Suddenly suspend my account with no reason. I literally do nothing and they suspend me.,1
Bobbins,1
This app my favourite,5
Very bad 😞😔,1
I am not getting notifications from this app,1
This application need update 1000+ times and this application wast our lot of precious time minimum 2-3 hrs got wasted in this application daily lot's of people are wasting time 10-12 hrs on this application,1
Pankaj j,5
Tum hi ne meri zindagi kharab ki hai 😁,1
Good,4
Geat,5
Nice ❤️‍🩹,5
I deleted instagram Bcz I reels watch alot and time wasting 5 hours 😵‍💫,5
Cant access saved and liked reels smoothly as it was earlier. If can't use and change it for the data I need then what is the bloody use,1
Very Bad,1
Nice,5
🥺,1
Perfecfttttttttt👍🏻👍🏻👍🏻,5
Okay,1
Wonderful app but the issues is that they blocked people's account without no reason,4
Overall performance is good but we couldn't share reel/video larger than 15 seconds,4
Ova muller,5
Stupid App Buggy Glitchy,1
Excellent,5
Superb,5
This app is very popular And earning app,5
Mdslaman,3
Wrong videos,3
My account was hacked and the only recovery option is within the app. Unfortunately the page is crashing. So my friends are getting scammed while I struggle to find way for recovering my account due to not only limited options but also limited software abilities of Meta as they messed up this badly.,1
Sai,5
Good morning sir,5
It's lagging Make it a lite version....,4
Nice,1
Nice,4
Marvelous,5
Rahulsk,5
"So as of now the guidelines claim that trans people are mentally ill and that calling them slurs is allowed (they use the word ""transgenderism"" in the guidelines). Basically treats us as if we were subhuman.",1
Awesome,5
Very good,5
phulamai kradika,5
Vert bad,1
Jai Ho,5
This good 😊,4
Wow but not exellent,5
This app easy to use,5
Pls help me fix how I can sign up and receive the verification codes because it difficult for me to sign up or register an account,5
Ek omkaar satnaam kerta poorakh nirpoh nirvair akaal moorat ajoni sehaben gurpersaad jap aad sach jugaad sach habhee sach nanak hoseebhee sach socheya sach soch na howayee je sochi lakh vaar chopeyaa chop naa howayee je layee raha livtaar pokheya pokh na otri je bana poriya paar sehas sayanpa lakh hove ta ek na chale naal kiv sacheyara howayee kiv koorre tute paal hukam rajayee chalna nanak likhiya naal waheguru wInstagram tremendous aap made my day I love you instagram i love you instagram muah,5
Follow option my instrgam,4
Creative account problem,1
❤️,5
Good 👍,5
Good,5
عالیه,5
Cool,5
P9 ni,2
Video call karo,5
"So far so good........... enjoyable, love the reels and ✌✌✌🤗",5
i love this instagram,1
Photo resizing issues faced alot of time. Instagram needs to update these bugs. My rating is still 2 stars,4
I luke this app,5
Best platform to upload my creative ideas,5
Poor,5
Awesome,5
I appreciate this app,5
Very deutiful app,5
Nudity is everywhere,1
The game is a 5 the same time as the one I have a look at the moment and I will be able to get the best way to get the best way to get the best way to get the best way to get,5
Good,5
100% the best,5
Nice per acount per new futures nahi aa rahe,5
Bahut mast,5
I am mad about it glitch of emoji pong game don't so my high score 😭😭,3
My account got banned for no reason please help 🙏,1
Very well trained,5
My all Instagram I'd was suspend 😔 Please help me 🙏😭😭😭,1
Very nice,5
It's so interesting,5
The best time waster.,1
Kya instgram ko sach mai 10 darik ka band kiya jayega,5
Nice app ☺️👍,5
Too much distractions,1
My Instagram account is permanent disabled without any reason. I want my Instagram account recover ...,1
Wow,1
10/10 😉😊,5
Good Excellent service for EXPIREANCED Fines nice for good health and my metas,5
Very nice,5
Very nice 👍,5
It is great aap it is good for you. .,3
Lovely app,5
.. M,1
It is nice for ti me pass 🥰,4
👌❤️,5
Instagram I love you,2
Keren,5
Cool App,5
Mukesh karmokar,5
Good,4
"Respect is a very expensive thing, never expect it from bad people.",5
I cannot add a collaboration to my Instagram post after i have posted it. I don't want to delete the post and repost it again. Please resolve the issue as soon as possible. Thanks,5
Swxxxxxßsxxxz😙😙😚😙😚😚😙😗😙😂😙😙😙😙😙😙😗😗😙,5
I use this app daily to text ppl and js watch reels it's literally the best app ever (in my opinion) but I js love this app in general.,5
Not play appp🫂,5
The is amazing best,5
Gam,1
Tenge tenge,1
wow...it's amazing...please also grow my page,5
😞,1
No 1 social media in the world,5
Please 🙏🙏🙏,5
Good,5
Good app,5
. I hate this type of stupid thing. So many peoples comments badly. That people no one block. Avery time blocked my account this stupid thing I don't like.,1
Instagram and filter Nahin Hai Do Mujhko,5
Excellent,5
Good,5
Were is my note like buttom,2
Bekar hai bagwaan naam ka to koi content he nahi hai,1
Happy,5
Good job!!!,4
Nice app,5
Why not it open?? Answer fast,1
Garbage,1
It's amazing,5
That's good,5
Shivam,4
Meltdown o'clock dough VP go Didi block ignored victim Lvov iCloud,1
Good,5
I love❤Instagram because I can relate with this App.,5
Dhsgch kuchh achcha gana bataiye gana wala mein,5
Interesting app 🙏,3
Very rubbish app can't solve a single problem which we face. My account is being suspended without any reason and,1
Bakit ayaw sakin gumana,1
Nice application and nice picture,5
Very easily & nice apps,5
Cause I can see squid game my fav character is player 380 won ji an,5
I love this app,5
Osm 😘,2
Please vairl may new post reel,5
आइ,4
Peda app,5
Distraction,1
9╭∩╮￣へ￣Byp,3
Best app to connect with people,5
Kay fayda is aap ka jo girlfriend nahi ban sakti,3
V good,5
Hd ed,5
Very,5
Very bad,1
Amezing,5
"It Cool what ,Eva you Enjoy fishing Motorcycle Music 🎶 it's Here",5
Mast parson,5
Good,4
Ashutosh Tripathi,2
Afsar,5
Incredible,4
Very nice,5
These app is very good and video and post are very trendy.,5
My experience is worst because it disabled my account for no reason also of my many friends we don't till now get a threat from Instagram it disabled account directly. #baninstagram .. But if this app make changes don't disable account of people without reason and give one chance to disabled accounts people may be this app will better,1
"The best app instead of whatsapp and very good experience,really love it",5
Good 👍🏻😊,5
Funny,5
Nice,5
Please stop this type of short dress content,1
Maybe I give 5 star to this app but the reason I don't give 5 star to this app is this that whenever I update this app I don't get the updated version... I'm so upset with this problem😔,4
Best,5
kagiso,5
I can't see comments and many bugs like page not opening and having comments but there is no comment seen after open comment section,3
very good,5
Well n we try to somthing good,5
𝐒𝐮𝐜𝐡 𝐚 𝐠𝐫𝐞𝐚𝐭 𝐚𝐩𝐩★,5
Wow awesome to use.and enjoy of happy moments 🥰,4
"When I add a video to my story there is no sound I've tried everything,voluming up and tapping on it....still no sound",4
"Not working well. I also uninstall the and reinstalled. After reinstalling I use to log in but app suggest me ""unexpected error occur"".Please fix this bug",1
It's gud,5
I like lit it's very good experience with instagram,5
best 👍,5
Omg 😳 thank you 😁 for insta,5
"I love this app b, I'm show that people who I want show it's just amezing and this app is full entertain for me The people who love you and didn't meet tham this is for you.",4
To explore lots of stuff through instagram..,5
Its good,5
El dm lajawabbbb,5
good,5
❤️❤️,5
बहुत jyada bekar hai,1
Good 👍😊,5
"If you need help urgently, forget it",1
Good but can you start paying. Me??,5
I like it 👍 I love you insa,5
Very bad app my account was suspend Randi ke bache ki app hogi,1
Suga,5
Good,4
❣️❣️❣️,5
👌🏻,3
I like it ❤️❤️❤️😘,5
Please help,5
Very good app,5
"Hello! My account was blocked, and I don’t understand the reason. I kindly ask for your help in restoring access. I’ve always tried to follow the platform’s rules. My account - @s_ksm1 Thank you in advance for your assistance!",1
💝,5
Good,5
A very good application. I advise everyone to use it,5
Mera fa,1
Mantsha,1
please,3
Best experience,5
Vipn,5
Nice app And also my friend are added on insta gram there songs are so beautiful and story also 👋🏻😘👻,4
valo,5
Perfect,5
Pavan Rajput 😇♥️,5
Unskippable ads? Really bruh? 🥴,2
Right hd him DVM g,5
Amazing application Thanks for Instagram I updated my Instagram Thanks for give service,5
رررررررررررررر ووووووووووووعععععععععععههههه,5
Dapat membatun mendapatkan informasi terbaru,5
Good app,5
I'm told there's some update going on right now but it hasn't changed a bit for me,4
Nice application,5
It's good,3
The message of the message kalya vika,5
Best social media of technology kal child,5
Its really amazing,5
Praveen dixit,1
"Hindi song is not available when we we put our story or post they removes hindi songs, disgusting behaviour from instagram",1
Very nice app,5
Its beautiful i love this app while im watching every vedio,5
Timepass AP,5
Good,5
Follow me,5
Sachinmkjf,1
Supar,5
Its me Deepa,1
Good app for any business,5
👍,5
Amazing 👌🏼,5
It's good,5
My favourite app,5
Nice app,5
Thanks for the waching,5
Pranabmakkala,5
Bug fix. Can't update!,3
Nice 🙂,5
Good 👍,5
Nice,5
"When trying to login with correct password , app is showing incorrect password, while resetting password also having same issue incorrect password 😷",1
very poor experience so many bugs that can't be update till date sometimes not working the app properly,2
Good 👍,5
It's made a revolution,5
good,5
Funny,1
Amazing,5
Chiiiiiiiiiiiiii,5
ഗുഡ്,5
Best self explore app for all,5
Nice,5
Perfect for everyone,5
Op,5
My favourite app,1
Best,5
best social media account Instagram,5
It's speechles❤️❤️❤️,5
So beautiful,5
It's good app👍🏽,4
Very good application,5
"Great experience, awesome app",5
1k ho gaya hai mera instagram par,3
l like this app,5
It was very new and beautiful experience with Instagram,5
I love this app,5
Why not showing audience option in my account,3
Best app after youtube,5
Lovely 😍,5
Toughest aap,5
Better,5
"if i could give it minus stars, i would",1
Best app,5
Kartick,5
Cant create new acc,2
Nice app,5
Dis app so bekar I'd his hak so no ri kobar Oli OTP din vul soo bekar app soo lek dis app soo sekoriti his soo bekar 😡,1
This is a good application for became famous.....and also simple to use,5
😍😍😍😍😍😍,5
"After an app update I'm not able to login to my account, it only shows incorrect password. I tried changing the password and tried to login others account too even their accounts are not logging in. But it works dual app, it's been a problem from 2 months and I have reported it several times but no proper response at all.",1
Nice,1
I like it ❤️❤️❤️❤️,4
Nice,5
Nice app😘,5
"Dear Instagram Support Team, I am writing to request assistance with an issue I am experiencing with my Instagram account. I am currently unable to log in to my account due to authentication code issues. Every time I try to log in, I am prompted to enter an authentication code sent to my registered email address or phone number. However, I am not receiving the code, and as a result, I am unable to access my account. I have tried troubleshooting steps such as chec",5
Supritha.harini,1
Insta gram is a good plate form it is good for people,4
Best app,5
Good,5
Good,5
Wow,5
"cant follow anybody, not even wal mart 😭",1
Hii Instagram my account notes like options not available please available notes like options,5
Good 👍,5
Very good👍👍👍,5
Good,3
Good app better experience 🥰,5
Good,5
Awesome application I really love it.,5
Good,4
Good,5
Normal sa ha but ok,4
Nice 👍,5
Excellent good,5
"Meta keeps deleting and sensoring things about Kurdish nation and Kurdistan from the flag gif to information about our culture and history and land , shame on you .",1
Love 💕,5
Nice,5
Good,5
Bahut achha hai instagram isase bahut laabh hai and kamana nahi chahiye,5
very good,5
😊😊,5
Very good masha Allah,5
Very poor. My account got hacked yesterday I've been trying to regain the access but hacker has applied two factor authentication on my account. Now when I'm trying to follow the steps online my app is keep shutting down saying it has a bug.,1
The opt for audience selection in post is not available in my account why,2
"Amazing app for interactive engagement with clients, prospects, friends, relatives etc as a platform to showcase our talents, skills, art etc.",5
Best,5
Very good,5
Good 👍,5
Good 👍,5
Good,3
Very nice,5
"When i want to check posts with more photos, responsive is not good on my Pixel 8 Pro. I am seeing part of second photo when viewing first one.",3
This app is super I like this app,5
My 2nd insta account is not updating at all !I tried many times but one feature never came to my Insta account. I don't like that I'm very disappoint for that 😔,1
Helpfull,5
",sz",5
Good,5
Super 👍👍,5
Good,5
"THAT,S GREAT APP FOR THE WORLD 🌎🌍",5
This app is not working well now i won't be abel to login my id in this,1
"Until now, my IG only allowed max 10 slides per Post.. wth.. how to solve this... >,<",3
Divya royal,5
This is very good app for connecting people who is long distance with us,5
Instagram please don't change dark mode black to nevi blue colour I love black colour and it's looking good for Instagram 🩷,4
This app is very useful,5
Nice app,5
Good,3
love you 😘 Instragram,5
Very 👌 nice app in world,5
Nice 👍🙂,4
W app,5
Jaswant. Singh. Rajwar,5
I don't know but I like this app,5
Nice app,3
"Instagram - the sex market, and the place where all the independent woman gather to promote their Onlyfans account!",1
Alveera rangrezz ❤️❤️❤️❤️❤️❤️❤️❤️❤️❤️❤️,5
Bahut achch,5
Nice 🙂,5
Nice,5
Very excellent app,5
Best but ai is not good,5
Nice 👍,4
Nice app,5
Best aap,4
This is an unbelievable app.,5
Insta delete my acc and even tho I try to create it won't let me plus it always ask me to put code like always.,1
Super,5
"My account was IMMEDIATELY suspended. Like the day I made it. Before I did anything on the app at all. I hadn't posted anything, liked anything, or followed anyone. Only thing I did was send a message saying ""Hey"" to my mom. I've managed to get unsuspended, but what the hell Instagram",1
I take this insta....,5
Video call ek bhi shi se nhi hota hai bhut khrab app hai,5
😇😊😇😇,5
"Good, thanks",5
Enjoyable,4
Excellent,5
Good,5
Good 👍,5
Airtel 5g com,2
💥,5
Very useful to find photos and ideas which you look for.,5
😆,5
Good app,5
Insta keep removing my followers it's been so long I did everything to stop it nothing works please fix this bug,1
Good,5
Irritate environment,1
🔥🔥💕,5
🔱🔱🔱🔱,5
Verry good😇,5
Balaji Thakur,5
Nice👍,5
I like it and it is nice keep it up,5
Op,5
"Instagram ,!",3
Love using instagram buy the problem is that you can't add up someone if your account is being restricted,5
Ok,5
Good,5
Nice Instagram app Thanks for Instagram app 🙏,5
Instagram id grow kaise kare,5
❤️,5
Nice,4
"I've been using instagram for more than 6 years and I've never had any troublesome experience until now. All of a sudden, instagram just suspended my account asking me to submit and appeal which I cooperatingly did, I was told that I'll be getting my account back within 24 hours, it's been more than a week and I didn't get my account back yet. I tried creating 4 more new accounts Later and each and every time its getting suspended for no reason at all!. This is just not fair, I need answers!",1
Nice App,4
App is good,5
Not good,5
Nice,5
👍,5
Good,5
Love you 😘,5
Abdul62gafur namaste,5
They don't let me post multiple pictures at once in my feed,2
Mast,5
Bolo,2
Useful 👍,5
Nice app,5
It's so far so good,5
Lado editor 300k,5
Login issue & profile information problem,1
In this. App of i mention someone others will not get mention back option my I'd is _anshika_shandilya_,1
Very nice app...,5
Good,4
Very good,5
Supriya Mondal,5
शँ,3
Mast hai,5
Priyanshu goutm,5
Nice,5
Good work 👏,5
Please change video call screen half screen is very good change it,5
Very cool experience,5
Instagram music on reels doesn't play in Mauritius. Please sort this out,3
Chandkhan,1
Beautiful ❤️❤️,5
App Mere video viral kar do please,5
Very good,5
Bst of the bst love ❤️ 😍 💖,5
👍👍,5
💯,4
👍🏻,1
Good one,3
Always happy,1
ban the app because of porn condition and full of videos scrolling 18+ conts so ban videos or app #tag_indian_.,1
Good,5
Ladkiyo ki id nahi milti hai,1
Zayvion 671,1
Freefireindian kab ayaga,5
Jahir. Sk,5
Sai,5
Install kasa hoga,1
Nice,5
❤️❤️❤️ VERY NICE ❤️❤️❤️,5
Good 💓,5
world famous app,5
Very bad app for Students Because Bhut Sara Adult Content H app Me,1
Best applications for fun and earning via content creation,5
Good and better app,5
Good,1
Please set categories reels functions,5
Ya aap badiya ha lekin ya hamari chat ban kar deta ha 🙂,5
I like app,5
Very good,5
very bad,3
The 1st Amendment does not apply here. Run by Woke Liberals...,2
Nice app,1
Nice one,4
Good,5
😝😝😝😝😝,2
Good ap ap,5
Excellent app. I don't have any problem yet,5
Great,5
Super,5
Please viral my reels🙏,5
Prob lem data vest ho jata hia,5
Nice 🎉🎉,3
App is ❤️ loving,5
Bijli khatun,5
More data increase and all nice,1
Really good,4
Good app,5
Kartik,5
No compitable android 7/8 😒,1
the besttt,5
I like it,5
Nice app,5
"Extremely Capricious blocking of remarks No Explanations or Examples of whahello Hello You Have ruined And Abused me Besides Legal What Is next Please 🙏 be reasonable t the supposed infraction is... Ever Provided Yet Full of Questionable content Mostly entertaining However the Algorithm narrows Down the content over time... Sticking with... So far 😞 Looking like the Actual content providers have Even more issues. Turning to Muck with murky ""regulations """,1
Nisha gujjar,2
Super,5
Idk i just Can't log any and I even Try finding research for this but It really doesn't work for me,1
Vlo,5
Nice app,3
Good,5
I forgot my password,5
Good,5
Bad,5
Bestest app,4
Wow,5
Super,5
Excellent,5
Nice 💯💯💯,4
"Every time we get to a version that works, you still need to come and ruin it with an update... Please fix it!",2
This is very popular app,5
Story and post gallery not functioning correctly,1
Nice😍😍😍😍😍,5
I love instagram,5
something it suggest me unwanted things.,3
Satisfied,1
Nice 💯,5
Top,5
Very nice,5
LOLA APP,1
Ramesh ❤️‍🩹 😍 Gouda 😈♥️,5
🌍,5
This is the very good aapp,5
Please not problem this Instagram,5
Nice,5
The app was good before but now I am unable to log in my account it has become the worst app for me I cannot log in my account and cannot use it I don't know what to do I have reset my phone reinstalled the app tried everything but nothing worked. It's a big glitch. Worst app ever 👎🏻,1
خیلی خوب,3
I like this aap very much 😁,5
It is never uzer supportive.,5
Nice,5
Very intresting,5
Moj,5
Kariak,5
Good 😌,4
Bad,1
Acha,5
Instagram is good bro,4
"Good Experience, but need more followers 😊",4
Instagram thank you Veer_editer138 Follow kar do Soppert me please 🙏🏻,5
The best app you could ever use,5
I love this app,5
It will be better if I could share PDFs with people on my Instagram messenger,3
improve your algorithm,3
⏩⏩⏩⏩⏩😉,5
Some emojis are not available on this app this make me annoying,5
Bout acha,5
Very low speed in loading and it does not cash anymore😭,1
It's so useful app. Here you can watch reels and posted photo.,5
I am so happy to use instagram ☺️,5
It's not letting me post 20 slides and it's glitching a lot plus I can't post on 3:4 ratio,2
Awesome and amazing,5
Big fan,5
Can you please tell I am downloading instagram ant it is just showing pending What should I do to download it,1
amazing,5
Nice app ☺️,5
Swift,4
Ew,5
The best,5
🥰🥰,5
Nice aap,1
Good per deferent you,4
Mavia 💖💖💖saddu 7261,1
Very nice,5
Too strict but of course it's a meta platform so that's normal,3
Something happened with my account.And it's not letting me use it anymore,1
Nice 👍,5
So cool 😎👍🏼👍🏼,5
Why my instagram moving slowly,5
"Ever since the app was bought out by META, it's been meta garbage. I still use it, but there's many issues. Hate speech is allowed first off. So do not under any circumstances let anyone under 18 use the app. Unless you watch them use it. Comments are inappropriate and disgusting. The next issue is the reels. Some only have the option to rewatch the reel. There is no pause, no progress bar, and sometimes no mute. Lastly, their AI is in charge of banning users & removing comments... Enough said",1
Super App,5
Nice oooooh,5
Good for content creators,5
No parfect aap for me,1
A very wonderful app U can resist it when u start to use it,5
🥰,5
Instagram follower 10000K,5
wow😎😎😎,5
My instagram account logout twice and i changed my password but its not useful bcz again my account been logout .what i do i feel that someone hackeed my account plz help me and secure my account.THANK YOU,1
Ankjtyabav,5
Why this app not working with many people. Hi Hi ub No,5
Entertainment mems hawaa,5
Despicable content moderation. Women are not property,1
😘😘😘,5
Nice app for time pass,4
Very good app for enjoment reels postes,1
💞,5
Nice,5
Nice,5
wounder full,5
Good,3
Best app,5
It's good interesting app to use,5
Nice,5
They banned my acc for nothing,1
This is best app for Timepass,5
Nice and good 👍,5
Nicc,5
Enjoy 😍,4
🫶yaar kya btau mja aa gya 😜😅😅,5
Nice pic,5
Hiyjyu,1
Good,5
very very good,5
Please solve instagram glitch problem I have so many problems on my account And plx stop daily updates,1
Shrikant Sharma King off india,5
Hdfc Hdfc bank.,3
🦋🦋🦋🦋🦋🦋,5
Nice,4
Amazing ap,5
Good,5
Great!,5
Best,5
Good 👍,5
Every Good 👍🏻,5
Nice,5
Good,4
Very nice app,5
Magesh,5
Such a nc way to be connected nears/known,5
Nice,5
Follow dsrathore_15,5
Most recent update crashes Instagram whenever I try to video call. Worked fine 3 days ago,1
"Only reels and friend ke liye using this app and not a very important app I am using editing video and tha serial reels see not a very use app Only stars and reality show and dramatic serial or any movie song old and pro new song ,Insta use for long distance relatives jinka no naa ho unse baat and unke baare jaankari wo kese call and massage krna or your friends and family ko mill sakte bina phone no ke or unko acche reply kr sakte hai family ke log Jo baher rahte hai unse bhi call per baat kre",1
I love this,5
New update,5
HY INSTAGRAM TEAM why was to suspended my Instagram account? 😔😔😔,1
on Abd Aziz Street Cross From Dabab on,5
Nice app,5
Nice,5
Best social media app 👏🏻,5
Thank you Instagram hamara follow barabar,5
Nice,5
Nice application for social media,5
Like,5
omkar,5
My favourite app,5
Good,5
Good,4
best hai 🥰,5
"Instagram is preventing people from using rhe ""DISCONNECT FROM FUTURE ACTIVITY"" feature. When you select it...it goes back to ""CONNECT FUTURE ACTIVITY "".. & No... this is NO GLITCH..ITS DEFINITELY ON PURPOSE BECAUSE THE BUTTON TO DELETE FUTURE ACTIVITY IS ALSO GREYED OUT..NOT GIVING YOU A CHOICE. TOOK SEVERAL SCREEN RECORDINGS TO SHARE WITH OTHERS AS WELL AS A LEGAL REP. IT SEEMS ILLEGAL TO FALSELY SHADOW BAN PPL AND PREVENTING THEM FROM USING THE PLATFORM THE SAME AS EVERY1 ELSE.",1
2sawawe,5
Is so nice ☺️,5
Very wonderful app 😍❣️,4
My ID is suspended 4 th time why,1
Nice app,5
Awesome,5
My Instagram account not vairal 😭so bad,5
I'M AND SHARE SUBSCRIBE KARDO PLEASE SPORT KRDO PLEASE SPORT KRDO PLEASE SEND ME BHI AESA HI HU,5
Good,4
This is a best timepaasss socal मीडिया 😜,5
Very nice app,5
Chutio,3
Aakash Kumar,5
I am happy,5
रील में विव्यूस नहीं आएगी मेरी मदद करने की कृपा करें 🙏🏼,5
Veeru_Jo ga wat_143,5
Because this is so much fun and information thingd,5
This app is great 💯 but my followers is less😅,5
"Very good, and addictive lol 😂😂 well, sometimes there r some problems in the following thing but overall it's great",5
Instagram keeps suspending my accounts And I haven't posted or said anything on comments,1
Best app,5
This app is very useful,5
One easy to understand quick response and no bad stuff goes on here very peaceful and professional I love it here guys thank you so much to having me here God bless,5
Bishnusoren,2
Nice work,5
"Instagram Listen to me carefully, your app is very good but it also comes with a lot of dirty content which is not good, ban those obscene content from Instagram, thank you.",5
Nice,5
Instagram function and button are hardly,3
Love this app! It's helping me grow my buisness like I never dreamed!,5
Dear Instagram team I am having a problem I am unable to like any post reel They show your request is pending Please fix my bug problem Thankyou,1
Most useful aap to grow business,5
Nice this application,4
Arhikumari,5
"New update ruined it. Update: Now every time I turn off save stories and posts to gallery, it turns it off by itself, when I share or post. I don't even see how this is a problem, it worked fine on my old phone.",1
🥰🥰🥰🥰🥰,5
Muzikhona,5
Awesome,5
Problem,1
This IG app is so amazing,2
Good 😁,3
Jaan,5
Nice 🙂,5
💞,5
I am so lucky 🙂.,5
W3wws erv29,4
Very nice app,4
showing blur stories and reel also i turn off data saver in app whenever i connect wifi reel and stories are not a blur,1
GOOD APP,4
Good app,2
Good,5
Poova,5
Nice,4
حسین,5
Best aaap,5
Cool,5
Sirf glitch ban issues,1
Unusable,1
Very good social media app,5
Zishan King,5
Update deo,5
Hahahahaha,5
Good 👍,3
"Recently whenever I send a message the word ""null"" gets attached to it.",3
🔥💯,5
Very nice,5
Awesome app,5
Nice aap,4
I love this app,5
"Tried to log in, who tf is Ron George?? Some glitch or sumn...?",3
Most worst social media platform......my account got suspended and there is no option to contact Instagram....i have created 6 new id and all of them got suspended without any reason 🤬 and in future I'm not going to use instagram any more.,1
Instagram is very amazing app🥰🥰🥰,5
Very good,4
Very well good and फाड़ दी टिकटोक की गाड,5
Addicted app,5
Iski madat sa bandi sat ho jati ha,5
Prem,2
IT is the good social media apps,5
Excellent,4
Love,5
op,5
MD:salam,1
Great,5
Perfect platform,5
So beutyful aap,5
😊😊,5
Best...... Good....... Very best app....,5
Excellent,4
Not good,2
Not professional but a good and effective Distraction 💪,5
Parul,5
Good,5
Ayaw gumana bulok yang Instagram Nayan nakaka banas ayaw gumana,1
Viral video,5
🤬🤬😡,1
It's very good app helps to spend time when I m bored everything is just perfect ❤💞,5
Super,5
My Instagram no opening now .haw open my Instagram. Please my Instagram I'd brekup now and open my Instagram.,1
tanish khan,4
The best app to become celebti,5
THANK YOU,5
LalanKumar manjhi 22,5
Wow 😲,5
I m a new user but still it was a fabulous experience. Good very good,5
"Its alright, but fix the comments. There are so many fake accounts for example spamming anti vaxx comments. Fix it please",4
This is very exciting,5
Superb mind-blowing,5
Good,5
My experience is good,5
Online prostitution business is booming in this place along with fraud. It is an open dark web,1
One of the best app ever 👍,5
Nice,1
Nice app,3
