review,rating
"O App simplesmente parou de notificar qualquer atividades no meu aparelho.

Possui um iPhone 6S e o App simplesmente não me notifica de nada! 

Já fiz todos os procedimentos: chequei as configurações do meu aparelho, chequei as configurações do aplicativo e já desinstalei e instalei o aplicativo e nada foi resolvido.. 

Espero ter um retorno de vcs pois isso já vem acontecendo a meses. 

Obrigado!",5
não gostei que agora só posso ver qm viu o story dentro de 24hrs,2
"Não gostei dessa atualização, pois retirou a possibilidade de olhar quem visualizou os destaques da história.",1
"App dando problema, fica fechando sozinho, todo dia tenho q desinstalar duas vezes e instalar novamente",1
"Não aparece as visualizações depois de 24 horas, pra que serve o destaque então?
Pior atualização, voltem ao que era antes e mostre as visualizações independente do tempo decorrido",1
quando eu vou entrar na minha conta aparece uma mensagem escrito “Erro. Ocorreu um problema com a sua solicitação”,1
"Está fechando sozinho , não consigo ficar mais de 30 segundos .
Tenho iPhone 5c é por isso ? Algum bug ?
Please, arrumem !",1
"Meu insta não tem o negócio de perguntas 😢 já atualizei, exclui reinstalei e NADA!!! To",1
"Meu instagram não esta abrindo no meu iphone, alguém pode me ajudar?",5
"Meu aplicativo não está funcionando pois solicita confirmação de conta. Já foi feito a confirmação, mas não consigo acessar minha conta. Preciso de ajuda!",5
"os pontinhos sumiram e não passa pro próximo automaticamente, quando termina fica repetindo, pra passar tem que tocar na tela... odiei, instagram please fix it",1
"O instagram não permite mais ver quem vizualizou nossos stories passados (arquivo). Há apenas o número de vizualizações. 
Péssimo!!",1
Não aparece a atualização de perguntas pra mim já está tudo atualizado e nada,1
O nova atualização não mostrou a opção de perguntas no meu histórico. Tem como corrigir esse problema ? Outras pessoas também disseram que estão com o mesmo problema.,5
Agora não dá pra curtir mais nada que o app sai! ARRUMEM ISSO!!!,1
"Toda vez que uma pessoa faz um novo storie, quando você abre vai pro primeiro que ela tinha feito, sendo que já eram stories já visualizados. Você tem que pular tudo até chegar não últimos! Arrumem isso!",5
"Essa última atualização do feed do Instagram, na versão 233.1.0.4.112, ficou muito ruim, a foto ou vídeo ficam escuros, o texto da publicação fica em cima tampando parte do vídeo e foto, não dá pra ver direito, não tem como ler o texto da publicação inteiro… O feed antes era bom, e com a atualização ficou muito ruim, escureceram a tela, e ficou parecendo a rede social Facebook.",1
"Pelo amor de deus voltem com o feed antigo, esse novo feed imitando tiktok está horroroso pra visualizar qualquer coisa, além do texto ficar em cima da imagem. Agonizante usar o instagram agora",1
"O meu Instagram até hj não tem a opção para colocar música! Absurdo, tenho minha conta desde 2012/2013.
Já outras contas feitas recentemente, todas tem a atualização.",3
um lixo esse feed novo que parece com o tiktok,2
"O app esta fechando sozinho, o aplicativo já estava fechando sozinho, achei que fossem acertar nessa atualização , porém o problema persiste..",5
"Essa nova interface do Feed acabou com a graça de usar o Instagram, não ter uma timeline pra rolar do meu jeito é péssimo, além de todo conteúdo estar muito invasivo e as fotos 5:4 ficam piores ainda. O controle do som não existe, por que se clica uma vez pausa, se clica duas da like. O Instagram se perdeu muito tentando imitar o tik tok e tentando enfiar os reels idiotas garganta a baixo.",2
"Sem condições esse novo feed, pelo amor de Deus volta ao normal, tá horrível esse novo feed imersivo, tem q da a opção de voltar ao antigo estilo de feed. Devolve meu Instagram normal.",1
Não gostei por que impede de ver quem visualizou os storys,1
"Caraca que atualização sem noção foi essa? O feed tá horrível, super incômodo aos olhos, uma cópia barata do App concorrente, o Instagram perdeu completamente seu foco e identidade",1
"Mais um app que vai “morrer” por causa redução de funções que os desenvolvedores nos impõe, péssima escolha retirar a aba seguindo do app, já retiraram a opção de compartilhar os próprio post no story e agora tiraram a aba seguindo, oq mais vão tirar da próxima? Daqui a pouco o app volta ao início se tornando só mais um app para postar fotos...",1
Não aparece a opção “gif” e “perguntas” para mim!!!,2
"Des de ontem venho tentando postar um story, e as músicas que eu quero não estão aparecendo mas nas notas estão.
Espero que isso se resolva.
Att:@lorenzo_dalmolint",4
"Meu App atualizou e na minha opinião virou um TikTok cheios de anúncios quase não vejo mais o que eu curto e as pessoas que eu sigo, o Instagram só me direciona reels não gostei do novo formato! Entro é só vejo Storys ! Alguém avisa que tiktok não dá 🙃",1
"Em outros aparelhos eu consigo acessar minha conta do Instagram, mais quando tento acessar no meu aparelho aparece a seguinte mensagem “ocorreu um erro com sua solicitação “não tem como resolver ?",1
"Ta igual ao tiktok, só aparece vídeo no feed, já atualizei 3 vezes e só tem vídeo, se eu quisesse ver APENAS VÍDEOS, eu baixava o tiktok",1
"Se a ideia dessa atualização com esse feed terrível é causar desinteresse nos usuários, conseguiram.",1
"Eu não quero que cada postagem seja um video! Nem que precise ficar arrastando meu dedo constantemente para descer pelo meu feed. Além de ser horrível de navegar, mal consigo ler as descrições das postagens. Vocês sabem que muitas pessoas colocam mais do que 2 linhas de texto naquele espaço, não? Não tem nenhuma noção do que os usuários querem.",1
Por que cargas d’água a lista de quem visualizou os stories não fica mais disponível depois de 24h? 😤,1
"Simplesmente a opção de ENQUETE não funciona em meu perfil do Instagram, já fiz tudo que podem imaginar e nada!!!!!",1
Odiei a nova atualização que muda o jeito de manusear o feed. Péssimo para ver as publicações.,1
Péssimo com essa nova atualização automática que tira a aba de atividade das pessoas que eu sigo,1
"quando a pessoa postar um story novo e eu vou ver volta o story desde do início, aí tenho q ver todos de novo pra ver o recente",3
"desinstalei o Instagram e baixei novamente, porém, agora ele não está com a nova atualização, não consigo fazer story com música!! por favooorr ajeitei isso pelo amor de Deus🤦🏾‍♀️",1
"Como as diretrizes do Meta são uma coisa só , o Instagram se engloba mas exagera na disseminação de propagandas , além de faltar alguns bloqueios para conteúdos sensíveis como já vi propagandas de vibradoresfemininosemasculino/vídeosdetragedias/aumentopeniano/ganhodedinheirorapido, eu sei q nada disso funciona real e não busco por essas coisas, mas deveria ter opção de receber propagandas ou não , isso é abuso mental, e outra falar que não se paga nada e para ter o Instagram é enganoso , pois tenho q pagar um celular , pagar rede móvel , pagar tudo. Por favor se algum humano realmente ler isso vai entender o q digo. Melhorem seu App obrigado. Ps utilizo para fim profissional e gosto na rede quando vejo apenas o q quero.",1
"Se você está ouvindo música em algum app e quer fazer um vídeo no stories, a música tocada para. Não era assim!",5
"A última atualização teve a modificação do Layout das publicações deixando as parecidas com o tik tok. Porém as fotos ficam escurecidas e cortadas, as legendas tampam uma parte da foto dificultando a visualização. Peço o retorno do layout antigo, pois esse novo apenas piorou atrapalhando e dificultando a visualização de fotos !",1
"nessa atualização não da pra ver mais quem visualizou os stories que ficam salvos nos destaques, aparece uma mensagem abaixo escrito “as listas de visualizadores não estarão disponíveis após 2...” e nao aparece o resto, nao entendi pq nao aparece mais, quero de volta poxa",1
"meu instagram bugou quando eu tento colocar alguma música ou pesquisar, literalmente só tem música que eu nunca tinha escutado e músicas nada a ver, não consigo nem pesquisar cantor que não aparece",1
"Desativei minha conta temporariamente e não consigo mais acessá-la, então moral da história perdi minha conta por erro do Instagram",1
"O app é bom, mas o novo design do feed ficou péssimo, voltem com o antigo",1
"Tá péssimo pelo menos pra mim!
Eu vou postar algo no story e o app fecha sozinho.. ridiculo.",5
"não estou conseguindo acessar minhas contas, perdi todas elas pois o instagram diz que ocorreu um erro com a solicitação, oque houve?",2
"Nunca tive queixas a atualizações, mas essa última está demais. O feed tá péssimo, um tik tok forçado, mas o pior mesmo é a legenda das publicações, pois ficam bagunçadas e as palavras com a ordem trocada, oq não traz sentido ao texto. Sei lá qual a proposta de vocês, mas resolvam isso.",5
"Meu Instagram está com o bug “ocorreu um problema com a sua solicitação” tem mais de dois dias.

Aguardei 48h e não resolveu. Nao consigo acessar.
Não é problema de senha",1
"Meu app atualizou automaticamente para uma nova versão do Instagram, que está no modo escuro e imersiva. Já tentei mudar, voltar para a versão anterior, mas não há uma opção. Se for um teste que está sendo feito no app, gostaria de dizer que está horrível!! Cheio de propagandas, não é possível ler as legendas, muito escuro…Enfim, horrível!!!",1
Essa nova versão by tiktok ficou horrível.,1
"Desativei meu insta há uns dois dias e não consigo reativar, já segui todos os passos, o App fala que tá sem internet, tento pelo 4g e nada! Tá difícil!!! Fala pra eu tentar depois. Arrumem isso!",2
Novo formato está péssimo… Impossível de ler textos maiores! Péssimo para ver as fotos reais!,1
"Um certo sticker onde todos respondem nos storys não consigo responder, “Poste sua foto favorita” eu clico quando meus amigos postam e ela não vai pra figurinha, ela passa os storys, oq faço?",1
Pq não conseguimos mais ver quem visualizou o story depois de 24 horas ? Péssimo,1
Péssima atualização!! Não carrega os stores... 🤪,5
"Parece o app do Magalu, americanas e etc...",1
"Depois dessa atualização não consigo ver quem viu meus destaques, mostra que apenas algumas pessoas viu meu stories, depois que expira, mostra todos! Aff isso tá um saco 😡",5
meus efeitos sumiram todos e não consigo salvar outros!!!!,1
"Estou tendo esse problema quando tento logar pelo aplicativo, esse erro acontece apenas no aplicativo, pela página da internet consigo entrar normalmente.",5
Desde sábado fui desconectada do Instagrame agora aparece erro na solicitação eu já tentei de tudo e nada,1
"Dps de uma atualização, n estou conseguindo entrar no meu Instagram. Para mim entrar eu tenho que desinstalar e instalar dnv. Resolvam isso por favor!",4
Meus artistas e músicas sumiram! Não consigo mais colocar músicas nos meus stories! E minha conta não é comercial é pessoal! Absurdo que coisa chata!,1
"No meu celular (iPhone) a tela inicial fica como se o aparelho estivesse em modo escuro e a página do perfil normal, em modo claro. Caso seja uma atualização poderia ter opção de escolha. Não gostei desse formato! Outro problema é que não consigo acessar a câmera pra postar um storie, eu tenho que tirar a foto pela câmera do celular e depois postar, péssimo!",1
Que atualização horrível!! Virou uma cópia clara do tiktok,1
"Já faz mais de 15 dias que tento reportar um problema mas não consigo !

Meu Instagram não carrega os filtros, quando carrega todos os filtros fala que meu celular não é compatível, sendo que meu celular é um IPhone XR iOS 15.4.1 ! 

Já desinstalei, instalei, já formatei o celular e nada !",1
"A qualidade dos meus storys tão ruim, o vídeo tá ficando meio marrom com a qualidade péssima, alguém sabe como resolver esse problema??",1
"O app está regredindo, tirou as opções de ver o quer as outras pessoas estavam curtindo. To detestando!",1
Odiei essa opção! Por favor voltem com a opção do seguindo pra ver o que os outros estão curtindo,1
Depois de 24 Horas não conseguimos mais vê a lista de quem olhou os Stories publicados. Vamos rever isso aí Instagram.,3
Não estou conseguindo mais acessar minha conta pelo app,1
devolve a lista de visualizadores dos destaquessssss!!! tá péssimo,1
"Muito ruim a nova atualização, fundo preto e passagem do feed péssimo.",1
Essa atualização tá um lixooooo quero de volta oq era,1
"A nova interface ficou péssima! A interface antiga e característica do app era infinitamente melhor, a nova é similar ao tik tok, porém se eu quisesse usar o tik tok entraria no outro app",1
"Não entendo porque tanta gente atualiza e tem as fontes novas pra story enquanto muitos outros não possuem ainda essa funcionalidade. Isso é tão estranho, parece que o Instagram não sabe atualizar tudo de uma vez, alguns usuários se beneficiam antes enquanto outros ficam esperando sentados pela atualização. As mudanças do Instagram são em doses homeopáticas.",2
Tá horrível esse delei de ver um vídeo e depois que vai abrir os stories fica 2 pessoas falando ao mesmo tempo! Arrume isso logo,1
"Não sei oq aconteceu, mas n consigo mais acessar minha conta, sempre fica aparecendo q ocorreu um erro de solicitação, e eu já tentei de tudo mas n vai",2
"não gostei, meu insta desconectou sozinho duas contas e aparece “ocorreu um erro com sua solicitação”, não quer conectar por nada, já desinstalei várias vezes, esperei horas e horas, mas não adianta.",1
"Por favor, nos vídeos do Story libera pra mais de 15 segundos 🙏🏼coloca pra uns 30 segundos, seria perfeito…",5
"Estou tentando entrar no meu Instagram, mas sempre que coloco a senha aparece a seguinte mensagem: Ocorreu um problema com a sua solicitação. 
Pelo meu dispositivo só entra pelo Safari, e entra normal no app de outros celulares, menos no meu.",1
"N consigo acessar o app, aparece a seguinte mensagem “ocorreu um erro com sua solicitação “",2
"Estou a 1 mes sem conseguir usar nenhum tipo de musica em nenhuma publicação do meu instagram, ja mudei a conta para criador de conteudo e conta pessoal mais mesmo assim nao aparece nenhum tipo de musica",5
"Desde que precisei sair da minha conta, não consigo mais entrar. Fica uma tela em branco carregando e nada acontece, ja ta assim há 3 dias",1
"Amo o Instagram, mais agora está parecendo TikTok!! Fundo escuro , no feed aparece apenas vídeos , não tem como tirar os áudios dos vídeos ! Desinstalei e instalei novamente ele fica igual antes , mais depois volta a ser TikTok novamente sem eu atualizar , espero que arrumem isso , versão péssimaaaaaa",5
Só aparece músicas estranhas no Instagram minhas músicas brasileiras todas sumiram está um lixo horrível,1
"As músicas sumiram dos storys, não consigo colocar nenhuma música brasileira ou até mesmo de outros países, só aparece umas músicas desconhecidas que o próprio Instagram disponibiliza",1
Não consigo responder mensagem específica odio,1
"Quero meu feed de volta esse modo tela cheia é horrível sem vontade de usar a plataforma, deixe cada aplicativo com sua originalidade.",1
"Ultimamente preciso desinstalar e instalar novamente sempre q quero usar algum filtro nos stories. Não sei o que está acontecendo, resolvam isso, por favor! Tenho um iphone xs max, primeira vez q está dando problemas...",5
"Tive que vir aqui para dizer que o aplicativo ta cada vez pior!!!! Horrível a nova atualização, se for assim eu migro para o outro aplicativo que ta igual",1
Odiei essa nova atualização. O feed ficou parecendo o TIKTOK. PESSIMOOOOO😩😩😫😩,1
"A última versão obriga a vermos as publicações de uma forma que não gostei, como sugestão permitir que pudéssemos escolher a forma de vermos as publicações.",4
Achei a atualização atual do Feed do Instagram péssima. Estou pensando em não utilizar mais o aplicativo devido a essa mudança. Péssimo,1
Não estou conseguindo compartilhar as publicações do meu feed nos meus storys!,2
"Desde ontem à tarde que só consigo ver as 6 primeiras pessoas vê olham meus storys :/
Já fiz de tudo e não volta!",3
"Não consigo compartilhar publicações nos stories, e pelo que busquei é só o meu.",1
"Meu Instagram não quer pegar os efeitos 
Alguém sabe o q pode ser ?",1
Ao apertar o botao para capturar a foto o app fecha,5
"Não consigo entrar pela minha conta pessoal, quando eu entro dá 2 segundos e ele se fecha sozinho. Mas nas contas comerciais que tenho adicionadas estão funcionando perfeitamente. Como relatar problema se não consigo entrar na conta?",5
"O aplicativo está cada dia pior. Não consigo acessar minha conta há dias, tenho dito total dificuldade pra isso. Altero a senha e fica dando erro, não recebo mais o e-mail de confirmação. Além de ficarem me enviando mensagens dizendo que estou violando as diretrizes do aplicativo com outros aplicativos de seguidores e curtidas, coisa que não uso. Gostaria que encontrar uma solução o mais rápido possível.",1
Depois que tirou o “seguindo” ficou MUITO ruim!!,5
"A atualização está horrível sem a aba “seguindo”,",5
Péssimo após a remoção da aba “seguindo”.,1
Não está aparecendo mais as músicas no stories dizendo que estão indisponível temporariamente o que está acontecendo ?,5
"E esse teste aí, acaba quando meus lindos?",1
"Todos os filtros que eu tinha salvos sumiram depois da última atualização. 
Resolvam isso!!!",1
"Faz mais de uma semana que não consigo entrar na minha conta pelo meu celular, porém, em outros celulares entra normal. Vi que está acontecendo com várias pessoas!!! Péssimo",1
"Gente, atualizaram o insta 29/06, e eu odiei
Ficará parecendo um Reels eterno e escuro, odiei, volta ao que era, palhaçada viu,  quero meu insta antigo, tela clara e postagens normais e não tudo parecendo reels aff",5
Porque as músicas não estão aparecendo em vários perfis?????? ARRUMEM ISSO!,1
Só é o meu que não tem a opção de por a música no status do direct?,3
O botão de reels não aparece pra mim,1
"Essa nova atualização é péssima, aparece mais coisas de quem você não segue do que tudo... se tivesse outra ferramenta ja teria migrado",1
Gosto muito porém a minha enquete continua a mesma apenas de sim ou não 😔,5
"A mudança no layout do feed ficou PÉSSIMA!

Primeiro porque perdeu a identidade e agora está igual ao tiktok.

E segundo e muito mais importante: o novo layout faz com que o @ do perfil e a descrição da foto/vídeo fiquem sobrepostas à imagem. No caso dos vídeos essa sobreposição cobre completamente as legendas impedindo a leitura. 
Nem preciso dizer que para as pessoas com deficiência auditiva isso é um enorme problema, não é?",2
"Que horrível que ficou esse feed preto! A visualização dos vídeos também está horrível e já vem com som! 
Está cada vez pior",1
"Essa última atualização está horrível. Não dá pra ver as fotos direito, elas estão mais escuras, metade da foto fica com detalhes por cima. A estética do feed foi feita de uma forma que me faz perder a vontade de usar o insta.",1
"O novo layout está péssimo, dificulta a visualização das legendas e das escritas nas imagens, a opção de salvar posts agora exige muitos cliques, e num post com mais de uma imagem, ficou difícil de passar de uma imagem para a outra sem mudar de aba",1
"Essa nova atualização tem uma interface péssima, sem contar que estou há 2 dias vendo as mesmas publicações por que o feed não atualiza. Corrijam isso por favor, não dá pra usar assim!",1
"Tenho a conta há mais de 10 anos, nunca tive problemas com minha conta. Agora não consigo mais ver os perfis, fui limitado pela primeira vez. O Instagram acabou. DITADURA DIGITAL! NOJENTOS",5
"O App não está abrindo no meu iPhone já desinstalei, limpei cachê, limpei dados e nada vai, já vi vídeo no YouTube não resolveu!!
Depois dessa atualização que começou acontecer isso 😤 
Já faz 4 dias que estou sem Instagram, não consigo abrir o aplicativo de jeito nem um.",5
"Não estou conseguindo acessar minha conta, está toda hora dando erro preciso de ajuda",5
Odiei a retirada da aba “seguidores” do Instagram.,1
Voltem com a atividade das outras pessoas. Não ter prejudica muito a divulgação dos perfis comerciais!,1
"Vocês estão de sacanagem , só pode . Tem mais de mês que Tá bugado esse Instagram . Fecha sozinho. Não aguento mais desinstalar e instalar .",1
"O app está atualizado, o iOS tbm e não funciona as figurinhas de “add yours” “sua foto” ou sla oq 😑
Eu esperei, pois a liberação seria gradual, mas até agora nada 👎",2
"o instagram está com mal funcionamento. quando eu tiro uma conta, ai eu vou entrar nesta conta de novo, ele fala que a senha está incorreta, sendo que a senha está certa sim. e isso não está acontecendo somente no meu telefone, está acontecendo também no telefone da minha mae, quando eu vou colocar a minha conta la, fala que a senha está incorreta. já desinstalei o instagram e reiniciei o telefone, porem continua com o mesmo mal funcionamento.",2
Não consigo entrar no meu Instagram. E tem várias pessoas com o mesmo problema,1
"Vou ver story e fica o áudio de um vídeo do feed e mesmo atualizando o áudio continua reproduzindo, daí tem que fechar o app e sair de novo. Outra coisa, as vezes abro os stories e está mudo. Além disso, já atualizei várias vezes e não aparece as fontes novas, sendo que boa parte das pessoas já tem. Fica difícil assim.",1
"O meu insta não atualiza com as fontes novas. Vejo todo mundo usando, mas o meu nunca atualiza",1
O meu feed do Instagram parou de atualizar em qualquer equipamento que eu entro,1
"Não consigo fazer login no aplicativo no IOS, diz que a senha está errada, porém não está. E pra redefinir sempre volta pra mesma tela. Entro pelo navegador do celular e funciona perfeitamente. Só no aplicativo que não consigo fazer login.",1
2 semanas que meu filtros sumiram,1
Não consigo acessar meu perfil pelo aplicativo. Apenas pelo navegador ou por outros dispositivos.,1
"desde o dia 21/03/2024, por volta das 21 hs eu estou sem acesso aos meus perfis do Instagram através do aplicativo, trata-se de um problema que está impossibilitando-me usar a rede social.

Tentei atualizar o sistema operacional do smartphone, reinstalar o aplicativo várias vezes, trocar a senha várias vezes, mas nada adiantou. Sigo com o problema me impossibilitando de usar.",1
Horrível passar os storys subindo além de travar e toda hora subir pra reagir tá horrível volta como era antes por que essa atualização ficou pessima,1
Não estou conseguindo acessar a minha conta!!! Diz que dá erro e que é pra esperar alguns minutos. Já reiniciei o celular duas vezes esperei horas desinstalei o Instagram e nada,1
"Não consigo responder o SUA VEZ… clico e não vai… aparece como se fosse um print e não consigo compartilhar com fotos minhas, não abre… mais alguém? Como corrigir?",1
"Instagram não coloca esse função de visualização no perfil, plmds. Essa é a pior função no momento pra se colocar. Por favor, não.",1
"Não consigo reagir as mensagens e nem apagar 
mensagem enviada 🥹",5
o sua vez não funciona no meu perfil,1
Uma semana já seim acesso ao meu instagram @shrek_fotos_schwenck_rodlanier Tá Bugado tá dando erro internet tente novamente da qui alguns minutos,1
"O insta não quer abrir no meu celular (iphone 14promax), fica só carregando, já desinstalei e instalei novamente e não abre.",1
"Meu app não funciona, apenas fica em tela preta carregando",1
"Meu app não abre de forma alguma, só fica rodando alguém me ajuda",1
"Desinstalei o aplicativo e quando instalei novamente ele parou de funcionar, fica em uma tela de carregamento e não abre nem a parte do login. Não existe nenhum lugar que eu possa recorrer para ajuda. Já tentei reiniciar de diversas vezes e não funciona",1
"O instagram só faz carregar e não abre, de jeito nenhum. 😡",1
Meu insta não está abrindo,1
"A nova atualização 306.0.0 está fechando várias vezes antes de estabilizar, foi feita nessas últimas horas!!",1
"Só tenho um perfil no Instagram, ele é PESSOAL e PRIVADO mesmo assim não tenho acesso as músicas, perdi a vontade de postar fotos e stories porque para mim essa função é muito importante, simplesmente não tenho acesso as músicas, já desinstalei e atualizei e nada até agora!!! Muito absurdo isso",1
"Estou a mais de 15 dias com os meus storys e das pessoas que sigo com a seguinte mensagem: música temporariamente indisponível. Além disso não aparece músicas brasileiras nas opções de adicionar músicas e outras músicas pop/rock internacionais de bandas/músicos conhecidos.  Só aparece música desconhecida. Já desinstalei, reinstalei, atualizei e nada resolve. Já enviei mensagem pro suporte, já relatei 5 vezes esse bug e não há resolução. Alowwww FAVOR RESOLVER. Obrigada 🫶🏻",3
Estou com um erro nessa nova atualização para IOS onde não consigo buscar nenhum artista / música em meus story.,1
"Queria entender essa nova atualização que não consigo pesquisar nenhuma música,para colocar no story. Por favor me ajudem faz um tempinho já e achei que fosse minha internet.",3
Muitas músicas indisponíveis 🤷🏻‍♀️,1
"Instagram, pelo amor de Deus! Corrige o bug das músicas esquisitas q ficam aparecendo, estava desesperada achando que tinha dado alguma coisa com meu celular, porém, fui pesquisar mais sobre e vi que não era só o meu, já chorei e tudo🥲",2
"As atualizações demora chegar no iPhone, e as notas estão sumindo…",4
Essa nova atualização do zoom esta horrível! Vc da o zoom e não dá pra voltar igual era antes! Arrumem por favor! Pessimo dms,1
Desde da última atualização não consigo acessar meu Instagram fica aparecendo que está sem conexão à internet,1
"Não consigo responder mensagens no direct puxar para o lado e responder somente a msg. 

Para que a msg não fique fora de contexto ! Isso tem me incomodado muito pois não dá de responder e nem de responder com emojis",3
"Não gostei da nova versão, pois antes quando você abria os storys com o celular no silencioso, não tocava o som do story, agora não temos mais essa opção.",5
"enfim, eu amo o insta, uso bastante, porém, não estou conseguindo colocar a música na bio. Essa opção aparece só na minha segunda conta e eu queria muito poder colocar na principal (mas n apareceu nada ainda) eu já até excluí a minha conta secundária pra ver se aparece, já desinstalei o insta, já fiz de tudo e nada de aparecer a opção de música na bio. Tô mal, insta 😞🤙🏻",4
"No meu Instagram em específico não está aparecendo a opção de ver reels, já tem meses, já atualizei e não muda nada",1
Não estou conseguindo seguir certas pessoas e nem deixar de seguir qualquer pessoa. Já tem mais de 1 mês assim,1
"Quase todo vídeo que vejo tem áudio sem sincronia com vídeo, parece q o vídeo tá em câmera lenta, muito ruim",1
Porque colocaram essa ultima atualização no IOS as publicações como se toda postagem fosse reels?  Tá horrível 😞 detestei! Tem como voltar para a versão anterior? Ou existe alguma configuração ?,5
"Nessa última atualização, o som dos stories permanece ativado mesmo com o celular silenciado ! Isso é péssimo ! Se o aparelho está silenciado, os stories deveriam permanecer silenciados … só colocar o som quando eu quiser ! É possível corrigir isso?",1
"não respeita o mute do aparelho, toca o som dos histories",1
"Não sei de quem foi a ideia (infeliz) de mudar o feed, mas ficou péssimo! Deveria ser possível trocar para o feed antigo nas configurações do aplicativo, porque desse jeito não dá nem vontade de abrir o Instagram. Voltem ao feed anterior URGENTE!",1
"Até então a forma de rolagem do meu feed se mantinha inalterada, o que para mim era um alívio. De ontem pra hoje começou a aparecer a tal função de vídeo e imagens em tela cheia, que além de ser horrível e estragar toda a dinâmica e experiência do aplicativo, ainda faz com que 90% tô meu feed passe a ser de vídeos e conteúdos patrocinados. Deveria existir uma opção para que o usuário escolhesse qual opção de feed utilizar, porque nesse formato tela cheia, é impossível ficar muito tempo no Instagram porque simplesmente a rede social ficou INSUPORTÁVEL. Revoltante",1
"Essa atualização do feed aparecendo que nem o reels está péssima, voltem pra versão anterior Primeiro que não aparece quem curtiu tenho que abrir pra ver Não consigo distinguir se é foto ou vídeo O reels nem tô olhando mais com essa nova versão",1
"Essa nova versão está péssima! Tudo escuro, só mostra vídeo. Na timeline, não consigo mais ficar vendo os conteúdos das pessoas que sigo, pois só fica aparecendo vídeos sugeridos.

Péssimo!!! Por favor, voltem a versão anterior!!!",1
Essa nova atualização ficou muito estranho! Não tem a opção de voltar pra antiga? 😥 tá igual o feed do tiktok,3
"essa nova atualização de tela cheia é horrível! 
quero uma solução pois está cada dia mais difícil de usar o app!",1
"Última atualização cheia de erros, stories sem filtro, tela somente preta em noturno! Não há opção de mudanças! Horrível",1
Não está saindo áudios no modo silencioso no iPhone 12 com a atualização do iOs 15 lançado hoje dia 20/09/2021 .,5
"meu instagram nao está abrindo, clico nele e ele   fecha sozinho",3
CADA DIA PIOR! Uma atualização mais ridícula que a outra!,1
"Desde dezembro do ano passado, fiquei 1 semana sem poder acessar o Instagram. Após isso, não consigo atualizar minha foto de perfil nem minhas informações. Diz que é para eu ver minha conexão com a internet e tentar novamente. Vi no reclame aqui que tem diversas pessoas com o mesmo erro. Poxa Instagram arruma logo isso que tá chato.",1
"A nova atualização estragou a navegação e o feed! Não me interesso com as recomendações, quero ver as coisas de quem sigo sejam antigas ou novas! MUDEM ISSO!!!!!",1
"Não estou recebendo notificações ha mais de 3 meses no meu iPhone 7plus, mando mensagem de suporte e nada se resolve!",5
"Já tem mais de meses que as notificações não funcionam. Já fiz todas as alterações no app e no celular e continua sem funcionar. Já reinstalei o app e já restaurei o celular, ainda sem funcionar.",2
"Nunca tive problema com as minha contas e hoje enquanto estava olhando meu feed apareceu uma “janela” com a mensagem “Ajude-nos a confirmar que está conta é sua (...)” que direciona para a central de ajuda da rede.. desde então já tentei inúmeras coisas, como alterar minha senha e nada dessa “janela” sair, consigo efetuar o login, tanto por meu número, quanto por user ou e-mail, até recebo os e-mails, sms, tudo normal, mas ao tentar entrar, ele loga e já aparece essa “janela” novamente.. Notei que há várias pessoas com o mesmo problema e muitas apareceram após a ultima atualização. Por favor, resolvam! É decepcionante e desanimador e há pessoas já a dias com o mesmo problema!",5
Dps dessa atualização a câmera do meu telefone (iPhone XR) vive abrindo bugada e tudo preto... sério um saco isso arrumem pfvr,2
"App com varias problema toda hora que vou tirar foto sai do Instagram, antigamente  o app era melhor Hj em dia só por Deus",1
"Péssimo, não consigo mais ver o que os outros estão fazendo (curtindo, comentando, seguindo) não vejo mais suas atividades, voltem pff",5
"Desconectei minha conta e quando fui conectar de novo, apareceu uma mensagem de erro dizendo que “ocorreu um problema com sua solicitação “. Já tentei fazer o login através do link pelo e-mail e por SMS e erro ainda persiste. Como devo proceder?",1
"Ta muito ruim, mudou o idioma, e não consigo mudar para português nas configurações, ta cheio de bugs",3
"Indo na contramão de tudo, os caras cada dia cortam um recurso. Mais um app fadado a acabar.",1
Nao gostei da nova atualização. Hoje uso o Instagram como uma forma de divulgar meu trabalho e vejo que a ocultação dos likes coloca em dúvida minha credibilidade.,5
Não gostei que tiraram as curtidas e as atividades das pessoas q seguimos.,1
"A cada atualização, conseguem regredir.",1
"Péssima ideia tirar a aba de interação das pessoas que eu sigo curtindo fotos ou seguindo. Péssimo, espero que voltem a colocar.",1
Minha opinião sobre remover a aba seguindo é bem negativa. Espero que revejam essa atualização,1
"Eu usava o instagram normalmente até que sumiu a aba “seguindo”, já fiz de tudo: reinstalei o app, desloguei e loguei, desativei e reativei, mas nada funcionou. Tenho duas contas e o problema está somente em uma delas. Muito complicado essa situação e a falta de suporte do app.",1
Desnecessário tirar as curtidas das fotos,1
"Mais uma vez a ferramenta de compartilhar publicações no stories não aparece mais, depois de 6 meses ela voltou a funcionar e agora parou novamente!",5
Não está disponível os GIFs no Stories. Não está disponível em todos os aparelhos?,5
"Após essa última atualização não é possível gravar history com música em reprodução no aparelho simplesmente pausa a música em reprodução seja no Deezer spotify e etc sem conta que a qualidade da imagem ficou péssima igual galaxy s2 e uso em um iPhone X, Instagram perde credibilidade com essas atualizações que parecem ser feitas por estagiários sem nenhum critério ou análise, foquem em melhorias e não retrocesso liberar uma atualização como essa é a mesma coisa que pedir para fecharem as portas. ATT Team",1
"Depois da última atualização, não dá mais pra gravar vídeo enquanto ouve música no spotify. Horrível! Resolvam isso urgente!",1
Simplesmente triste ver isso um app tão bom tentando se transformar em outro!,5
"Segunda atualização e o problema não foi solucionado, ainda fecha a todo momento.. resolvam logo isso!",1
Um coco. Essa merda de app fecha sozinho toda hora fejoada nada acontece nessa bosta de app porco,1
não gostei pq agr vai dar pra ver quem viu seu perfil e os karai a 4,1
"Meu Instagram está atualizado, faz meses que não funciona o ‘sua vez’ e não dá pra votar tbm!",1
Desde de sexta não consigo conectar no app do Instagram. Já desinstalei e reinstalei o app…já reiniciei o celular…já atualizei o app (309.0)…já atualizei o celular (iOS 16.7.2) e ainda não consigo conectar…ele fica carregando a tela e não abre pra fazer login. Já abri uma reclamação mas ainda não tive retorno. Teria como resolver esse problema???,1
Simplesmente agora quando da zoom da câmera dos storys vai um zoom infinito e n volta mais pra câmera NORMAL!,1
"Já são mais de 3 meses e eu não consigo assistir os reels normalmente, o áudio fica bem mais adiantado que o vídeo, não é meu celular pq eu troquei recentemente e o antigo também estava assim! 
Até quando?",1
Dá nem vontade de usar instagram com essa nova atualização. Ficou péssima! volta o feed como era antes!,1
"mirou em copiar outra plataforma e estragou o que já tinha, fundo preto completamente desagradável e novo feed poluído 
como faço pra voltar pra versão anterior?",1
"o instagram nao está deixando salvar os videos e fotos que eu ja tenho com efeito por cima, os efeitos que usa para colocar num vídeos/fotos que eu ja tenho salvo. Eu nao sei oq eu faço mais para ajeitar, quando eu salvo o video com efeito na minha galeria a imagem fica toda preta.",3
Não consigo acessar a figurinha de postar uma foto favorita. Como resolver esse problema?,3
Estou com problema na visualização dos meus stories. Está aparecendo somente 5 pessoas 🥺 me ajudem,3
Estou recebendo uma notificação de que fui limitada de ver o perfil das pessoas que me seguem . Não consigo abrir nem as diria que aparece “você foi limitada de realizar essa função “ tá um saco já !!! E até no feed! Não carrega as publicações e eu recebo essa notificação,1
"Namoralzinha mesmo, atualizem essa versão do Reels, na qual você tá assistindo o vídeo no feed e ele para e você tem que clicar pra ir ao reels assistir o vídeo lá, porém ele volta ao início. Tirem isso, é muito ruim, todo mundo tá reclamando. Ou então coloquem um controle de tempo igual é no IGTV",2
"O novo design ficou um lixo, o app era de fotos não de loja. App de loja tem o shopee.

Era tão fácil criar stories e publicação, mas vcs preferiram preservar uma ideia de ""loja"" que ninguém usa e prejudicar a criação de conteúdo que era tão importante. 

Parabéns, nota 0z",1
Depois da ultima atualização parece que o Instagram virou uma loja on-line e não uma rede social! Horrível!!!,5
"INSTAGRAM TA DANDO MUITO ERRO, DESATIVEI E DEPOIS DE UMA SEMANA FUI TENTAR ATIVAR DE NOVO E SIMPLESMENTE NÃO DA!! JÁ TENTEI DE TUDOO!! e não tem suporte nenhum do aplicativo pra resolver o problema, vi VÁAAAARIAS pessoas no reclame aqui com EXATAMENTE o mesmo problema! como que uma rede social tão grande tem esse tipo de problema? um lixo",5
"O app parou de funcionar e não abre mais! Esta atualizado, desinstalei e reinstalei, reiniciei meu talefone e ele não abre.",1
em plena quarentena e eu n podendo gravar um story pq essa droga sai do app.... arrumem logo vou surtar!!!!!!!,1
"Hj fazem exatamente 8 dias q o meu insta fecha sozinho. Não consigo olhar e nem postar nada!!!
Por favor, tomem uma providência URGENTE!!!!🤬🤬🤬",5
"Todas as vezes que tento abrir um stories, fica mudo, tento aumentar o volume mas não adianta, tenho que sair do stories, aumentar o volume e depois voltar no stories novamente para conseguir ouvir. 
 Todas as vezes tenho que fazer isso, e não sou só eu que estou com esse problema, e não é de agora também não, tem muito tempo que estar assim.",4
"Voltem com a aba “seguindos” por favor!!!!

COME BACK WITH THE TAB FOLLOWING",1
"Tá horrível, não dá nem pra ver oq as pessoas curtiram mais.",1
POR QUE TIRARAM A ABA DE AÇÃO DOS USUÁRIOS QUE VOCÊ SEGUE???????,1
"App excluiu minha conta sem motivos, e estou tentando fazer uma nova e não consigo, fica aparecendo “ocorreu um erro tente novamente mais tarde “ concertem isso",1
"Minhas músicas sumiram, de uma hora para outra, não consigo acessar as mais populares nem fazer busca.. nem para os stories, nem reels, vídeos e fotos de outros não consigo ver a música postada, poderiam me dar suporte?!",3
"Olha n sei c é o IOS ou meu iPhone 7 ou o app, mas ultimamente n consigo ficar mais de 5 minutos no insta sem o meu celular comer a travar e bufar inteiro, assistir os reels? Nem consigo direito a partir do terceiro reels continuar vendo pq tudo começa a travar ou o áudio fica dessincronizado e tipo n é a pessoa q tá dublando errado n pq todos o reels ficam com áudio dessincronizados ou tudo lagado, enfim tá mofado joga fora.",1
Quando eles vão corrigir esse erro? O app fica fechando sozinho,1
"Tenho uma conta principal e outra adicionada recentemente que é da minha filha, já tentei de tudo mas a minha conta principal não atualiza. Apenas a conta dela. Péssimo pq o meu perfil é profissional e precisa das atualizações",1
"Não sei o que está acontecendo, mas de umas atualizações pra cá estou tendo problema com o áudio dos Stores que assisto. Hora o áudio funciona, hora para de funcionar e fica totalmente mudo, mas quando eu assisti algo postado no feed funciona novamente.",3
O meu só está dando “ senha incorreta “ 👺👺👺,1
"O aplicativo nem chega a abrir, fecha sozinho e assim continua. Deveria ter uma correção de bugs.",1
"suspenderam minha conta só no meu celular, consigo entrar pelo safari, no cel dos outros mas no meu não vai! e nem consigo criar outra. já fiz de tudo!",1
OS STORYS NÃO SAEM SOM,1
"Toda vez que vai assistir um story ele está sem áudio, tem que ficar indo e voltando para o áudio funcionar. Já está insuportável",2
"Não consigo fazer login pelo aplicativo. Da mensagem de senha incorreta. Porém pelo navegador Google eu consigo, e pelo aplicativo não.",2
"Eu entrei na justiça contra o Instagram meu app fala que q senha está errada não estando ! Eu consigo entrar no meu de qualquer outro celular menos do meu ! Um absurdo sendo que minha senha não está errada pois já a uso a mais de 3 anos eu tento ligar e da “senha errada” já desinstalei já limpei cache já troquei de conta no iCloud pra baixar e não adianta o problema ocorre com outros usuários pelo que li aqui, senha inválida mesmo ela estando Correta !",1
"Por gentileza, nós imploramos para que volte as fontes maravilhosas que estava na atualização anterior!! Estava sendo tão útil e os storys estava com uma carinha tão boaaa com aquelas fontes. Por favooorrr.",1
Eu não consigo acessar minhas contas do Instagram e não consigo criar outras já relatei o problema pro Instagram mas não adiantou de nada🤦🏽‍♀️,1
"As fontes novas sumiram :( 
Tava amando usar elas, mas sumiram faz 1 semana",4
"Não consigo fazer login em nenhuma conta pelo meu dispositivo, fica dando senha incorreta, porém em outros dispositivos consigo fazer login com a senha, não consigo redefinir, não tenho acesso nenhum. Já entrei em contato com o suporte da Apple, e o problema não é no dispositivo e sim no aplicativo no meu celular, já tentei relatar no instagram porém não tive retorno, e vi vários casos parecidos na internet e sem solução.",1
Instagram todo bugado fica dando erro de login senha incorreta arrumem isso por favor !,1
"Infelizmente hoje o Instagram é extremamente voltado só para o que é pago e monetizado. Você está pouco ligando para o que é Patrocinado e mesmo assim você vê mais posts e stories patrocinados do que as pessoas que segue e tem real interesse.
Sem contar toda cadeia de prostituicao que cresce cada dia mais dentro da rede.

Já está na hora de aparecer algo para substituir o Instagram…",3
"OTIMO, MAS TIROU A FUNÇÃO DE POR MUSICA NO PERFIL😭😭😭😭😭",3
"Meu Instagram até atualizou mas não veio com as fontes novas e os novos recursos que os outros tem, isso me incomoda.",4
Vocês não vão atualizar nunca minhas fontes dos storys? Todo mundo já com as fontes novas menos eu.,2
"Nossa ta um bug horrível no iphone, vc aumenta o audio do store e escuta o audio da publicação do feed por cima ta pessimo! Corrijam isso",1
"Tá com um bug horrível, e vi várias pessoas reclamando também, você tira o som do reels e vai para os story e quando vai ouvir o story o som do reels também fica ativo, e não dá pra entender nada, 2 sons ao mesmo tempo, e só da pra ouvir se for assim",1
Não aguento mais atualizar esse app e não vir as fontes novas.,1
"Atualização péssima, o vídeo fica com som duplicado, ou com som atrasado, nunca consigo ver um vídeo direito",2
"Quando vou pro explorar e abro um vídeo que estar em carrossel o áudio fica com eco, nos meus dois celular acontece isso, e já desinstalei e instalei de novo e continua do mesmo jeito, já atualizei e nada",1
"Sempre que abro o Instagram, principalmente nos reels, o iPhone 15 passa a aquecer de forma anormal e repentina.",1
"Atualmente venho enfrentando um grande bug no Instagram, o qual é muito chato. 
Abro o insta e se tiver algum vídeo com som , automaticamente ele duplica o som e fica uma coisa muito chata. Por favor, resolvam logo isso.",2
"Depois da atualização não consigo mais acessar minha conta , coloco a senha e diz q estar incorreta , e quando tento recuperar a senha pelo meu g-mail e vou criar a nova senha diz q a senha tbm estar incorreta . Concertei isso por favor!!",1
"Todos vídeos com som adianto e vídeo atrasado.
Gosto tanto da plataforma, mas fica chato de ficar assistindo, não dá pra ver as reações espontâneas das pessoas pelo vídeos atrasados e o som adiantado. Tá ficando chato.",3
Um bug q ta me mantando de raiva som  não aumenta mais com o botão de volume após a última atualização 😠 tenho que tirar o celular do silencioso para ouvir os sons,2
Tenho dois Instagram e apenas o secundário que atualizou para nova fontes 🥺 e ainda fica ouvindo o áudio do feed quando vou para storys 🤡,3
"Ainda não recebi as novas fontes e funcionalidades . Todos tem, até mesmo com aparelhos inferiores e para mim não chega .",2
Eu não consigo entrar da minha conta não consigo fazer uma conta nova pq fala q o meu número de telefone está errado quando eu tenho entrar na minha conta antiga a senha aprece errada EU NÃO AGUENTO MAIS ☠️,1
"Gostaria de saber,
 o porquê de nenhum stories de quem eu sigo está aparecendo pra mim ? 
Já atualizei , já desinstalei e nada ,
Continua sem aparecer nenhum stories",5
"nn consigo acessar minha conta no celular, apenas no celular de outras pessoas, já desinstalei, já reiniciei o celular várias e várias vezes!! tentei ligar para vários números que via na internet, mandei email e ninguém me retornou!!!",1
"Nunca na minha vida imaginei que o instagram chegaria nesse ponto, é só propaganda de golpes e apostas, é perfil de marmanjo sexualizando um monte de criança, e a gente pode cansar de denunciar que nada acontece, dizem que não fere as diretrizes, estão esperando o que então? Chega a ser patético",1
"Ainda não recebi a atualização para eu poder usar as fontes novas, meu celular é o 12. Quem tiver alguma dica, por favor me mande!!!",1
"Não entendo o porquê vo tentar entrar no meu iPhone, mesmo com a senha certa diz. Senha incorreta mas em outro celular consigo acessar e não aparece atualizações no atual",1
"não consigo acessar meu instagram pelo aplicativo a dois meses… o suporte é a mesma coisa que nada, já tentei contato de inúmeras formas, mas 0 assistência",1
"a 5 meses estou enfrento problema ao acessar minha conta do instagram. o app deles não está funciona no meu celular. sempre dá erro de senha, mas a senha está correta. já relatei várias vezes esse problema e ninguém bem se quer responde o instagram. não me dão retorno algum. detalhe tenho duas contas pessoal e da minha empresa. ambas contas só consigo acessar por safari pelo app sempre dá algum erro.",1
"Pedi várias vezes ajuda e ninguém responde. Fiz todos os procedimentos indicados e nada funciona.
Mais respeito por favor. Respondam e ajudem a gente!
ATUALIZAÇÃO DO FEED NÃO ACONTECE HÁ 4 (QUATRO) DIAS!
Grata",1
Podem por favor atualizar minha timeline? Três dias vendo os mesmos posts.,2
"Simplesmente o instagram bugou e eu não consigo acessar a minha conta, sempre consta que a senha está incorreta, já tentei de TUDO, eu tenho acesso pelo e-mail, pelo celular, já mudei de senha de todas as formas e não consigo entrar, já apaguei o cache do instagram do icloud, do armazenamento geral do iphone, desinstalei e reinstalei o app, reiniciei o iphone, e mesmo assim não consigo acessar o instagram, eu trabalho com isso e está sendo TERRÍVEL pra mim, por favor resolvam isso URGENTE, eu já mandei mensagem pro suporte, já mandei email, já reclamei no “reclame aqui”, por favor resolvam isso!!!!",1
"Bem que vocês poderiam deixar a gente compartilhar o Reels completo né, ou pelo menos de até 30 segundos!!! Ninguém aguenta mais postar o Reels pela metade.",3
"Não estou conseguindo entrar na minha conta do Instagram, diz que a senha está incorreta e ela não está pois eu entro no meu computador com a msm senha na minha conta podem ajudar ?",1
"Não consigo entrar no aplicativo do Instagram pelo meu celular, mas consigo entrar por outro celular ou em notebook. Me ajudem por favor…",1
"bem, eu não consigo acessar minha conta em outro dispositivo, da que meu usurário está incorreto, ou que a senha está esquecida, mesmo o app estando atualizado, a senha correta e o usuário também..",1
"Não consigo fazer login pelo iOS, sempre indica erro de senha, mas não está errada, e não consigo redefinir.",1
"O App está péssimo, aparece que tem 9+ mensagens quando na verdade tem bem menos, fica bugando assim",1
Não tô gostando por que meu insta não pega nem uma atualização e eu sempre atualizo mas quando entro no insta não aparece nada e só no meu ou o de vocês também tá sim ?,1
"Não consigo fazer login no aplicativo no IOS, diz que a senha está errada, porém não está. E pra redefinir sempre volta pra mesma tela. Entro pelo navegador do celular e funciona perfeitamente. Só no aplicativo que não consigo fazer login.",1
"O aplicativo simplesmente não me permite entrar na minha conta, diz que a senha está incorreta, e quando eu mudo, aparece “senha incorreta” sendo que estava escrito “crie sua nova senha” Como q a senha vai estar incorreta??? Melhoras, entrarei em processo caso minha conta não volte, É O MEU TRABALHO!",1
"Bug ao fazer login de “senha incorreta” mesmo estando correta! Erro aparece para qualquer conta, impossibilitando o uso do app. Péssimo!",1
Todos os meus filtros sumiram e não consigo pesquisar nenhum filtro e nem salvar,5
"Faz meses q estou tentando entrar na minha conta, e não tenho sucesso, sempre q tento parece “senha incorreta”, mas eu consigo logar em outros dispositivos, eu consegui entrar uma vez, e dps q eu saí não consigo entrar dnv",1
"NOVAMENTE n consigo login em APP, só no navegador. Dá erro, dá senha incorreta (qdo é a correta, a q entro no navegador). Sem resposta, auxílio, suporte!!!!!",1
"Estou sem meus filtros, não consigo salvar novos nem pesquisar. Já atualizei o app, desinstalei e instalei novamente e até agora nada.",3
Meu Instagram @nayfreitasoficial não salva efeitos filtros nenhum. Não é possível salvar filtros,1
Faz 1 semana que meus filtros não aparecem! Não consigo salvar nenhum filtro!,1
Meu instagram sumiu todos os efeitos salvos…,5
Não estou conseguindo salvar os efeitos e todos os que estavam salvos sumiram.,1
"todos os meus filtros sumiram e não consigo salvar nenhum, odiei isso. podem concertar?",1
Não consigo acessar minha conta faz 7 dias da erro. Já tentei de tudo,5
Perdi todos os meus filtros e desde a semana passada não consigo recuperar e nem salvar novos.,1
Já faz dias que estou tentando gravar um Stories com algum efeito mas não consigo salvar nenhum efeito do Instagram e nem aparece nenhum nos Stories já falei com suporte mas não fui correspondida gostaria que resolvesse esse,1
"os efeitos favoritos, estao desaparecendo, e nao consigo nem favoritar eles, e nem favoritar outros efeitos, ajeita isso plmds",2
"Pessimo, simplesmente o instagram bugou e não consigo acessar mais a minha conta. Resolvam isso!!!",1
"Que rede social democrática é essa de vocês ? Simplesmente baniram minha conta sem eu ter feito nada! Sou um usuário bastante ativo, não fiz nada de errado e simplesmente hoje minha conta foi banida. #censura 😡😡😡😡",1
"Não podemos ter censura !!! Mentiras devem ser evitadas,mas a opinião nunca ! Obrigada",4
"Não consigo logar pelo aplicativo no iPhone 13, somente pelo navegador",1
"Tenho um iphone, e o meu app simplesmente não loga em conta nenhuma. Toda vez que tento aparece uma mensagem “ocorreu um erro com a sua solicitação” e fica por isso mesmo. Ja pesquisei em vários lugares e este erro ocorre com várias pessoas, e NADA do instagram consertar este erro.",2
"9 dias sem conseguir logar pelo app - já tentei de tudo! desinstalei, redefini configurações e nada. só consigo logar pelo computador ou navegador - nada do app!",1
"Não consigo entrar em meu Instagram, sempre aparece essa mensagem",1
"Fui desconectado da minha conta e não consigo entrar mais pelo aplicativo, somente pelo navegador, vi que esse é um problema recorrente com várias pessoas, por favor arrumem isso, estão prejudicando meu trabalho!!",5
"J faz uma semana que não consigo entrar no meu Instagram pelo app . O suporte não me responde, e tô sem conseguir fazer minhas coisas de trabalho.",3
"Já fiz tudo que pude para entra no Instagram , já Desistalei também . Não consigo ter acesso Instagram

Apareceu operação de erro e não consigo entrar . Poderiam me ajudar?",1
"Bom, o Instagram derrubou uma conta que eu sempre quis ter não tinha nada de errado eles foram lá e derrubaram, na maldade o app é bom e não consigo criar conta, pois sempre aparece essa mensagem:” Erro, ocorreu um problema com a sua solicitação” E UM ABSORDO!",3
"Esse aplicativo é horrível, simplesmente faz uma semana que não consigo mais acessar minha conta pelo aplicativo pois fala que minha solicitação não foi aceita, por favor melhorem",1
"Desde semana passada não consigo acessar minha conta pelo meu celular, por outros celulares ou pelo safari eu consigo, mas pelo meu celular sempre chega essa mensagem “ocorreu um problema com sua solicitação”",1
Está dando essa mensagem ocorreu um erro na solicitação quando eu tento entrar no Insta oque eu posso fazer pra resolver isso pfvr,1
Não consigo entrar em nenhuma conta no meu Instagram depois que caiu.,1
O que significa quando a conta só funciona pela Web e não pelo App? A minha está assim desde sexta-feira,5
"Não estou conseguindo fazer o login da minha conta e de nenhuma outra conta pelo aplicativo do Instagram. Só consigo fazer o login da minha conta através do navegador. 
Quando tento acessar o login pelo aplicativo do Instagram aparece essa mensagem: Ocorreu um problema com a sua solicitação. Envio várias mensagens relatando o problema e vocês não me retornam.",2
Não consegui mais entrar na minha conta dando erro de solicitação,1
"Depois desse BUG que deu, meu iphone nao loga em nenhuma conta mais, da sempre erro de solicitação, ja fazem 6 dias sem poder logar!",1
"“Ocorreu um problema com sua solicitação.”
Essa mensagem só andar a parecendo ao tentar fazer login com minha conta, criei outra conta pra vê ser era um problema com minha conta antiga, mas não é, é o Instagram mesmo!",1
"Sempre que vou fazer o login da erro 
Não quero perder minha conta então arrumem isso aí",1
"Não consigo fazer o login desde do dia 21/03/2024, não consigo logar no iphone",1
"Desde o dia que as contas foram descontadas, estou impossibilitado de fazer login nas minhas contas via aplicativo. Dá sempre a mesma mensagem. Aguardo uma atualização/solução para meu problema.",1
"Essa nova atualização saiu do meu Instagram
 Sozinho e não consigo mais entrar pelo meu celular, da que ocorreu um erro com a solicitação 😡",1
"Meu insta desconectou e nao loga pelo app. Pelo computador ou navegador entra, mas no app nao",1
"Desde o dia 21/03/24, o Instagram desconectou minhas contas (pessoal e profissional) e fica dando o erro “Não foi possível fazer seu login” pelo app . Só conecta do web e não consigo postar stories, sendo assim estou perdendo visualização e clientes.",1
"Oque está rolando que está aparecendo isso: 
Ocorreu um problema com a sua solicitação 

Consegui logar meu Instagram no IPad mas no celular não está indo, só aparece isso, tive que desinstalar o App por estar aparecendo conta desconectada e agora isso. Problema atrás de problema, não?",1
"Vou da 4 estrelas, pq essa última atualização deixou com bug nos storys, ele passa os 15s certos, quando acaba os 15s a tela trava 🙂 Pfvr deem um jeito, se converterem o bug eu dou 5 estrelas 👍🏽",4
"Desde o bug não consigo logar minha conta pelo celular, já busquei suporte e só pedem para esperar",1
"Com o bug, não consegui mais entrar pelo meu celular, app está atualizado, já reiniciei o celular, já desinstalei e instalei o app, e mesmo assim não consigo entrar na minha conta, sei que não está desabilitada, mas preciso entrar, é minha ferramenta de trabalho, o meu Instagram é o Instagram da minha loja, não abre de jeito nenhum? Já mudei mil vezes a senha! Preciso urgente de ajuda!!!",1
"Prezados responsáveis,

Venho por meio desta reclamação expressar minha insatisfação em relação aos contínuos problemas enfrentados com o aplicativo Instagram nos últimos dois anos. Desde então, tenho enfrentado dificuldades significativas que têm limitado minha capacidade de interagir com determinadas pessoas na plataforma. Especificamente, tenho notado uma inconsistência ao tentar seguir perfis, onde alguns são acessíveis enquanto outros não, o que considero um erro grave.

Recentemente, fui impedido de acessar minha conta devido a uma mensagem de erro que indica problemas com minha solicitação. Este problema não se restringe a uma única conta, mas afeta todas as três contas que possuo no aplicativo. É importante ressaltar que o Instagram na versão web funciona normalmente, o que sugere que o problema reside especificamente no aplicativo para dispositivos móveis.

É lamentável constatar que a qualidade do suporte técnico do Instagram para dispositivos iPhone tem sido insatisfatória nos últimos anos. Comparativamente, em um dispositivo Samsung que já utilizei no passado, dificilmente enfrentaria uma situação semelhante. Esta situação tem impactado negativamente minha atividade profissional, uma vez que trabalho com vendas por meio do Instagram, e agora me encontro impossibilitado de exercer minhas funções de forma eficaz.

Diante do exposto, solicito encarecidamente uma investigação completa e uma solução rápida para este problema, a fim de restaurar a funcionalidade completa do aplicativo e mitigar os impactos negativos em meu trabalho. Agradeço antecipadamente sua atenção e cooperação nesta questão.",1
Aplicativo tá horrível estou tentando entra na minha conta e fica dando erro de solicitação erro de vocês e não tem ninguém pra da um suporte por favor resolva esse problema logo,1
"Não está dando para comentar Gif nas publicações mais, só está com a opção de figurinha de avatar 🥲",1
"Simplesmente minha conta saiu, e eu não consigo fazer login novamente. Sempre dá a mensagem “ocorreu um problema com a sua solicitação”. E agora? Não consigo mais entrar…",1
"Eu não consigo entrar mais na conta de ninguém, não consigo ver os stories de ninguém, não consigo mandar mensagens ou interagir com alguém! Não consigo fazer nada e as publicações são sempre as mesmas pois o feed não atualiza!
Está muito chato por favor corrijam",2
"Não consigo entrar na minha conta em nenhuma conta , ao entrar está aparecendo  ocorreu um problema com sua solicitação , como posso resolver isso?",1
"Há dias o app não está logando em nenhuma conta, só pelo navegador consigo.",1
Do nada o Instagram travou no meu celular e eu não consigo acessar NENHUMA conta  pelo meu aparelho.Já vi várias pessoas reclamando sobre isso e vocês não resolvem!Meu aparelho é um iPhone 11.RESOLVAM!!!,1
"a opção da lista de close friends separado por cada story precisa voltar. faz uma falta enorme, não sei porque foram tirar, péssima escolha.",2
Meu explorar está PÉSSIMO só aparece paisagens e publicações estrangeiras.,1
"Eu crio uma conta é só pq eu sigo mais de 10 pessoas ou comento mais de 5 vezes no mesmo vídeo minha conta e suspensa, e quando eu tento excluir uma conta n consigo aí vou criar uma nova aparece que estou usando o limite de contas",1
"Não consigo criar um vídeo no reels perfeitamente, pois ele buga e eu acabo tendo que recriar tudo novamente, mas em outro aplicativo. Impossível criar um reels interessante no aplicativo em paz. Sempre acabo me irritando pela dificuldade e perca de tempo que gasto. Melhorem essa função para terem suas 5 estrelas comigo novamente!",1
"Estou recebendo anúncios pagos de extremistas bolsonaristas antivax, em publicações que incentivam mães e pais a não vacinarem seus filhos com base em estudos vindos diretamente de Nárnia. Fiz uma denúncia e disseram que a postagem não viola as diretrizes da plataforma. O instagram está lucrando com a desinformação.",1
"A minha conta foi banida duas vezes essa merd4 não pesta não recomendo par ninguém 
E fala que meu número de telefone e inválido",1
"A minha conta do instagram foi desabilitada sem motivos e não tive nem como recorrer a essa decisão. Minha conta era meta verificado e mesmo assim não tive respaldo suficiente do suporte que me envia alguns links onde eu já informei que não funciona. Sofro de ansiedade e depressao e sem a conta está me trazendo prejuízo no meu trabalho, fazendo minha ansiedade estar mais intensa.",1
"Depois da última atualização, não consigo usar a figurinha “sua vez”.",1
Não consigo usar o “sua vez” e não aparece a atualização nova de repost em tela completa do story pra mim,1
Poderia ter opção de ver quem não me segue de volta,4
"voces colocaram ums funcao que pega apenas em algumas contas, que é o republicar em tela cheia, ja tentei de tudo no meu e nada!",1
"Eu não consigo usar, toda vez q aperto pra usar, pula os storys
Ajudaaaa eeeeu instagram, ativa isso aí por favor",2
Não tô conseguindo usar a atualização do sua vez,3
"Meu Instagram fica o tempo todo bugando, agora nem postar o “sua vez” eu tô conseguindo",3
"Não consigo colocar a função de música no notas, já atualizei, já desinstalei e não aparece essa função 🫤",3
"Ao passar do tempo vocês só “agregam” no aplicativo mas NUNCA colocam a opção de “ver quem seguimos, que não nos segue de volta” é isso é uma falha bem visível pois vários usuários baixam app terceiros pra essa função. 
Agreguem essa opção pois não sou fã de ninguém pra ficar seguindo sem ter o follow retribuído. Beijos!",1
Não tem condições do Instagram só mostrar publicidade de cada 3 publicações de amigos duas publicidade .,1
"Há uns 2 dias, não consigo publicar nenhum vídeo com boa qualidade. Simplesmente quando submeto um vídeo em meu stories ele cai MUITO a qualidade de imagem, sem motivo algum. Já tentei desinstalar e instalar novamente o app, mudar de internet, atualizar o sistema IOS, tudo… e nada muda.",1
"As músicas sumiram. Só tem algumas que nunca ouvi internacionais. 
Instagram precisa consertar a atualização.",1
"Não consigo colocar a música que eu quero no meus post, até quando vai fica assim esse capiroto",1
"Depois desse atualização ta horrível, nao to conseguindo colocar musicas nos story varios bugs! Pelo amor deus arruma isso . Atualizei essa ultima agora nao mudou nada ta do mesmo jeito os bugs ! Aff 😤🤬",1
Não conseguimos mais colocar música nos stories! Isso há dias! Arrumem isso pfvr! Muito tempo já!,1
Minha conta não está aparecendo a música na publicação das pessoas só fica áudio indisponível não está aparecendo as notas e nem opção de colocar música na hora da publicação já entre em contato e nunca se resolve esse problema,3
a função para postar música nos stories simplesmente sumiu.,1
Não aparece para colocar música em notas no meu insta,1
Não estou conseguindo add músicas asminhas publicações.,1
"Fiz a atualização e agora as músicas sumiram, só tem algumas padrão. O que aconteceu???",1
"Alguém me ajuda , tá com uma semana que não consigo colocar músicas nas minha fotos e nem efeito !",1
Ele da o zoom mas não volta,2
Meu perfil não está aparecendo a opção de colocar música no perfil casou possa ajudar meu Instagram é : yls2x_  Ajuste todos os perfis igualmente,5
O insta não está volta do quanto da zoom no iPhone isso é horrível,1
Está com problema no zoom ! Ele aumenta e não volta,2
Depois da ultima atualização ao gravar um story está dando um zoom gigantesco que não consigo voltar apenas utilizando um dedo como de costume. Por favor corrijam logo!,3
"Quando vou gravar story e vou dar zoom, ele abre muito e depois não volta mais",1
Estou gravando storys hoje dia 08/082023 e atualizei meu aplicativo e a camera tou gravando storys e fica dando zomm sozinho na hora de gravar👎,1
"Meu insta está com problema nos stories. Fica apresentando mensagem para falar com vcs sobre o problema. Não sei do que se trata, mas incomoda muito aparecer essa mensagem a todo momento que abre o stories. Consertem isso logo!",3
"Dois dias que não consigo visualizar stories e nem foto estática de feed. Já fiz de tudo mexi no celular inteiro e não resolveu, é o app mesmo. Péssima última atualização.",1
Não gostei por que não tenho a opção de tema no bate papo não consigo responder mensagem específica 🥺😩,1
"Depois que atualizei a última versão dó App, o mesmo parou e não carrega nada nem atualiza.",1
"Não consigo responder as mensagens específica no Instagram, já atualizei mais nunca consigo",4
No meu cll nao pega música nó pefil,2
Não consigo reagir as mensagens no direct e nem “cancelar o envio” .,1
"Desde a ultima atualizacao nao consigo reagir nem excluir mensagens.

Unable to react and delete messages since last update. Any fix around?",2
A versão que atualizou na data de hoje está com muitos erros e bugs,1
"Meu insta atualiza normalmente, só q as novidades não chegam para mim, meu insta não tem notas, não tem barra de pesquisa nos stores entre outros…",3
Esses ícones dos stories gigantes ficaram péssimos!!!,1
"Além de travar os reels,não consigo mais postar a figurinha “sua vez”,o App fecha sozinho e sai dos vídeos sozinho 🤦🏽‍♀️",1
Os Storys estão ocupando uma parte maior da tela (não tem relação com acessibilidade do iPhone) e também não aparece story de texto na aba de DM,3
Já tem uns meses que perdi a função do rells. Venho tentando atualizar mas não consigo. Já enviei email para o suporte mas não resolveu. Como posso fazer para resolver ?,1
não consigo ouvir o audio de postagens nos stories.,5
"Eu não consigo reagir nas mensagens que me mandam, só consigo curtir, e tmb não consigo selecionar a mensagem para respondê-la.",2
Fiz um novo perfil e não consigo mais selecionar uma mensagem específica do direct para responder. Já enviei o print várias vezes para o suporte e nada. Meu avatar tambem não aparece mais. Já editei várias vezes para ver se salvava e voltava a aparecer e nada. Também já fiz o processo de apagar o app e reinstalar 3x e nada… complicado.,1
"o meu instagram parece q não atualiza nuncaaaa
não tem a função de reagir a mensagem e responder a mensagem no meu celular, e no de todo mundo tem. 
só queria que esse problema fosse resolvido, ai sim estaria tudo perfeito.",3
"Quando algo funciona, outro deixa de operar. Misericórdia!",1
como faço para compartilhar um story que fui mencionada só apertando no story?,5
"Horrível , app todo bugado , a função sua vez não funciona no meu iPhone já atualizei tudo",1
"Não está funcionando o som dos storys, nessa nova versão",5
"Os stories estão sem áudio. Só é possível ouvi-los se antes encontrar alguma publicação no feed, que tenha som, tocar no ícone para ouvir o áudio e depois voltar aos stories, que agora é possível ouvir.",1
ja tem uns 3 dias q meus stories estão sem som!!!,5
"Acabou de sair uma nova versão, mas o erro do som para Iphone ainda não foi corrigido.
Stories seguem sem som…",5
"Na última atualização para o iPhone o áudio tá bugado, mesmo sem o aparelho estar em modo silencioso o app fica silenciando nos story e os vídeos do feed, volta ao normal depois de ativar o modo silencioso e desativar o modo silencioso, um saco isso.",3
Depois q atualizou o ios 16.4. Não tem áudio os stories. Tem q ficar mexendo no botão lateral de silencioso,2
Infelizmente depois da ultima atualização do iOS para 16.4 alguns funções do Instagram estão sem funcionar! OS STORES ESTÃO SEM SOM 🥲🥲🥲🥲Também não dar mais pra fazer selfie usando OS BOTÕES LATERAIS pela câmera do Instagram 🥲🥲🥲,3
Após atualização do iOS para aversão 16.4 os stories estão sem áudio.,2
Não tá saindo o áudio nos Storys,4
"Stories sem som depois da atualização do iOS 16.4, arrumem isso!!!",1
"Bug do Instagram no iOS 16.4, não sai áudio nos stories. Resolvam.",1
"Depois da atualização pro IOS 16.4 na data de 28/03/23 os audios dos stories não estão saindo. Todos mudos, ja reiniciei telefone, já fechei aplicativo e NADA.",1
"O Instagram é uns dos meu aplicativo que mais gosto! Mais tem 2 dias que ele tá com um problema ! Ao todos os meus destaques com minhas fotos tem 7 mais pra outros celulares tem 3 e não carregam ! Já reiniciei o celular já desinteligente o Instagram, mais não resolve , eu espero que volte ao normal por que se não irei desinstalar ele pra sempre.",2
"Desde ontem 13/01/2023 que aparece a seguinte mensagem: erro aguarde alguns minutos e tente novamente. Eu aguardo é nada de entrar!  
Peço que vejam o mais rápido possível! E solucionem o problema.",5
"O Instagram está um lixo !! Assim o app e bom mas a central de ajuda e mesma coisa de nada ! Não posso seguir ninguém , sendo que eu só sigo 20 pessoas , já reclamei , pedi ajuda e até hoje nada , eles não respondem e nem resolvem o problema já perdi vários seguidores inclusive amigos que acham que eu que não quero seguir sendo que é o instaram que está com defeitos",1
"Quando aperto para seguir outra conta, aperece uma restrição que o instagram colocou na minha conta por causa de diretrizes que não violei! Estou desgostando do aplicativo por conta disso!!",1
"Eu não posso seguir ninguém e ninguém me segue, fala que tô restringindo, porém não quebrei nenhuma diretriz. E eu trabalho com o instagram, infelizmente não tenho nenhuma resposta da equipe de suporte",4
"Ultimamente meus destaques somem do nada, eu readiciono as fotos mas quando fecho a página voltam a sumir",3
"A opção de assistir reels sumiu da minha conta ja reclamei um monte no app e nao resolvem, na minha conta secundária funciona normal",1
JÁ FAZ UMA SEMANA QUE NÃO CONSIGO VER A OPÇÃO DO REELS SOMENTE QUANDO ALGUÉM ME ENVIA QUE CONSIGO VISUALIZAR PORÉM SOMENTE AQUELE VÍDEO E ACABOU ARRUMEM ISSO POR FAVOR JÁ ENVIEI MENSAGEM E NÃO RESOLVERAM,1
"O meu botão dos reels sumiu e o botão de curtidas e notificações ficou no lugar dele , não sei como arrumar , é só em uma conta , oque eu faço?",4
"Já faz mais de um mês desde a atualização do “notas”, e não importa quantas vezes eu desinstale e instale novamente, essa função nova não aparece pra mim 😭💔💔💔💔",1
"Já tentei de tudo e mais alguma coisa e não consigo de jeito nenhum atualizar o meu serviço de mensagens (Direct).
Não consigo responder a mensagens dentro de uma conversa e também não tenho acesso às reações. 
Alguém mais teve esse problema é que me possa ajudar a resolver?
Já tentei todas as dicas que achei na internet e no YouTube e simplesmente nada funciona. 
O meu equipamento é o IPhone 14. 
Help please",3
Meu insta nunca atualizou pra poder ultilizar nota,1
"Todos que conheço já estão com nova atualização, o meu iPhone 13 pro max com tudo atualizado ainda não apareceu o recurso nota, gostaria de saber o porque?",5
Meu não quer parece as notas Instagram,3
"A última atualização n sei Oq aconteceu,mas n consigo ver o feed completo,sempre fica aba inteira de seguir em cima,arrumem isso",3
Não consigo add mais ninguém. Mesmo estando sem nenhuma restrição,1
"Tinha bloqueado uma pessoa, desbloqueia no msm dia. E não tá dando pra seguir, e no tik tok tá dando certo",1
"Cadê essa atualização nova pro iPhone 13?🤔 já faz uma semana que estou tentando e ainda na que palhaçada, quem tem iPhone 13 e não conseguiu deixa o up aq",3
"até hoje meu instagram @jvnonatto não recebeu a função de notas no direct, tenho outra conta que uso nesse mesmo app que já tem a função.",1
Não consigo responder mensagens específicas no direct! Já tentei de tudo e nada!!!!,2
"Tá ruim dms, não tá carregando os storys e tá lento dms😡",1
Pq,5
"Tá muito ruim o insta travando toda hora, não quer carregar os story.....",1
"Estou muito chateado por que agora que comprei um iphone a estética arredondada do reels saiu com essa nova atualização, espero que consertem rápido",2
"Ficou horrível? Era um diferencial aqui do iOS e agora isso, que palhaçada.",1
"Ao visualizar stories de varias pessoas, o app simplesmente fecha do nada.",2
Mesmo o celular no silencioso o stories são com som. Ajeitem isso por favor,5
"Nao sei se é só o meu app, mas não gostei que os stories não ficam silenciados!",1
Meus stories abrem com som automaticamente. Está horrível. Desinstalei e instalei e continua. Não consigo tirar isso.,1
"As pessoas que você segue não aparecem no feed, só aparece propagandas e perfil patrocinado pra você seguir, tá horrível o Instagram!",5
"AMTES JÁ ERA RUIM PQ NÃO TINHA COMO DESLIGAR O SOM DIRETO NOS STORES, AGORA NÃO DESLIGA DE JEITO NENHUM!!!! P É S S I M O!",1
Depois de uma atualização não é possível mais visualizar os stories sem som mesmo que o telefone esteja no silencioso. Horrível,1
"Depois da ultima atualização, não consigo silenciar os stories",1
"Última atualização tornou impossível passar pelos stories sem o som ativado, mesmo que no feed esta opção esteja selecionada",4
"Não consigo ouvir as músicas que posto no meus
storys (a música adicionada pelo o Instagram) e
não consigo ouvir as músicas dos meus
seguidores no storys, fica aparecendo ""esta
música está temporariamente indisponível”, ai fica complicado… Será que poderiam resolver meu problema??",3
Sem condições está. Todo bugado!!!,1
"Tive minhas conta bloqueada temporariamente por uma atividade suspeita, atividade essa que não reconheço, em anos de conta nunca tive uma advertência, solicitam que eu confirme que sou a dona da conta aí enviar um código ao meu e-mail, que já tem 48h que dizem que enviaram e nada chega ao meu e-mail. A questão é, não existe NENHUM canal de atendimento onde possamos tirar dúvidas, buscar resolver situações assim.
Minha conta além de pessoal e profissional e isso me lesou bastante",1
Ficou muito ruim a nova forma de ver o Feed,1
"Bom dia, existe alguma versão paga que não apareça tanta propaganda ou sugestões? Quero ver postagens das pessoas que sigo e não o que o Instagram quer que eu veja.",2
A rede social instragam agora ta parecendo tik tok e a cada atualização de vocês ficam pior 🤡,1
"Essa última versão ficou horrível, meu feed parece um reels eterno! Péssima!",1
Essa nova atualização só com vídeos e reels e com estética de TikTok está horrível,5
"Alguém por favor tira a minha página principal de preta? Porque eu não gosto assim e não queria colocar, o Instagram colocou e não consigo tirar. Gostaria que voltasse ao normal.",5
"nao consigo mais entrar na rede e me deparar com mil reels, so queria ver fotos das pessoas que eu SIGO",1
"O instagram está péssimo, não vejo mais fotos de amigos e publicações de quem sigo, apenas vídeos e propagandas. Está tentando imitar o Tiktok e se tornou o pior app hoje em dia",1
Essa atualização do feed (provavelmente para competir com o tiktok) é a pior que eu já vi. Me fez perder a vontade de usar o app.,5
"Senhores moderadores,

Eu não quero ver no meu feed histórias, relatos, fotos e reels de pessoas que eu não conheço! 

Nestas últimas atualizações do app estão horríveis, com falta de respeito à vontade do usuário com tecnologia de BI sem sentido algum.

Se eu quisesse TikTok faria inscrição no referido App.

Desejo a volta ao Instagram raiz, aquele com predominância da cor marrom, que fez o seu legado e abriu portas.",1
"Essa atualização ficou ridícula, de todas as atualizações essa com certeza é a pior de todas🤮🤮🤮",1
"Agora só entrega vídeos no feed, raramente aparece fotos dos meus seguidores. Só vídeos de pessoas q nem sigo 😩😵🤐😵‍💫🫤😐😕😞",5
Péssima essa nova versão com fundo preto e o tamanho das fotos. A legenda se mistura. Odiei! 🤬. E essa nova versão não foi para todos. Pq somente para alguns? Quero a versão antiga já!,1
"Ficou muito ruim esta nova versão, mil vezes a versão anterior. Tem alguma maneira de optar pela versão anterior?",1
O feed está horrível parece que é tik tok! Quanto mais atualizam pior fica 🥺,1
"devolvam o feed do meu instagram, essa atualização tá muito ruim assim",1
"Muito insatisfeita com a atualização do feed, tento de várias mentiras reverter e não adianta.",1
"Transformaram o Instagram no TikTok. Os vídeos e fotos em tela cheia são horrível, não consigo deixar os vídeos no mudo. Para visualizar os stories tenho que rolar a tela de volta até o topo. Péssimo de mexer! Essas atualizações deviam ser opcionais…",1
"Removam essa atualização pelo amorrrrrrr, não consigo ficar 1 minuto no Instagram mais.",1
O feed ficou péssimo. Ninguém gostou disso. Agora tá igual um TikTok.,2
Não gostei da atualização q o Instagram fica parecido com o tik tok. Quero voltar ao normal mais não consigo. Me ajude por favor,1
"Odiei a atualização, tudo parece reels agr, nem da vontade de usar mais",1
Faz mais de 15 dias que estou reportando para o aplicativo que estou tendo problema com modo escuro que nos ajustes está modo claro mais no insta está escuro e não tenho retorno nenhum,1
"Há dias a visualização do feed está no modo escuro e não consigo desativar isso. O restante continua no modo claro… está muito estranho.
Além disso, a navegação no feed está muito ruim também.",1
"Horrível esta atualização, por favor volte ao antigo o quanto antes.",5
"Não gostei da nova atualização, fundo preto, parece que estamos vendo Reels no feed, ficou ruim de mais a visualização do feed com esse fundo preto.",1
"Está tentando competir com o tik tok, so aparece vídeo no feed, o algoritmo está péssimo. Fotos não são entregues, pessoas que não seguimos aparecendo no feed.. estamos rumo ao fim do Instagram. Devolvam nosso Instagram de vídeos e fotos normais! Algoritmo de horário, feed entrega de fotos só DE QUEM SEGUIMOS! Está horrível! Simplesmente!",1
"esta quase igaul o tik tok, não gostei, quero minha versão de publicões normal como era antes. Agora o feed inicial não está legal, e mostra apenas videos e vídeos!!",1
"meu feed está modificado, tela está preta e não estou usando modo noturno, arrumem isso, já está ficando insuportável e ruim",1
"Meu feed não está na versão original, ficou muito ruim…",1
"Voltem por favor com a versão anterior em que o feed era mais limpo e organizado, essa atualização que parece feed do tik tok está horrível, chega a ficar sufocante tanto vídeo. E não dá mais pra tirar os sons dos vídeos",1
"A última atualização deixou o app confuso, a interface ficou pesada com muita informação, o vídeo ou a foto ocupando a tela toda tira toda a atenção da legenda e dos comentários. Antes estava melhor.",1
"Está horrível a atualização. O feed está parecido com o reels, mas vejo mais postagens de pessoas que não não sigo do que daqueles que estou segundo. Horrível!
Nem da vontade de usar mais",1
"Depois que teve esse última atualização ele ativou o modo escuro sozinho e não consigo tirar, eu já fui nas configurações e não deu certo, meu celular está com o modo escuro desativado e mesmo assim o Instagram fica nesse modo, eu não gostei porque não consigo tirar. Está péssimo assim",1
"A nova versão é simplesmente péssima, uma tela preta horrível, os posts gigantes, como se estivesse em um eterno rolamento de reels. Não dá pra ver as legendas, é feio, esteticamente desproporcional, e ainda é preto, isso é só o feed inicial, o resto continua branco. meu Deus não sinto nem vontade de entrar nesse aplicativo, tirem isso.",1
"Meu Instagram mudou o layout. Ficou escuro, sem eu solicitar. Utilizo iPhone e não consigo reverter essa mudança, que por sinal ficou horrível.",1
"Péssimo essa nova versão, na qual tranca as publicação, além que vejo mais feed de quem eu posso seguir, do que fotos das pessoas que eu realmente sigo.",2
"não sei se é nova atualização ou apenas um teste, mas saibam que está completamente horrível. eu to no instagram pra ver FOTOS se eu quisesse ver vídeos eu ia pro outro aplicativo. parem de inventar moda, a timeline está pavorosa, a cor e rolagem péssima e só aparece vídeos de pessoas que eu não sigo. estão querendo imitar o tiktok a qualquer custo, vão ficar abandonados igual o facebook. voltem ao que era antes logo.",1
"Não consigo tirar do modo escuro, não está legal assim!",1
"Não gostei dessa atualização, o feed virou um reels!!! PÉSSIMO muito estranho....",1
"Aquele feed ficou horrível , tudo parece rells , pra aumentar volume precisa apertar no botão volume do celular, aperta no vídeo não abre mais nada. Horrível",1
Muita publicidade e propaganda. Saudades da época que o Instagram era bom,1
"Essa atualização nova que ficou parecendo o Tik Tok tá horrível, nem da vontade de usar o Instagram mais, se eu quisesse usar o Tik tok eu baixava ele, -1 usuário.",1
The last version is terrible. My feed went into black theme and I can’t change it. Unfortunately Instagram is going to fail so did Facebook.,1
"Essa última atualização de ver o feed com a tela cheia é horrível, e cadê o ícone de silenciar o vídeo sem ter que baixar todo o volume do celular? Ficou horrível, poderiam ter feito tela cheia apenas se a pessoa segurar a imagem!!!!! Devolvam o ícone para olhar os vídeos no silencioso!!!!",5
"Apos a ultima atualização quando abro o app, o ferd esta com o tema preto mesmo estando desativado. Nao da pra voltar pro tema claro. Péssimo pra mim que tenho problema de vista.",1
"Não estou conseguindo graças storie, quando seleciono a opção não abre a câmera vai para a galeria de fotos, corrijam por favor!!!",4
"Feed horrivel, quero o meu antigo de volta!",4
"Ficou parecendo um tiktok, não é mais fluido passar as publicações.",1
"essa atualização nova esta péssima, o feed está horrível de mexer, sempre com vídeos e um som chato pra caramba. 
a entrega dos storys está horrível, normalmente pra mim sempre aparecia primeiro as pessoas que eu tinha mais interação, agora fica aparecendo story aleatório e eu odiei isso. 
tá tudo horrível",1
Não está pegando minha câmera e nem os efeitos do Instagram.,5
"EU NÃO SINTO MAIS VONTADE DE USAR O APP DE VOCÊS. 

Essa atualização está absurdamente HORRÍVEL. Pelo o amor de deus, voltem ao normal. 

Esse feed novo é a pior atualização de toda a história de redes sociais que eu já vi. Foi a coisa mais horrível que vocês fizeram. Está péssimo, desanimador, quando abro o aplicativo e rolo o feed para baixo eu simplesmente fecho porque não consigo ficar 10s usando esse instagram novo. 

 Não consigo mais desligar o áudio de publicações que não quero ouvir e ativar nas que eu quero. A opção de salvar o vídeo tem que clicar em outra coisa pra depois conseguir salvar, sendo que antes era a coisa mais fácil salvar. Está tudo péssimo, eu só queria que voltasse ao instagram de antes, pois eu amo o aplicativo, mas desse jeito está estressante até de ver.",1
"Os efeitos sumiram quando coloco pra gravar stories . Meu iPhone XR, atualizado, já desinstalei o aplicativo é já reiniciei o aparelho, mas nada de aparecer os efeitos.",2
"Meu Instagram está totalmente preto n consigo acessar nada, fala q ele limitou algumas ações e eu n consigo ver nd",1
"Atualizações sempre pra pior. Essa última imitando o tiktok foi o auge da ruindade. To ouvindo música e rolando o feed mas para toda hora, n tem como desligar o som dos vídeos do feed mais. Pelo amor….",1
"O feed está muito ruim, fundo todo preto e parecido com TikTok. Nem tenho vontade de abrir o Instagram mais!!!! Eu prefiro a versão antiga…",1
"Está parecendo o TikTok, está péssimo o fundo escuro. Deveria ter a opção de escolha para quem quer o novo ou continuar com o antigo.",1
"Meu Instagram atualizou , o feed está aparecendo na tela cheia , muito ruim , tem como voltar para atualizar antiga , pq esta está horrível",1
"última atualização deixou o app um LIXO! design muito feio, interface horrorosa",1
"Desativei a conta e não consigo mais logar , aparece a seguinte mensagem “ocorreu um problema com a sua solicitação “
E não consigo logar de novo no Instagram",1
"Desativei o meu Instagram a 48 horas atrás normalmente e com a certeza de que somente desativei e agora não estou conseguindo simplesmente entrar na minha conta, apare sempre: ocorreu um problema na sua solicitação, já fiz de tudo que poderia, troquei senha, enviei código, tentei logar com Facebook e nada. Péssima essa situação, constrangedora.",1
"Estou tentando reativar uma conta que desativei por alguns dias e só aparece uma mensagem de erro, dizendo que ocorreu um problema. Um absurdo pois não recebo uma resposta do suporte.",1
"Havia desativado minha conta e quando voltei para ativar o Instagram apresenta erro, não sendo possível a realização da ação. Isso já dura mais de 3 dias. Não gostaria de perder minha conta, pois há lembranças nos itens arquivados que jamais gostaria de perder.",1
"Atualizei esse app, agora a minha tela de início fica no modo escuro, e todo o restante do Instagram fica no modo claro, já desinstalei e instalei novamente, voltou ao normal (modo claro), 2 minutos depois ficou no modo escuro novamente sozinho, é apenas a tela de início, alguém pode me ajudar?",1
"O aplicativo fica jogando todos os Stores que eu já vi toda hora os mesmo Stores que eu já vi quando eu atualizo, eu quero ver coisas novas e eles ficam mandando as coisas que eu já vi, como se eu não tivesse visto afff",5
"A nova versão não é tão legal, o fundo preto cansa os olhos.
Quanto mais mexem nesse App mais chato fica.",1
"O aplicativo se mostra cada vez pior, pra mim. O design do feed está péssimo, com vinhetas que não me permite ver a foto por completa, removeram a opção de traduzir o texto, toda vez que abro os stories de alguém sou obrigado a ver todos os stories anteriores. 🙄",1
Eu simplesmente não consigo colocar capa nos meus destaques. E os stories dos meus amigos estão aparecendo repentinas vezes!,1
"Se eu ver os 50 stories publicados de alguém e ela fizer o 51, eu tenho que passar pelo os 50 novamente para ver o 51. Não vai para o que eu ainda não assistir como era antes. Está voltando para o primeiro disponível.",1
"Não estou gostando, pois os Instagram de todos estão atualizados e o meu atualizo e não tem novas atualizações e nem melhorias, atualizei agora e está dando erro nos story, estou recebendo Story já visto ! 😢🤡",1
"Depois da nova atualização, meu Instagram não conta que eu vi os stories, tenho que ver todos de novo e é muito chato",2
"Depois da atualização de ontem, notei que quando uma pessoa coloca novo story, mesmo você tendo visto os anteriores, você tem que olhar todos os antigos pra ver o novo. 
Please, fix this!",5
Porque após a atualização não consigo trocar capa do destaque?,5
"Os stories  ficam repetindo 
Já atualizei e não resolve",1
"O novo conceito de feed, imitando o TikTok, é horrível, nada funcional, e estressante. Mal posso esperar pela atualização devolvendo o feed antigo. Se eu quisesse ver um monte de vídeos de pessoas que eu não conheço, eu iria pra outra rede. Está quase inutilizável! Devolvam o feed antigo, por favor!",1
"Essa última versão está horrível!!!! Não da pra ler as legendas e nem as frases escritas nas frases!!! Poderia voltar como era antes, queren deixar as fotos e vídeos grandes mas atrapalhou tudo nas legendas #horrivel",2
"eu odeio o novo design do feed, meus olhos doem e o texto fica em cima da foto isso tá horrível!!! sem contar q quando eu quero compartilhar uma foto específica no story não posso pq vai a primeira imagem, por favor voltem a como eram antes!!!",1
"Por favor voltem com feed anterior, esse com a legenda por cima da foto está horrível",1
"Horrível essa nova atualização.
A foto no feed não é visualizada inteira.
O texto da legenda fica sobre a foto, péssima. A barra de rolagem do texto, pra ler 2 linhas apenas. 
Voltem para a legenda abaixo da foto.
E mostrar a data em que foi postado e não contar por semanas, pois não é gravidez.",5
"Quem teve a ideia dessa atualização quase certeza que nunca usou o Instagram, não é possível que alguém tenha aprovado isso. Está impossível de ler as legendas, se estiver algo escrito nas fotos, quando vc abre a legenda fica impossível de ler! E ainda tem que ficar rolando a legenda??? E não consegue rodar as fotos com a legenda aberta?? Ficou péssimo. Ninguém testou isso? Se alguém estiver explicando algo sobre a foto, na moda, por exemplo, vc não consegue acompanhar a legenda com a foto. Bizarro quem deixou essa atualização passar.",2
Quem aprovou essa nova atualização do Instagram? Horrível! Acabaram de vez com a time line.,2
"O app está péssimo. Não entrega mais minhas publicações e, conversando com amigos, vi que o problema não é só comigo. Minhas fotos foram de 500 curtidas pra 150. Agora só são entregues publicações de perfis famosos. O feed está horroroso! Esse negócio de ter vários feeds e ficar trocando pra eu conseguir ver publicações de amigos e conhecidos NÃO COLOU! O Instagram virou um grande outdoor. Só serve pra comércio e olhe lá! Estragaram o app!",1
"Nunca vi uma atualização que deixasse o aplicativo TÃO RUIM de usar. Se o foco era imagem, agora tá péssimo ver as fotos, um filtro escuro automaticamente é adicionado é sempre fica uma borda terrível que não tem formato que evite.
Péssimo!!!! Horrível.",1
Ficou péssimo esse feed novo querendo copiar o TikTok. Não dá pra ver nada direito. Se eu quisesse feed de tiktok eu usaria tiktok.,1
"O feed está muito semelhante ao TikTok, não gostei",5
"A nova versão não tem a opção de traduzir publicação em outro idioma, isso tirou a graça em seguir pessoas de outras nacionalidades, afinal vamos ter que ficar indo ao Google tradutor para traduzir os post?",2
Ninguém gostou da nova atualização de vocês e forma de vizualização de imagem.Só vocês não se tocam?,1
Essa nova atualização ficou horrível fica as legendas na frente da foto e quando vou respostar uma foto específica pula direto pra primeira arrumen isso por favor !,1
"Essa nova versão é pesssssima!
Parece que está num eterno reels. Parece que não querem que leia as postagens , pois a visualizaçao é péssima… além da dificuldade em deslizar em múltiplas fotos . DETESTEI !",1
"Estão piorando cada vez mais a plataforma, tentando transformar a timeline em tiktok, achei péssima as cores de story, cores fortes que irritam os olhos do usuário, e péssima visualização de fotos no feed, espero que melhorem.",1
"Não gostei da atualização do feed. Parece que está nos stories / reels. Por favor, arrumem.",1
"Tiktok é um coisa e Instagram é outra, era legal pq era único, essa atualização de agora não tem nada a ver, muito forçada.",3
"O App é muito bom e fluido, entretanto quando saem atualizações demora muito para chegar pra todos os usuários.",5
"o story grava o video, mas não carrega depois, fica travado como se fosse uma foto. e as músicas não estão carregando. 😩😩",3
"Temos que nos obrigar a produzir conteúdo com vídeo, pois essa concorrência besta com tik tok deixou tudo mais limitado. Tenho 14 mil seguidores, os stories alcançam no máximo 300 views, principalmente sobre o meu trabalho. Já foi bom um dia, mas está cada vez pior. Nem patrocinando conseguimos alcance direito …",1
agora toda vez que eu compartilho algum reels nos meus stories eles saem sem som!!! arrumem isso,2
"Tava parando de seguir algumas pessoas, até o Instagram fica pedindo pra mim troca minha senha e que a senha antiga da incorreta arrumem isso !!!! Coisa chata 👌",1
"Já fiz tudo que o Instagram manda , troquei a senha fiz de tudo fica apenas aparecendo o erro challenge required",1
Essa última atualização ficou muito ruim. Não é mais possível mais adicionar um amigo à lista de melhores amigos pelo perfil da pessoa e a única forma possível é simulando criar um storie e avançar para aparecer a lista de pessoas. Voltem à estrelinha por favor. O Instagram sobrevive pelo jeito prático de ser não por dificultar as coisas,4
"Não temos suporte no App. 
Fui hakeada estou informando a dias e nada , não consigo pegar minha conta novamente e os bandidos estão usando para vendo de de produtos .  Uma vergonha não ter suporte on-line !",1
a nova função não pega no meu!!! e todo mundo posta!!,1
"Depois que atualizou não consigo pesquisar músicas para o story, só consigo colocar as que já foram usadas",1
Depois da atualizaçao meu Instagram deixou de passar os stories automaticamente. Fica repetindo sempre o mesmo story até que eu passe. Muito ruim!,1
Já tem quase 2 semanas q meus stories se repetem sozinhos. Já atualizei o software do meu celular já desinstalei e instalei novamente o app e já reiniciei o celular e fica da mesma forma. Tá péssimo!,1
"Gravo vídeo que troca câmera e ele fica só carregando, não posso salvar nem postar, tá complicado!!",5
"Depois da última atualização, não consigo mais postar várias fotos no feed, a opção sumiu e não consegui ver nas configurações nada que possa mudar isso.",5
Atualizei meu aplicativo e depois ele ficou sem áudio nos meus stories por favor arrumem isso 🙄,2
When in silent mode unable to hear instagram histories,3
"O Story do meu Instagram ele apresenta um erro, ele não está passando automaticamente de um Story para o outro. Eu sou obrigado a clicar no Story para passar de um para o outro.",3
"depois da ultima atualização de correção de erros, quando eu vou ver os stories não aparece a barra superior que mostra a quantidade de stories",3
Não consigo visualizar todas as pessoas que viram meus stories. Apenas as 5 últimas pessoas.,1
"Não consigo adicionar musica nos meus reels, nao consigo adicionar musica nos meus storys, não tenho essa função liberada pra minha página de trabalho que tenho a mais de 2 anos! Me ajuda ai!!!",2
"Desde que a função foi liberada, não tive acesso em meu perfil. Já solicitei suporte e nunca tive resposta. Isso acontece com mais alguém?",2
Após atualização Não consigo ver quem visualizou meus stores…. Ajuda aqui !!! 😩,1
"Está péssimo, além de ficar dando erro não apareceu a opção de responder mensagens específicas e nas dos meus amigos tem essa opção. O Instagram já foi bom👎🏻",5
"É bom sim, porém não está aparecendo quem viu os meus storys, ex: postei meu story a 6h atrás e está aparecendo como se ninguém estivesse visto, sendo que várias pessoas responderam o story😢",4
"Não aplicativo está péssimo desde janeiro não consigo por mais músicas nos stories, desanima demais quando a plataforma tem esses bugs.",1
"Esperando sair o novo Messenger para o Instagram no iPhone, fala sério que demora, e pior ainda que já tem uma porrada de gente usando aff",5
"não entendo o porque de algumas funções não aparecerem no meu Instagram sendo que no das minhas amigas aparecem, já atualizei o aplicativo e nada!!! Uso o aplicativo em um iPhone XR",1
"Queria uma explicação do porque o App atualiza para alguns com resposta às mensagens e pra outros não? 

Exemplo: eu digito uma mensagem específica e a pessoa responde marcado aquela determinada mensagem. 

Alguém explica, pfvr????",5
"Ah vários meses conheço pessoas que estão com app atualizado com a versão fundida ao messenger, principalmente respondendo mensagens especificas e eu ainda nao!
E pelo o que vi, MUITAS outras pessoas tmb não.
Corrijam esse absurdo",2
o meu insta não está atualizando faz um bom tempo e não consigo responde os stories com fofo,5
"Não consigo postar vídeos, estou conectado com internet mas quando vou postar vídeos aprece a mensagem de que será postado depois que houver conexão com a internet. Já apaguei o aplicativo e instalei de novo duas vezes",1
"Achava bem melhor quando as publicações sugeridas ficavam só na página de busca, tirem logo isso da página inicial, prefiro muito a timeline de antes com publicações só de quem sigo.",4
"Quando pulo de uma publicação pra outra, o video anterior fica tocando ainda. Uma baguncada danada",5
Eu atualizo e atualizo várias vezes e o meu Instagram não muda nem o direct fica roxo nem dá pra fazer os negócios das mensagens,4
Usando o iPhone no direct n tem como reagir com outros emojis sem ser o de coração nas msgs e n tem como marcar a msg pra responder 🤦🏻‍♂️🤦🏻‍♂️🤦🏻‍♂️,3
"Já desinstalei o app milhões de vezes pra ver se minha conta atualiza e nada, toda conta que ou faço login vem atualizada menos a minha. Só queria uma solução pra isso",1
O meu não atualiza pra responder as respostas no direct independente..... pq isso?,1
"Apesar de estar atualizado, meu app não tem as fontes novas para os stories e ainda está todo com o layout antigo. Coisa insuportável",1
"Não consigo usar os novos recursos nas mensagens do Instagram para responder mensagens isoladas nem os emogis novos pr reagir por mensagem, tô bem decepcionada com isso",4
"Não consigo ver os reels, o som não acompanha passando de um pra outro, fica travando!",1
"Tenho a ferramenta de música, porém só aparece músicas internacionais que parece toque de celular. Não aparece as músicas que pesquiso.",1
"O meu App não está mais aparecendo a opção música estou muito triste no isso, chateado!",5
"Estou cansada de abrir reclamação no Instagram, até o momento não tive a atualização das fontes, falaram que é por cidades mas TODOS da minha cidade já tem, estranho né Instagram? Além disso, nenhuma outra atualização chega mais para mim, já abri reclamação ao próprio Instagram e nada! Melhorem!",1
Meu iPhone não recebe as atualizações. Até hoje meu ícone do direct não mudou e não posso arrastar as mensagens.,1
Sumiu o app das notificações e não recebo nada,2
"Tem várias atualizações em outras contas e na minha não chega nada, um exemplo é o chat na cor roxa",2
"No meu celular já chegou a nova atualização do Instagram + messenger, atualizei, mas quando entro não está disponível como nos outros dispositivos! Melhorem isso, por favor!",1
Não está aparecendo meus filtros dos stories,4
Não estou conseguindo carregar os efeitos para stores. 🙄🙄,1
Faz uma semana que tento carregar os efeitos e eles não suportam e só da erro...,3
"A nova atualização além de ter ficado horrenda, está toda buguda...
Notificação que não existe fica aparecendo 
App fecha sozinho 
E por aí vai",3
essa nova atualização tá horrível! não faz sentido nenhum trocar o ícone de notificação de lugar,1
"Gente , meu insta não pesquisa mais storys com localizações . 
Antes eu pesquisava uma cidade por ex e aparecia os últimos storys que postaram e marcaram aquele lugar . Alguém pode me ajudar",5
"Estou no instagram já faz 5 anos e sempre acompanhei o aplicativo, sou criadora de conteúdo e lutei muito para ter o reconhecimento que tinha através da arte, mas o instagram simplesmente APAGOU minha conta sem razão nenhuma. Além disso, qual é o ponto de tornar um aplicativo de fotos em uma nova versão do aliexpress?? Se eu quisesse comprar algo eu certamente não estaria em uma plataforma de fotografias, o que o instagram claramente não é mais. Desinstalei o aplicativo e recomendaria que fizessem o mesmo. Não façam login na esperança de ver fotos de pessoas que você segue, pois o máximo que você conseguirá ver serão propagandas intermináveis.",1
"Com a última atualização, os vídeos do reels não aparecem completos direto no feed, aí quando chega no final que eu vejo que tem mais eu tenho que entrar no vídeo e assistir desde o início de novo. Péssimo.",1
"Se eu quisesse comprar coisas, iria no aliexpress e não no Instagram. Atualização lixo",1
Estão estragando o app a cada atualização,1
"Desde a última atualização, removeram a possibilidade de se ver oo stories por localização, marcados nos determiandos locais. Atrapalhando assim até mesmo a divulgação de lojas, os produtos e afins. Por favor, voltem com essa função!",1
"As histórias de lugares não aparecem mais, cada atualização pioram o app ao invés de concertarem o erro.",3
"Do nada parou de aparecer os stories por localização, digito o nome do local, tipo bar, cidade e não aparece nada, mesmo as pessoas marcando as localizações e eu vendo os stories nas contas privadas com as marcações. Quando vou só na localização para ver todos os stories marcados, não aparece nada! Já limpei cachê, desinstalei, ativei localização tá tudo certo!!! Esse App que está bugado, ao invés de melhorar só piora!!!",3
"O App não está abrindo no meu celular está fechando sozinho, já desinstalei e instalei me ajudem por favor",5
"Com 4 dias sem acesso o aplicativo, porque ele simplesmente fecha sozinho!",1
Mesmo com essa nova atualização continua não abrindo,1
Já apaguei o aplicativo 2 vezes e quando vou entrar ele fecha só no meu iPhone 6s!,1
"O aplicativo tá fechando sozinho, já fiz diversos procedimentos para tentar resolver esse bug, porém sem sucesso",3
Aplicativo abre e fecha quando faço o login com o Facebook depois n abre mais,1
"Nessa ultima atualização do dia 13 de outubro de 2020, o meu app do Instagram não quer abrir, já desinstalei e instalei e nada funciona, o modelo do meu celular e um iPhone 8 Plus de 64 gigas e não está com memória cheia. Por favor resolvam esse problema. Ass: juiz Carlos villalba",5
Oq eu faço meu app está fechando sozinho!!!,1
Aplicativo quando vou abrir ele sai.,4
"Estava funcionando normal, daí atualizou agora e não abre mais o Instagram, já reiniciei o celular, já apaguei e instalei o Instagram várias vezes ele não abre, (abre e fecha).",5
"Não consigo entrar na minha conta,App fechar sozinho vi que várias pessoas que tem iPhone está com o mesmo problema",1
"Horrível estou cansado do nada ele parou de abrir meu celular é bom e já fiz de tudo pra resolver e nada, estou extremamente insatisfeito.",5
"Como eu faço pra tirar isso da forma que apareceu hoje ? Ele vai descendo a página com iniciativas publicações sugeridas , seguidas , em vez abrir meu feed de volta",5
"Tenho um iphone 7 plus e o aplicativo simplesmente atualizou e nao abre mais! Ja desinstalei e instalei, ja resetei o aparelho e NADA!!!",2
"Parece que deu um zoom horrível no meu Instagram, está muito grande as publicações, stories e letras",1
A atualizaçao estragou o app... aparece um “isso é tudo” e mostra um monte de coisa que voce nao quer ver.,1
Eu quero ver na minha Timeline quem eu SIGO. Não posts sugeridos.,1
"Se eu quisesse ver fotos de pessoas que eu não sigo, eu seguiria essas pessoas. Pelo amor tire esse negócio de publicações sugeridas",4
"O Instagram está ficando chato, já  tem as propagandas que não temos como controlar, agora quando acabam os posts das pessoas que vc segue (sendo que não mostram de todos que seguimos) começam a mostrar posts sugeridos de contas aleatórias. Não curti a mudança.",3
Tirem a publicações sugeridas.,1
"Pra quê colocar publicações sugeridas no feed ? Isso piorou em 100% a rede social!
Já tem os patrocinados que aparecem sem a gente querer, agora no feed só aparece coisa que não queremos ver. 
Achei ridículo sugerir pessoas pra seguir em pleno feed!",1
"Não ponham as sugeridas em sequência infinita  onde aparecem as das pessoas que sigo.. EU NÃO QUERO VER!! Total falta de respeito isso!! Se eu quiser ver coisas aleatórias eu vou em pesquisar e desço a página até morrer.. Mas na principal me deixem ver, em maioria, as coisas das pessoas que sigo..",1
Publicações Sugeridas deveriam ter a opção de desativar,2
"Essa nova atualização na qual aparece constantemente a mensagem “isso é tudo” e logo depois só fotos de pessoas desconhecidas está horrível. Meu feed de fotos de pessoas nas quais eu sigo, agora, se tornou um segundo explorar.",3
Depois dessa atualização o app fica recomendando outras páginas não mostra as publicações das pessoas que eu sigo tirem isso da atualização tá péssimo mas tirando isso é um ótimo app,3
"não consigo ver o feed, aparece uma publicação apenas e o resto publicação sugerida, isso é ridículo quero no feed as pessoas que EU sigo",1
"Não estou gostando, pois não tenho a nova atualização das fontes",5
No meu Iphone não apareceu a opção das novas fontes!,5
Meu celular e o aplicativo está atualizado e não aparece as novas fontes! Por que isso acontece? Resolvam logo,1
"DEPOIS DESSA ATUALIZAÇÃO O APP NÃO QUER ABRIR MAIS.. 
IPHONE SE ÚLTIMA VERSÃO DO IOS13",1
"Nos últimos meses está apresentando diversos erros e para as páginas comerciais o cálculo de engajamento está totalmente bugado e por conta disso o alcance diminuiu drasticamente!
Fora isso está acontecendo bloqueios e  fotos removidas de forma totalmente equivocada.
* E também não está entregando os posts para todos os seguidores das páginas!",1
"Acabei de baixar a atualização no IPhone e desde então o aplicativo abre e fecha instantaneamente. Ou seja, o aplicativo funcionava bem e a atualização trouxe um bug que inviabiliza o uso completamente! NÃO ATUALIZEM!!",1
"Não consigo entrar em nenhuma conta do Instagram pelo aplicativo.
Fica apresentando a seguinte mensagem “ocorreu um problema com sua solicitação “
Porém pelo navegador do celular entra normalmente.
Preciso de uma retorno o quanto antes!!!!",5
Eu atualizei o aplicativo mas as novas funções não apareceram,1
"Oi tudo bem , já atualizei meu Instagram, está na versão mais recente, e não aparece o cenas no Instagram, oq posso fazer ?
Vocês vão resolver este problema?",1
fui enganada por um vídeo que dizia para alterar o nome de uma amiga minha e na verdade era pra bloquear meu nome. como faço para alterar antes do 14 dias? me ajuda por favor,5
desinstalei pq sou feia muita gente bonita pro meu gosto odiei!!! 😡,1
"No Iphone 8 mal consigo entrar no meu perfil pois a página fica preta, quase sempre dá esse problema, não consigo ver quem me adicionou, trocar foto.",2
Quando entro no meu perfil a tela fica preta toda vez que entro e isso já tentei de td e não dá certo,1
Não abre a página principal já tem vários meses vc precisam corrigir isso,5
"Meu app está ficando todo escuro na partir do perfil. Aí trava e não sai da tela preta. Nos story fica sim conseguir voltar. 

Já teve três atualizações e não corrigiram isso.",5
"PAREM DE ME BLOQUEAR! Eu sou bloqueada mesmo sem fazer nada, não fico violando as regras de vocês, mas mesmo assim essa mensagem continua aparecendo pra mim! Eu trabalho com o Instagram e preciso postar stories, seguir pessoas e postar fotos, mas ficam nessa palhaçada de me bloquear. que inferno, não consigo fazer nada com isso de “ação bloqueada” e vocês não fazem NADA pra fazer com que isso melhore, só estão me prejudicando.",1
"O Instagram é realmente um dos melhores aplicativos que você pode ter no celular mas infelizmente estou com bug de tela preta quando tento acessar meu próprio perfil. 
Arrumem logo isso por favor !!!",1
Está péssimo,5
"Não recebo notificações do aplicativo, mesmo com todas configurações corretas. Já tentei de diversas formas contatar o suporte porém sempre sem sucesso",1
"Eu apago a conversa, saio do App. Quando volto a conversa tah lah novamente. Soh atualizar que aparece a conversa q eu apaguei.",2
"Não dá para alterar as configurações do perfil , a tela fica preta",1
"O app, no iPhone, está com um bug que quando clico no Perfil fica uma tela toda preta. Onde preciso fechar o app e abrir novamente. O restante funciona normalmente.",4
"Sumiu misteriosamente a opção de compartilhar publicações no meu stories, arrumem isso.",1
"não tá aparecendo a função de compartilhar publicações no story, ajeitem logo issooooo",1
Não consigo tirar fotos quando clico no botão o app fecha,5
"Minha câmera do Instagram não estar pegando, toda vez que aperto para fazer stores ou boomerang o aplicativo fecha sozinho. Espero que resolva isso rapidamente!!!",5
"A uns dois dias que eu tenho q trocar minha senha pelo menos umas 20 vezes no dia, não consigo mexer no aplicativo em paz, não to curtindo e nem comentando nada, só assistindo story, já desvinculei do Facebook, já desinstalei e instalei novamente, já sair e entrei de novo e já até desliguei o iPhone, mas mesmo assim não para, o que eu faço para isso parar?",5
"Meu aplicativos muitas das vezes não aparece os stores, e quando me marcam em algum aparece “ store indisponível “ eu já desinstalei  e baixei ele várias vezes mais o problema persiste tem como algum responsável resolver meu problema pq estar difícil e irritante isso...",1
Baixei a atualização pro iPhone 11 e simplesmente quando eu tiro uma foto ela perde toda a qualidade e fica horrível. Não gostei.,1
"A câmera está horrorosa, o que vocês fizeram??? Qualidade péssima, voltem a versão anterior. Está inviável tirar uma foto pelo aplicativo do Instagram.",1
"Ao clicar para verificar quem curtiu as minhas fotos aparece “Não foi possível carregar usuários”, assim eu fico sem visualizar o número de curtidas e quem curtiu nas minhas fotos. Já atualizei e o problema persiste.",3
"Minha rede social favorita, porém, saí da minha conta e não consigo mais acessá-la, sempre que tento o login, o aplicativo acusa que ocorreu um problema com a minha solicitação e não acontece nada!",5
"Meu insta ficou em inglês automaticamente, tento mudar para o português e n responde ao meu comando. Preciso de ajuda!!!",4
"Muito fácil de usar. Sugiro que façam uma atualização para que o usuário consiga apagar fotos de uma seleção que já foi postada, sem precisar excluir a publicação inteira.",3
Pelo amor de Deus que anúncio é esse que é a tela toda e não tem como tirar a não ser fechando o aplicativo ? Pelo amor de Deus ajeitem isso.,5
Quando vou fazer um boomerang com flash o aplicativo fecha,5
Não tem mais como vê quem curtiu negócio de alguém,3
Horrível não gostei voltem ao normal pelo amor de Deus está horrível.,5
Quando tento gravar um storie com a câmera frontal do meu iPhone o flash não ativa e o app fecha na hora!!!! Arrumem isso pela mor de Deus,1
"Tá virando aplicativo secreto, não da pra ver os likes mais, quem tem página até desanima, não da pra ver as atividades de outras pessoas, nisso acaba que não descobrimos novas pessoas... Já foi bom, seria novamente se voltasse essas e outras coisas",1
The Following activity tab was removed,1
Tudo o que é de melhor vocês estão tirando 😡😡,1
"Ficou um verdadeiro lixo depois que tiraram o seguindo, era a única coisa que usava nesse app.",1
"ODIEI QUE TIRARAM AS CURTIDAS, QUERO ATÉ DESINSTALAR MEU INSTAGRAM.",1
Essa nova versão do Instagram de retirar o número de visualizações e curtidas é péssima.  Isso tudo para ganhar mais dinheiro em cima de Profissionais como eu que necessita do Instagram para portfólio de trabalho.  Pior atualizações de todas!,1
Por que o meu Instagram não atualizou para a versão que tem música?,4
NÃO CONSIGO CADASTRAR A MINHA CONTA E NEM CRIAR OUTRA INSTAGRAM EU TE ODEIO,5
"As fotos quando postadas, ficam em baixa qualidade, isso não acontecia. Além de perder lugar no feed de varias outras pessoas, quase ninguém vê mais suas publicações.",2
"Não consigo entrar no meu Instagram, diz que ocorreu um problema com a solicitação 😡😡",1
Acho ridículo um aplicativo não ter um suporte online para tirarmos duvidas. Estou sem meu instagram há um mês devido ao “ocorreu um erro com sua solicitação” EU NÃO AGUENTO MAIS querer usar e não poder. Já fiz de tudo!,5
Agora não dá mais para ver quem viu os stories depois das 24h 👎,3
"Tiraram a visualização, achei péssimo",1
Nao gostei da nova atualização que tira a a lista vizualizações dos stories após 24 hrs,1
Socorro!,1
"Após a atualização, não consigo por a linguagem em português. Tento, tento e nada. Horrível ficou.:/",5
É mta burrice tirar esse recurso! Como retiram a possibilidade de gravar vídeo com música tocando do celular? Pqp,5
"sempre que tento fazer login diz que ocorreu um erro na solicitação, meu sistema é o ios, mesmo depois da última atualização não consigo, concertem isso !!!! to á mais de 2 semanas sem entrar",1
"Cada atualização que só piora, a qualidade dos story tá igual status horrível, agora fica cheio de riscos as fotos vídeos e não é só cmg enfim atualizem pra ficar!",5
EU QUERO GRAVAR VÍDEO ENQUANTO TOCA MÚSICA NO CELULAR!!!,5
"Gente, porque não dá mais pra colocar música nos vídeos? Que droga isso!!!
Alguém me ajuda??!!",1
Não é possível que vocês bloquearam a música do celular quando está gravando o vídeo!!!! Não faz sentido! Péssimo!,5
"As fotos e os stories estão com uma lista no meio, não toca às músicas que estão rolando nos vídeos que gravamos e isso está péssimo! 
Arrume logo e volte como estava antes! Grata!",5
"Não estou conseguindo gravar videos com música do spotify de fundo! Trabalho com isso, preciso que arrumem o quanto antes!",4
Quando irei fazer um vídeo com música de fundo ele bloqueia a música e grava o som ambiente. Antes ele grava os 2 agora não mais lixo essa atualização.,4
"App muito bom, porém depois de comprar o iPhone XR meus filtros sumiram. O app foi atualizado duas vezes e nada deles voltarem. O Xr da minha esposa segue com o mesmo bug.",5
"Essa última atualização está péssima pois ao gravar vídeo tocando a musica em qualquer aparelho musical ele corta a música! Por favor revejam esse detalhe.

Atenciosamente,

Dara Lima",1
"Até parece que vocês não sabem o poder da internet, tenho um iPhone 6s 64GB impossível ser o meu celular o problema, agr o Instagram fica travando, não sai áudio, preciso gravar os vídeos na câmera do celular pois a câmera do Instagram não sai áudio, sem conta que ele fecha sozinho abre em páginas aleatoriamente tá horrível horrível, segunda atualização e continua ruim, a internet tem um poder muito grande  e podemos acabar com o Instagram fácil, o mercado competitivo está aí pra surgir novidades e coisas boas de verdade, faz tempo que o Instagram fugiu de sua realidade deixando todos insatisfeitos então não está longe pra vcs irem pro mesmo lugar que o Orkut e Facebook",5
Os filtros de stories não aparecem no iPhone XR,1
A última versão meu Instagram da zoom e não volta mais bug muito chato que prejudica quem trabalha com a plataforma,5
"O meu Instagram não aparece algumas atualizações, muda as atualizações e o meu continua a mesma coisa, já atualizei, desinstalei e instalei dnv e nada de atualizar, criei outro pra ver se o problema era meu celular ou o aplicativo e consegui as atualizações no outro que criei, mas no meu antigo não quer atualizar, gostaria que me ajudassem e resolvessem esse problema logo!",1
"Quando vou abrir o app ele abre e fecha rápido.  Já está assim a 1 dia. 
Oba: eu uso IPhone 7",2
O excesso de propagandas deixa o aplicativo irritante.,2
"O aplicativo, após algum tempo de uso apaga e não para até desinstalar e instalar de novo. Não sei se é porque o app fica pesado e não suporta mais. Logo eu não estou suportando isso. Arrumem por favor!",2
"Tá impossível de entrar em alguma conta pelo Instagram, mesmo eu colocando a senha certa e tudo certo pra entrar, sempre aparece que a senha ta errada, mas quando tento pelo Safari da certo. Sempre da erro de login quando tento entrar em alguma coisa",1
"PÉSSIMO, perdi todos os meus Efeitos !!!",1
"Não consigo atualizar as fontes e algumas funcionalidades, algumas pessoas tem e outras não. 
Como faço para solucionar o meu problema? 
Mantenho o app sempre na última versão.",5
"agora não consigo mais desativar o som dos stories do instagram, não importa se eu deixo o vídeo do feed no mudo, os stories agora estão sempre com som automático e só ficam mudos se eu diminuir o volume do celular, não importa também se o celular está no modo silencioso ou não…",1
"Ficou horrível essa alteração do feed, eu não rolo mais, não tem condições de ver publicação das pessoas. Por favor volte ao normal de antes",1
"Eu removi o reels da grande do meu perfil e agora quero voltá-lo e não dá. Ajeitem isso gente!!! E outra que coisa chata ter que ver todo o storys já assistido, deixem como era antes apenas os novos.",2
"Vicia muito,NÃO É SAUDÁVEL!!!! 
O Instagram te manipula quando vc está sem usar a plataforma durante um tempinho através da notificação e te deixando viciado.
Tome controle da sua vida,visite o Instagram quando vc quiser,não quando a rede social quiser.👍🏻",1
Eu queria a atualização que dá para responder mensagem específica na minha mesa!!!! Queria as novas funções do messenger pra já!!!!!,4
"que atualização é essa instagram? horrorosa, querendo fazer do reels o novo tik tok e criando uma barra pra loja on-line??? eu não tô no instagram pra ficar indo atrás de loja. fora que as hashtags não funcionam mais, e isso estraga o crescimento da minha página. melhorem por favor",3
"O app está dando muito bug, limitando funções desnecessárias, poderiam resolver isso.",1
"o reels está travando ao deslizar de um video para o outro, a imagem fica travada e o som nao acompanha o video.",1
"De longe a pior atualização de todos os tempos!!!
se vcs querem colocar esses novos ícones pelo menos lancem uma ferramenta pra que cada pessoa configure da forma que quiser! pq sinceramente NINGUÉM FICA EM LOJA 24hrs e muitos menos no plágio do tiktok que vcs fizeram!!!",1
Meu Instagram não que abrir de geito nenhum,1
Eu não estou recebendo notificações,5
"Horrível o app fica fechando sozinho, esta atualização deixou um app que era ótimo em um lixo",5
"Achei que com essa atualização iam arrumar os problemas relacionados à notificação mas até agora nada. Estou há uns 2 meses sem receber se quer uma notificação do instagram, ficam atualizando e inventando coisa boba ao em vez de realmente ajustarem os problemas. Decepcionada com a plataforma!",1
"Horriveeeel essa atualização de ver publicações sugeridas, já tem no explorer pra que foi levar pro feed???? Eu NÃO quero ver coisas no feed que não tô seguindo",1
"Infelizmente meu perfil é muito bugado... lança uma ferramenta e demora uns 3 meses pra aparecer pra mim. 
Até hoje meu Reels não tem música, nem meus stories... as fontes dos stories também, nem aparecem as novas! 
Seria legal atualizar pra todos juntos",2
"Meu feed com as minhas fotos não carrega e não consigo ver quem curtiu as fotos do feed, verifiquem isso por favor.",1
"Meu Instagram simplesmente não funciona mais, esses últimos dias estou enfrentando seríssimos problemas. Não consigo acessar as configurações, porque ele simplesmente fecha sozinho. Não consigo acessar os links nos perfis porque ele fecha sozinho. Não consigo editar o perfil, porque ao clicar em “editar perfil”, ele fecha sozinho. Tentei desinstalar e instalar novamente, mas prossigo com os mesmos problemas. Também não consigo publicar notas em algumas contas que possuo.",1
"Meu instagram começou a bugar do nada, deslogou de minhas conta e mesmo eu botando a senha certa fica aparecendo senha incorreta e n da di mudar a senha, e se eu criar outra conta eu fico levando banimento sem motivos",1
"I have over 3k followers and there are times when my stories have less than 100 views. Come on, 24h posted and 3k followers? Something is truly, truly wrong. I’ve been trying to fix this for years. I don’t know what to do anymore, please help me fix this. Account: @gabrieljosende",1
Impossível conseguir ver um storie com áudio. Tem que fica saindo e entrando pra ver se funciona.,1
"Como que vocês podeme me ajudar na minha conta ??? Às fontes de letras simplesmente desatualizaram, só ficaram as antigas e não está pegando mais, mesmo eu com um aparelho novo.",1
"O instagram sai sozinho se apertar para postar story, ou apertar para editar o perfil… Já reiniciei, já exclui e instalei dnv e nada
tem que haver uma atualização nova corrigindo isso!",1
"Essa última atualização eu não estou conseguindo mandar vídeos e nem postar nada, fica saindo do aplicativo sempre que tento.. resolvam isso por favor!!",1
"tem dois dias que não consigo acessar minha conta principal do Instagram por conta de uma possível falha no sistema, não troco minha senha a 3 anos mas quando fui acessar a conta de “senha incorreta”, talvez por causa de muitas atualizações tenha uma falha no sistema que para o que era para uma melhora no app acabou sendo um defeito muito bobo. Se puderem ler com atenção esta avaliação e se possível me ajudarem com o erro, agradeço.",1
"não atualiza outras contas, apenas uma!",4
Queria poder colocar música no perfil Pfvv🥹,3
"Vi coisas horríveis de pornografia passando pelos reels, achei isso um absurdo até porque muitas crianças têm acesso a esse aplicativo e isso é uma baixaria, gostaria que proibissem pelo menos isso🤦🏻‍♀️",2
"App está fechando sozinho. Não consigo publicar story, não consigo salvar o story.. ele encerra e sai da tela.",1
"ja faz meses que deslogou no meu celular e quando tento entrar da senha incorreta, mas em outros celulares entra e pelo safari também!",1
Não tá abrindo no meu iPhone 11 Pro Max.,2
"Não consigo entrar na minha conta, Uma vergonha .",5
"TODA VEZ que o instagram lança uma coisa nova, NUNCA chega no meu app. Eu atualizo e NADA. Teve a vez do ""sua vez"" que chegou p todo mundo menos p mim, agora as novas fontes. Atualizei 3 vezes, apaguei e baixei de novo e NUNCA chega.",1
Não consegui ter as novas fontes até hoje no meu iPhone . Queria tanto 🥺,3
"Meu iPhone é o 15 pro Max, a nova atualização não chega de jeito nenhum no meu Instagram. Já tentei atualizar diversas vezes e não tive sucesso…",1
Pra mim não está aparecendo a nova versão mesmo atualizando,1
"O meu não está aparecendo as novas fontes, será que é por que minha conta é profissional?",4
Meu instagram esta a dias com problema para gravar boomerang ja reportei o problema várias vezes e nada,2
Parou de funcionar,2
"E não é a primeira vez que isso ocorre, a meta fica lançando uma atualização atrás da outra e não testa direito, precisa melhorar os releases e a Apple poderia lançar uma opção de downgrande dos apps, ai o cara simplesmente fica amarrado dependendo da boa vontade dos programadores da meta em corrigir os bugs",1
Os stories estão com problemas sempre ficam sem áudio,1
"Preferia o Instagram com o fundo preto, não com esse fundo azulado.",3
Não atualizou minhas fonte,3
O meu não atualiza de jeito nenhum 🥲🥲🥲🥲🥲,1
Meu Instagram não tá abrindo nem o app nem con reza,1
"Eu utilizava as novas fontes no story e  elas sumiram, gostaria de tê-las novamente mas não tenho como entrar em contato com o suporte.",1
"Instantes antes da atualização que acabei de fazer, o Instagram começa a pedir senha para acesso e do nada, a senha fica incorreta! Solicitei para criar uma nova senha, não funciona. Já tentei usando código de autenticação de dois fatores e demais meios e não funciona! O aplicativo ficou horrível!",1
As novas fontes sumiram tanto do stories como do reels.,2
atualizou e não aparece as fontes novas p mim,1
"O meu Instagram não atualiza, vários outros já receberam novas funções.",2
Do nada minhas contas deslogam e não sei o que é isso,2
"Querido Instagram, nois q usar o aplicativo queria muito que você dono do Instagram, colocasse quem visualizou o nosso perfil, e quem parou de seguir porque nois não aguento mas entra em 1 em 1 perfil e ver quem parou de seguir a gente, só queremos isso, obrigado a todos, e atrás uma atualização boa para todos nois que usar esse aplicativo.",5
Quando vou abrir o Stories ele fica sem som. Tenho que fechar o app e abrir de novo para ouvir o som,3
"Pra poder ativar o som nos stories, precisa voltar pro feed, rolar até algum post com audio, clicar no som e depois voltar pros stories. 
Outro problema é q feed ou não atualiza ou demora mto pra atualizar. Tem encerrar o app e abrir de novo pra aparecerem os posts novos.",1
Eu coloco o login e a senha corretos mas fica aparecendo que a senha está incorreta mas eu consigo logar em outros aparelhos menos no iPhone 11,1
"Instagram fica sem áudio nos storys e vídeos do direct mesmo aumentando o volume ele continua sem áudio, só resolve quando clica em algum vídeo do reels e clica no botão de ligar o som, mas se fechar o aplicativo ele volta a ficar sem som.",2
"Abro os stories e não consigo ouvir o som, ou fica tocando o som do vídeo do feed…",1
"Story sem som e boomerang bugado, está péssimo",2
"Os stories estão ficando sem áudio direto, preciso sair do app, voltar e ficar atualizando o feed até o áudio voltar!! 🤦🏻‍♂️",2
"Atualização faz os story ficarem sem som de mídia, fecha abre o aplicativo e continua igual",1
Não está saindo som dos Storys muito chato isso,1
"já perguntei pra várias pessoas e pelo visto só o meu tá assim, quando tô vendo story, é seguro a tela, abre um link de anúncios aaaaaaa",2
Feed não atualiza há 5 dias,1
"arrumem o bug pra iphone, o instagram não quer abrir de jeito nenhum!!! e as contas ficam sendo desconectadas e suspensas do nada",1
"Péssimo, não está fazendo atualização do feed",1
"A música da bio do meu perfil sumiu do nada, e quando vou entrar no perfil de alguém não aparece a musica também. Agora se eu entro em outra conta e vou no meu perfil a música vai estar lá. Arrumem isso urgente",1
"Meu instagram pede atualização quase todos os dias e ainda assim não atualiza as funções. Até hoje não vi essas novas fontes, e isso tem me deixado bem chateada.",1
"Estou tendo problema de logar na conta já faz 3 dias, já fiz o reconhecimento facial para comprar a conta, já troquei a senha, estou tentando contato com suporte e não tive nenhuma resposta, estou aqui pra ver se consigo um contato para que consiga resolver meu problema! Favor entrar em contato comigo.",1
"Boa tarde, já fazem quatro dias que não consigo logar minha conta, já relatei o problema, e não envia, ja alterei a senha e não adiantou. Se puderem ver o que houve. Desde já agradeço!",1
"Acabei de atualizar e a ferramenta boomerang continua bugada! Não consigo utilizar, só fica com 1s de duração.",2
"Arrumem o bug no instagram para iphones , o boomerang não funciona mais , o som está péssimo saí um monte de vozes ao mesmo tempo nos vídeos",1
É normal o Boomerang ter mudado?,5
"Instagram está cheio de bugs, áudio duplicado, boomerang bugado, tá travando. Aguardando resolverem os problemas desse app",2
"Fica dando senha incorreta, sendo q quando abro pelo Safari a senha está certa",1
"aparece que a senha está incorreta mas está certa, já tentei com mais de 3 contas, até conta de amigas que estão certas.
concertem.",1
Boomerang bugado ajeitem isso!!,1
depois dessa atualização meu boomerang não funciona,3
Por que as fontes tipográficas não aparecem mais pra mim? Só aquelas básicas!,1
"Simplesmente os storys estão sem som nenhum e não atualiza as fontes.

Cada vez mais travado 
(Utilizo iPhone 12)",1
"Tenho duas contas, uma tem as fontes novas, mas a que eu mais uso não tem",1
"n consigo acessar nenhuma conta do instagram no app do meu celular mas consigo acessar normalmente em outros celulares e dispositivos, no meu dispositivo aparece senha incorreta independente da conta",2
"Gostaria de reclama de um bugue que está tendo no meu ig, não consigo adiciona o @ de uma pessoa na minha bio, no caso a pessoa removeu uma vez , mas agora não fica clicavel , poderiam me ajudar como resolver.",3
"A cada atualização, fica pior…. O story está horrível, não funciona, a câmera só quer fazer no modo foto.",1
"Sempre que vou tentar entrar na minha conta do Instagram pelo aplicativo consta que minha senha está incorreta sendo que não está, já alterei senha, já desinstalei o ap é instalei novamente é nada se resolve, está cada dia mais complicado de conseguir ficar em paz no Instagram com tantas atualizações que só pioram o aplicativo cada dia mais 😢",1
"eu tenho 3 contas,as 2 atualizaram,a outra NÃO,a atualização é a da letra do storys",2
Estou com problema de entra na minha conta. Aparece senha incorreta. Porém já modifiquei senha duas vezes e nada muda. Não consigo entra. Porém entrando pelo Google ou em outro aparelho eu consigo entra.,2
"Meu instagram é o único que não recebe atualização, não tenho as novas fontes e todo mundo tem.",1
"que correção de erros são esses? que não tem uma melhoria nesse app, não consigo logar minha conta no app, fica dando senha incorreta sendo que está certa.",1
"Coloco a senha certa e quando vai entrar fala que tá incorreta, muito bug",1
"Não estou conseguindo entra no meu perfil do Instagram, toda vez que eu tento entra tá dando senha errada. Sendo que a mesma senha eu consigo entra por outro aparelho celular. Já tem 2 meses que estou com esse problema.",1
"Horrível sumiu a opção de eu deixar munhas notas do reels, poxa eu tava amando",1
"Está sendo necessário ir ao feed apertar no botão de mute para retornar o som para poder ouvir o stories mesmo se você aumentar o volume o som não volta. E, às vezes, ainda pior: o som do feed está ligado e o stories fica silencioso e só volta o áudio quando você procura um post no feed e o som inicia aí você pode retornar ao mesmo stories que estava silenciado e o som já está novamente disponível.",4
Por favor atualizem minha fonte!,1
Derrubam contas sem motivos e não existem justifativas.,1
tiraram a opção de colocar músicas na bio?🥹,4
"App as vezes tem falha no som e preciso reinicia-lo, mas pra isso perco a postagem que queria ver",3
"No Instagram quando eu quero seguir alguém fica aparecendo “registramos determinadas atividades para proteger nossa comunidade” e outros mais que tinha lá, eu queria que vcs tirassem isso pq eu quero seguir amigos,meus familiares e etc… então por favor instragram tira isso 🙏🏻",3
"Todos já atualizaram a letras menos a minha versão 
Já atualizei o app",1
"No dia 13/08/24 minha conta do Instagram desconectou sozinha do app, não tentar entrar apareceu a msg de “senha incorreta”, recebi o link através do meu e-mail para mudar de senha e até o momento eu não consigo inserir nenhuma senha pois a única página que aparece é para digitar uma nova senha e nunca carrega. Tentei vários meios para recuperar minha conta, segui as dicas que estão na própria página do aplicativo e não sai da mesma tela, já enviei e-mail solicitando suporte e até abri uma reclamação no reclame aqui, porém sem sucesso. É uma decepção essa plataforma com tantos usuários e não ter um apoio. DECEPCIONANTE.",1
"Quando abro o Instagram e olho para os novos stories das pessoas na parte superior do aplicativo, apenas os dois primeiros aparecem e os demais ficam carregando. A atualização foi feita no dia de hoje 28/08/24",3
"Cada dia que passa só piora,as fontes bonitas nos storys já sumiu ,ajuda aí né 🤦🏻‍♀️",1
estou a dias tentando fazer login mas ele fala que a senha está incorreta sendo q entro por outro dispositivo ele entra normal,1
Eu recebi as novas fontes para o story mas há 1 semana elas sumiram e não consigo mais utilizá-las. Já atualizei o Instagram e ainda nada,4
meu instagram naooo Bre no meu aparelho de jeito nenhum .,1
Depois da atualização do meu Instagram a opção de colocar música no perfil não aparece mais.,2
Simplesmente as fontes novas sumiram!,3
Cadê as fontes novas? Sumiram pra uns. Apareceram pra outros que não tinham.,2
Depois na última atualização eu perdi as novas fontes do story,2
"Já atualizei várias vezes, mas as fontes novas ainda não foram disponibilizadas",2
Aqui só tem espaço para os grandes… Poderiam da oportunidade para os pequenos crescer também…,1
As fontes novas não aparecem no meu Instagram,1
Chateada que atualizaram com fontes legais de legenda e depois retiraram 😑,5
"Há meses ocorre sobreposição de músicas no feed e nos stories. Você sai da publicação e as músicas sobrepostas só param de tocar fechando o aplicativo. Também era melhor quando você podia responder a mensagem privada e continuar na altura em que estava. Agora, se responder uma mensagem lá em cima, desce para a última mensagem (sua resposta). Tem que subir tudo de novo para responder novamente as mensagens mais antigas. Uma perda de tempo bem grande.",3
"Meu instagram está com mal funcionamento. quando vou fazer login na conta ou em qualquer outra, fala que a senha está incorreta, sendo que a senha está certa sim. E isso não está acontecendo somente no meu telefone, quando eu vou colocar a minha conta la, fala que a senha está incorreta. E no navegador abre normal. Ja desinstalei o instagram e reiniciei o telefone, fiz tudo que era de procedimento porem continua com o mesmo problema.",1
"Gostaria de ter minhas fontes (letras) de volta , pois fazia dias que eu estava usando e do NADA SUMIU TUDO, tá cada dia mais complicado usar o Instagram, todo mundo é atualizado, eu sempre atualizo o meu, e tudo some do nada! 👎🏻👎🏻👎🏻👎🏻",1
"Atualiza e atualiza e não aparece as fontes novas pra mim, arruma isso por favor!",1
Não consegui usufruir das novas fontes nem por 1 semana e elas simplesmente sumiram do nada! Ja atualizei o meu celular e o app e nada de voltar! Chateada…,1
"Meu celular tá atualizado no iOS 17.5 e continua o bug que tá dizendo que a senha do Instagram está errada mas não está, preciso de suporte urgente, trabalho com o Instagram e não está pegando.",3
As qualidades estão ficando horríveis dos vídeos e fotos quando postamos no feed.,1
Essa atualização ainda não apareceu pra mim…,1
"Quando chega mensagem não vejo o que é , não mostra( apenas fica Notificação ), fora as fontes novas , os meus filtros sumiram . Cadê as atualizações????
E cadê a músicas na bio
O que houve com esse aplicativo ??",1
"Já troquei de senha mais de 5 vezes e ainda fica falando que minha senha está incorreta. App deslogou das minhas contas que estavam logadas sozinhas, agora todas dizem que a senha está incorreta",1
O aplicativo não deixa a pessoa entrar na sua própria conta “senha inválida” eu entrei pelo meu computador e a senha estava correta!,1
"O meu Instagram não recebeu essa nova atualização de ter as novas fontes atualizadas, já atualizei, desinstalei, instalei de novo e nada. Cansada de ser uma das únicas que não pode usar o que o Instagram lança de novo, pelo amor de Deus me ajudemmmmmm😣",1
"Bom, mais minha câmera do insta tá desfocada 
E não consigo atualizar meu insta pra tentar ver ser voltar o normal, já fiz de tudo q nada, muito bug nesse insta q já tô de saco cheio",2
"Esse instagram tá muito bugado,a gente colocar a senha certo é disse que tá incorreta da de entra de nenhum jeito,por favor ajeitam isso.",1
"Tá horrível de você ver vídeo e depois vai p story, fica a fala do vídeo no story e os dois falam ao mesmo tempo. Áudio atrasado, vídeo tipo em câmera lenta",1
Depois da atualização o meu não carrega todos status e tá travando e muito ruim isso no iPhone 15 pro Max,1
"O audio esta duplicado, saiu do video vou para o store e fica o audio de video misturado com stores. Ta bem ruim isso!",1
Não consigo ver mais quase nenhum comentário de qualquer postagem.,1
O meu Instagram não entra,1
Não gostei da nova atualização que sumiu as fontes belezinha.,5
A música que estava no meu perfil sumiu e a opção de adicionar música na parte de edição do perfil também sumiu.,1
"Não consigo desde cedo entrar, diz que ocorreu algum erro e estão arrumando, mas estão desde cedo com isso",3
Todo stores e vídeos que as pessoas gravam com o próprio áudio primeiro passa o áudio da pessoa falando depois oque está fazendo está tipo atrasado 🤦🏽‍♂️,1
"Ultimamente nao estou conseguindo ver um video que fica duas vozes no video, repetindo a mesma coisa!",2
"Instagram está bugando todos os dias, sempre um bug diferente! até as músicas ele está tirando! por favor né gente",1
Abro o aplicativo por 10 minutos e o celular esquenta e drena a bateria…,2
"O meu estava tudo atualizado, fontes novas mas agora voltou tudo ao antigo",1
"Nova atualização faz meu Instagram ficar super lento ao comentar qualquer coisa. Clico nas letras e elas demoram a serem escritas. Esse problema só acontece no IG, nenhum outro app faz isso.",3
"Quando assisto um vídeo fica áudio de outro vídeo por cima do que to assistindo. Aí tenho que fechar o insta e abrir novamente pro áudio sair normal.

Áudio dos vídeos continua com bug.",1
Está drenando demais a bateria do celular na última atualização e aquecendo o aparelho,1
"instagram ta uma bomba, agora deu de só de entrar nesse app que o celular começa a esquentar, arrumem isso, não é normal!",1
"Um iphone 14 pro max superaquecendo com o aplicativo durante o uso ao desinstalar o celular para de esquentar, e isso começou após essa últimas atualizações, complicado...",1
"Minhas fontes de postagem nos stories tinha atualizado, e agora voltou a ter somente as fontes antigas.",1
"Não consigo a minha atualização de letras, ja atualizei mais de 3 vezes e não vai!",4
"Simplesmente as fotos novas sumiram. Não gostei, tava curtindo as fontes mais clean.",3
"Muito chato, quando abre o feed o som do primeiro vídeo continua mesmo saindo do video. Os stores estão sem som quando o celular fica no silencioso mesmo aumentando o volume. Por favor corrigam isso logo.",4
Cadê as fontes novas ? Arrumem isso Instagram!,2
"Essa última atualização tá uma %#@&$. O som está duplicado, abre um vídeo no feed e ele continua passando o som mesmo você atualizando, entrando nos stories ou nos reels.
Fora que se você mutou um vídeo, quando quer ver outro com som não reproduz.",1
"De uns dias pra cá não consigo assistir os storys que assistia com muita frequência. Simplismemte, não abre. Corrige isso aí Instagram 😓",1
"Necessitamos de uma atualização nova, 
 as minhas fontes sumiram 🤬",5
"Não consigo assistir os storys normalmente, sempre aparece tela preta, fica carregando e não mostra o story, automaticamente passa pra o story de outro ig. Já deixei de seguir vários perfis pq não consigo acompanhar o story! 
Os storys que publico, não está entregando como normalmente entregava, está travando no meio da gravação ou quando está carregando pra ser postado, simplesmente dá erro! Não entendo nada dessas diretrizes que exclui story normais e diversos perfis q publicam coisas horrendas e explícitas não são tirados do ar! 
Sinceramente, saudades de quando não tinha tanta burocracia pra simplesmente gravar  e postar sem precisar de tanta complicação!!!",1
Esquentando muito o smartphone,1
"Depois da última atualização, alguns tipos de letra para os stories que eram ótimos sumiram!!! Voltem!!!!!",1
Meu feed não mostra mais as datas em que as postagens foram publicadas,3
"Há uns 8 dias sumiram as datas dos posts do feed. Já atualizei, mas nada… 😢",1
"Sou criadora de conteúdo e estou com problemas em fazer colaboração. O botão sumiu. Já conectei em outros aparelhos e ainda não consigo. Gostaria que meu problema fosse resolvido, estou perdendo publicidades devido esse problema.",3
"Com a nova atualização, excluíram as fontes de letra como a Deco. Gostaria de saber quando voltará.",2
"Já tiraram os novos filtros que por sinal eram mais bonitos do que os que tem . 
E as novas fontes também .. chatãooooooo",3
"A nova atualização retirou as letras novas que vocês colocaram! Poderiam por favor corrigir esse erro? Fiz a atualização que vocês enviaram, porém, sumiu as últimas letras que vocês colocaram, da nova formatação. Poderiam corrigir? Voltar como estava há 10 dias… Obrigado.",1
Depois da atualização as minhas fontes sumiram. Como assim?!!!!,3
As fontes novas desapareceram :(,3
"na atualização diz que vai corrigir os erro, e quando vai ver tá mais pior do que já tava,vamos melhorar !!",3
Cadê as fontes novas????,1
Depois dessa última atualização os sons do vídeos do feed ficam passando em cima dos story ou seja não dá pra entender nada Instagram me ajuda,2
Os áudios estão se sobrepondo ao rolar o feed,1
"As novas fontes que estavam no Stories eram bem bonitas, agora com essa atualização, saiu",2
"O audio dos vídeos no feed ficam duplicados como se estivessem com delay. 
O storys fica sem som e é preciso sair dos storys, entrar em qualquer video do feed, “habilitar” o áudio e depois com muita luta procurar o story específico outra vez",2
"As fontes novas e melhores , saíram depois que atualizei em 14/08/24. Voltou o era antes, ficou chato",2
"Acho que sou a única usuária que não teve a atualização das fontes, ainda.",1
Quando vai chegar atualização das novas fontes para linha iPhone 13?,5
Pq tiraram as fontes novas??? 😢😢,3
Cadê minhas fontes diferenciadas? Estava usando até ontem e agora sumiu tudo,1
"Estava usando as fontes novas, Deco e outras e ao trocar a senha e entrar novamente notei que elas desapareceram , uso bastante nos storys e nos reels. Gostaria de uma explicação.",1
"Não chegou as fontes novas para mim, e já atualizei 4x…Coé insta, libera para mim as fonte poxa 🥲",2
"Que atualização é essa que coloca as fontes e depois tira? Decidam se vão ter fontes novas ou não, agora que estava usando muito sumiram! As fontes deveriam ser para todos não de pouco em pouco, além disso não deveriam tirar as fontes novas para quem já tinha adiquirido",1
O meu n chega notificação de nada absolutamente nd,2
Já atualizou 3 vezes e nada da novas fontes,1
"Se estou assistindo um vídeo e rolo a tela para outro vídeo, o áudio do vídeo anterior fica em cima do outro vídeo. Af",1
"Story saindo sem som, não basta tentar aumentar o volume, tem que sair do story para ativar som em algum vídeo aleatório do feed e aí sim o som do story volta a funcionar. Em alguns momentos, há dois áudios tocando ao mesmo tempo em publicações no feed.",2
"O Instagram simplesmente está bugado todos os dias!
Os vídeos continuam saindo o áudio do vídeo mesmo quando você não está mais assistindo o vídeos e por vezes sem nem abrir o vídeo em si sendo necessário fechar a aba do aplicativo é voltar para parar de sair o som indesejado.
.Os vídeos ficam em câmera lenta e o áudio atrasado tá impossível ter gosto de assistir e paciência para ver um vídeo todo bugado.
.O modo silencioso do chat ativa automaticamente sem eu ter efetivamente ativado?
Entre outros bugues!
Melhore Instagram em pleno 2024 não é aceitável erros básicos.",2
não estou conseguindo acessar do meu próprio celular o instagram. Já se passou um mês e nada foi resolvido. Não consigo mudar por nada a senha e nem alterar o email ou celular pois o mesmo app não envia mensagem de confirmação. Ficou péssimo isso! Eu trabalho por aqui!,1
meu instagram não atualizou as fontes novas!!!!,3
"O app é ótimo mas .. me enviaram as novas fontes , e do nada sumiram , já reportei e nada , faz 3 semanas que reporto diariamente e até agora não devolveram minhas fontes",1
O aplicativo vive dando erro vc está assistindo algum stores e ao mesmo tempo está saindo o áudio de outra publicação e isso faz com que vc não entenda nenhum e nem outro,1
"Está última atualização está muito ruim, não me deixa ver minhas notificações, só aparece sugestão de quem seguir, não quero sugestão de nada!",1
No meu Instagram ainda não tem as novas fontes. Alguém sabe como atualizar?,3
"Não gostei, ta muito ruim a qualidade quando tirando foto no Instagram… e quando vamos usar uma foto da galera a qualidade fica uma merd*",2
"Desde a penúltima atualização, a imagem da câmera frontal para stories fica desfocada no fundo. É um problema do app pq no app câmera do celular, tudo está funcionando normalmente. Preciso dessa ferramenta pra trabalhar e não consigo arrumar.",1
2024 e ainda não conseguem disponibilizar as atualizações simultaneamente para os usuários!,1
O áudio não ta mais ficando da altura colocada na hr da edição ele sempre ta ficando mais alto do que o do próprio vídeo,5
Poderiam colocar a opção de mudar o storie de melhores amigos para storie normal,4
"Não consigo ver nem as minhas e nem de nenhuma pessoa do Instagram a quantidade de publicações, já desinstalei e já instalei e o problema continua .. alguém pode me dizer o que faço para resolver isso",1
"Corrijam pelo amor de Deus, esse bug que o som de atropela o sono do outro. Ficam dois sons ao mesmo tempo! Já tem quase 1 mês isso.",3
"Eu crio o vídeo adicionando áudio de fundo em volume baixo e sobreposição de voz mais alta, aí na hora de postar o vídeo o áudio vem alto de surpresa e não dá pra escutar a voz 🤡",3
"Tenho uma sugestão, seria interessante se pudéssemos reorganizar a ordem das fotografias no nosso perfil, para que seja personalizável…",5
"Atualmente simplesmente o Instagram está usando um algoritmo que te prende em bolhas, e fura elas quando bem quer. Como se não bastasse, vc não pode comentar mais nada q outra pessoa POSSA se sentir ofendida, simplesmente a liberdade de uma rede social foi arrancada do app, as vezes vc não xinga ninguém, não ofende diretamente ninguém, mas recebe um ""seu comentário se assemelha a outros comentários q foram anteriormente denunciados"", e simplesmente bloqueiam seu comentário ou até postagem. Desativei minha conta, só não excluí pq talvez precise de alguns dados de lá, o Meta simplesmente se perdeu.",2
"O Instagram diz que a senha está incorreta(mesmo não estando), tenho um IPhone 11, só consigo fazer o login pelo navegador, já tentei entrar em outra conta que tenho profissional e também não consegui, apenas pelo navegador. Já desinstalei o aplicativo e instalei novamente, desliguei o celular, não tem atualizações, o backup está feito, o armazenamento não está cheio. Já tentei alterar a senha e não consigo, o Instagram envia o código por e-mail e SMS, mas quando coloco para recuperar diz que deu erro. Preciso que resolvam esse problema com urgência.",1
As minhas fontes não atualizaram junto com a nova atualização,1
"Os áudios dos storys está bugado, fica mudo.
Tem que sair e entrar mil vezes para funcionar",1
"Meu Instagram foi hackeado e estão usando como se fosse eu, já denunciei meus amigos também, já tentei recuperar e não consegui, e não consigo com as denúncias fazer com que o Instagram encerre a conta, para uma política de privacidade onde não vão usar os nossos dados ser hackeada e não ter o apoio do aplicativo é uma decepção.",1
"Após atualização, as músicas simplesmente estão mudas!",1
"O meu aplicativo não está normal, eu abro um vídeo e começa a tocar o áudio aí eu saio do vídeo e vou para os storys e continua o mesmo áudio do vídeo, aí tenho q sair, fechar e abrir novamente o aplicativo para voltar ao normal!
Tá acontecendo isso direto! 
Vcs poderiam arrumar esse problema.",3
"Aplicativo Lacrador.
Qual quer opinião nos comentários sempre tem que passar pela Censura do Insta.
Muito mimimi.",1
"não aguento mais aparecer senha incorreta, já estou a DOIS MESES sem acesso as minhas contas!! resolvam isso",1
Novas fontes não estão disponíveis pro meu aparelho.,1
minhas notas sumiram e os comentários em storys também!!,1
o Instagram não funciona no meu iPhone 14 de jeito nenhum não entra mesmo meu usuário e minha senha estando certos já tentei de tudo e nd adianta alguém pode me ajudar? Já pedi vários suportes para o próprio Instagram ou até msm para a Apple e nenhum dos dois resolvem.,2
"Agora fica sem audio nos story e para colocar o audio tem que ativer no vídeo do feed aí fica rolando o audio do vídeo no feed e no stores, ta bugado",1
"NÃO CONSIGO OUVIR O ÁUDIO DOS STORYS SEM O MICROFONE DO FEED ESTIVER LIGADO. Está horrível assim, arrumem…",1
"no meu instagram ainda não chegou as fontes novas, gostaria que atualizassem",4
"A qualidade da câmera está pessima depois dessa atualização,perdeu toda a qualidade e foco. The quality of the camera is poor after this update, it lost all the quality and focus. Resolvam por favor!! Solve it, please",2
"Reels tão ficando horríveis, o volume da música de fundo você coloca no 10 pra ficar baixo, posta o vídeo ele vai pra 100 e ninguém ouve o que você falou no vídeo, arrumem isso urgentemente!",1
Porquê as fontes novas aparece pra uns e outros não 😒,1
Meus stories está sem som!!!,2
"Instagram a conta não entra fica dando “senha incorreta” mesmo a senhora estando CORRETA, a mais de 3 semanas que não entra no meu celular !",1
Esse problema tinha melhorado mas voltou acontecer. O som fica mudo no story e não aumenta com o botão de volume do celular.,3
"Te bane do nada, tem uma política de privacidade escrita com as nadegas e o pior suporte de todos, ridículo. Além de não poder trocar o nome de usuário depois que tu cria a conta.",1
COMO QUE TODO MUNDO TEM AS FONTES NOVAS DOS STORIES E EU NÃO????? Já atualizei mil vezes,1
"Após a última atualização, o som de uma publicação no feed sobrepõe outra do feed ou stories, me forçando a fechar a aplicação e reabrir pra conseguir ter uma boa navegação, com som condizente ao que está sendo executado em vídeo.",1
"Poxa, t9 chateada pq meu iPhone é novo e não aparece a atualização na minha conta e ela é verificada e tudo, gostaria de alguma informação!",1
Fica repetindo o áudio da primeira publicação que abre como um eco durante o uso do app. Ficou impossível de ver,1
"Só consigo ouvir os áudios dos stories, se o áudio dos vídeos do feed estiverem ativo! Querido????? Vamos organizando isso aí?!",1
Volume com bug no story,2
As fontes de todo mundo já atualizou menos a minha 🥲,3
"Última atualização ignora a edição do volume da música ao fundo no reels e postando no volume mais alto. Muito ruim, todas as atualizes sempre com problemas graves.",1
"tento entra e diz que a senha está incorreta, sendo que entro em outro dispositivo com a mesma senha no mesmo perfil",1
"Desserviço nunca me mandaram um e-mail pra recuperar minha conta do Instagram, perdi minha conta de anos por causa de um bug estúpido do nada me desconectaram e n consegui mais entrar",1
"Cada dia pior, alguns só recebem atualizações e outros não. Quando chega para o restante já perdeu a graça, deixando muito a desejar..",1
"Já tem 3 meses que não consigo usar o App, no meu iPhone 7 por conta que diz que minha senha estar errada, sendo que minha senha tá correta, consigo entrar normalmente em outro dispositivo mais no me não, porfavor resolvam logo esse problema já não aguento mais..,",1
"Poderiam colocar em uma atualização a opção de editar a ordem de fotos num post que já está no feed, e também permitir adicionar colaborar ao post mesmo depois de postado (para aparecer em ambos perfis)",5
"Apesar de estar com a última versão do app, ainda não obtive as atualizações de fontes novas nos storys.",3
"A nova atualização da Dm ficou péssima, antes era muito mais prático arrastar para o lado e acessar o direct, mas agora a interface deu uma leve alterada que não ficou nada prática para algo que era tão simples e já estava acostumada
Além disso quando as pessoas mandam reels para você, ele acumula e não permite responder cada reels, você só pode reagir e isso não é bom, perde a praticidade",1
"Top de mais. Segue SDV @lyonbrasilia

Insta tá muito ruim , trabalho com algumas contas de bares e. Restaurantes da cidade e muitas vezes as contas saem e quando vou logar fala que minha senha é incorreta ! Insta tá pessimo com isto",5
"Chateada que o meu junca atualiza quando o insta atualiza, demora horrores 🫠",1
"O app está péssimo, com um bug que simplesmente deixa inutilizável. O instagram não está deixando eu fazer login, mostrando noticias como “senha incorreta” sendo que estou utilizando a senha correta e uso a mesma para entrar em navegador, e entra perfeitamente. O problema ocorre apenas no app, e mesmo tentando mudar a senha de alguma forma não vai.",1
"Meu Instagram faz a atualização , mas os sticks dos storie não atualiza e infelizmente o app não tem uma conversa aberta com seus seguidores.",1
Pq o meu não atualiza pras fontes novas??? 😭😭,4
"Meu celular é um iPhone 11 e até agr não chegou pra mim as novas atualizações onde tem a opção dos storys de, “agite pra revelar”, moldura enfim essa parte de atualização não chegou ainda, e nem as novas fontes!",3
"Nesta última atualização o app tira dos reels mesmo sem eu sair, as vezes estou rolando o feed de reels e do nada volta pra TL.",2
"O Instagram fala q minha senha está errada no meu celular mais em outro dispositivo consigo entrar na conta tranquilo, com a mesma senha, corrijam esse erro.",2
Removeram a pré visualização das mensagens??,1
"Não consigo mudar a senha, aparece que está incorreta, porém não está, aí quando clica em “esqueci q senha” aparece q o ig mandou o email cm o link pra redefinir, porém o link não chega 
E isso ta acontecendo com todo mundo, se puderem arrumar isso, pq corro risco de perder acesso caso der algum problema com meu aparelho",1
as fontes do meus storys até hoje não atualizou,1
"quero as fontes novas, pq até agora nada 👎🏼👎🏼",1
"Vejo cada comentário absurdo, pessoas propagando o ódio com religião, ofendendo as pessoas de maneira cruel e não fazem nada a respeito!!! Quando alguém tenta comentar algo rebatendo esses comentários, o comentário é removido.",1
"NÃO COSMIGO ENTRAR NO MEU INSTA MESMO COM A SENHA CERTA , NO CELULAR DOS MEUS AMIGOS FUNCIONAM NO MEU NÃO, EU TRABALHO COM ISSO PRECISO DO INSTAGRAM",1
Tá um lixo esse bug de dar ban nas contas do nada,1
"nao estou conseguindo entrar na minha conta pelo app do celular, apenas pelo safari ou outros dispositivos. Está assim há meses, e nada de arrumarem",1
Baixaria,1
"Depois dessas atualizações, tudo está diferente e perdi a função de colaboradores, tenho sonho de ser criadora de conteúdo digital e não consigo fazer vídeos com meus amigos. Além de que as restrições são muito pesadas e acabam com o sonho de muita gente, toda minha família desinstalou o Instagram e agora só falta eu.",5
Com muitas mudanças para nós levar a níveis incríveis de experiência.,5
"Está insuportável a quantidade de propagandas.
A cada post de um amigo, são 2 ou 3 de patrocinados! Está péssimo",1
Uso iPhone 8 Plus e da erro de senha mais quando entro em outro dispositivo ou no navegador fica normal uque devo fazer ?,1
"Não estou conseguindo criar contas! E eu preciso, por favor, resolvam!",1
Alguém sabe por que story não tá mostrando nessa atualização?,5
Meu aplicativo está com erro só aparece a msg que a senha está incorreta mesmo fazendo a troca da senha várias vezes,1
Rede social incrível para meus negócios,5
"Odiei, pois o meu não atualizou as novas fontes , estou revoltada 😡😡😡😡",2
"Ficou muito ruim esse nova atualização, fica mostrando pessoas no meu feed que eu nem sigo",2
Faz alguns dias que eu não consigo ver os stories por completo e nem os reels. Travam e ficam com tela preta. Sem condições de usar esse aplicativo todo bugado.,2
"O meu até agora não atualizou, não aparece as novidades de: molduras, revelar e entre outros",1
Sou obrigado a ficar vendo conteúdos dos quais não sigo ou não tenho o menor interesse. Porque as pessoas comentam notas nos reels de alguém aleatório… É simplesmente insuportável acessar o Instagram agora e passar alguns minutos,1
"O instagram está horrível pelo menos no iPhone. Este modo Dark do insta, é o pior cinza que já vi, superando o do WhatsApp. Um cinza bem claro horrível! Pq tiraram aquele Dark lindo bem negro? Aquele era perfeito!",1
"Uma atualização tenebrosa, achei totalmente desnecessário esse negócio de notas em vídeo. 
eu NÃO quero ver os vídeos que as pessoas que eu sigo colocam nota!! (ou sla como se chama essa chatice).",1
"vocês não estão sabendo lidar com o aplicativo! tenho 4 contas e 2 delas tinha mais de 4000 seguidores e simplesmente as duas foram banidas, uma já tinha siso banida e a outra foi banida por estar junta com essa banida? instagram, não tem nexo nenhum de vocês banirem uma conte sem ela ter feito nada! deveriam ligar para as lives, comentários e perfis que tem coisas +18!! não uma conta que não fez para para ser banida, enviei uma apelação e espero que dê certo.",1
Infelizmente o meu está bugado pos não estou conseguindo acessa minha conta pos fala que minha senha esta incorreta ja troquei a senha milhares de vezes e fala a mesma coisa,1
Porque vocês apagam as avaliações ruins ? Já algumas e não aparecem ! Ou não aceitam críticas !,1
"Instagram virou um grande mercadão, está insuportável, saudade de quando eram apenas fotos com filtros toscos e não existia story. Saudades Instagram 2012/2013.",1
Já denunciei várias vezes uma conta de loja que tem centenas de denúncias no reclame aqui de entregas não feitas. Conta de golpe e não fazem nada porque pagam por anúncio.,1
"Meu app não atualiza as funções nos stories e reels.. 😢
Já fiz de tudo e nada!
Ajuda aí Instagram!!",5
"até agr to esperando a atualização no meu, das fontes e nada",3
"Não estou conseguindo fazer login pelo meu celular, somente por outros dispositivos, fica falando que a senha está incorreta ( já redefini a senha ) e fala pra tentar novamente.",1
"Bom, eu vim tendo esse pessimo problema de não conseguir acessar minhas contas pelo meu iphone, apenas consigo entrar no computador, quando tento redefinir a senha, diz que a senha está errada, eu provavelmente vou parar de usar o aplicativo se o problema permanecer, e eu já procurei ajuda com a equipe, só que não houve um retorno satisfatório, na verdade, não teve nem retorno, então se possível, me ajude equipe do instagram!",1
Por qual motivo o botão “Deixar de seguir” foi substituído pelo botão “mensagem” dificultando muito a vida de quem deseja excluir pessoas seguidas? Será que os desenvolvedores não utilizam esse aplicativo a ponto de perceber o qual inútil essa mudança se tornou?????,1
Não estou entendendo o porquê de algumas pessoas poderem postar mais de 10 fotos e outras não,2
"Vim pedir encarecidamente p vcs me desbloquearem,pq um travestis me mandou uma foto i eu vou fica 3 dia sem reponde meu povo 
Ent eu espero q esse corno desse dono do insta,me ajude
Se n eu boto na justiça.🥰
Boa tarde🙏🏼",1
Cada vez cagando ainda mais na qualidade da câmera. Poderiam normalizar isso né?,1
"Como faço para ter acesso as novas fontes do insta, já atualizei e nada!?",2
"Essas novas fontes chegou pra muitas pessoas do meu insta e nunca chega pra mim, e olha que já tem um tempo que lançou essa atualização.",1
"Está horrível para logar em outras contas, mesmo a senha estando certa vcs recusam",1
Acho que deveria ter o tema do direct escrito “que saudades do Meu ex” não gostei,3
"Pq vcs não arrumam isso milhares de pessoas estão relatando nas redes sociais que está dando senha incorreta no iPhone mesmo ela estando certa, é só no iPhone tomem vergonha na cara e arrumem essa bagunça pq meu Instagram é de trabalho que absurdo isso!!! E no Safari entra com a mesma senha e o mesmo login em outros aparelhos entram normal só no iPhone que tá essa palhaçada.",1
Meu app até hoje não atualizou para as fontes nova!!!! A maioria dos usuários do meu insta já atualizou e o meu nadaaaa!,2
Minha conta do insta não que entra está dando senha incorreta e não é a senha pq entro em qualquer outro celular com essa senha.,1
não recebi a nova atualização de fontes para stories,3
Instagram eu te odeio eu tinha uma conta que eu tenho ela a mais de 3 anos e eu não sei oque aconteceu com você que essa conta não entra no meu celular !! Eu coloco a senha e sei que está certo porque entra em outro celulares e só no meu que não entra e não adianta pensar que eu devo ter várias contas porque eu só tenho 1 com aqui que eu não usava e tô usando agora por causa que não consigo entra na outra eu entro pelo celular da minha mãe das minhas amigas e quando vou entrar no meu aparece ocorreu um erro tente novamente MAIS JÁ FAZERM 4 MESES SEM O MEU INSTAGRAM!!!!,1
"Meu Instagram foi desconectado do aparelho, e toda vez que eu entro está dando senha incorreta, sendo que eu consigo entrar pelo Google facilmente usando a mesma senha. Isso não é a primeira vez que acontece, eu quero uma solução para ontem!!!!!!!",1
"Está a cada dia pior esse app já perdi uma conta de anos sem nem ao menos saber o motivo e agora fica dando senha incorreta sendo que entro normal em outros aparelhos, inclusive pelo Safari. O suporte não te dá suporte nenhum. Tá péssimo.",1
"Ao abrir os stories, eles carregam sem audio.

É necessário fechar o app e abrir novamente pra voltar a funcionar…",1
"Depois da atualização meu feed ta parado ele nao atualiza ha dias, ja desinstalei, instalei dnv, atualizei, entrei no meu insta por outro cel e ele continua com o feed travado pfvr me ajude",5
"Eu quero que vcs resolva esse problema, o meu Instagram desconectou do meu celular, eu coloco a minha senha mais aparece incorreta, mais quando eu entro por outro dispositivo ele entra normal",1
Já tem meses que simplesmente o recurso “Sua Vez” parou de funcionar para mim e vi aqui várias pessoas reclamando. Tá na hora de melhorarem.,1
Libera as fontes novas pra geral😩😩,4
"Não consigo entrar em algumas coisas no Instagram do meu celular, mas quando acesso o Instagram de outro celular ele conecta normal. O que pode ser?",2
Fontes do Instagram não atualizaram ainda,1
Não consigo ter as novas fontes do Instagram.,1
"Mais de 3 meses sem ter acesso ao meu Instagram, coloco login e senha em outros celulares e entra normalmente, no meu da senha incorreta. Como resolvo meu problema ? Porque trocar de celular não é uma opção pra mim.",1
"Boa Tarde,

Não consigo acessar nenhuma conta do aplicativo do Instagram, NÃO CONSIGO ACESSAR NENHUMA CONTA PELO APLICATIVO.

Todas as etapas aparece “senha incorreta”.

Por favor me ajudem, já tentei de tudo.

A senha está correta e aparece essa mensagem, eu altero a senha e aparece essa mensagem, não sei mas o que fazer, me ajudem suporte !

TENTEI CRIAR UMA NOVA CONTA E UM NOVO ERRO !! ME AJUDEM, USO A CONTA PARA TRABALHO.",1
"ninguém tá aguentando mais esse bug de senha incorreta, arruma isso logo",1
"Não estou conseguindo acessar minha conta Pois dá erro, sendo que está tudo correto Resolva por favor Instagram, não quero perder minha conta",2
"Já tentei várias vezes desde sábado dia 06/07/2024 obter suporte, por meio do reconhecimento facial no Instagram para recuperar minha conta, porém ao finalizar todo o processo aparece um erro, gostaria que a empresa Meta me ajudasse a solucionar esse problema, pois preciso recuperar minha conta!",1
"Todas as vezes que o app atualiza, o meu aparelho não recebe a atualização. Não sei porque. tenho um iPhone 11, enquanto tenho amigas que tem um celular “inferior” e já receberam a atualização das novas fontes! Decepcionante demais. Só largando mão mesmo né. Não melhoram nunca.",1
"Olá, equipe do Instagram! 
 Prazer, me chamo Ícaro Ruan e do mês de junho no dia 18, venho enfrentando até então o problema de comprometimento por engano na minha conta do Instagram @_icaroruan2 - Na qual uso a conta a mas de 4 anos e nunca recebi durante esse tempo uma reclamação, denúncia ou algo relacionado que inferisse as diretrizes da comunidade da plataforma. Até porque todas as publicações em que eu posto tanto no feed ou no story tenho um cuidado para seguir as normas da comunidade e em que não venha inferir nada e nem oque eu consumo dentro do aplicativo é ilegal perante as cláusulas de vocês.  Desde o dia 18 às 13:45 da tarde fiz apelação na conta, na qual até hoje se encontra em análise com nenhuma resposta recebida da parte de vocês e no momento não posso criar nenhum tipo de conta ou entrar em uma existe no meu celular. Geralmente eu uso minha conta para um consumo relacionado a minhas buscas  acadêmicas de ensino médio e ideias de seminários ou trabalhos. 

Ficarei grato se vocês equipe do Instagram resolvesse o quanto mas rápido o problema causado por engano da parte de vocês em comprometer minha conta por algo em que não veio citado nenhuma reclamação ou algo que inferisse as diretrizes do Instagram. 
  Até porque a LI conhecida como a lei maior direcionada em todos os meios no Brasil, fala com grande clareza a respeito de suspensão ou comprometimento de contas em redes sociais feitas por enganos da parte da equipe em tal plataforma e que a plataforma não em algum momento não tome  iniciativa a respeito em solucionar o problema, poderá vir consequências negativa para a plataforma  envolvendo casos de justiça.",2
saporra não atualiza todas as contas da pessoa e nem adianta reclamar que nunca respondem e muito menos resolvem,1
"Meu feed não atualiza, já faz mais de 10 dias que eu estou vendo as mesma publicações.. me ajudem!!!",5
"Pessimo, como posso arrumar?",1
"O problema já vinha a algum tempo, mas mesmo com a atualização de hoje continua… não atualiza e quando muda o feed (depois de 3/4 dias) ainda aparecem postagens de +1 semana atrás.",2
Não consigo entrar na minha conta porque da erro ou senha incorreta… ja faz quase 1 mes que ta do mesmo jeito,1
"Desde a última atualização meu Instagram não atualiza o feed, já desinstalei, já apaguei cachê e nada!!! Só aparece a mesma publicação e mais nada. Tá uma droga!!!!!",1
"Meu Instagram não atualiza o feed , e na parte dos stories de colocar moldura e figurinhas não atualizou ainda também ! Totalmente bugado meu insta !! Por favor ! Me Ajudem !!!!",5
O meu feed está paralisado nas mesmas publicações faz 3 dias. Não há atualização. Só consigo ver os stories,1
Voltem a cor padrão preta,4
"Agora não mostra mais as visualizações, mostra 2 números e vários pontinho depois dos número 🥲",1
"Saiu atualização mas nada atualiza, não veio as fontes novas para stories",2
"Feed não atualiza, só aparece publicações antigas, oq está acontecendo com esse app?",1
"Não atualiza a timeline, só aparece de 5 dias atrás 😡",1
"Está travando demais, as mesmas publicações estão voltando pro início a gente não consegue atualizar o feed 🥲",2
"Já faz mais de 1 semana que não consigo entra na minha, porque fica dizendo que minha senha está errada, mas quando eu tento mudar o app dizer pra não botar uma senha diferente da atual, sendo que eu bota uma senha nada haver e dá esse mesmo erro, tá chato já, tô perdendo as esperanças e o jeito vai ser não usar.",1
"Ele não está atualizando o feed de publicações recentes vai fazer 4dias. 💔 já tentei atualizar e nada, já tentei relatar um problema, mas não obtive sucesso. Espero que me ajudem. Teve uma atualização mais não melhorou nada. Quando vão resolver em nome de Jesus.",1
"desde o início da semana meu feed não atualiza e fica mostrando postagens de 3 há 5 dias atrás… eu não entendo pq fazer uma atualização cheia de bugs assim! já desinstalei, limpei cache e mesmo assim NÃO FUNCIONA",1
"Instagram ruim da desgraça é só o meu ou o de vcs também fica lento o story da pessoa, quando ela posta muito story ? Ajeita isso insta da desgraça 😡😡😡😡😡",1
"Meu instagram só faz atualizar, agora mudanças eu não vejo nenhuma.
O pessoal tudo com fontes de letras novas e eu ainda com as mesmas.",1
"Teria que melhorar, quero atualizar para a versão mais recente e não está indo.",2
Não gostei que está demorando muito para mudar a atualização do meu já atualizei 2 vezes e nada as novas letras tudo não chegou pra mim ainda,3
"tem 5 dias que não muda o meu feed, que merdaaaaaa",1
"Vejo várias pessoas com a atualização de lista, eu gostaria tb mas não disponibilizam pra mim, não sei o motivo",1
"NÃO CONSIGO ACESSAR MINHA CONTA, SEMPRE FALA QUE ESTÁ SENHA INCORRETA, porém está correta! Consigo entrar pelo navegador.",1
"Meu feed fica repetindo postagens, as mais recentes não aparecem mais",2
Não entendi por que fazer o modo noturno ficar mais claro do que preto,2
"Desde a nova atualização do app, estou tendo problemas. Minha conta foi restrita a atividades e não consigo seguir ninguém e nem curti nada.",5
"A cerca de 45 dias, saí da minha conta sem querer e não lembrei a senha quando tentei entrar novamente, então recuperei a senha pelo email e depois disso só consegui fazer login pelo Safari. Desde então nenhuma conta consegue fazer login no app, está simplesmente impossível de utilizar. Todas as contas que tentam fazer login, aparece “senha incorreta”. Não sei mais o que fazer pra mudar isso, ninguém consegue me ajudar.",1
Cortando a tela na parte inferior,3
Muito ruim ter acostumado a clicar na tela para tirar o som do reels para depois mudarem para pause :( e ainda não deixar outra opção de mutar,3
"Olá tudo bem ? Gostaria de saber o motivo que meu Instagram não está atualizando com as novas informações, como as letras que tem mais opções, mesmo que a versão do meu está atualizado no 337.0.0, eu tenho um iPhone 13 e está atualizado no IOS 17.5.1. Se puderem me ajudar com essa informação, obrigada !",2
"Meu insta não apareceu as notas até hoje, dão um jeito de arrumar!!",1
"Meu app encontra-se atualizado mas não me permite ter acesso a nenhuma novidade das atualizações como fonte, por exemplo. Como resolver?",1
"Não diminuiu o número de seguidores no meu perfil, mesmo eu deixando de seguir várias pessoas.",4
"Tirou a opção de parar de seguir quem eu estou seguindo, apenas “mandar mensagem “ HORRÍVEL!! Só me prejudicou! Mudem",1
"Meu instagram simplesmente nao atualiza. Tenho cerca de 10 contas, todas atualizam. MENOS O MEU.

O meu está tao atrasado ao ponto que nem as notas aparecem para mim.
NADA FUNCIONA. Todo mundo tem, menos EU.

EU QUERO que VOCE RESOLVAM ISSO!!!!!
NAO AGUENTO MAIS!",3
Muito ruim essa atualização que não da mais para deixar o reels no mute com um toque.,3
"Por favor coloquei o toque na tela pra tirar o som como era antes. Odeio essa opção de tocar na tela e o vídeo pausar. 
Eu amava a função de tocar na tela e tirar ou colocar som muito prática e genial, por favor voltem com essa opção",2
"Esses comentários nos stories foi a pior coisa que inventaram. Deveria ter a opção de desativar a “vibração” na tela ao visualizar um story, porque isso é um saco. Não faz o menor sentido.",4
Eu fico muito irritado com as imagens postadas não adianta você ter um celular de qualidade boa de câmera e o app reduzir a qualidade de imagem por favor resolvam isso !!,1
"Agora ficou igual Facebook , não consigo ver status ou feeed sem som? Que horrível",1
Qual a necessidade de tirar algo tão útil como a ferramenta que ajudava a gravar sozinho? No meu Instagram simplesmente sumiu do nada depois da última atualização,4
Estou a meses tentando contactar a equipe por causa de um bug em um de meus perfis e até agora nada consigo,1
"Depois que minha conta que eu tinha desde 2013 foi suspensa, simplesmente não consigo entrar em nenhuma outra mesmo eu tentando criar uma nova. Mesmo eu colocando a senha correta, o app recusa. Simplesmente bizarro",1
"Esta última atualização está prejudicando pessoas que tenta logar a conta com o login e senha correto e fala que aconteceu um erro e tentar mais tarde, estou colocando usuário e senha certo, e na hora de entra na conta fala que a senha está incorreta",1
Amo usar o Instagram mas essa atualização de poder ver quem comenta no storys foi pessima por favor mark zuckerberg se toca ne,2
"Podemos alcançar inúmeras pessoas e até ganhar dinheiro com o instagram. MAS não estou conseguindo receber mensagem de quem eu não sigo, isso é horrível!!!!!! Como é que vou seguir todos os meus clientes para que eles me mandem mensagem? Pelo amor de Deus",5
"EU QUERO SABER PQ EU CONSIGO ENTRAR NO INSTAGRAM PELO SITE OU QUALQUER OUTRO APARELHO, MENOS PELO PRÓPRIO APLICATIVO!",3
"Eu odiei esse sinal tátil (vibração) no stories, deveria ser optional. 
Simplesmente não consigo ver o stories de ninguém que utiliza essa ferramenta.",1
"Criem a função de lista,  com o nome das pessoas que pararam de seguir a gente, seria interessante e pouparia meu tempo. Obrigada! De nada!",3
"Como sempre tentando melhorar o que não precisa, o que é isso de comentários nos storys? Ridículo",3
o meu Instagram não tá pegando não quer nem criar conta sempre que eu aperto pra atualizar não vai isso tá horrível,1
"Não consigo login pelo aplicativo, somente pelo internet explorer. Mando e-mail ao suporte e não resolvem.",1
"Pessimo essa opção, poderia deixar sim os comentários no storys porém sem vibrar! Incomoda demais!",1
Essa desgraça fica cinza quando eu entro na minha conta,1
Não consigo acessar o meu Instagram sempre que tento aparece uma tela “obtenha ajuda para entrar” conta: h_rodrigues15,1
A atualização que tirou a opção de envio rápido para as 4 pessoas que tu mais interage ao pressionar por mais de um segundo o ícone de envio deixou a experiência péssima.,2
Os story das pessoas sumirão da minha conta não consegui ver nada e de ninguém sô conectando em outro celular no meu celular não aparece nada,1
Não aparece story de ninguém no meu feed,1
"comentário em story!?!? que djabo é isso? pelo o amor de deus, Instagram. melhore.",1
De quem foi a ideia de por esses comentários em stories visíveis para todos ? Isso ficou horrível. Como faz para desativar? Já procurei nas configurações e não encontrei.,1
"O aplicativo em si é bom,mas poderia ter a opção de ver quem deixou de seguir a gnt.",2
"horrível e desnecessário se pode responder story, que é pra ser algo privado",1
Para de escurecer as minhas fotos automaticamente,1
Que loucura foi essa do Instagram de mostrar quem responde os storys?? tira isso logo! 😤😤,1
"Não gostei dessa atualização onde outras pessoas podem comentar os storys e todo mundo pode ver 
Muita gente odiou isso",1
E a opção de salvar Story com música não vão adicionar nunca??,5
"O meu estava tudo certo ate aparecer que eu tinha que fazer uma apelação, fiz deu tudo certo e quando foi pra entrar na minha conta estava dizendo que a senha estava incorreta sendo que estava certa! peguei outro cll entrei na minha conta alterei a senha e no meu cll n esta entrando, ainda esta mostrando que a senha ta incorreta. ja vi varias pessoas dizendo o mesmo que estava meses sem entrar no instagram por conta desse poblema, porfavor resolvam isso",1
NÃO consigo acessar minha conta pelo meu celular,2
"Não consigo acessar pelo app, não tenho suporte nenhum da plataforma, preciso que solucionem esse problema. Só consigo entrar por outros aparelhos ou navegador.",1
"estou conseguindo fazer login apenas pelo Safari e notebook, o app está com problemas",1
"Tiraram o modo de gravar a mão livre, não gostei.",5
odiei isso de adicionar comentários nas publicações do story 🤦🏽‍♂️,5
"Vai fazer  2 meses que meu instagram só entra pela web, dando senha incorreta sendo que a senha estar certa nunca pensei que isso aconteceria comigo mas infelizmente o instagram fez acontecer algo totalmente impossível de acontecer aconteceu, resolvam logo isso uma atualização que preste ou me der ordem do que fazer.",1
Cria a função de sair do melhores amigos das pessoas,5
"acabei desinstalando meu aplicativo não intencionalmente, mas agora ao reinstalar, tentei fazer o login em minha conta mas aparece um aviso onde di que um tal “erro inesperado” acabou acontecendo, peço que por favor convertem isso o mais rápido possível, pois o aplicativo é oque mais uso no dia a dia.",2
"Eu não consigo usar mais o Instagram porque minhas contas foram embora e eu não consigo recuperar nenhuma de volta,coloquei a minha senha e mesmo assim nada, e nem criando outra conta pra resolver eu consigo recuperar todas,por favor resolvam esse problema.",1
"Tirem curtida dos stories, tirem os comentários nos stories sendo públicos, como vamos conhecer pessoas assim? Péssimo!!",1
"Erro de senhas incorretas, mais não está errada.",1
"Não estou conseguindo entrar, e quando troco a minha senha diz algo como “sua senha esta errada” mesmo eu tentando MUDAR a senha",4
"No meu aplicativo do insta eu tento entrar mas fala q tá com senha incorreta eu já troquei a senha e continua com a mesma mensagem , não consigo mexer no insta q RAIVAAAAA",1
Tendei entra na minha conta mas não to conseguindo vouu ter gue criar outra,2
quando eu tento entrar na conta diz “senha incorreta” sendo que eu já redefini várias vezes pra nova senha e não entra.🤢,1
"Fiz um anúncio dia 10/06/2024 e nao foi veiculado, mas os fundos de 61 reais sumiram. Poderiam me reembolsar por favor.",1
"Falta de segurança e bots de jogos de azar conhecido como jogo do tigrinho e outros, seguem, marcam, importunam vários usuários. Rede social cada dia menos segura e confiável",1
"A Meta precisa seriamente revisar suas plataformas. No Reels, o que mais tem é pornografia e carência afetiva. Parece que não sabem fazer outro conteúdo a não ser esse.

Mesmo que eu peça para não ver publicações deste tipo, elas continuam aparecendo, o que torna o algoritmo inútil e falho.",1
Acho que vocês poderiam colocar um tempo maior nos vídeos do que 15s nos stories.,5
Não estou conseguindo adicionar minha conta,1
"Vivo com problema nos reels e stories , você travando , começa o vídeo, trava a imagem continua a voz, uma chatice. E não é a internet, a velocidade aqui é de 600mb.",1
"Trabalho como influenciador a anos e de repente o meu Instagram teve um bug em que a possibilidade de fazer posts colaborativos não é mais existente. Vai fazer 1 mês já e isso é um absurdo; está atrapalhando minha vida e o suporte dessa rede social não responde, faz nada!",1
Aplicativo é bom porém não consigo colocar músicas nas minhas fotos pois não sai o som.,5
"ao receber uma única mensagem a conversa aparece ""+9"" e mesmo após lida, a conversa fica como mensagem pendente de leitura. Outro erro é mesmo com a opção de confirmação de leitura desativada a outra pessoa consegue saber quando vimos a mensagem dela",1
"Já tem mais de um mês que eu não consigo acessar minha conta “senha incorreta” sendo que a senha está certa, eu entro em outro aparelho com a mesma senha",1
"O meu não tem a opção de repostar um reels completo nos storys, só reposta 15 segundos e é horrível isso. Queria que tivessem logo a função de repostar reels completo.",1
"Faz 1 mês que não consigo entrar na minha conta , quando boto a senha diz q tá incorreta não da de entrar em nenhuma conta, estou usando o insta pelo navegador só que é muito ruim , só eu que estou passando por isso? Tenho Ctz que não … seria bom o insta fazer alguma coisa pra resolver isso , URGENTEMENTE!!!",5
"O app acusa senha incorreta, mas a mesma senha é a que utilizo para acessar no desktop e consigo acessar tranquilamente",1
"Bom até esses tempos atrás estava tudo ok, mais depois o Instagram começou a dar um problema no meu iOS ele diz que minha senha está incorreta mais já troquei mais de 5 vezes é mesmo assim fala que está incorreta não sei mais Oq fazer",2
Meu app do Instagram não tá entrando minha conta e aparece tá senha errada já ate crie outra senha mais mesmo assim não faz login aparece tá errado me ajudem !,5
"Preciso de ajuda. Desde ontem meu app tá com problemas e hoje 10/06/24, não abre de jeito nenhum.",3
"depois da última atualização nenhum story carrega mais pra mim, está tudo bugado",3
"To achando horrível, faço boomerang e n salva, so salva foto. doideira",1
"O suporte é muito ruim , não tem e-mail pra notificar algum problema . Não temos acesso fácil com o desenvolvedor .
As fotos da publicação poderia nos dar opção de postarmos tamanho grande como existe em outros aplicativos .
Não tem notificação de filtros novos . 
Muito chato ! Daqui a pouco lançam um melhor e ele fica pra trás.",1
"Não consigo entrar na minha conta pelo iPhone , a senha está correta e diz está errada , resolvam este problema ! quero entrar na minha conta.",1
"Bora corrigir essa última atualização aí. Não carrega stories, feed, vídeos, explorar, está inutilizável",1
"Última atualização está travando o aplicativo, não roda os vídeos, não abre as fotos do perfil, tem que sair e entrar de novo pra carregar. Horriveeeel",1
App tá horrível toda hora e o tempo todo aparecendo notificação de ao vivo mesmo assim as notificações desativadas,1
O insta de todo mundo atualizou menos o meu,5
"Não carrega mais, fica congelado no começo",1
"Já estou a 2 meses sem conseguir mexer no meu Instagram pelo meu próprio celular, mesmo botando minha senha que é certa que entra pelo celular dos outros no meu Instagram no meu não entra e da senha incorreta, já tentei reiniciar o celular, reinstalar o app, atualizar, mudar q senha, já fiz de tudo e sempre da senha incorreta não sei mais oque fazer.",1
"Não sei porque mas uso 2 contas no meu Instagram, e em uma delas mais recente todas as configurações novas funcionam normalmente, já a conta mais antiga não, tem algumas funções que não estão na conta, já atualizei 3 vezes e nada ! Exemplo - as molduras …",3
"Desde da atualização 17.5.1 não consigo usar o Instagram, não carrega as imagens",1
"Pfvr tentem para de vincular anúncios golpistas, os anúncios sérios serão prejudicados e perderam a credibilidade pela quantia enorme de golpes que tem sido vinculados lá. Dêem um jeito.",1
"Não dá pra escolher a parte da música, pra ouvir áudio tem que clicar mil vezes, cheio de bug",1
"Depois da ultima atualização, os store está com lentidão em visualizar vídeos , demora para carregar. Antes era bem mais rápido.",2
Os vídeos de qualquer perfil não rodam. Ficam congelados.,2
Não estou conseguiu baixar e ouvir os áudios enviados direito.,4
"Vídeos e reels não reproduzem de primeira, tem que fechar e abrir de novo, isso também acontece com os áudios do direct. Eu desativei as notificações de tudo, principalmente das lives e agora, do nada, voltei a receber notificações de transmissões ao vivo. Tá difícil usar esse app, viu?",2
"Vocês não tem área controle de qualidade e testes não? Lança atualização que deixa o app inutilizável, tudo travando pra carregar mesmo num iPhone 15 pro max e com 500gb de Internet. Melhorem!",1
tenho um iphone 8 plus e os reels ficam lentos mais os áudios dos reels ficam normal,1
"Bom, o Instagram depois de alguns atualizações, não está mas tão bom, ele está travando muito, dando muitos erros, os vídeos não estão em boa qualidade. O vídeos tão saindo atrasado primeiro a imagem depois o áudio, agora os áudio d Direct não estão abrindo…🤦🏽‍♀️",3
"depois da att só está dando bugs no app 
na primeira vez que aparece um storys ou qualquer post com vídeo, fica um tempão travado 
rolo a página e volto pro post anterior, dai roda o vídeo normal 
nunca aconteceu isso no meu instagram 
está ficando chato isso",1
"A gente abre o reels pra assistir e ele fica travado ou na tela preta. Daí tem que fechar, abrir denovo várias vezes até ele rodar o reels. A nova atualização está pessima.",1
Não sei por qual motivo mas os vídeos do reels começam a atrasar a imagem e ficam rodando em câmera lenta porém com o áudio no tempo normal,4
"Não estou conseguindo entra já tem 3 dias, estou botando mh senha e está dando incorreta já fiz de tudo, já troquei de senha, desinstalei deixe um dia assim e no outro instalei dnv pra tentar e entrar e não consigo tô quase surtando!",5
"NÃO CONSIGO ACESSAR MEU INSTAGRAM PELO APP JÁ TEM 1 MÊS! 

Ao tentar entrar na minha conta, pelo app, o mesmo retorna com “senha incorreta”. Ao mesmo tempo, se entro pelo navegador, ou pelo computador, entra normalmente, com a mesma senha e usuário testado no app. Esse problema persistente já dura 1 mês, e não existe sequer um contato para suporte da plataforma. Trabalho gerenciando mídias sociais, e a plataforma está impossibilitando meu trabalho. 

Esse aplicativo desrespeitoso com o usuário, não tem um canal de suporte.",1
"Simplesmente essa última atualização não prestou, estou a quase uma semana custando a usar o Instagram. As fotos não carregam ou carregam quando querer, stories pra visualizar a mesma coisa …",1
"Estou tendo problema na hora de seguir as pessoas clico pra seguir na hora segue mas quando saio do perfil deixa de seguir ,concertem isso por favor",5
"Olá eu sou criadora de conteúdo digital @_dafnefernandes_ , e tem pessoas comprando seguidores pra mim tudo fake , esse é meu trabalho e acaba abaixando meu engajamento, correndo rico de eu até perder minha conta!!! Instagram vamo melhorar pelo o amor de Deus",1
"Faz meses que não consigo utilizar o recurso “sua vez”, já desinstalei o app e instalei novamente, já atualizei o iOS, já atualizei o app e nada funciona e não tem um suporte por parte do aplicativo para resolver o problema",1
"Minha conta @eoalbert__079 foi banida do nada, já mandei e-mails e nada de resolver, já mandei apelação, mas faz 4 semanas e nada da conta voltar por favor arruma isso",1
"Não tô conseguindo entrar no meu perfil pelo meu celular diga que a senha tá incorreta, já em outro celular consigo entrar de boa, botando a mesma senha, me ajuda pfvrrr",2
o instragam colocou limite nas pessoas que eu posso seguir,3
"Só de editar uma foto ao publicar deixa a imagem pixelada e com qualidade baixíssima. É a função mais básica do app que está com problemas, pelo amor de Deus.",3
"eu tinha um fã clube pra minha idola, des de 2022, um dia eu postei um video mega fofo e ela repostou, fiquei muito feliz, meu insta bombou, no dia seguinte quando eu acordei toda felizinha, fui ver minha conta e o insta baniu SEM MOTIVO NENHUM, graças a Deus foi por pouco tempo, conseguiu fazer apelação e voltou. mes passado eu consegui encontrar ela pessoalmente e postei muita coisa no meu insta, ela tambem postou e me marcou eu fiquei tao feliz, ja tinha feito varios videos pra postar pra ela, no dia seguinte quando acordei, meu insta tinha sido desabilitada, fiquei de boa porque pensei q seria igual a outra vez, mas nao, minha conta foi banida permanentemente sem motivo nenhum, eu so era uma menina demonstrando meu amor por ela. nao aceito isso, quero a minha conta de volta. devolve a minha conta, isso foi um erro, voltem com a minha @kikavvr",2
"desde ontem eu não consigo acessar minha conta no aplicativo, simplesmente fui deslogada do nada e sempre que tento mudar a senha aparece ""senha incorreta"" consigo entrar em outros celulares mas no meu eu não consigo",1
"Tá insuportável usar o Instagram porque ele só vive de bug! É uma tarefa de resistência e paciência acessar a plataforma porque tá a mais de um mês travando stories, vídeos no reels",1
aparece que a senha tá incorreta msm estando certa tem 2 semanas isso é só entra pelo navegador.,1
Com todo respeito esse negócio de que cada celular recebe a atualização em algum momento é uma sacanagem gigante não atualiza não consigo responder as notas e outra o reels trava uma coisa que eu reclamo a tempos sobre por música na bio do insta na conta secundária vai mais na principal não isso é pessimo poderiam arrumar? E outra ta tudo travando mais com urgência arrumem a música na bio tenho o iPhone XR e não vai na conta secundária aparece na principal não .,1
"Já é a segunda vez que atualizo e não volta os filtros que eu tinha, fora que não consigo salvar nenhum filtro mais, arrumem isso",1
"O instagram tava muito bom mas com um tempo os vídeos começaram a ficar lentos e eu não tô gostando muito, achei que faltava atualizar mas não era, meu irmão tá com o mesmo problema ,infelizmente vamos ter que parar de usar o app",3
"Não consigo entrar no Instagram pelo aplicativo, apenas pelo navegador. Estou com esse problema faz 2 semanas, eu logo e diz que a senha está incorreta (não está) e não consigo entrar em nenhuma outra conta, resolvam! @kevinduartw",1
Meu app está sempre atualizando e as novas funções/stickers não aparecem,1
"Estou vindo aqui para relatar os motivos que me fizeram desativar minha conta, que tenho desde 2012:

No começo e por um bom tempo, o Instagram era uma rede social, que conectava família, amigos e conhecidos. Era um ambiente agradável, amigável, o principal foco era o usuário, as pessoas postavam seu dia a dia em imagens. Os amigos e familiares curtiam e comentavam.

Após o Facebook (atual Meta) adquirir o Instagram, a rede social se transformou em uma rede de marketing digital, seja de produtos ou pessoal, aonde o usuário principal foi abandonado em prol do lucro. 

Atualmente uma foto que eu posto, se as pessoas não curtem ou interagem, essa foto não é entregue para outras pessoas que me seguem. Ou seja, a rede é baseada em engajamento e não em seguidores. Quanto mais engajamento, mais amigos e seguidores poderão ver a minha foto, se uma pessoa não curtir, adeus, ninguém mais vai ver a não ser se entrar no meu perfil.

Com isso, percebi que muitos amigos e familiares deixaram de postar, e passaram a apenas acompanhar outros inscritos na plataforma, inscritos que nem sequer são seguidos por mim. O Instagram se transformou em um grande lixo online, cheio de anúncios, postagens pagas, um verdadeiro caos.

Eu ainda tentei manter minhas postagens, mas ao ver que não é mais o lugar certo para isso (e atualmente não existe, a não ser enviar em particular no Whatsapp), resolvi sair da rede Instagram.

Uma rede social simples e muito bem elaborada infelizmente acabou arruinada pela ganância.",1
"Troquei recentemente de aparelho, e fica dando senha incorreta, só que consigo logar com a mesma senha no pc e nos celulares de amigos/familia, nem no meu celular antigo ta entrando mais. Ja tentei mudar senha e um monte de outras alternativas, mas nada.",1
Não consigo usar o recurso sua vez aparece um erro,1
"Meus filtros não estão pegando! Tá aparecendo que o filtro está indisponível no momento! Já fiz tudo, atualizei o celular, atualizei o app e continua a mesma coisa 😡
Já fiz reclamação e nada",1
Não estou conseguindo usar o aplicativo desde do dia 25 de abril não cometi nenhum erro e vocês nunca me mandaram mensagem falando sobre isso já é a terceira vez que isso acontece por favor mandem uma resposta me ajudem já mandei várias mensagens e simplesmente vocês ignoraram todas isso é muito triste,5
O meu Instagram não está abrindo e não está atualizando o que está acontecendo alguém pode me ajudar?,1
"recuperei a senha usando SMS e email e quando tento entrar aparece “Algo deu errado”. Pelo amor, aplicativo podre",1
"o que está acontecendo com o instagram?coloca login pelo facebook trava e não entra ,vamos ver isso né,está difícil",1
"Toda vez que tento usar a corrente ""sua vez"" aparece mensagem de erro",3
"Não consigo acessar minha conta e nem outras pelo aplicativo. Só consigo entrar através do site, corrijam esse problema, urgente!",1
"Atualmente não estou conseguindo acessar a minha e nenhuma outra conta pelo meu celular neste aplicativo, está assim há um mês já, não sei o que está acontecendo.",2
"Estou com um problema para acessar minha conta! Gostaria de ajuda o mais rápido possível, por favor!",1
"Não consigo acessar Meu Instagram pessoal desde quando caiu da última vez, e o meu profissional essa semana também não conecta, consta como senha inválida mesmo depois de redefinir.
Mas em outros celulares consigo o acesso normal.",1
O Instagram alterou a cor de azul para o roxo do meu perfil sendo que eu não alterei e estou tentando voltar a cor azul mas o app não me dá escolha de manter a cor que eu gosto,1
"Toda vez que atualiza essa bomba só piora, ou, sacanagem mds do céu, atualiza nao melhora nada ... agr pra melhorar ta em ingles todo meu feed, nao tem nada pra fazer enfia o dedo no tob4... melhor q uma atualização dessa",2
A conta dos meus amigos tem as novas funções e a minha não,3
Cadê os afeitos do insta?? O principal tiro,2
"tá horrível essa atualização, na carrega nada, tá impossível de mexer.",1
meu aplicativo não está carregando fotos e perfis,1
"Mesmo com senha certa, mesmo após trocar a senha por achar que esqueci, não consigo acessar meu Instagram de forma alguma. Tenho que esperar por dias, até conseguir entrar novamente. 

Em 2024 é a 2ª vez que me ocorre isso, a primeira vez fiquei conseguindo acessar somente pelo computador. 

Sempre ocorre quando vou acessar uma segunda conta mas empresarial que tenho no instagram.",1
"Depois da ultima atualização o app não carrega imagem alguma, fica todo com as imagens do feed e dos perfis apagadas.",1
"A alguns meses o Instagram de todo mundo deslogou por um erro interno, e desde então o meu eu não consigo acessar, primeiro dava erro, e agora da senha inválida mesmo estando correta, não consigo atendimento com suporte do Instagram.
Péssimo!",1
"aplicativo simplesmente horrível, a senha aparece sempre como incorreta, até quando fui trocar a senha apareceu a mensagem de senha incorreta sendo que não faz sentindo nenhum. Já reportei o problema mas ninguém retorna ou resolve.",1
"Todos os filtros sumiram e não tem a opção de salvar.
Cheio de bug",1
Essa nova versão meus filtro que tinha salvo desapareceu! Não estou conseguindo usar nem um tipo de filtro e nem salvar,5
Não consigo salvar mas nenhum efeito fora os bugs,1
"Eu não consigo adicionar efeitos. Meus efeitos sumiram. Só tem os efeitos padrão do insta, e mesmo assim informa que estão com erro.
Já atualizei , e não consigo.",5
Os,1
Meus efeitos sumiram todos já tem mais de um mês e também não consigo salva nenhum efeito arrumeeeeeeem já mandei mensagem no surporte e nadaaaa,3
"Todos os meus filtros sumiram, não consigo se quer salvar novos.. o que aconteceu? Quando retorna???",1
Não consigo mais colocar efeito nas fotos impossível salvar ou clicar qualquer efeito,1
O meu Instagram já tem 3 semanas que não mostra e nem dá pra salvar nenhum efeito,1
O Instagram nos últimos dias tem ficado bem ruim fica caído toda hora não está carregando as publicações nem story. Amo esse aplicativo mais tem que melhorar,2
"não gostei da nova atualização porque não consigo ter acesso aos meus efeitos,só tem os efeitos do aplicativo
QUERO QUE CONCERTEM ISSO!!!!",1
Todos os filtros salvos sumiram!!,3
"Comprei um celular novo.
E não consigo adicionar a minha conta no app,
Consta senha incorreta mesmo estando certa, ou que a minha conta não existe.
Mas quando acesso pelo o Google consigo entrar.
Já tem 3 dias q não consigo acessar a minha conta.",1
Os efeitos sumiram do app,5
"Tá um lixo o app, meus filtros sumiram e do nada não consigo mais responder as mensagens no chat.",1
meu instagram já tem 10 dias sem conseguir acessar os filtros,3
Meus filtros sumiram e não consigo salvar nenhum,3
"Eu literalmente não consigo entrar no meu insta, fica falando q a senha está incorreta, porém não está por que eu consigo entrar normalmente pelo safari…",1
"Os efeitos salvos simplesmente sumiram, só fica disponível os efeitos oficiais da plataforma e eu não consigo salvar nenhum outro efeito de outro criador de conteúdo 🥺",2
Desde a última atualização não consigo usar ou salvar os efeitos..,2
"Os meus filtros sumiram TODOS tem apenas os filtros do próprio Instagram, help!",1
"Como soluciona esse problema só aparecer o filtro que é do Instagram mesmo, já desinstalei o aplicativo, instalei de novo.   Já reiniciei o celular e nada.",5
"Meus filtros salvos sumiram, não consigo mais salvar novos filtros, só aprece os filtros do próprio insta! Corrijam isso! Já faz uma semana que tá assim!",1
"Há mais de 3 semanas, o Instagram, de forma abusiva, vem me sugerindo publicações de contas que eu não sigo e, muito menos, não tenho nenhum interesse em seguir. 
Já configurei para suspender por 30 dias as publicações sugeridas de contas que não sigo, porém, o abuso e a falta de privacidade em sugerir publicações, de forma EXCESSIVA, continuam dominando meu feed de notícias. Nem vejo mais as publicações das pessoas que sigo. 
Inacreditável a audácia dessas redes sociais de faltar com tanta falta de privacidade com os usuários. Simplesmente não há respeito. Rede cada vez mais tóxica!",1
"Faz uma semana que todos os meus filtros sumiram, e não dá pra salvar novamente. Já desinstalei varias vezes e nada 🤡🤡🤡",1
"Instagram tirou todos os meus filtros e não consigo salvar NENHUM, já faz dias que está assim e NÃO ME DÃO RETORNO, quero saber oque houve e quero meus filtros de volta, senão pararei de usá-lo.",1
Tira esse negócio de permitir inclusão de mídia,1
SUMIRAM TODOS OS FILTROS DO MEU APP E NÃO CONSIGO SALVAR MAIS NENHUM ! ARRUMEM ISSO 😤,1
"Os meus efeitos sumiram!!!
Eu vou pra pesquisar o efeito e não aparece.
Oque aconteceu?",4
"Meus efeitos sumiram e não consigo usar nenhum efeito, não aparece a opção de salvar efeito.",1
"Estou a uma semana sem poder usar nenhum filtro pq todos sumiram, não consigo nem sequer salvar os que estavam em minha reserva. Ja relatei o problema porém ainda não obtive um retorno. Isso é um problema que está acontecendo com muitas contas.",2
"Meu Instagram foi atualizado há uma semana e fiquei sem filtros, só os básicos do Instagram, não consigo salvar novamente também.
Quero meus filtros de volta.",1
"Aplicativo dando erro demais, não carrega nada no iPhone depois da atualização de ontem.",1
"Estou sem conseguir usar filtros do Instagram desde o dia 10/05. Já desinstalei, instalei, reiniciei e mesmo assim não funciona. Vários usuários do iPhone 11 pra cima estão reclamando da mesma coisa e estamos sem solução. Entrei no meu Instagram por outro celular e continua a mesma coisa.",1
"Não consigo mais usar os efeitos de blogueiras, somente os efeitos idiotas do Instagram",1
To odiando o Instagram sem os filtros pra muitos usuários! Simplesmente tiraram!,1
"Não estou conseguindo usar efeitos, e nem conseguindo baixar, qualidade lixo",1
"Os litros do meu app sumiuram , nem salvar tô conseguindo salvar",3
"Meus filtros sumiram tudo, e não tem como salvar",1
"Suporte, todos os filtros sumiram! Nos ajudem, por favor!",5
"O que tá acontecendo com a qualidade das fotos postadas no story? Tá tirando totalmente a qualidade! Até o WhatsApp tem sido melhor pra postar, tão acabando com um aplicativo excelente, sem contar que os filtros sumiram! Muitos bugs",5
"Fui aceitar a opcao de inclusão de mídia para vê como seria e vi que mudou o formato do carrossel de fotos, acreditei que querendo voltar a opção sem inclusão voltaria ao normal o formato, só que continuou com um formato muito pequeno de fotos. Como faço para reverter?",5
"O app está bugando em  muitas coisas, uma delas é quando paro de seguir pessoas mas o número de “seguindo”  continuam o mesmo e não consigo seguir mais ninguém! Concertem isso",1
Sumiu todos os efeitos depois que atualizei e não consigo salvar nenhum!🥲,1
"A sensação é de ter regredido uns bons anos em atualização. Fiquei sem entender nada, meu Instagram não salva mais filtros e todos os que eu já tinha salvo sumiram. A qualidade da camera do App caiu absurdos em relação a camera normal do meu iPhone. E o App está super lento e travando.",1
"não consigo mais usar nada do instagram, fica pedindo pra aceitar o uso da camera e do microfone mas não aparece pra colocar em uso! desinstalei e instalei dnv e nada resolvido, bug do sistema.",1
Olá bom dia o meu iPhone ele não permite utilizar filtros do storys somente os padrões do Instagram Oq aconteceu ? E tá atualizado o meu aplicativo,1
Meus efeitos sumiram e não voltaram mais que raivaaaaaa,1
Cadê os meus filtros? Sumiu todos,5
"Na ultima atualização que houve, meus Instagram agora aparece com a página do lado direito cortada…. Não conseguindo visualizar o numero de seguidores das pessoas.",1
Meus filtros sumiram e não consigo adicionar novamente. Alguém mais?,2
Meus filtros sumiram todos e nao consigo mais usar,1
Não estou conseguindo usar meus filtros e efeitos gostaria de saber o pq aguardo resposta desde já obrigado pela atenção obrigado!,1
"Não tô entendendo. Meus filtros da câmera simplesmente sumiram de uma hora pra outra, e não tá me dando a possibilidade de usá-los!",2
Sumiu os efeitos do insta e não tem como salvar mais! Ajeitem isso!!! Não sei pra que ficar fazendo essas atualizações horríveis!,1
"Os filtros não estao carregando , está horrivel, não estou conseguindo salvar nenhum filtro",1
Cadê os filtros??????,2
"Ontem começou apresentar erro no “ mostrar status de atividade” mesmo marcado para mostrar, não está atualizando! Quase 24horas de erro",2
Cadê?,1
Não estou conseguindo entrar já faz 4 dias mesmo com a senha correta e o email correto. Não consigo entrar pelo aplicativo apenas pelo Instagram web,1
"Após a nova atualização quando clico para abrir um reels enviado pra mim, abre um diferente a cada vez q clica e não abre o correto",1
"Pelo meu iphone nao consigo acessar nenhuma de minhas contas. Sempre aparece senha incorreta. Preciso de alguma
Solução",5
"Tentei criar uma conta para minha academia, como tenho para minha loja e o meu pessoal, porém não estava logando, fiz o logoff das outras contas e agora não consigo mais acessar nenhuma, pois diz que a senha é inválida, porém pelo navegador funciona. O App está cada vez pior. Que bom que não pago mais a Meta!!",1
"O app já foi melhor, hoje, para ter visualizações vc tem que pagar, virar escravo dele ou fazer coisas ridículas como dancinhas de TikTok, poderia entregar nosso conteúdo como era antes",2
"Instagram do nada quando você posta fotos está mudando tonalidade das cores. Deixando tudo estourado. Não dá para saber se está bom ou não. Pior, não dá para saber se outras pessoas estão vendo a foto com qualidade",3
"não tem nenhum suporte que resolva , o Instagram deixa muito a desejar nessa parte .
Eu consigo acessar minhas contas de Instagram em qualquer outro telefone menos no meu , já desloguei , já desinstalei o app e nada resolve .
Instagram eu preciso trabalhar , preciso de apoio e atendimento de vcs .",1
Não estou conseguindo entrar no meu Instagram,2
"nao consigo entrar no meu aplicativo baixado no celular, sempre dando senha errada, link expirado, nao sei por qual motivo",1
Não consigo postar várias fotos e por música. Outras pessoa famosos etc conseguem,4
quando gravo stories que vai pra aba de editar o video trava e não reproduz,1
"Troquem isso pois pode está dando erro estou falando isso pois gosto do Instagram 
Erro de solicitação 
O insta cai toda hora 
Ele buga 
Msg não envia 
Vc não consegue entra nele as vezes 
Isso  chato dms 
Tem vez q estou mexendo nele ele cai isso é muito chato ele caindo toda hora saindo do ar resolvam isso eu sei q temos q tomar cuidado com as nossas contas mais aí fc difícil Qm perdeu o email ou a conta do Google mais lembra da senha e do nome do insta a pessoa não consegue entra tipo eu perdi meu cll mais não tô conseguindo entra mais eu lembro a senha e o nome et por favor resolvam isso obg",3
"Ele fala que a senha está incorreta, mesmo eu recuperando e colocando a senha certa!!! Quando não dá senha incorreta, ele fala, erro, tente novamente mais tarde!",1
"Botem a opção de ver quem parou de seguir, o app seria mil vezes melhor…",2
no meu iPhone xr não aparece a opção de ver as músicas do perfil,3
"já faz 3 meses que não consigo logar na minha conta pelo aplicativo, apenas no site, quando tento logar fala que deu erro ou que a senha está incorreta, já desisti.",1
"Não estou conseguindo verificar os dois fatores da minha conta, estou com todos os código e não funciona. Aparece sempre “Parâmetros inválidos”",1
coloco minha senha certa pra entrar na conta e sempre aparece “senha incorreta” e quando eu tento trocar a senha aparece a mesma coisa.,2
"Já mudei email, já relatei problema no app, já exclui a opção de email para chegar via SMS. E nada de recuperar. Tentando a mais de um mes e ninguém entra em contato",2
"Aplicativo simplesmente não quer entrar na minha conta, dizendo que a senha está incorreta, sendo que troquei a senha, pelo navegador consigo entrar, nós celulares de outras pessoas também, meu aplicativo fica dando erro, já instalei e desinstalei varias vezes, preciso de ajudo",2
"Meu Instagram esta dando senha incorreta no app mesmo estando certa, só estou mexendo pelo Google pra ver se até na próxima atualização volte ao normal, espero q ajudem no meu problema, celular é um iPhone xr, nao sei se são em todos que tá dando problema",1
"fui trocar minha senha e quando fui fazer o longin novamente não entra, fica dando senha incorreta mas a senha está correta, não entra no meu celular mas no celular dos outros entra, já fazem 3 dias que está assim",2
"horrível ver reels, muito delay áudio termina e o vídeo fica passando sem audio, já faz 2 mês",5
"App muito top, porém os rells não rodam junto com o áudio, ficam bugado o áudio aí primeiro depois sai o video lento.",3
Quando estou vendo Reels fica carregando o tempo todo e trava o video. E ai o que é que eu faço??? Vou pro TikTok. Esta perdendo de feio viu.,4
"Depois que atualizei o IOS 17.4.1 não consegui mais postar, trava teclado e tela😡",5
"Eu tenho notado que ao postar uma foto o instagram tem mudado automaticamente a saturação da imagem, eu apenas seleciono ela p/ publicar e quando vou para o segundo passo já noto, eu preciso ajustar tirando a saturação manual, pq isso? Eu queria publicar ela conforme a cor que foi tirada, sem nenhum ajuste.",1
Tô cansado de achar algo interessante e quando vou pesquisar o feed atualiza sozinho. Ja passou da hora de deixar nos mesmos atualizar nosso feed por conta própria. Lixo dms,1
"Horrível, demorado, e lento. Não carrega alguns story.",4
"até agora não tenho acesso as nota do instagram, já fiz de tudo e nada. já mandei na ajuda e nada…",1
Essa última ficou horrível 🤦🏻‍♀️ a me,5
"O app está restringido meus conteúdos do mda , bloqueando tudo ja entrei em contato com o supor e nda foi feito  !
Quando posto algum reells da erro  serio ta horrivel",1
Não entendo como uma plataforma gigante tem tantos bugs como o Instagram… chega ser vergonhoso,2
"insta tá muito bugado,e sempre uma coisa diferente agora,minha conta vive saindo,aí não dar p entrar,o interagem vive dando bugue tá complicado",4
Quando vocês vão enfim atualizar pra que possamos ver que não segue de volta ???,2
Tá com muitos problemas de Story e de postangem,1
Já exclui em torno de 100 pessoas no meu perfil e a quantidade ainda não desapareceu! Preciso de informações como faço para atualizar a quantidade de seguidores.,1
Não consigo fazer live pelos melhores amigos,2
"Péssimo, tirou o ao vivos para amigos próximos , tirou o dois tipos de amigos próximos que tinha , sendo um que você nomeava os nomes para esse amigos próximos tipo “ só quem eu quero que veja “ e tinha sei lá 10 pessoas e só elas conseguiam ver.",1
Ultimamente está de mal a pior.,3
"Minha conta está dando erro de solicitação, precis de ajuda pra entrar @luisin_va",4
Porque tiraram essa função que era a melhor de pausar os reels,1
"Próxima atualização a gente poder editar o comentário que a gente mandou em um video ou uma foto,pois geralmente quando a gente escreve alguma coisa em um vídeo ou foto,o corretor ortográfico corrigi uma palavra que ele pensou que estaria errado e a gente acaba não vendo que ele corrigiu do jeito dele",5
O app é muito bom mais eu acho que é ruim que o story some em 24h,4
"Apesar desta tecnologia ter afastado mais as pessoas do contato corpo a corpo, aproximou o mundo de todos. Os benefícios são indiscutivelmente maiores para uma sociedade economicamente ativa. Mas, evitar o bombardeio de tantas informações ao acessar, seria uma boa. Dosar um pouco.",5
"Antes pausava os vídeos e agora não está mais, quando clica na tela tira apenas o áudio",3
"O instagram censura qualquer discurso um pouco mais incisivo, plataforma pessima",1
"bane minha conta por tudo, fui reagir um stroy e baniu minha conta 😒",1
Olá já estou a mais de 3 meses com problemas para realizar lives no meu Instagram 🥹,1
Não consigo repostar os vídeos que estão me marcando. Demora que só pra carregar e não sai do lugar. Complicado viu ☹️,3
"Virou um TikTok. Divulgação apenas de Reels, as # não tem mais sentido, pois nas buscas por tags, aparecem apenas as publicações “relevantes” e não podemos mais buscar por tags atuais. Está horrível.",1
"Optei por não aparecer confirmação de leitura, mas com essa nova atualização, não está funcionando. Mesmo eu selecionando novamente a opção.",3
"O Insta deveria permitir a edição no texto, mesmo depois de postado como o Facebook. Tanto nas próprias postagens, como nos próprios comentários em outras publicações.",5
Depois que atualizei (13/04/24) mostra quem visualizou a mensagem mesmo estando desativada a confirmação de leitura.,1
"Parou de pausar os vídeos, uma pena.",2
"Um app gigante desse que NÃO DÁ PRA EDITAR COMENTÁRIO NO IOS DEPOIS DE ESCRITO!?!? PELAMOR INSTAGRAM, ACORDEM PRA VIDA!!!!!",1
"Sigo com o mesmo problema a meses, sempre sou bloqueada de comentar, não entendo porque, não tenho conteúdo restrito, nem que seja fora das diretrizes mas sou sempre bloqueada, toda semana, isso é chato e cansativo, já mandei print, relatei problemas e nada é feito!",1
"Reels e em outros vídeos com delay, atraso de imagem com o Audio. Além do consumo absurdo da bateria. Arrumem isso.",2
As atualizações só piora. Tirar fotos com filtros pelo story’s estão ficando com distorção da imagem mudando para pior o resultado final.,1
Insta todo bugado só trava 🫠,1
"Pro favor arrumar isso
O meu não tá entrando porque que vcs baniram a minha conta eu não fiz nd de errado 
E vcs foi lá é baniram blz deixa vc 👍🏻",1
"Ao publicar fotos no feed ela fica embaçada (Desfocada) e no Story não está postando, tenho que apagar o app e baixar pra voltar a funcionar, mas isso só dura por pouco tempo e volta o defeito.",1
"O instagran não esta entregando pessoas como antes, parece que as pessoas que passavam pelo feed somem… antes passavam 300 até mais que isso, e de repente passam 100.  As vezes menos de 50. E não consigo entender o algoritmo.",3
"Sempre que vou editar uma foto antes de postar o aplicativa satura de forma extrema, deixando a foto horrível. Qualquer mínima edição faz com que a foto perca a qualidade e fique com baixa qualidade iPhone 15 pro Max",1
Só acho que o Instagram poderia ter a opção de pessoas que não te segue de volta. Faz tempo que atualiza e nunca surge essa opção que seria tão útil,3
"Não consigo usar o “Sua Vez” nos storys, já tentei relatar problema mas não consegui retorno. Tenho um iPhone 14 e não consigo usar essa droga!",1
Meu Instagram não envia msg para outros contatos e as vezes nem abre o direct,1
"O aplicativo fica bloqueando toda hora , vc não pode nem mais curtir as publicações ou story que bloqueia , uma falta de respeito com o usuário e criador de conteúdo, estou sofrendo com esse aplicativo que de uns tempos pra cá tá uma vergonha, ao invés de melhorar piorou",1
"Não consigo postar nada. Horrível 
Stories e feed não está postando",1
"olha vou ser bem sincero, esse aplicativo ta ficando inviável pq é anúncio encima de anúncio e não para, se continuar nisso eu denuncio e ainda excluo minha conta",1
Politicamente tá muito exagerado e totalmente defasado nessa rede social. Espero que todas as redes do Zuck sumam!,1
Os Reels Estão Com Problemas De Atraso Na Imagem !,1
"Como conseguem piorar a cada atualização?
Não respeitam a privacidade do usuário",1
Não consigo repostar stories em tela cheia!!!!,1
"Nem ia comentar aqui, porque pensei que o problema seria resolvido em alguns dias, mas já faz mais de um mês e nada foi feito.

Este aplicativo está uma verdadeira p0rcari4 desde que foi adquirido pela Meta. Esses dias estava sendo impossível postar qualquer foto, porque a imagem ficava com o brilho “estourado”.

Agora, o grande problema é o modo escuro, que, do nada, deixa de ser totalmente preto e passa a ser cinza. Para resolver o problema só excluindo o app e instalando novamente. E, horas depois, o problema volta.

Está sendo um saco. Em 2024 não queremos ser servos da tecnologia: é ela quem deve nos servir. O Instagram está invertendo esta ordem e ninguém se presta a consertar este bug.",1
À opção de não querer ver conteúdo sugerido simplesmente não funciona!! Então por que ela existe?? Eu não quero ver conteúdo aleatório no meu feed mas parece que eu não tenho escolha…,1
"O meu Instagram abre em todos os navegadores, menos no aplicativo. Consta erro o tempo inteiro.",1
"Se eu pudesse escrever e não dar nenhuma estrela, eu faria! Uma estrela já é muito e nem isso o Instagram tá merecendo, faz 1 mês que não consigo entrar na minha conta através do aplicativo, e é só a minha conta e não levei banimento nenhum, apenas aparece dizendo que deu erro na solicitação, já tentei trocar senha e TUDO e nada adianta, desde o dia q deslogou vários o meu nunca mais voltou, ajeitem isso por favor! Uso iPhone 11",1
USO O INSTAGRAM HA ANOS E HÁ SEMANAS ESTOU SEM ACESSO A MINHA CONTA PELO APLICATIVO POIS SEMPRE QUE EFETUO LOGIN APARECE QUE OCORREU UM ERRO EM MINHA SOLICITAÇÃO!,1
"Agora a opção de compartilhar aparece pessoas aleatoriamente, ao invés de os frequentes",1
"Instagram desativou minha conta do nada e ninguém está falando disso, estou desde ás 16h de ontem(01/04) sem ter acesso a minha conta e outras pessoas que conheço também.",1
Não estou conseguindo entra na minha conta eu coloco o e-mail certinho e a senha certa mais aparece erro na sua solicitação e já estou dias sem meu Instagram por favor resolver esse problema alguém me ajuda 😢😢,1
"Por favor me ajudem!! Não consigo acessar o meu Instagram pelo aplicativo no meu celular (iPhone 11), consigo abrir pelo navegador e por outro celular mas não pelo meu. Por favor me ajudem a solucionar, estou precisando. Já desinstalei, já troquei senha e nada. Hoje dia 01/04 está fazendo 11 dias sem funcionar o app no meu celular 🤧",5
"Boa noite. Minha conta  do Instagram  foi desativada por engano. Sigo todas as normas da plataforma, sou uma pessoa correta e não pode perder o Instagram injustamente.

Aguardo retorno!",4
"Minha conta foi desativada nesta terça 01/04 devido ao bug do Instagram, simplesmente fui deslogada, não consegui passar pelo processo de apelação e não consigo acessar minha conta, apresenta uma série de mensagens de erro.",1
"Desde dia 01 de abril ele caiu que o meu não voltou mais, não consigo postar nada e nem comentar algum comentário, realmente essa rede social já foi melhor",1
"Não consigo entrar na minha conta, aí tentei pelo computador e agora só está aparecendo pra confirmar o e-mail, porem o gmail não aparece para confirmar",1
"Eu estou tendo problemas com o Instagram há mais ou menos 4 semanas, não consigo entrar pelo meu telefone ! Apenas pelo Safari ou pelo celular de outras pessoas, já troquei a senha, paguei para arrumar minha conta, resetei o celular e continuo sem conseguir acessar minha conta ! 
Me ajudeeem. 
Obs: nunca tive problemas com o Instagram, só agora.",1
Preciso de ajuda do suporte Instagram eu não estou conseguindo abrir o app do Instagram no meu iPhone ele está dando erro mais quando eu abro em qualquer outro aparelho ele funciona mais não funciona no meu iPhone,5
"""Ocorreu um problema com a sua solicitação"". Há semanas com este erro, ai ai..",1
"As pessoas que costumo compartilhar simplesmente sumiram quando vou compartilhar.
Tenho que ficar procurando por nome, as opções que aparecem são extremamente aleatórias e algumas eu nem sigo mais.",3
"Não estou conseguindo acessar a minha conta no meu IPhone, aparece a mensagem: ‘’Ocorreu um problema com a sua solicitação’’. Esse erro persiste a mais de 10 dias, como faço pra solucionar?",2
"Não consigo entre no meu insta, OCORREU UM ERRO COM A SUA SOLICITAÇÃO",1
"Após atualizar o insta e sair da minha conta, nao consegui mais entrar porque fica dando erro!",1
"Faz duas semanas que meu instagram deslogou sozinho e ao tentar entrar pelo app da erro, por gentileza preciso que resolvam esse bug... no pc e internet do smartphone funciona normalmente!!!!",1
INSTAGRAM SIMPLESMENTE ESTÁ TRAVANDO NA LOGO DO APP E NÃO ABRE,2
"Dês do dia que o Instagram de muita gente bugo saindo da conta sozinho, não consigo mais acessar minha conta pelo aplicativo, somente pelo Google, resolva esse problema aí por favor",1
"Não consigo acessar nenhum conta de Instagram pelo meu celular !! Desde a semana passada que teve um bug geral , já desinstalei e instalei , até restaurei o celular não e não consigo entrar em nenhuma conta !!! Estou a uma semana sem acesso … Meu celular é uma IPhone XR 
E quando eu tento acessar qualquer conta , principalmente a minha aparece notificando que minha solicitação ocorreu um problema !",1
Minha conta foi suspensa e no e-mail diz que eu preciso tomar alguma decisão mas quando eu abro o Instagram minha conta não aparece meus seguidores e minhas fotos não aparecem quando eu vou na configuração ou tentar recorrer sempre dá erro e o Instagram não me deixa recuperar minha conta de outra forma! Não sei mais o que fazer tenho minha conta desde 2011 e me dá muita tristeza pois não sei como recuperar minhas fotos antigas! Eu não aceito perder minha conta pra vocês por favor me deem algum sinal!!!!,1
"Não consigo entrar na minha conta pelo meu dispositivo ,somente pelo google ou outros dispositivos ,já tentei de tudo",1
Eu usava muito o Instagram mas dps disso comecei a odiar eu criava uma conta para usar todo dia mas todo dia ela era banida. Eu não fazia nada contra as regras espero que arrumem isso para que talvez algum dia eu volte a usar,1
"Estão bloqueando a minha conta, sendo que seguindo as diretrizes do aplicativo normalmente….
O que está havendo? Porque o Instagram está bloqueando minha conta?",1
"Desde que todos os aplicativos caíram na quinta-feira, não consigo mais acessar o Instagram pelo aplicativo, apenas pelo navegador ou por outros navegadores. Tentei mudar a senha, desinstalei e reinstalei o aplicativo, mas sempre recebo um erro na hora de entrar, mesmo com a senha correta. Também tentei acessar outras contas pelo aplicativo, mas sem sucesso. Só consigo interagir através do navegador, o que tem limitado minha capacidade de postar e engajar com minha conta. Está sendo complicado para mim, pois o Instagram é uma ferramenta importante no meu dia a dia e no meu trabalho. Espero conseguir resolver isso em breve para retomar minhas atividades normais na plataforma.",5
"Eu tô sem acesso ao meu Instagram vai fazer uma semana, porque desconectou do nada e não consigo fazer login de jeito nenhum.",1
"faz uma semana e meia que nao consigo entrar na minha conta pq ela dá erro de solicitação, to tendo que usar pelo Google do meu próprio dispositivo.",1
"Simplesmente não consigo fazer login pelo aplicativo no celular, somente pelo navegador",1
"Desconectou sozinho e da erro de solicitação para logar! 
Tem mais de uma semana 
Arrumem isso!",1
Não estou conseguindo abrir o meu insta pelo app. Já está com dois dias 🥺,4
"Desde quando deslogou várias contas, não consigo entrar na minha. Aguardando infinitamente 3 dias úteis e já se passaram 7.",2
"O suporte do Instagram é horrível. Estou desde quinta feira passada sem conseguir acessar minha conta pelo MEU celular, mas no celular de qualquer outra pessoa ou notebook eu consigo.",1
"O instagram desativou minha conta injustamente, disse que fui contra as regras, sendo que não tem nada contra as regras, eu uso meu instagram para trabalho, preciso dele urgentemente de volta, por favor peço que resolvam, pois é injusto",3
"Deu o bug na quinta e não consigo logar mais o insta no iPhone meu, porém no nagador consigo",5
"Já tentei de tudo, consigo entrar pelo Google, por outro celular, mas pelo meu celular não consigo, desconectou e não volta. Já esperei, já tentei, já mudei senha, ja desinstalei, já fiz de tudo e parece não volta por nada!",1
"O Instagram é um ótimo app, mas deixa a desejar na correção de bugs, e tem um péssimo suporte! Estou a 2 semanas, tentando ter contato com o suporte, e sem conseguir entrar na minha conta, pois aparece “ocorreu um problema com a sua solicitação”. Já olhei diversos tutorias na internet, mas não tenho sucesso.",2
"Nossa perdi o acesso do meu Instagram 
Porque troquei de celular e chip e não tenho mais acesso o meu número antigo , não dão opção de nada , se for pra identificar pede a senha , mais eu esqueci a senha , poxa Instagram ajuda né",1
Não gostei não o som do meu Instagram mudou sozinho e tá baixo ficou um lixo,5
O app tá péssimo,1
"Desde quinta feira que não consigo entrar na minha conta por que dá erro de solicitação, arrumem logo esse bug",1
"Horrível,Instagram já foi melhor.Tenho iPhone 6 e como fica na atualização para quem não tem? Odiei.Sinceramente deixo de usa o chat de conversas por o aplicativo não aceitar mais a versão antiga.Ai como fica quem não pode comprar um de atualização mais avançada⁉️⁉️❌",1
Tá horrível,1
"Saí da conta do meu aplicativo e ao tentar retornar esqueci a senha. Pedi redefinição e depois de tanto pedido, recebi a mensagem de texto no meu celular, mas ao redefinir a senha aparecia a mensagem de parâmetros inválidos, ou seja, eu não conseguia fazer a alteração. Tentei de outra forma, recebendo o código por Whatsapp e pede o código de duas etapas fornecido pelo Instagram, que eu não salvei na captura de tela e muito menos lembro. Então, solicitei a confirmação de identidade através do vídeo selfie, informei um e-mail funcional e té hoje não obtive retorno, aparece a seguinte mensagem: Entraremos em contato com você pelo e-mail fornecido, sua solicitação pode levar de 3 a 4 dias úteis para ser processada. 
Preciso reaver minha conta",1
Tem uns 5 dias ou mas,1
Muito bom,5
"Não estou conseguindo logar pelo app, fica dando ocorreu um erro com essa solicitação . Ja faz 5 dias",1
"Semana passada minha conta deslogou-se sozinha, hoje já é terça feira e o suporte ainda não me retornou.  Ja mandei vários videos sefie, e sigo sem retorno. Parte de suporte é horrível, isso se me reaponderem.",1
"Meu Instagram desligou sozinho nesse último bug geral que teve, e não consigo de forma alguma recuperar minha conta, mesmo com senha e vido de reconhecimento facial, me ajuda aí Instagram que tá difícil, tem um suporte mais não presta pra ajudar",1
"Oque e que aconteceu com a equipe de vocês? A que ponto chegaram, não atendem as necessidades das pessoas, não corrigem o erro necessário, essas atualizações de vocês não mudam em nada, conta sendo desconectada sozinha, não entra mais, pelo amor de Deus 👎",1
"Gostava mais quando podia colocar o stories compartilhado, em tela cheia.",5
"mais de uma semana que meu app não loga no meu celular porque dá erro de solicitações, no celular de outras pessoas liga mas no meu não entra de jeito nenhum. Não tem suporte nenhum do aplicativo que resolva isso, um absurdo isso",1
Sem nenhum motivo vcs não deixam mais eu acessar minha conta que tenho a 10 anos com fotos dos meus filhos pequenos e todo seu crescimento!!!! O que vcs fazem é horrível,1
"Tanto no app quanto no navegador não consigo mais acessar minha conta. Mensagem de tente novamente mais tarde ou não é possível carregar o feed. Tentei logar com outras e funciona normalmente. Já tentei atualizar, reiniciar… nada funciona",1
"Faz 5 horas que atualizou pra resolver esse problema e pelo jeito nao mudo nada. Consigo entra no instagram so pelo navegador mas pelo aplicativo não vai, ja tentei de tudo",1
"O meu Instagram está com instabilidade a 5 dias, e eu simplesmente não consigo abrir o app pelo meu próprio celular, tem que abrir pelo Safari ou por outros telefones. Já desinstalei e instalei várias vezes, troquei a senha e nada!",2
"Meu feeds fica uma publicação, um anúncio e uma sugestão. Se eu quisesse ver esses conteúdos eu seguiria eles. Eu quero ver o que as pessoas que eu sigo postam, demais pessoa pra mim nao importa. Isso é muito chato pq eu perco muita publicação de quem eu sigo. Storis tambem. É muito cansativo ficar vendo conteúdo de gente que eu nem quero ver",1
"As pessoas para quem eu mais compartilho reels não aparecem mais no topo pra mim, desde a última atualização! Arrumem isso, pois só aparecem pessoas q não sigo!",1
lhe vicia além de roubar suas informações,2
"É com frequência que ocorrem bugs em reels de melhor resolução. A taxa de quadros cai e o áudio continua normal, dessincronizando. e mesmo abrindo e fechando o mesmo vídeo diversas vezes o erro persiste. Isso sem comentar quem desde que começaram a monetizar qualquer tipo de engajamento, tem surgido conteúdos cada vez mais absurdos só pra gerar comentários desnecessários.",2
"@oxethaiii

Olá boa tarde tudo bem?
Vocês desativaram minha conta (@oxethaiii), e me colocaram em análise no dia 8 de março, o Instagram deu o prazo de 1 dia para avaliar minha informações.
Já se passaram vários dias, hoje já é dia 14 de março e até agora não obtive nenhuma resposta do Instagram. A minha conta continua em análise por tempo indeterminado e está desativada.
Por gentileza reativem minha conta por favor!",1
"Que atualização é essa, meu explorar era organizado, só aparecia coisas que eu realmente seguia e tinha interesse, agora aparece vídeos de perfis que não tenho nenhum vínculo, isso é horrível pq dependendo do conteúdo que fica aparecendo, nem dá vontade de usar mais o Instagram. Deixe os perfis das pessoas a cara delas igual antes, não misturem as coisas, por favor !!!! E eu coloco que não tenho interesse em várias coisas para não aparecer mais e aparecem piores. Que desgastante !!!!! Péssimo !",1
Depois do bug ao tentar logar no meu celular fica dando erro. Como assim Instagram ?,1
"não estou conseguindo entrar nas minhas contas pelo meu celular, mas de outras pessoas eu consigo. vocês podem me ajudar?",1
Tenho que sair de uma conta pra poder entrar na outra tá horrivel,1
"POR QUAL MOTIVO O INSTAGRAM ESTÁ TIRANDO AS PESSOAS QUE COSTUMO MANDAR COISAS DA LISTA DE FREQUENTES E COLOCANDO PERFIS QUE NUNCA MANDEI NADA, TODA VEZ QUE VOU COMPARTILHAR ALGO TENHO QUE PESQUISAR UM POR UM, NÃO FAZ O MENOR SENTIDO!!",5
"A minha conta saia toda hora e sempre eu tinha que criar outra nova, o app dizia que ia enviar um e-mail mas ele nunca chegava, nunca vi um app tão ruim 🤮🤮🤮",1
"Olá, equipe do Instagram! Quero relatar um problema que está acontecendo com a minha conta do Instagram, sei que não está acontecendo apenas comigo mas com milhares de usuários que possui está plataforma. Acredito eu que seja algum problema no sistema do Instagram, e por isso peço que faça uma atualização para corrigir este problema que está acontecendo com a maioria dos usuários dessa rede social. Muitas pessoas estão perdendo as suas contas por causa deste problema que acontece sem nenhum motivo, não sei lhe dizer se é um bug ou algo do tipo, mas peço para que a equipe corrija este problema por favor! Aguardo atenciosamente pela equipe do Instagram.",1
"olha, eu tava tentando mudar de contas VARAS vezes e nada, desinstalei e instalei de novo e NADA. RESOLVAM ISSO !!!!!",1
"Minha conta foi desconectada e nao consigo mais logar… eu tenho autenticação com duplo fator configurado, depois que fui desconectado… nao consigo inserir codigo de autenticação e nem os codigos reservas gerados na epoca",1
"Após a nova atualização em março de 2024 fui desligada da minha conta automaticamente e não consegui acessar novamente, não recebo link para trocar a senha, não consigo mudar o número de telefone para confirmação também. Então Instagram quando vocês vão solucionar o problema de milhões de pessoas?!?!?! 
Gostaria que desse um jeito para esse bug",1
"Não consigo entrar em perfil nenhum, e quando tento, minha conta desconecta automaticamente!
Não me façam perder mais uma conta!",2
Ou desgraça ajeita esse negócio de fica descontando o insta plmrds,2
"O Instagram em si é muito bom mas essa nova atualização teve muitos bugs,como não quer entrada na minha conta de jeito nenhum,os storys ficam se repetindo e vários outros bugs",4
"Minha conta do Instagram foi invadida. O hacker alterou o meu e-mail, senha, número de celular, nome de usuário. Está divulgando produtos falsos em meu nome. Tentei entrar em contato com o Instagram, mas sem sucesso. Eles demoram muito para resolver. Não baixem mais o Instagram. Vou acionar na justiça contra o Instagram.",1
"Vou resumir:
- tenho 5 contas logadas, a interface varia entre algumas, como há versões mais atuais do que outras para os usuários sendo que está tudo “atualizado”?
- botões de interação do nada param de funciona
- faço edição de vídeos e quando subo na plataforma o Instagram mata as cores e qualidade (mesmo exportando em 4k)
- e o pior de tudo: um péssimo suporte, impossível tratar direto com alguém ou entender o que acontece",2
"atualizei e tiraram minhas notas, e não consigo mais colocar música no perfil, a cada atualização que tem só piora!! mudem!!!",1
"Instagram esta cheio de problemas , nao consigo ter acesso a mais de 3 semanas pelo meu celular só entra pelo google , cheio de problema !! Horrivel .",1
"Não consigo comentar GIFs, não consigo ver áudios em 2x, minha outra conta está numa versão antiga do Instagram e até hoje não atualizou!",3
"Tá com um problema q fala”correu um problema na sua solicitação”,agr nn consigo mais entrar em nenhuma conta mais",1
Meu instagram desconectou e quando vou entrar aparece “aguarde alguns minutos antes de tentar novamente”faz dois dias que isso tá aparecendo pra mim,1
Já faz semanas q tô tentando entra na minha conta e só aparece erro estou tentando q usar pelo Google,1
Devolvam a função de compartilhar reels em tela cheia nos stories com apenas um toque.,5
"Não atualize está com bug os efeitos fica a tela trêmula efeito fastama, pior atualização que app já fez para IPhone detestei não indico",1
"Esperando o dia que eles vão adicionar o limite de tempo maior nos story 15 segundos e sacanagem, também podiam colocar opção de editar uma foto ja postado,quando eles removem a musica vc ter opção de colocar outra,ajudem ai avaliando com uma estrela tambem pra eles mudarem",1
Insta tá horrível!! #volta2023,5
"Já faz um mês que não loga no app , só aparece que ocorreu um erro, vocês não estão mais nem aí pra quem usa , não tem suporte não tem nada , abandonando o Instagram pra minha empresa a partir de hoje",1
"Quando tento acessar minha conta da erro e não consigo entrar nela de jeito nenhum, já tentei de várias formas e ninguém me responde. Péssimo aplicativo, cheio de bugs que não são resolvidos.",1
"Amo o Instagram, uso ele por horas no dia a dia, mais tem um problema q não estou conseguindo seguir mais ngm, acho q fui banida ou bloqueada, até ontem eu estava conseguindo seguir todos quem eu queria, hj já não consigo seguir ngm, pfv resolvam isso!!",4
"Minha conta está limitada sem ter feito nenhuma violação, e não há forma de entrar em contato 😡",1
Pq ta aparecendo erro com solicitação da minha conta mesmo eu n ter abaixado nada impróprio,1
"Fazem 3 dias que não consigo entrar na minha conta, só aparece que deu erro, mais o de todo mundo ta pegando menos o meu me ajuda Instagram 🥲🤡, tô pra ficar doida.",1
"Os reels compartilhados travam no meio, consertem esse bug pelo amor de Deus",3
"Eu sempre usei instagram sem erros, mas recentemente não consigo entrar na minha conta, eu desinstalei o instagram pq não estava conseguindo entrar em contas novas, é ai eu instalei de novo, é não consigo entrar em nenhuma conta agora, isso é horrível, sou dependente DEMAIS do instagram.",1
Não consigo acessar minha conta 😡,1
Não consigo mais baixar o aplicativo no meu iPhone,1
Estou há 3 semanas tentando logar meu Instagram no meu iPhone e só aparece “erro de solicitação” já relatei o problema mas o suporte não responde.,1
"Meus contatos frequentes sumiram! Quando clico pra encaminhar algo pra alguém aparecem contatos que eu nem interajo, ficou péssimo dessa forma!",1
"hoje meus contatos frequentes sumiu, ta tudo uma bagunça… quando encaminho algum video reels pro meus contatos atalhos tem pessoas que nem converso, saiu tudo fora de ordem…",2
"meu insta tá horrível não consigo curti foto, para de seguir ou seguir TÁ HORRÍVEL",1
"desde ontem a noite eu não consigo entrar na minha conta pelo aplicativo pq aparece ""ocorreu um erro na sua solicitação"". Só consigo entrar pelo navegador e pelo computador. 
Arrumem isso por favor!",1
Quando vão atualizar a versão onde der pra Editar um comentário.?,1
"Voces fingem que não veem os problemas dos usuários. Estou há quase um mês sem Instagram e ouvi relatos de amigos que estão sem Instagram há 4 anos porque aparece “ocorreu um erro com sua solicitação” na hora de entrar na conta pelo aplicativo. No meu computador e no Google entra normal, mas no app, que é a única versão que presta, não entra.

Fora que agora você segue 30 pessoas de uma vez e já toma um block de 7 dias sem comentar e seguir e te obrigam a mudar a senha, te acusam de usar aplicativos de terceiros para ganhar like. sendo que isso nunca ocorreu. Melhorem. Vocês vão perder muitas pessoas se continuarem assim. Eu investia bastante dinheiro em propagandas e estou decepcionado com isso, já que perdi acesso a conta do meu negócio e só consigo entrar pelo Safari que é IMPOSSÍVEL de usar.",1
"Ao repostar o vídeo nos storys, acontece um erro depois de alguns segundos de reprodução.",1
"Nunca respondem a nada, se algo der ruim na sua conta, simplesmente tente sozinho ou DESISTA.
Não sei pra quê tem a opção “ajuda” se não serve para nada.",1
"Infelizmente eu não consigo mais abrir o meu Instagram, sempre aparece que é um erro técnico. Mas nunca é resolvido…",5
"Concertem isso pq tá muito complicado viu !! Meu 14 Pro Max não está entrando mais no Instagram,simplesmente fica uma tela preta com o logo do Instagram no meio .
Não consigo achar nenhum vídeo,nenhuma configuração,nada falando sobre isso e resolvendo o problema,Tá horrível !!
Atualizem o app pq assim não dá minha gente .",1
"Já faz um bom tempo que os vídeos resetam e voltam do inicio sozinhos, e tem vídeos onde o áudio fica atrasado, ou  ficam lentos, como se estivesse em velocidade 0.25x.
Esses bugs já estão há muito tempo afetando minha experiência com o app, arrumem e eu darei uma nota maior, por enquanto está merecendo apenas 2 estrelas, e é uma pena, pois é um aplicativo gigante e com enorme potencial.",2
NÃO CONSIGO ENTRAR NAS MINHAS CONTAS,1
"não dar pra entrar na minha conta!
“ ocorreu um erro de solicitação” ajeite o mais rápido possível",5
"Eu amo o instagram mas, eu não consigo fazer login em aparelho nenhum c as minhas contas, apenas nos websites. O aplicativo notifica que houve um erro com a solicitação não me notifica de nada",5
Esta dando erro na solicitação 🤦🏻‍♀️,4
"Não estou conseguindo acessar minha conta, nem criar outra. Fica só dando problema, e nessa brincadeira já vem mais de uma semana.",1
"Ao tentar fazer login no app, ele retorna o erro dizendo que ocorreu um problema com a solicitação.",1
Preciso de ajuda aparece q estou com um problema com minha solicitação,1
"Não consigo acessar minha conta atras do aplicativo, apenas pelo google, pois aparece que deu um problema na solicitação",1
"horrível, horrívelmente horrível",1
a quase uma semana sem conseguir acessar nenhuma conta pelo app! sempre aparece “ocorreu uma erro com a sua solicitação” totalmente insatisfeita com esse problema!,1
Não consigo acessar minha conta pelo aplicativo há 2 semanas. Fica aparecendo “ocorreu um erro com sua solicitação “. O aplicativo não oferece nenhum suporte para relatar o problema. Já esperei duas atualizações do aplicativo e nada do problema resolver.,1
Boa noite estou com problemas para logar no meu Instagram já tem mais de 1 mês que não consigo entra pelo aplicativo somente pelo navegador do meu telefone por favor revejam isso,1
Alguém mais não está conseguindo entra no app ? Estou tentando entra no app e fica aparecendo ocorreu um problema com a sua solicitação 🤦🏻‍♀️ alguém me ajuda,1
"Meu Instagram não loga, de jeito nenhum, tem meses que não consigo entrar, pq me ajudem!!",1
"horrível, não consigo entrar no meu instagram pelo meu celular apenas por outros, e ngm resolve meu problema 😡",1
"Estou a dias tentando acessar meu Instagram e não consigo, apenas pela web. Sempre fica aparecendo que “ocorreu um erro na sua solicitação”, não compreendo porque tá acontecendo isso. Já tentei de tudo. Espero que resolvam logo esse problema, para ontem",1
Não consigo entrar na minha conta 😭,1
"A 3 dias o Instagram está sumindo com os seguidores, 100 desaparecem na madrugada ! Entrei por outras contas o meu insta aparece com 98,400 e no meu mesmo aparece 98,200 ! Resolvam a situação muita gente hoje reclamando no Twitter e nada foi feito até o momento",5
Não estou conseguindo logar no aplicativo. Somente pelo site ou por outro celular.,1
"Quando tento logar vem a mensagem “Ocorreu um erro na sua solicitação” e não consigo acessar. 
Como resolver?",1
"Sempre que tento acessar a minha conta ou a da empresa aparece “erro de solicitação “ e não consigo resolver, já fazem 7 dias que não entro pelo aplicativo",1
"uso instagram a anos e nunca deu problema, sai dele ontem e não tô conseguindo entrar, tá falando que deu problema na solicitação. Pode me ajudar?????",3
"Não consigo acessar o aplicativo, aparece um erro “ocorreu um problema com a sua solicitação” já fiz todos os procedimentos já são mais de 5 dias tentando já formatei o aparelho nos padrões de fabrica e nada, no desktop acessa normal, mas no aplicativo não.",1
Não consigo instalar de novo o Instagram no meu Iphone,5
Não consigo mais reportar o ( sua vez ) ‼️,3
"Não consigo logar com nenhuma conta no Instagram. Nem minha pessoal e nem de clientes, visto que tenho uma agência de publicidade.  Única mensagem que aparece é “ocorreu um erro com a sua solicitação”. Isso tem acontecido com outras pessoas também!",5
"minha conta está dando erro ao entrar, e não consigo entrar, fala que deu erro na solicitação, mas que solicitação?????",1
"Já faz um tempo que o direct da erro pra carregar as mensagens, um momento fica somente carregando sem aparecer nada, outrora aparece as mensagens de meses atrás no lugar das mais recentes.",4
"Tento fazer o login da minha conta, e aparece uma mensagem dizendo que ocorreu um problema com a minha solicitação. Eu gostaria de resolver esse problema.",1
"Meu instagram parou de funcionar e eu não consigo logar mais na minha conta, ou em qualquer outra. Ele só funciona agora se eu conectar pelo site, no aplicativo fica aparecendo algo como ""ocorreu um problema com sua solicitação"", já faz uma semana que está assim, pelo amor de deus, instagram, me deixa acessar a minha conta. 😭😭",2
Não consigo fazer live aparece Sua conta não está qualificada para usar este recurso no momento. Tente novamente mais tarde!,1
"o insta da algum bug pelo menos uma vez por mês. 
 Antes os stories do seus seguidores sempre apareciam primeiro, agr tá misturado com os stories de famosos etc arrumem isso!!! 
E pra piorar meu explorar não tem mais as coisas que eu consumo!!! tem um monte de vídeos e posts aleatórios e esquisitos 
ARRUMEM ISSO!!!!",4
"Os stories estão aparecendo em ordem cronológica, e não por ordem de importância, e eu simplesmente ODIEI, tenho que ficar procurando os stories de quem eu quero ver, e não consigo reverter essa situação, que mudou sozinha!",1
Depois que atualizou sempre dar erro no meu celular para logar “ocorreu um erro com sua solicitação” o insta não funciona mais com nenhuma conta no meu iPhone,1
"Péssimo aplicativo, apagou minha conta sem nenhum motivo.",1
Fui bloqueado no App e nem sei o pq sendo q nem comento publicações tento procurar ajuda não carrega nada está cada dia mais difícil trabalhar com esse aplicativo melhorem vcs tem capacidade para isso !,1
"Ao tentar login pelo app aparece “Ocorreu erro na solicitação”, mas pelo site consigo logar normalmente. Essa nova versão tá horrível, cheia de problemas.",1
Voltar a deixar o REEL por inteiro no Storie,5
"Minha conta não está aparecendo para não seguidores, espero o retorno",1
"Tentei entra no meu Instagram hj pelo meu iPhone só que não consegui, pq fica aparecendo a seguinte msg “ocorreu um erro com sua solicitação” não consigo entra de jeito nenhum nesse celular, entra em qlqr outro menos nesse, já desinstalei instalei dnv e nada não entra de jeito nenhum. Horrível melhore isso",1
"De uns tempos pra cá, toda vez que eu tento curtir uma publicação aparece a seguinte mensagem “Tente Novamente Mais Tarde restringimos algumas ações para para proteger nossa comunidade” e tá assim até agora eu não sei o porque de isso estar acontecendo, desenvolvedores do app por favor me ajudem",5
Estou com esse problema na conta de não carregar nada e não entrar na conta mesmo com os dados corretos e a internet funcionando,1
"Não consigo entrar nas minhas contas, pq da erro , por favor preciso de ajuda pq não achei nenhuma opção pra isso",1
Está caindo toda hora o login de vários usuários de iPhone. Por favor.,1
N consigo entrar tá dando erro,1
"Está dando erro, e instala todos os aplicativos, menos o Instagram. Preciso de ajudar do suporte!!",1
"Hoje mesmo fui hackeado por um ser lá da Nigéria. Na hora fui tentar impedir mas ele trocou tudo em menos de 6 minutos, foi muito rápido. Quase perdido e derrotado, fui atrás de suporte. Nem imaginava em tantas opções e fui na luta tentar de tudo trocar senha, tirar ele da conta. Quando tudo parecia perdido ligo no começo eu tinha feito um pedido de suporte usando vídeo e selfie. Então uma hora após isso, BOOM, enviaram mensagem no meu e-mail com link para redefinir tudo, já garanti todo meu acesso novamente e autenticação de dois fatores. Obrigado Instagram 🫶🙏 sou grato",5
O meu instagram está todo bugado não consigo vê marcações de stories dos meus seguidores eos stories esta de descer e não mais de ir para o lados HORRIVE,5
"Horrível a rolagem de story ser igual a do reels, e tá cheio de bugs.",2
Péssimo serviço! Hackearam o instagram do meu marido ontem e estamos tentando recuperar mas não estamos conseguindo nenhum suporte. Um absurdo vocês permitirem que uma conta que era cadastrada desde 2019 seja alterada para outro email em menos de 24horas.,1
"O meu Instagram simplesmente não atualiza feed , não carrega stories, não consigo fazer nada como se a conta tivesse bloqueada e não sei como proceder.",5
"Alguém me ajuda a saber pq não estou conseguindo ver as vizualizações dos story e a forma como passar próximo story tem q jogar pra cima, pois pro lado não está funcionando 🤬",1
"Concertem a opção de (sua vez) toda vez que tento compartilhar mostra que ocorreu um erro já tentei de tudo e não volta ao normal, eu conseguia usar agora não tá funcionando pra mim mais, porém no insta da minha esposa funcionou normalmente quando loguei no meu celular, arruma isso pelo amor de Deus só quero compartilhar uns storys legais carai 😑",2
"Eu quero saber porque que as pessoas que eu menos olho storys estão na frente e o que eu mais vejo estão para trás, que erro é esse.",2
"Necessidade de uma correção, meu insta não atualiza para ver as publicações mais recentes, só fica nas publicações antigas de 1, 2 e 3 dias atrás.",1
Não gostei horrível tentei entrar em varia contas e não dá certo,1
"Vcs precisam URGENTE atualizar esse app pq ele está completamente cheio de bug no iOS 17.3. Tá um absurdo isso. Estou tendo que desinstalar e instalar de novo várias vezes na semana pq quando instala de novo ele fica normal, aí passa um ou dois dias e ele reconhece que tá no iOS 17.3 aí ele volta a bugar tudo de novo.
Os stories ficam passando pra cima e não pro lado como era antes e isso é PÉSSIMOOO!!!! Horrível! Fora o erro que dá com os reels. Alguém compartilha um reels no stories, aí vc clica em ver reels completo e aí buga e ele abre a página inicial. Não consigo ver reels de ngm quando compartilha no stories. Está simplesmente MEDONHO esse instagram.",1
"Poderia ter algo no perfil da pessoa onde mostrasse que a mesma, segue voce",5
"Não consigo usar o “Sua Vez” no storie, já faz semanas e isso irrita muito",1
"Adoro o Instagram, mas achei pessima essa atualização dos stories passando para baixo como se fosse reels, muito melhor antes passando para o lado!! Voltem!!",1
"A versão mais recente apresenta diversas falhas, no stories, nos links, nas republicações… está quase impossível usar a plataforma.",1
"Não estou gostando porque não tem a opção de responder mensagens do direct com áudio, nem foto, apenas com mensagens de texto.",2
"A 5 dias que não consigo ver nenhum storys anterior postado no meu Instagram, sou blogueira e isso está me acabando",2
Erro de recarregar página está aparecendo direto. Já reinstalei duas vezes o aplicativo e não deu certo. Deem um jeito nisso! 😤😠,1
"Está parecendo jogos da ubsoftware, cheio de bugs! No IPhone 13 Pro não está funcionando.",1
Ta chato já o tanto de publicidade,3
"a cada atualização só piora, varios bugs, principalmente nos storys (ios)",1
Meus stories não está carregando,3
"Ao trocar de senha pelo computador , não consigo mais acessar ao app pelo celular! 
Ao receber o código SMS , insiro o porem vai pra uma tela branca e não da em nada. 
Corrijam isso por favor. Pois não acho nada relacionado a esse problema na internet.",1
"O que aconteceu com o modo escuro? Não é mais preto, está um azul escuro horrível! Por favor, voltem com o modo escuro preto!",2
Podia retornar a opção de os links acessados pelo Instagram,4
So o meu que não tem as notas 🙄🙄,3
Depois da atualização não consigo respostar as trends,2
Faz mais de um mês que não tenho como clicar em “sua vez”. Já reportei por diversas vezes o erro e não solucionam !,3
Essa ultima atualização ficou péssima,1
Vcs desativarao minha conta sem nenhum motivo 👎🏼,1
"Invadiram minha conta no dia 14/01/24 e até agora não tive nenhum retorno do suporte do Instagram. Aplicativo não te dá nenhuma segurança, absurdo isso.",1
"O meu insta não teve aquela atualização do history, de repost tela inteira!",5
"Não consigo curtir, nem comentar, td bloqueado e não fiz nada pra acontecer isso.",1
"Eu tive minha conta do Instagram invadida no mês passado! Ficaram aplicando golpes, até hoje tento recuperar minha consta e o Instagram simplesmente não me dá nenhum retorno. Até quando ??",1
"Já faz 1 semana que estou com um erro no meu aplicativo do Instagram !!! Entro na minha conta em qualquer celular menos no meu Ios. Obs: IOS 17.2.1 !!! 

SÓ APARECE A SEGUINTE MENSAGEM Desculpe, houve um problema com o seu pedido. ai me complica, trabalho com meu Instagram… tô pegando prejuízo!!!",1
"voltem com a opção de compras dentro do app
e tbm criem uma maneira de poder fzr pastas dentro do carrinho !!!!!! 🙏🏼🙏🏼🙏🏼🙏🏼",3
"Minhas notificações não aparecem a meses. Já fiz att do app, já fiz att do software do aparelho e nada!!! Meu insta atualiza para a versão recente mas continua na versão antiga. Arrumem isso, pelo amor de Deus!!! Tô com esse problema faz muitos meses!!!",1
"Meu instagram, por mais que eu sempre atualize, nao permite que eu compartilhe story em tela cheia e tambem nao consigo mais participar das trends de fotos, nao permite que eu clique no link da trend para compartilhar! 
Espero que corrijam esse bug, pois meu instagram ja ta assim a tempos!",1
"Minha conta oficial com mais de 100 mil seguidores foi banida permanentemente, pedi recurso e foi negado! Uma injustiça e me acusando de um crime horrivel! 
cabe processo! caso nao devolvam minha conta !",1
"vocês estão removendo todos os seguidores, eu cheguei a 0 seguidores já",1
Não estou conseguindo compartilhar os stors (sua vez) com recordação 😩 nem aparece a opção pra mim,5
"Assistir os vídeos no insta está sendo péssimo, ele fica voltando sozinho e nunca consigo assistir um vídeo inteiro sem uns 3 ou 4 bugs seguidos. E não é de hoje que esse problema persiste. E é somente no app do Instagram.",3
Minha conta está em análise para ser desativada sem motivo algum !,1
"Por favor deixe editar pra forma de pagamento em cartão. Quem coloca uma vez no pix, não consegue nunca mais colocar no cartão.",1
"Minha conta foi desativada do nada , uso o Instagram a 5 anos e minha conta foi suspensa agr , eu não fiz nada para ela ser suspensa e vcs vão e suspendem ela , uma falta de respeito enorme vindo de vcs",1
"Instagram está cada dia pior ,não estou conseguindo mandar mais mensagens porque tem que atualizar e meu celular não está atualizando ,e estão removendo todos meus seguidores !!!!!!!",2
"Quando entro pra assistir os reels, vídeo começa a rodar e do nada volta no começo",1
Não consigo fazer essa trend do “sua vez”! Clico no ícone e já pula automaticamente para o próximo storie!,1
"Ferramenta “sua vez” aparece nos stories de outras pessoas, mas não consigo compartilhar (não acontece nada quando clico) desde q última atualização.",2
"Quando coloco filtro em fotos da galeria, quando posto eles ficam entrando e saindo da foto. Tipo acendendo e apagando.",1
Não tá atualizando,1
O número de seguidores aumentaram e não atualizou o número de seguidores!,5
Depois de atualizar o aplicativo mostra como tivesse numa conexão via navegador e não permite fazer nada dando erro de conexão (só Instagram os demais funcionando normal). Quando clico em abrir aplicativo vai para Apple store e só abrir pela loja o mesmo problema. SOS 🤯,1
"Bugs pertinentes no Iphone11 

São pequenos erros intrusivos e repetitivos que irritam demais o usuário e impede um bom gerenciamento da rede, quase pedindo socorro 🤬😡😡😡

- O recurso edição de camadas não funciona; 
- No recurso música, as faixas disponíveis são todas internacionais e desconhecidas. Não há nenhum artista nacional; 
- O recurso trends não está atualizado.",1
Não consigo mais responder as figurinhas “sua vez”,5
Eu desinstalei e agora não consegui baixar dinovo,1
"Tá de sacanagem, quando pensa que não os storys sai do destaque e fica com um símbolo pra carregar a foto, do mesmo jeito com a música sai tbm fica “indisponível”",3
"Tem atualizações que vocês lançaram a MESES e ate agora nada de chegar na minha conta principal, mas que na 2ª conta ja existe, resolvam!",1
"Já desinstalei e instalei, removi a conta, fiz de tudo(até onde sei) e não me dá a opção de fazer download dos vídeos, ele não atualiza pra nova versão com as novas opções.",1
"Em algumas contas minhas, as atualizacoes chegam e funcionam normal, mas nas outras nunca atualiza, principalmente na que eu mais uso. Isso foi desde sempre e nunca arrumaram.",2
"Não consigo clicar nas correntes sua vez
Clico e pula o story",3
"Eu ocultei meu perfil por um tempo para resolver algumas questões particulares, mas as pessoas ainda conseguem visualizar meu perfil. 
Isso já faz mais de 5 dias e o perfil ainda aparece lá!
Dessa forma as pessoas acham que foram bloqueadas ou que deixei de seguir elas. 
Quando a gente oculta o perfil, não deveria aparecer absolutamente nada, para não correr o risco de perder seguidores. 
Entrei por outro perfil e tem como visualizar e deixar de seguir! 
Isso está errado. 
Se pedi para ocultar é para ocultar de verdade, não só esconder as fotos. 
Revejam isso",1
"Já tem 3 dias que não consigo entrar no Instagram, sei a minha senha e não tá autorizando, por favor resolva o meu problema.
Cada vez mais o Instagram está tendo problema",5
meu insta nao ta entrando resolvem prfv,1
Não consigo clicar em “sua vez” dos stories de amigos…,2
"Não estou conseguindo abrir uma das contas do meu Instagram.. Fui bloqueada. Mandaram esse e-mail. Se foi você, não poderá acessar determinadas configurações da conta e de segurança por alguns dias. Você ainda poderá acessar essas configurações de um dispositivo com o qual já fez login. Quanto tempo vai ficar assim?",1
"Está aparecendo erro na página inicial, desinstalo e instalo novamente meu Instagram e mesmo assim não acessa minha conta.",2
"Achei péssimo o suporte para recuperar minha conta do Instagram invadida. Tentei alterar a senha pelo app e pelo site e não consegui sucesso.
A ausência de contato telefônico ou chat dificultam e demonstraram ineficiência para recuperação da minha conta.",1
Desde que tomou um partido esse App está péssimo. Derrubando contas de pessoas do bem e boicotando alcance de perfis pro governo. Que surja plataformas que façam essa aqui ser banida pelos usuários. Deus Pátria Família. Péssimo esse partidarismo dessa plataforma. #forapt,1
Aplicativo apresentando muita instabilidade,1
"Não consigo fazer collab no story, logo outra conta no meu celular e funciona, mas na minha conta pessoal não consigo.",1
Não consigo usar “sua vez” no story,5
Meu perfil não atualiza. Não tenho função sua vez nem tela cheia de compartilhamento. Por quê?,1
Não sei o que aconteceu que o sua vez não está funcionando,1
Não consigo repostar nenhum Story de sua vez,1
Não consigo compartilhar “sua vez” no meu stories. Já tentei várias vezes. Alguém me ajude.,4
Não consigo participar da corrente sua vez!,5
Meu Instagram não atualiza para as novas funcionalidades. Não consigo bem participar do “sua vez” e enquetes,5
Teria como vcs criarem a opção de curtir as notas?? Acho q seria muito legal!,5
"Eu não tenho a nova atualização que é essa caixinha com “sua vez”, a atualização nova ao enviar uma publicação do feed e compartilhar também não chegou para mim, tenho outras contas que atualizaram mas meu perfil principal ainda não tem!!!! Como resolver? Eu já atualizei aqui e nada",1
"Já atualizei, desinstalei e reinstalei. Não dá para repostar o “Sua vez”.",1
Não consigo usar a ferramenta “sua vez”,1
"O instagram poderia libera a retirada da música do
feed sem ter a necessidade de excluir a foto, por exemplo: postei uma foto semanas atrás, e hoje pretendo tirar a música da foto do feed.
acho que seria muito bom",4
Não tenho acesso as nota,1
"Mesmo eu tendo mais de uma conta no Instagram, não consigo usar várias funcionalidades em minha conta comercial principal como compartilhamento de story em tela cheia e tbm não tenho acesso a nova figurinha “sua vez” ela aparece como algo colado na imagem sem possibilidade de interação. Já fiz tudo possível mas sigo sem solução.",1
Só falta a opção de salvar story com música!,5
"Não consigo utilizar os novos recursos do Instagram, como o sua vez. E olha que meu app está atualizado. Podem me ajudar?",3
Não consigo usar o sua vez reporto todo dia e nunca resolvem,2
"Quando vou postar uma foto no meu feed (não é stories), um efeito automaticamente é inserido.. alguém sabe como resolver?",5
Um absurdo colocar 1 vez por semana pra conta ser desativada. Deveria ser Opcional ou pelo menos 3 vezes na semana,1
"Muito lento,travando-se demais e não carrega as fotos ou postagens 
Tenho um outro instagran que está a mais de quatro meses sem acesso",1
Não consigo acessar meu Instagram 🥹,5
não consigo mais votar em enquetes,2
"Gostaria que tivesse a opção de remover a barra dos reels da minha conta, igual antigamente que não existia reels no Insta. Está tomando muito o meu tempo com coisas fúteis. Eu gostaria de apenas ver os stories e publicações das pessoas que eu sigo e também não receber nenhuma publicação recomendada, como o bom e velho instagram.",1
"Apos a atualização, modo sua vez simplesmente nao faz nada

Corrigindo mudo avaliação",1
"Muita gente vai começar a optar por outros aplicativos, pois a cada atualização o Instagram está ficando pior! 🤢🤮",1
"Toda enquete tento responder e não vai não seleciona nao vai 
Ta bugando",1
"Após sair da minha conta não consigo acessar mais, fica aparecendo erro não foi possível carregar a página",1
Não tenho conseguido votar em enquetes,5
Autenticação de dois fatores não funciona e deixa a tela em branco! 😡,1
"Não consigo entrar no meu Instagram, não consigo ver as mensagens pq o Instagram fecha. Pelo amor de Deus arruma isso aí",5
"Seria legal se colocassem uma notificação, pra ver quem deixou de seguir!",2
Essa nova atualização está drenando  totalmente a bateria do iPhone. Espero que corrijam,1
Não consigo responder enquetes no storys 👎🏾,2
A cada 2 stories um vem daqueles golpes de joguinhos! E não cliquei em nada desses jogos de azar! Já denunciei e não para de aparecer para mim! Vou parar de usar o app pq não dá pra ficar vendo essas enganações! Palhaçada,1
Rapido na entrega das mensagens,5
"Uso o Instagram para estudar e ultimamente as enquetes ,perguntas postadas pelos professores, não podem ser respondidas devido aos bugs do aplicativo.",1
"Depois da nova atualização, não consigo mais votar nas enquetes",1
Horrível não consigo acessar mais a minha conta,1
"ele ja atualizou três vezes e ainda não consigo repostar daquele jeito novo, que parece que o story é seu, bem a atualização que eu queria 🥺🥺",1
"Tá demorando pra chegar atualização em alguns celulares,sumiu a atualização das notas dunada!! E não é atualizado! Simplismente sumiu!!!?? Arruma isso socorro",2
É verdade que vai ter visualização de perfil ?,5
Estou indignada,1
"O app parou de funcionar, só fica carregando e dando erro, não aparece nada.",1
"A qualidade das imagens/vídeos estão péssimos, alterando até a cor…",1
"essa atualização não corrigiu nenhum erro,só piorou",1
"Que atualização é essa meu amor?
Que não pega em iPhone nam😭😭",4
Silênciei os áudios mas eles voltam sozinhos e ainda ficam mexendo no volume sozinho quando o app está aberto.,2
"Não consigo participar da figurinha “sua vez” e nem votar em enquete nenhuma, já atualizei, desinstalei e instalei e novo e nada…. Quero participar das trends da figurinha sua vez 🥴",5
"Péssima qualidade, péssima atualização pra quem usa Iphone",1
"Mudou muito ao longo dos anos e não envelheceu bem. O algoritmo não gera alcance para pequenos criadores/contas. A página inicial é repleta de propagandas e oculta uma parte gigante de publicações de pessoas que sigo. O conteúdo é raso e a interação entre os membros da plataforma é escassa. Tiktok possui um algoritmo melhor, conteúdo mais aprofundado e estabelece ligações com pessoas da mesma área de interesse de qualquer lugar do mundo de forma orgânica. Instagram vem se tornando uma rede cada vez mais defasada que só se mantém de pé porque os usuários do aplicativo ainda não perceberam a defasagem e não ficaram de saco cheio.",2
"Minhas fotos estão ficando brancas no feed, que lixo",3
"O tema escuro está habilitado no meu cell mas no insta fica um escuro meio acizentado e isso é horrível visualmente, nem consigo usar o modo escuro direito de tão feio que é!!",1
"Está aplicando filtro automático nas minhas postagens, arrumem isso pelo amor de Deus!!! 😡😡😡",1
"Não consigo usar o novo sticker ""sua vez"" da plataforma, estão indo de mal a pior 😤",1
"Tenho um Instagram profissional, na qual estou colocando fotos no feeds e as mesmas estão ficando embranqueça, rapidamente tem tira-las.

Não sei porque está acontecendo isso",5
Nessa última versão tá suavizando as fotos tirando a qualidade das fotos modificando quando posta no feed,1
Não consigo entra no insta e nem instalar e nem desinstalar,1
"A figurinha Sua Vez e a opçao de colocar musicas nos stories nao funcionam, Sua Vez n  deixa clicar e as musicas nao carregam",1
Não consigo interagir meu sua vez não funciona,1
Não consigo participar das trends dos storys.,1
Instagram está praticando censura e shadow ban em conteúdos pró-palestina.,5
"Instagram do nada decidiu que não quer funcionar no meu cel, somente no navegador, não consigo logar conta nenhuma no meu cel, mesmo apagando o app e baixando novamente",1
qundo alguem me marca nos storys nao consigo expandir a foto . Afff,1
"Preciso de ajuda faz 1 mês que não consigo instalar o Instagram,e olha que todos os App instala,só esse q n",1
Até ontem conseguia deixar 3 contas logadas sem precisar colocar e-mail e senha. Agora desativou automaticamente as contas e a minha pessoal não consigo entrar. Por gentileza resolvam o problema.,2
"Ele não carrega, eu desinstalei e instalei denovo e ficou pior, ele não tava carregando o feed, agora ta tudo preto 
Só dou 5 estrelas quando arrumarem isso",2
Inaceitável a ação que busca invisibilizar a luta pro-palestina,1
"O Instagram está mostrando ser um site racista  do
Momento em que tem
Parcialidade neste genocidio. Que está acontecendo na palestina  
Apaga publicações  de pro palestino e permite fake News de Israel",1
#stopsilencingpalestine #paredesilenciarapalestina,1
A plataforma está censurando postagens e banindo contas que defendem os direitos do povo palestino. É uma vergonha!!!,1
Meu iphone 11 não está entrando fica numa página preta e uma bolinha tipo carregando mais não entra de forma alguma já desinstalei e instalei reiniciei celular e nada de conseguir já até até atualizei o ios e o problema continua,1
Não consigo postar sobre a Palestina. Por que?,1
ação discriminatória da plataforma contra os palestinos.,1
"#paredesilenciarapalestina 
#palestinalivre",1
"Há tempos não é sobre defesa de território. Um país tem recursos, poder político e armamento de ponta enquanto o outro não tem nem água. É genocídio, sem mais. Instagram sabota quem tenta denunciar a barbárie que está acontecendo.",1
Pare de discriminar os assuntos sobre a Palestina,1
Parem de silenciar o povo palestino!,1
"Um absurdo o que a plataforma está fazendo ao silenciar posts sobre o genocídio em andamento na Palestina!
#PALESTINALIVRE ✊🏼🇵🇸",1
contra a censura do instagram a perfis palestinos!,1
"Este app boicota informações importantes e permite conteúdo de abusos infantil, pornografia, golpes e etc! Uma vergonha uma mídia social ser parcial!",1
Estou sem meu app no celular do Instagram já 1 mês,5
"Tem duas semanas que atualizei o app, mas não consigo acessar a conta. Fica numa tela preta carregando.",1
App discrimina palestinos.,1
"Vou desinstalar o Instagram se não arrumarem isso de restrição pra não seguir as pessoas, e as notas sumindo o tempo todo",1
Está muito ruim pois n consigo colocar música nas notas e isso é horrível,1
Não estou conseguindo acessar o aplicativo intagram no meu iPhone 8 Plus só fica pensando pensando e não vai. O que está acontecendo?,1
"Meu Instagram não coloca música na ferramenta notas, e também não cria listas dos melhores amigos.",1
"olá, meu perfil é @_dominicns e eu não consigo por notas de música em meu insta e nem colocar os storys cheio (só o meu perfil tem esta frescura",2
"Resolver erros de novos seguidores, pois não estou conseguindo seguir e não estão conseguindo me seguir também… favor revisar obrigado",4
Já mandei mensagem e até agora não tive resposta da central de ajuda !,5
"Tô a mais de uma semana sem poder entrar no aplicativo, abro e fica apenas carregando e tem mais de 2 semanas que o aplicativo não aparece uma nova atualização.",1
"Sai da minha conta do instagram, agora tento abrir o app e não consigo. 

Ja fiz todos os procedimento: 
Verifiquei atualização 
Desinstalei e instalei novamente 
Reiniciei o celular

Estou sem acessar a 3 dias",1
Meu celular é um IPhone 14 já está tudo atualizado mas mesmo assim não recebi as novas funções do Instagram. Diferente do meu colega que tem o mesmo aparelho e já recebeu tudo certinho. Por gentileza pode me informar qual é o motivo,1
Muito tóxico,1
não tô podendo aceitar ninguém 🤬,5
Meu insta foi o único que não apareceu notas?,4
Não tô recebendo solicitação quando me mandam,1
Ao invés de música aparece um microfone,1
Horrível o auxílio ao usuário,1
"Meu aplicativo nao abre mais, fica uma tela preta carregando eternamente e nao funciona",1
"Removi o app no meu iPhone e tô tentando voltar e pede pra eu colocar o código ou o código reserva mas os dois que eu coloco aparece que deu erro e o outro que o código expirou. Isso é algum dispositivo de segurança e um dia vão voltar ao normal? 
Eu coloquei meu insta em outro cel e deu certo no notebook tbm deu certo mas preciso muito usar no meu iPhone. Alguém me ajuda?",5
"sorry there was a problem with your request 

Não tá logando vai fazer uma semana, resolvam isso",1
"Apaguei o aplicativo para reparar os bugs e não consigo mais acessar, só carrega e não abre",1
"Coloca a opção de ver quem parou de seguir,plmds Instagram🙏🏾😮‍💨",4
"Eu entro normalmente no Instagram pelo Google, mas pelo próprio aplicativo não está funcionando",1
"Quando eu abro o Instagram , fica numa tela branca carregando ,preciso de ajuda",2
"Não consigo entrar no app fica uma tela branca e só carregando, nenhumas das alternativas me ajudou",1
Alguém pode me explicar pq não consigo colocar as músicas que eu quero nas minhas fotos só aparece umas músicas horríveis e antigas,5
"Desinstalei e instalei o aplicativo no meu iPhone 11 já tem 3 dias, e não funcionou mais !!",1
"Minha conta foi hackeada hoje e já tentei de tudo para recuperar, mas o instagram só me orienta da mesma forma, que não será possível pq o hacker mudou as informações da conta. O que eu posso fazer?",1
O app não está funcionando há dias no meu celular e não consigo reportar.,1
Minha nota não tem o suporte pra música,4
"meu instagram parou de funcionar ontem, e até agora não voltou! quero minha conta de volta",1
"do nada ficou em carregamento, já desinstalei e instalei de novo, ja reiniciei o celular, verifiquei a internet, vou desistir do instagram por conta desses problemas!",1
"Desinstalei o app e reinstalei novamente, porém agora nao abre o aplicativo, fica carregando.",1
"Cada dia pior, ele não abre, fica mandando código pra entrar toda hora e o código é sempre o mesmo inválido e nunca abre, tô usando pelo Safari 
Que por sinal é pior ainda, tô sem utilizar o aplicativo há dias, horrivelmente ruim, sem suporte necessário!",1
"A gente faz inúmeras denúncias sobre perfil que da golpe nas pessoas, e vocês não fazem absolutamente nada, pode mandar print, provas, o que for, e nada acontece, vocês são uma piada, se fosse um famoso denunciando tenho certeza que vocês resolveriam em 1 seg",1
"Não consigo usar o aplicativo, nem usar o suporte",1
"Não para de carregar a tela inicial nem abre pra fazer o login , parou de de funcionar ja tem 4 dias que não pega nada somente o instagram",1
Não estou conseguindo mexer em nada do meu Instagram só tá a mensagem Ocorreu um erro já tá uma semana isso e nada de voltar ao normal,1
"O aplicativo do Instagram foi apagado do meu celular, logo apoia eu baixei ele novamente, no entanto ele não abre, fica uma tela preta carregando e nunca carrega nada, o que faço ?????",5
Eu não consigo ver meus stores no reels aparece tudo branco aff,1
"Bom ! Eu já fiz de tudo que pesquisei , porém o app não abre no ip14 pro max , fica na aba e carregando e não entra ! Eu preciso de um auxílio o eu posso ser feito estou com ambos atualizados o iPhone só app !",1
"Não consigo abrir o aplicativo no meu IPhone 11, não abre para fazer login",5
"É a décima vez que eu atualizo o insta, mas ainda n chegou a opção de colocar música nas notas, quero saber se é só cmg o problema ou tem gente que ainda tá nessa também kk",3
"Estou com erro pra fazer login já 1 semana “sorry there was a problem with your request” e o insta não resolve! Já tentei de tudo 
Preciso de ajuda",1
Tem um monte de pesso que eu conheço e não consegue colocar música na nota e eu também!!,2
O app parou de abrir no iphone 8 plus. Nem abre a tela de login. So fica carregando eternamente e nao abre nada,1
"Não aguento mais ver os  mesmos stores toda hora,os que já vi aparece tudo de novo como se não tivesse visto…",5
"Estou desde ontem 11/11/2023 tentando abrir o Instagram no meu iPhone modelo 13 e o aplicativo fica com a tela toda preta carregando.
Preciso de uma solução urgente.",3
"O item básico de saber quem são as pessoas que não te segue de volta no app não existe, e se você tenta usar um app terceiro, os desenvolvedores te derrubam da plataforma!!! Por favor né! Coisa básica saber quem te segue ou não de volta!",1
"Muito bom!
Uso muito como ferramenta de comunicação.",5
"Cara Instagram é uma coisa boa sabe, mas o suporte realmente deixa a desejar já mandei uns 100 feedbacks falando sobre o problema que estou tendo com as notas no meu perfil que não consigo de jeito nenhum colocar musica mas nunca tenho resposta ou solução do problema",3
"O feed do Instagram está horrível ! Só aparece publicações de páginas que não sigo, não só eu, como milhares de pessoas acharam isso horrível !",5
Já fazem 3 dias que não consigo entrar no meu Instagram… sempre fala que minha solicitação deu erro.,1
"Não aparece todas as pessoas que visualizaram meu story.
Tem story meu que não aparece para algumas pessoas.",3
O botão do reels não aparece no meu perfil pessoal… não consigo ver os reels rolando o feed..,5
"Meu Instagram foi hackeado e não tem uma central para poder entrar em contato, não tem um e-mail, nada que possa ajudar, já tentei recuperar das formas que é descrito nas orientações e nada só bugs, tentei pela selfie, pedem senhas do ano passado, só dá erro é que a senha foi corrompida, já denunciei, já pedi para mais de uma pessoa denunciar, já preenchi relatório sobre direitos autorias, já fiz boletim de ocorrência e nada até agora. Continuam usando a MINHA conta, com as MINHAS fotos para aplicarem golpes. Como resolver essa situação ? Só entrando com advogado, processo ? Precisam dar mais atenção para esses casos, isso é fraude, estelionatário. Eu quero uma solução",1
"O desempenho está horrendo. Os reels travam por tudo. O vídeo dos reels fica todo lento e travado com áudio normal tocando enquanto vídeo tá parada ou às vezes acontece do áudio travar também. Já tentei de tudo pra arrumar, até mesmo mandar feedback explicando por detalhes o problema, e nada adiantou. Decepcionado com essa experiência que diz que melhora cada vez mais, mas só vem piorando há meses!!",1
"Nova rolagem de storie sem sentido nenhum, clique para esquerda desce o storie, para sair clique a esquerda?
Stories estao se repetindo, mesmo ja vistos.",1
Qualidade dos story tá muito ruimmmmmmm,5
"Não bastasse o incentivo de consumo, venda de dados e glamorização de vidas de mentira e irreais, ainda suportam comentários ofensivos e não te dão apoio em situações de discriminação, preferem boicotar mesmo. Aplicativo podre e nada saudável.",1
Macha nos progresso,5
"A distância entre geral e principal sumiu, mas gostei. E ainda por cima, o áudio de um vídeo está se sobrepondo a outro no app.",3
"Gente, o que tá acontecendo? Já faz mais de uma semana que o Instagram tira a qualidade de vídeo e foto, já fiz todas atualizações e configurações necessárias para a correção.",1
"É ótimo, mas se precisar de suporte, pode esquecer ! Tô mais de duas semanas tentando entrar em contato, pois meu insta foi hackeado, e nada! Péssimo! Não é pensado para as pessoas, pois quando tu realmente precisa de alguma ajuda, ninguém se manifesta! Desculpa! Mas é horrível!",4
Tem que melhorar muito,2
"Tenho notado recentemente que os vídeos no meu iPhone com o iOS 17 estão enfrentando um problema de sincronia entre o áudio e o vídeo. O áudio está adiantado em relação ao vídeo, o que torna a experiência de visualização bastante frustrante. Espero que a próxima atualização do sistema corrija esse problema, pois torna impossível desfrutar de vídeos no meu dispositivo. #iOS17 #ProblemasDeSincronia #PrecisaDeCorreção",3
Os vídeos estão subindo para os storys com uma péssima qualidade nos últimos dias,1
Arrumem isso por favor,3
"-Últimamente os efeitos da câmera do Instagram então TODOS borrados e de uma qualidade na qual é inacreditável de tirar uma foto.
-Fiquei SEMANAS sem áudio dos storys,reels,gravação de voz do direct,enfim qualquer meio que emita SOM no Instagram.
-O zoom sem motivos ao gravar algum vídeo na câmera dos storys também.

Em respeito a minha experiência, peço que corrijam esses bugs por se tornar algo indesejável em tantos anos nessa plataforma tão grande que são,quero e busco sempre o melhor nessa rede.",2
Deveriam incluir um botão de pausa sem ficar com o dedo na tela pra conseguir ler um story por exemplo.,1
"O SMS de confirmação pra eu entrar na conta NÃO CHEGA, há mais de um dia!",1
"Acho que meu Instagram é o único que não atualiza, deve haver algum problema, várias atualizações e eu não as recebi em minha conta, notas não consigo colocar música, agora tem opção de gravar um vídeo etc minha conta não dá pra fazer nada disso e minha conta é igual a de vários outros usuários, uso iPhone e conheço gente com o mesmo aparelho e conta e tem as atualizações novas e eu não 🤦🏼‍♀️",1
"Eu tenho um IPhone 7 e o Instagram esta fechando sozinho, o que eu posso fazer? Já desinstalei e reinstalei, já reiniciei o celular, o que mais eu posso fazer?",4
"Eu não consigo colocar nenhuma música no NOTAS , porque ele não me dá está opção, a única opção no notas é para que eu escreva alguma coisa. Já instalei e desinstalei, já alterei o tipo de conta , já aguardei uns minutos e nada.",1
Não estou conseguindo usa o Instagram depois da atualização do software 15.8 no iPhone 7 . O Instagram fica saindo sozinho toda vez que entro..,3
Às atualizações de stories compartilhados não chegaram pra mim e agora o app vive bugando,1
Tô até hj esperando a função das músicas nas notas,3
"O aplicativo está apresentando um “lag”, no qual os videos com audio ficam atrasados em relacao ao som (ficam em camera lenta, e o audio normal). Ja atualizei meu celular, instagram, desinstalei e instalei novamente e nada resolve. Poderiam corrigir isso?",1
Depois da nova atualização meu iPhone 7 não está conseguindo mais abrir o App.,5
"O meu ainda não atualizou, pq não aparece como colocar música em notas",3
"O Instagram está aquecendo demais o iPhone, chega a incomodar as vezes de tão quente que fica o aparelho, espero que corrijam isso, caso não desinstalarei o app.",1
Meu insta não está atualizando não consigo colocar nas notas músicas,3
"Por favor! Me ajudem, mandei email com selfie p onde tudo se q sou eu dona do perfil, hacker sem meu Instagram e mudaram email e telefone. Por favor me respondam",5
"Não consigo entrar no Instagram, quando entra sai sozinho tá bugado ajeita issooooo",2
"Instagram fechando sozinho, n da pra criar conta . Ta péssimo ! 
@afernandasnts",4
Meu Instagram está bugando🤡🤡🤡🤡,1
"Meu instagram, mesmo na última atualização (fiz hoje) ainda não tem a opção de colocar música nas notas! Como fixar isso?",1
"Podiam avisar quem para de te seguir, né",4
Muitos travamentos na versão atual do ios,1
"Não consigo colocar música nas notas, tô triste",2
"Fui hackeada, estão usando minha imagem, estou sendo extorquida e não estou tendo suporte algum ! De mãos atadas enquanto estão me expondo!",1
"Meu insta naipe abre, aparece q houve falha no sistema, jaja está assim vai fazer 1 mês",1
"Estou a dias tentando recuperar minha conta através da selfie de vídeo (que é a solução para recuperar a conta) e a mensagem sempre que o vídeo não pode ser carregado no Instagram.

E não temos nenhum canal de contato para que possa ser tratado este problema.",1
adoraria poder conseguir colocar as músicas na nota,4
O que está acontecendo com os efeitos do Instagram? Tá mudando o quando tira as fotos. Tá bem bugado,3
"Bom meu Instagram ainda não liberou a plataforma de música nas notas, e isso está me deixando muito frustrada por favor arrumem isso urgente!! @bellaxxz._",1
Reels sumiu e simplesmente não volta. Não importa o q faça.,1
"E o suporte não me ajuda em nada. A autenticação em dois fatores está em um dispositivo chinês e o e-mail foi alterado sem minha permissão. Játentei relatar isso várias vezes para o Instagram em vários canais, mas nunca obtive resposta.",1
"Tenho o IPhone 15 Pro Max americano. Tenho notado, desde quando adquiri o aparelho, que ao abrir um vídeo no Instagram, o mesmo fica sem som. Sempre tenho que fechar o aplicativo para o som voltar. A princípio isso só tem acontecido no Instagram, mesmo após atualizações. Até gostaria de saber se tem mais alguém passando pelo mesmo problema.",5
O meu ainda não atualizou pra colocar música nas notas 👀,3
"um lixo essa nova atualização, estou sem acesso ao meu Instagram depois que eu atualizei, vou abrir o app e aparece “ocorreu um erro”.
Não consigo solucionar de forma nenhuma, a única coisa que sei pelos vídeos do YouTube é que a atualização recente está comprometendo o acesso. Que ódio!!!",1
"Não tenho acesso a todas as funções do notas, não aparece a opção de colocar música pra mim",2
Com a nova atualização o som sumiu,4
"Já atualizei várias vezes, e ainda não tenho a função de colocar musica nas notas!, resolvam isso por favor",2
"Qualquer tipo de postagem no feed, stories, reels não está saindo som!!! Arrumem isso pfvr!!!",1
"Eu tenho duas contas , a nova atualização sobre a notas do insta aonde vc pode por músicas e sua localização. Só que como eu tenho duas contas apareceu essa atualização só em uma das contas teria como ver isso !",4
arrumem o fato de alguns storys antigos não carregarem mais,4
"Não sei pq esse Instagram agora só vive dando pt, fica diariamente caindo seguidor sozinho não atualiza os feeds , não mostra quem te marcou so com 2 dias depois ,e só vive atualizando pra pior",2
"Após essa última atualização do iOS (17) o Instagram está sem som, só volta a funcionar quando reinicio o telefone. Volume alto, modo silencioso desativado, mas ainda sem som",2
"Os filtros não estão carregando e não consigo salvar filtros  novos. Não consigo relatar o erro do App porque dá outro erro, também não consigo fazer o relato pelo pc.",1
"Este app já foi melhor, agora nem atualizando está mais. Enquanto todos tem a música na bio e as notas eu não tenho nada já tentei de tudo para arrumar e não dá em nada, já desinstalei o app, já desativei minha conta e nada. Sinceramente esse app não está bom se vcs não sabem fazer atualizações para contas antigas, é melhor nem fazer.",1
Sem som nos videos e stories,1
"Na nova atualização não dá para ouvir nada no Instagram,está sem som.",1
Depois que atualizei ta com bug tiro ft com filtro e as fts ficam tudo amareladas que ódio 😡,2
"Meu Instagram ficou sem som consertem por favor iPhone 13, todos os outros apps e músicas tá normal",1
"Cara, nenhum vídeo está com áudio. Nenhum.",2
"Quando estou utilizando o App, está superaquecendo o celular, chegando até travar. Previsão quando vão resolver ?",2
Essa M3rd4 sem som de novo.,1
Não posso por musica no meu pvd e no pvd da minha amiga da já atualizei varias vezes mais nn vai precisa arrumar isso pela mor de deus.,5
Meu Instagram não tem a opção reels para assistir o que publicam.,1
Não tenho várias funções que já estão liberadas para outros usuários.,1
Não consigo tirar foto da erro,1
Amo o Instagram mas o meu não atualiza até hoje não recebi a função de música na nota,3
Fui hackeada e não consigo resolver pq os caras trocaram meu e-mail e senha no passo a passo impossível dar certo quando chega verificação via Self da erro,1
"Minha conta do instagram foi invadida, estão tentando aplicar investimentos, quem invadiu alterou todos os dados e a forma que tenho de recuperar pela vídeo selfie, simplesmente não funciona, não envia! Ninguém responde ao email, lamentável.",2
"Eu tinha o recurso da correndo “sua vez” e do nada, simplesmente SUMIU",1
O meu já atualizou diversas vezes e não consigo colocar música,1
"Fazem vários dias que meu perfil não tem músicas nem áudios disponíveis do adesivo de músicas da própria plataforma. Não consigo ouvir áudios de posts de outros perfis. Todas as vezes que procuro músicas elas não surgem. Até mesmo os meus posts passados não possuem mais os áudios que eu editei quando foram publicados como exemplo esse da foto, por gentileza resolvam logo isso 😢 já faz mais de 1 semana assim🤦🏻‍♂️",1
As músicas dos cantores ñ aparece quando vou caçar para postar foto com música é as notas sumiu 🤦🏻‍♂️🤦🏻‍♂️,4
Não consigo escuta uma música da própria plataforma. Não consigo posta uma foto com uma música que eu gosto da própria plataforma. Eu já estou a uma semana com esse problema. Gostaria muito de que eu posso volta a posta uma foto com uma música que eu gosto,1
"Há cerca de um mês venho tendo problemas na minha conta no acesso da minha página de posts Salvos. Já desinstalei o app, já fiz todas as atualizações possíveis, já fui atrás de soluções e não encontro nada. Já vi que vou ter que passar todos esses posts para o meu Pinterest, que nunca apresenta esse tipo de problema, uma vez que o Instagram se recusa a funcionar direito.",1
Não consigo pesquisar músicas no Instagram,2
"Estou muito triste, queria muito a função de colocar música em publicação no feed com várias fotos. Mas não liberam essa função para minha conta do Instagram. 🥺",2
Tá horrível todo mundo consegue colocar música no destaque já atualizei mil vezes e pra mim não aparece que loucura,1
as músicas do story sumiram ja tirei da conta profissional para pessoal porém as músicas mais famosas nao aparecem,1
Minhas músicas sumiram dos stories,1
Meu Instagram está músicas mas qual eu nem conheço e as que eu conheço n aparece! Quero meu Instagram de volta cm as minhas músicas!!!!!!,1
"Não consigo por as músicas que eu quero no meu story!!!
só musicas sem direitos autorais
E está dias assim
está um lixo usar o instagram!!",1
"Não estou conseguindo colocar músicas no app , nem no reels como vcs podem me ajudar?",5
"TIRARAM AS MÚSICAS CONHECIDAS E DEIXARAM APENAS AS RONDOM, PALHAÇADA",1
"Não estou conseguindo por minhas músicas em fotos, só aparece umas horríveis e quando eu pesquiso as minhas músicas que eu gosto não aparece lá, estou odiando isso, se possível resolvam isso pq não é só no meu que está assim não",1
"Todas as músicas que salvei sumiram, e se tento procura por algum artista, consta que não existe. Não estou entendendo",2
"Infelizmente depois da atualização do aplicativo eu não consigo colocar mais nenhuma música no stories , ou vê de publicação .",1
"Só consigo acessar pela internet , meu aplicativo não deixa eu entrar em nenhuma conta!",3
"Minha nota do Instagram, não tem como eu colocar música, como as outras contas",3
Não consigo colocar músicas Brasileiras nos stories,1
"De uma hora para outra minhas músicas mudaram o “algoritmo “
Não aparece mais as músicas normal, e meu perfil não é empresarial nem nada, é pessoal.
As músicas famosas não aparecem nem quando pesquiso. 
Isso atrapalha minha experiência com o app.",3
Mas muita propaganda,4
"meus storys não está tendo a opção de colocar as músicas que eu quero, o que aconteceu?? só tem músicas nada a vê, CORRIJAM ISSO o app foi atualizado a 2 dias atrás e continua a mesma coisa!!!",3
"Eu quero minhas músicas de volta!!! Sumiram do stories a mais de um mês, relato problema e ninguém responde.",3
"Pessima atualização !!! Minha conta estava funcionando normal, depois da atualização não consigo mais pesquisar músicas, aparece músicas sem sentido que nunca ouvi antes. Por favor arrumem isso!! Quero minha playlist de volta 😢",1
Ja tem mais de 2 semanas que n tenhos musicas e nunca resolveram.,1
"Por favorzinho, vocês poderiam criar a possibilidade de tirar as músicas das fotos postadas no feed. As vezes, a gente coloca na emoção e depois se arrepende. Daí não tem como só excluir a música. Criem uma nova atualização assim gente",4
"Qualquer story que vejo das pessoas fica falando que a música está temporariamente indisponível, eu não consigo selecionar nenhuma música para colocar no story .Arrumem isso no IOS",1
"Instagram tem sido cada dia pior 
A entrega tem ficado pessima 
E tds as suas funcionalidades Ruins!",1
Abri já diversos chamados e até agora nada. Não consigo postar uma foto/tbt com música popular (brasileira ou americana) para impulsionar o meu negócio. Tenho disponível apenas músicas que nunca ouvi na vida.,1
Minhas notas não aparecem pra mim colocar as músicas !! 😮‍💨,3
"por favor, arrumem logo isso! tem 1 semana que eu não consigo postar foto com música nos stories e nas notas. além de não conseguir ver se alguém postou música no notas",1
"Meu Instagram não está aparecendo músicas pra colocar no status…
🤡🤡🤡",5
"Eu tenho 2 perfil no insta, no meu principal não consigo colocar mais determinadas músicas nos story e nem nas notas, já no perfil secundário eu consigo, e isso aconteceu recentemente e está até agora",3
Meu Instagram só fica dano erro de carregamento,1
não tem como eu colocar músicas na nota por qual motivo??,1
"Minhas músicas sumiram, apareceram umas músicas que eu nunca nem vi",3
Não tenho mais acesso as músicas que quero. Aparece como indisponível 🤦🏻‍♀️,5
"Odiei essa nova atualização, tô sem nenhuma música nacional, todas as bandas famosas que eu pesquiso não acho, só umas músicas que ninguém nunca ouviu na vida, as músicas do reels nenhuma salva, não consigo nem se quer adicionar música na foto do feed. PESSIMA ATUALIZAÇÃO!!!! Já cansei de mandar mensagem, pedir ajuda, relatar problema e nada!!!!",1
não tô conseguindo colocar músicas que eu quero nos storys. somente músicas sem direitos autorais,3
"Ta horrivel mano, faz 1 semana que meu insta ta bugado , não consigo colocar musica e quando eu vou olhar o story do pessoal com música ai mostrar que a musica estar indisponível , corrijam isso urgente 👍🏾",3
Está horrível depois da última atualização… as músicas sumiram e só aparecem músicas desconhecidas pra postar nos stories e as buscas não encontram nenhuma música … já abri dois pedidos de suporte e ninguém resolve NADA!,1
Simplesmente não consigo por música 🙄🙄🙄,1
Não estou conseguindo ouvir as músicas que são adicionadas no story!!,5
"Tiraram as músicas dos Storys já tentei recuperar de todas as formas mas não consigo usar as músicas, enquanto todos meus amigos estão usando normalmente e só eu não consigo.
Cheguei ao ponto de desinstalar e instalar de novo e nada.",1
"todas as músicas sumiram, horrível",1
"As minhas músicas sumiram,só aparece músicas estranhas",1
"pq no meu insta, só está aparecendo as músicas internacionais???",3
NÃO CONSIGO ACESSAR MINHA MEUS SALVOS!!! Já faz tempo que tenho acessar e fica dando erro de stream!!,1
Meu Instagram está dando erro ao entrar na conta,1
"Não consigo pesquisar mais nenhuma música brasileira, que vcs consertem isso por favor",1
"Tem bug de aúdio indisponível nas fotos, e só aparece música estranha na hora de postar uma publicação, já tentei de tudo, e nada arruma isso!",1
"Não consigo pôr musica nos stories, aparece apenas músicas que eu não conheço.",5
"Péssimo, não consigo mais adicionar músicas ou ouvir músicas em outros perfis. Aparece o aviso “Está música está temporariamente indisponível”. Já reinstalei o aplicativo e nada. Por favor, arrumem isso, pois não é normal eu ser o único com esse problema.",1
"Gente que está ocorrendo que as músicas salvas por mim não aparecem, postar instories com
Músicas não consigo mais tb, pesquisa não funciona. Daí posts de pessoas q sigo só tem
O símbolo 🎵e nada acontece. Vão resolver isso mais não ?",5
Nao aparece mais nenhuma musica salva ou de cantores conhecidos.,1
"Toda vez que tiro uma foto com filtro, a imagem muda completamente 
Eu me vejo de um jeito com o filtro, quando eu tiro a foto a qualidade, cor muda 
Não fica nada haver com o filtro q eu coloquei",1
"Meus histories não quer aplicar mais nenhum filho depois da ultima atualização.
E não consigo adicionar música nenhuma também na aba Músicas após clicar.",2
Não aparece a opção de colocar música nos story,1
"Do nada minha conta ficou bugada e não consigo mais adicionar música nenhuma nos stories e sempre que alguém posta um story com música, aparece pra mim “música indisponível” já tem mais de 1 semana que está assim e outras contas estão normais. Já desinstalei, instalei de novo, atualizei o app e o ios e nada de voltar ao normal, péssimo isso!!!",1
Eu não estou conseguindo escolher as músicas que gosto nos storys e preciso URGENTE que volte ao normal. Pois eu trabalho com isso,1
"Meu Instagram está com os efeitos horríveis e sem qualidade, nossa pessimo",1
"Sempre que adiciono um efeito a foto perde toda a qualidade, está simplesmente horrível",1
"Bom dia, faz dias q meu instagram aparece com erro nas músicas dos stories e gostaria de saber o q está acontecendo e como resolver. O erro é “música temporariamente indisponível”",4
"Boa tarde, não estou conseguindo postar a foto com música nos stories.",1
"Gente, meu Deus,  cadê as músicas? Sempre com a mensagem “Essa música está indisponível” - até quando? Já faz dias e dias e nenhuma atualização para arrumarem, poxa..",1
"Não está entrando nenhuma música escolhido nas fotos , só tem umas músicas desconhecidas pra usar 😑😑😑 arrumem isso por favor 😥",3
Não consigo acessar as músicas que eu quero colocar nos meus storys por favor melhorem,1
As musicas sumiram pra mim,1
"Tá horrível depois dessa ultima atualização eu não consigo mais encontrar músicas específicas pra por no story,resolvam isso por favor,sem falar em outros bugs que está tendo…",1
"Estou há mais de duas semanas visualizando stories com a seguinte mensagem: “Esta música está temporariamente indisponível”.
Sendo que através de outras contas eu consigo ouvir a mesma música perfeitamente. Inclusive músicas que acabei de postar no meu stories ficaram indisponíveis em questão de minutos após eu postar o stories.
 Reporto o problema mas não tenho nenhum retorno.",1
Depois da última atualização não dá pra colocar música nos storys sempre dá erro,1
A função “sua vez” sumiu do meu celular 😔,5
"Primeiro apareceu as notas, tudo certo. Depois apareceu a opção de música para os outros e pra mim nada. Aí fiz uma conta secundária e apareceu na conta secundária e na minha principal não. Desinstalei o app e quando voltou nem notas toma mais, aí apareceram as notas do mesmo jeito, minha conta sem o ícone de música!
Suporte no Instagram parece que não existe porque mando o erro e continua a palhaçada! 😡😤",1
Não aparece a opção de adicionar músicas nas notas🤦🏾,5
"Desde a última atualização para ios, os videos não reproduz corretamente, ficam parando e reiniciando.",2
"Nenhuma música está tocando nos stories 
Fala que está indisponível",3
"as novas atualizações não chegam pra mim, o instagram decepciona a cada dia mais 🤦🏻‍♀️",1
"Nunca reclamei do insta, é uma das melhores coisas e já conheci, mas ultimamente ele está um lixo! Ele não está aparecendo as músicas na qual eu desejo, seja para deixar uma nova nota, no feed, no reels e nos storys! Sempre oscilando a qualidade ó App conforme os dias, alguns dias funciona, e outros não. Não consigo pesquisar nenhuma música! Decepcionada com a qualidade do Instagram nessas últimas semanas e meses.",1
"Eu só queria que o Instagram atualizasse 
a música pra colocar na minha nota 😭e ainda passou 14 dias e o Instagram não deixou eu mudar o nome! Instagram chato",1
"Não estão ajeitando todos os erros, minhas notas continuam não aparecendo!",2
"Há uns 3 dias turbinei um post, fiz o pagamento pelo Pix e até agora meu post não foi turbinado, mas o meu dinheiro saiu da minha conta, já relatei o problema 3 vezes mandei o post que era pra ser turbinado, mandei o comprovante do Pix e até agora nada, como resolver esse problema, vou ficar no prejuízo?? É isso??",1
"Ainda não consigo postar música nas notas. Não aparece essa opção no meu instagram pessoal, sendo que em todas outras contas logadas no meu celular já tem essa função.",3
tiraram as músicas do meu instagram,1
"Meu Instagram já está há mais de uma semana com um bug horrível , todas as músicas estão indisponíveis 🤡",2
Não está dando pra colocar nenhuma música então por favor arrumem isso,1
"Não consigo fazer nenhum storie e nenhuma publicação com música, pois nenhuma está disponível. Sumiram todas",5
"Tu Tá achando o que Instagram ? Pode tratar de voltar as músicas nos meus storys, nos  storys dos outros eu até entendo! Agora no meu, não. Tá afim  de uma terceira guerra mundial é ? Trate de agilizar isso urgentemente.",1
"toda hora as músicas ficam indisponíveis ou os storys no destaque some e fica tipo carregando na tela preta, toda hora buga tudo",3
Não consigo adicionar música aos stories e nem relatar esse erro pois sempre diz que não foi possível. Por favor corrijam isso!!,2
Quando vou procurar uma música so aparece em inglês e mesmo colocando o nome do canto diz que não tem,3
"Já tentei de todas as maneiras acesso ao suporte e não tenho retorno, não consigo mais adicionar música brasileira nos stories, somente americana! Sendo que de uma hora pra outra meu insta ficou assim, já tentei atualizar desinstalei e instalei novamente e nada 🤦🏽‍♀️🤦🏽‍♀️🤦🏽‍♀️🤦🏽‍♀️",1
"Não consigo colocar as músicas populares nos stories !!
Minha conta não é comercial ! 
Péssima atualização",5
"Não consigo acessar uma música que gosto, mesmo tendo o meu Instagram como pessoal",1
"Os storie  com música não estão funcionando, aparece que a música está indisponível. E nem adicionar músicas aos meus storie consigo, aparece só alguns artistas nada haver com o desejado",1
"Poxa, instagram.
Hoje fui entrar na minha conta normalmente e as notas simplesmente sumiram na minha conta principal, ajeitem isso logo por favor.",2
"Olá, não consigo procurar músicas nos meu Instagram oq pode ser?",2
Arumã logo as músicas que tá chato já,2
"Não consigo abrir os efeitos e nem colocar música nos stories, arrume essa configuração porque tá péssima!!!!",1
Está aparecendo “música temporariamente indisponível” nos storys.,3
Ele está com defeito de sumir as música para vc postar um story ou salvar música de outros story tá um lixo,1
Não consigo mas bota nenhuma música que eu queira cara isso agora tá horrível não consigo bota nenhuma que eu gostei e as que eu tinha salvas o Instagram removeu todas cara odiei ja tou afim de desativar,2
"Só tem música nada haver , as descentes sumiram tudo 😭",1
Pq o insta Ta dando música indisponível direto aff mano poxa,1
"Não dá pra escutar as músicas q colocam nos storys, aparece “está música está temporariamente indisponível” com TODAS músicas, arrumem isso pelo amor de Deus",3
"Ao tentar editar um story antes de postar não adiciona música e não carrega nem um efeito 
Já tiveram duas atualizações e nada resolvido.",2
"Quero, muito chato isso instagram, so ta dando pra coloca as músicas q ja estao na lista 
Muito insatisfeita com isso viu",2
Só eu que não consegue colocar música no notas?,1
"As músicas dos stories diz que está temporariamente indisponível toda hora , faz dias tá dando bug! Se tu publicar um pouco mais já mando recado dizendo limitamos sua frequência, pensando que spam , fica fechando do nada ! Olha era uma rede social muito top, mas eu só uso ainda pq infelizmente a maioria ainda tá nele eu trabalho com ele, mas tá horrível! Espero que vcs de um jeito pq geral das pessoas estão reclamando!",3
Quero voltar a poder escolher as minhas músicas para colocar no story!!!,3
N aparece o ngc da música pra mim,2
"O meu não aparece as notas e as músicas nas fotos do feed aparecem não disponível 
Trabalhem pra melhorar isso pfv",2
Toda hora fica aparecendo as mesmas menções que eu já vi e notificação de curtidas!! Isso me agonia oq eu acho que é algo novo!,5
"Não consigo ouvir música que o pessoal coloca nas foto no feed, e quando vou postar tem umas músicas aparecem falando que nao esta disponível pra mim.",1
"Não aparece o ícone do reels no meu Instagram, nem aparece vídeos na parte de pesquisas",2
Minha conta não tem a opção de ver reels e eu já tentei de tudo e nada muda,4
"O aplicativo está horrível, as músicas sumiram agora só aparece umas músicas internacionais horríveis 🤦🏻‍♀️🤦🏻‍♀️",1
"pelo amor de Deus resolvam isso da música, toda vez isso, não consigo colocar na minha outra conta, e eu uso principalmente a que não consigo colocar, sério que descrença de vcs",1
Olha me desculpa eu tenho três contas e em duas consigo colocar musica nas notas mas na principal não consigo?,4
"a recém atualização chegou no insta, a de por música nas notas. até aí tudo bem, vejo todos conseguindo de boa até que apenas para meu perfil principal não aparece, enquanto para meu secundário aparece sem problema algum. sinceramente é frustrante esse tipo de situação, e pode piorar, relato ao instagram no próprio aplicativo e nunca obtenho resposta alguma.",1
Até hoje espero as notas chegarem no meu instagram,4
"Deveria de mudar muita coisa, principalmente a opção de postar fotos completas sem ter que recortar, agora a gente só poder compartilhas alguns stories de outras pessoas no nosso perfil e outros não",3
Queria saber pq sumiu meus itens arquivados 😢😢,3
Não consigo inserir música em notas.,2
"Esse aplicativo é igual impressora, tem vontade própria. Um dia não permite adicionarmos pessoas, no outro já libera normalmente e no outro já bloqueia o sujeito novamente do nada. E pior são os inúmeros perfis fakes que existem, spam aos montes e que não tomam medidas eficazes de combate. Nota 0.",1
Meus stts arquivados sumiu! Alguem sabe me dizer o pq?,2
"ESTOU EM DESESPERO POIS ESSA CONTA É MEU TRABALHO E ESTOU SEM TRABALHAR!!!! ink.vizion_pty é minha conta de trabalho não tenho fotos minha para usar a verificação por selfie, e não tenho mais o número antigo para confirmar pois me mudei de país e esse contato não funciona mais aqui, preciso urgentemente dessa conta pelo amor de Deus Instagram me dá um retorno eu estou sem trabalhar me ajude!!! Tenho o usuário tenho a senha também tenho a mesma conta vinculada no Facebook se necessário envio todos meus documentos até pago para que isso seja solucionado, por favor resolvam meu problema eu imploro!!! Estou com ansiedade e depressivo pois não tenho como trabalhar!!!!! Minha casa depende de mim!!!!",1
"Na minha conta até hj não apareceu a opção de colocar música nas notas, msm após ter atualizado o aplicativo.",1
"Depois da última atualização, meu iPhone está esquentando e baixando a bateria muito rápido, só quando estou no Instagram. Ressaltando que meu celular tem apenas 3 meses de uso, e bateria com a saúde 100%.",1
"N estou mas suportando eu ficar perdendo e ganhando seguidor do nada,sem nem ter ganhado nenhum,de 790 vai pra 810 do nada,e fica voltando e repetindo,n aguento mais isso arruma isso Instagram",2
"NÃO CONSIGO ASSISTIR A NENHUM REELS OU VÍDEO FICA TRAVANDO. E toda hora aparece “Não possível atualizar o feed”, “Não foi possível carregar a atividade”, só fico vendo publicações que eu já vi e já curti até. Já fiz milhares de atualizações do app e todos esse problemas ainda continuam.",1
Já atualizei várias vezes nunca aparece a opção das músicas,1
"Está dando muito bug nos áudios dos vídeos, e etc…",5
Tem pessoas me seguindo todo dia e o número do meus seguidores n aumenta 🤦🏻‍♀️🤦🏻‍♀️🤦🏻‍♀️,4
"Continuem deixando a gente apagar as msg, as vezes a gente se arrepende ou fica com medo do q mandou",5
"O “ sua vez “ não funciona tem meses , mesmo trocando de celular o problema é o mesmo . Além disso , nessa nova atualização eu não consigo colocar a música no “ notas “ , o que se difere dos meus amigos , colegas e aos demais . Resolvam logo 🙏🏽, só mudar de dispositivo não acabou com o problema .",5
n estou conseguindo colocar música nas notas,3
Nunca chega atualização pra mim!,1
"Meu Instagram não quer atualizar por nada, o de todo mundo atualiza so o meu q nao.",1
"Notas não estão aparecendo música, para alguns resolvam isso.",1
"É um absurdo que até o TikTok funcione no iPad e o Instagram, não.",5
"Meu Instagram conta atualizado e não está me dando a opção de compartilhar música nas notas, qual o problema comigo?",1
a função de reels não aparece no meu feed há meses,1
"Não tô conseguindo mais mencionar meu namorado na bio , tem meses já , e nada de melhorar .",1
"Precisam melhorar o layout de fotos e vídeos... quando clicamos em uma postagem de video abre a tela maior , porem ja tem um monte de legenda do Instagram atrapalhando a visão, e se o video também tiver legenda embaixo , fica ruim de ler , é muita poluição visual e sobreposta...deveriam deixar coisas escritas so na descrição da postagem... e a possibilidade de editar comentários, a digitação sai errada e nem da pra corrigir nem editar , tem que abrir outro comentário. Outra coisa que incomoda na caixa de comentários, quando abro para comentar , termino de digitar, mas a caixa nao sai automaticamente depois de enviar o comentário, tem que deslizar pra baixo e com isso sobe tudo de novo para os comentários acima. Depois de enviar o comentário, fechem a caixa sem ter que deslizar.",1
"a qualidade quando posto fotos e vídeos estão horríveis, espero que corrijam esse erro, tiro as fotos e ficam impecáveis e na hora de postar perde total a qualidade, ainda mais quando coloco músicas.",2
Não gostei o meu não tem como mudar tema na conversa 😪,5
Ruim meu reels some,2
"Meu insta não tem as notas nem posso colocar música na bio entre outras coisas, não tá atualizando",3
"O que faço para o meu aparecer as notas ??? 
Já atualizei e nada",1
"Bem que poderiam adicionar 20 segundos de música para o story, para quando for postar algum story com música sabe, poderiam colocar mais tempo de música no story, pois 15 segundos é pouco e também as vezes você não consegue colocar a parte da música completa que você quer, enfim é só isso que vocês equipe do instagram poderiam mudar.",3
"Precisam rever a política de anúncios, nos últimos dias uma inundação de falso anúncios de ganhos em dinheiro com jogos e apostas. Denúnciei quase uma centena e cada vez aparece mais.",1
Poderiam por temporizador para fazer fotos no modo selfie! 😄😄,5
O App só tá dando o zoom e não tá voltando uai 😹😹,5
"criei uma nova conta e simplesmente não consigo criar destaques, o botão não aparece pra mim. Desinstalei o app e instalei de novo e apareceu um botão nos … de destacar, quando cliquei o app fechou, não salvou e sumiu o botão. Preciso de ajuda.",1
Zoom da câmera bugou,1
"Ultimamente não atualiza as coisas novas na minha conta, por exemplo aquela bolha de deixar recado no direct no meu não tem ou a nova atualização de colocar música também não tem! E não é por meu celular ser antigo até porque comprei um novo a poucos dias e ainda assim não atualizou nada disso",1
Quero fzr um vídeo no story e  depois que eu dou o zoom não volta mais o normal 🤦🏽‍♂️… corrijam issoooo 🙄,3
"Tenho sistema iOS e o zoom dos story não dá a opção de arrastar o dedo pra voltar ao normal, e quando vou gravar outro story volta pro zoom que estava",3
"Quem foi o doente mental que tirou o zoom do insta, eu dou o zoom nas coisas e depois pra desfazer como faz.",2
A ultima atualização ficou péssima pois quando vamos gravar story e da zoom tá horrível um zoom como se fosse automático e já vem em 100% e também está sendo direcionado às vezes para a App Store quando deslizamos a tela sobre alguma publicação.,3
"Raquearam minha conta, tentei recuperar não consigo. Já denunciei várias vezes, todos os meus seguidores denunciaram e o Instagram não faz absolutamente nada.",2
"Toda vez que a pessoa vai fazer um stories o zoom vem automaticamente, horrível",5
"O zoom está muito ruim. 
Antes você conseguia controlar o zoom com um dedo apenas. Agora complicou 3x mais, pois você consegue aproximar com um dedo, mas voltar do zoom não dá mais.",2
Com tantas mudanças até hoje não colocaram temporizador para tirar fotos/ selfies… somente para vídeos?!😕,3
O botão de assistir reels não aparece para mim,1
Zoom não volta,2
Gente o zoom da câmera fica aproximando e não volta tá horrível isso,1
"Achei desnecessário aquele zoom absurdo que faz nos storyes, já que antes era bem mais suave e não incomodava",1
"Essa atualização do zoom ao deslizar o dedo para gravar storie, ficou HORRÍVEL.

Vc da zoom e seu rosto fica imenso e não volta mais ao normal ao deslizar pra baixo. 

Eu simplesmente ODIEI. Arrumem isso, pelo amor de Deus.",1
A atualização está com bugs e precisa de correção urgentemente,1
Essa última versão de 2023 está com bug dando zoom sozinho ao gravar vídeos,1
Gente e esse zoom que vem do nada e fica focado e não volta ao normal? Muito estranho não gostei não,5
"Já tem uns 4 dias que o zoom tá bugado, quando a gente puxa um pouquinho vai até o máximo e não tem como voltar!! Melhorem isso por favor",3
"O instagram nunca tirou a qualidade de storys para IOS, não sei o quê aconteceu mas nessas novas versões, o instagram vem tirando a qualidade dos storys, principalmente quando colocamos eles nos destaques que fica todo embaçado, o zoom do story também está bugado ( dando zoom exagerado ) e muita gente está reclamando disso. O instagram já foi muito melhor, principalmente pra quem comprou um iphone pensando em fazer storys melhores e com mais qualidade.",1
"Não sei se é atualização ou oque é, mais quando eu dou o zoom apenas arrastando o dedo pra cima nos storys não consigo voltar o zoom da mesma maneira, é isso aconteceu só agora, não foi muito do meu agrado…",2
Arruma esse zoom logooooo,3
Na hora de fazer os stories o zoom não volta nesta última versão do Instagram. Que micooooo,1
Não consigo mais fazer vídeo com zoom pois quando aproximado não consigo mais voltar para o normal. Não é problema no celular pois a câmera e outros aplicativos funcionam perfeitamente.,4
"Não consigo mais dar o zoom quando tô gravando storie, por favor arrumem isso logo 🫠",5
Meu story parou de voltar o zoom no momento da gravação,5
"A câmera dos story puxar o zoom sozinha , péssima essa ultima atualização",2
"O app ficou repleto de Bug! Estou tentando colocar música e não encontra as opções em uma das contas, na outra conta funciona perfeitamente. Insta melhore",2
"Está com um b.o no stories, quando vai da um zoom, ele só aumenta, quando tenta diminuir o zoom, ele não diminui",1
"Na hora de gravar vídeo, quando vai dar zoom usando o botão do vídeo o zoom vai no 100% sozinho, pelo amor de Deus arrumem isso, se não der mais pra fazer vídeos dando o zoom de leve acabou o Instagram pra metade dos brasileiros.",5
"Quando pressiono o botão para gravar e dar zoom, ele aproxima excessivamente a câmera e NÃO RETORNA. O zoom fica aproximado e, para voltar ao normal (sem zoom), tenho que soltar do botão e desfazer  com os dois dedos. Consertem isso!",1
"não gostei dessa nova atualização, não pode mas voltar o zoom na bolinha da câmera. achei desnecessário tirar isso",5
A câmera no meu iPhone está mt ruim!! Nao consigo dar zoom.,1
Aplicativo péssimo pois dou  zoom porém não volta e o zoom é extremamente exagerado,1
A impressão que tenho é que o Instagram estar sabotando as contas pequenas. Acontece que por mais que eu ganhe seguidores os números nunca sobem. Inclusive os números desce como se os seguidores estivessem deixando de me seguir e quando vou olhar ninguém deixou de seguir. Estão muito instáveis.,2
Zoom vai mais não volta. Músicas que estão disponibilizando. Não sei de onde vem..,1
"Antes vc podia gravar no story por quanto tempo quisesse que ele cortava em número de storys agora só até 1min. Agora o zoom com o dedo tbm não está prestando, só está indo e não voltando. E o botão de gravar deveria ter uma forma que nós não tivéssemos que ficar segurando",1
"Meu Instagram está sem reels , nem o botão ali do reels tem na parte inferior do Instagram",5
"Não tem nenhuma música que eu goste, só músicas que jamais se ouviu. Atualização péssima. Só indicam músicas lixos, se busco as músicas que quero não aparece, pra ficar ruim precisa melhorar muito.",5
Estou crescendo aos poucos dentro da plataforma estou muito feliz e motivado e inspirando outras pessoas 🍀,5
"Tá bugando muito, meus storys não está dando pra destacar e não estão aparecendo nos arquivados como se eu tivesse apagado eles",2
Não dá suporte quando somos vítimas de golpes através dos anúncios!,1
"Preciso contatar o suporte! Não consigo logar na conta comercial, já redefini a senha, tenho acesso ao e-mail cadastrado, mas quando é pra verificar a identidade da um erro, não dá seguimento, não carrega a página! Tenho os prints para mostrar o erro.",5
"Minha conta não aparece Rells, vou pro TikTok fazer oque 🙅🏽",1
Eu conseguia usar a opção “ sua vez” e agora ela não está mais disponível!,1
"Minhas notas não aparecem, tem meses e meus bate papos gerais ó App está horrível",1
"Meu Instagram não quer atualizar, o da minha prima já está a muito acima do meu, e o meu ainda não recebe atualizações",1
A opção de deixar as contas logadas não está funcionando corretamente é só eu fechar o app que qdo eu abrir de novo estará lotado em outra conta diferente. Resolvam isso tá horrível essa atualização… vários bugs!,2
"muito bom, mas está incomodando tantos anúncios, tanto no feed como nos storys, anúncios irrelevantes. está perdendo a qualidade.",3
"Muito ruim, não consigo escutar um áudio no direct, assistir reels nem se fala, vídeos no feed também não consigo. péssimo, para eu vir aqui avaliar e pq tá muito ruim, máximo de preguiça avaliar isso…",1
"Não aparece a opção de assistir reels para mim, faz tempo que está assim, horrível !!!!’",2
Desde a ultima atualização não está rodando os vídeos que os amigos me envia. Fica congelado os vídeos. O que pode ser? No IPhone 8. O mesmo está atualizado.,4
"Infelizmente já fazem 2 dias que os vídeos do meu feed ficam travados e não carregam, nem clicar tem como, ficam como se fosse uma foto e só dá pra curtir ( nem na página que postou o vídeo não consigo ver ). Aparentemente somente o meu está assim, arrumem isso.",1
"Essa última atualização travou meu feed ele não carrega, e os vídeos não estão abrindo! Odiei",1
"Atualizei e não carrega vídeos no feed e reels. Já limpei o cachê, desinstalei e reinstalei e não vai.",1
Meu rells sumiu da barra nso consigo maus ver nada,1
"Ao navegar pelo instagram os vídeos não carregam, tenho que clicar no vídeo caso queria assistir. Muito ruim esse bug!",1
"Meu celular é uma iPhone 11 , porém uso o Instagram atualizado e internet boa, e quando vou repostar algum story de marcação fica embasado, já fiz vários teste e sempre fica embasado 🥹🥹",5
Instagram poderia colocar a opção de adicionar fotos no destaque sem colocar primeiro nos store,1
"Sumiram com a minha aba de reels! Está péssimo, cheio de anúncios desnecessários e a política de privacidade está péssima!!",1
"Depois de tantas atualizações, minha página travou! Não consigo ver mais vídeos, ouvir áudios e ver as coisas / atualizar, na minha timeline!",1
Não consigo responder mensagens específica e nem ver os rells 🤦🏾‍♀️,3
MEU INSTA DEMORA MUITO PRA RECEBER NOVAS ATUALIZAÇÕES,1
"Não estar reproduzindo vídeos e áudios, tanto nos reels quanto nas publicações e direct.",2
Como mudar o áudio do reels que ficou indisponível ?,1
"Depois de ter entrado no meu Instagram por um outro servidor, o qual eu não estou acostumada a utilizar, ele parou. Primeiro ficou aparecendo ""challenge required"", então eu fui mudando a minha senha e tentando de todas as formas entrar. Depois ficou uma tela branca com o logo do Instagram e agora, por último, fica ""Não é possível atualizar o feed"". Não é bug, pois o aplicativo de todas as pessoas que eu conheço estão normalizados. Gostaria de saber o que está acontecendo!?",1
Poderia ter uma opção de editar o comentário que a gente faz.,3
"Não consigo enviar nem ouvir áudio e também não consigo enviar fotos e vídeos no bate-papo, os efeitos não carregam e vários efeitos que eu tinha salvado sumiu do nada. Toda vez que eu entro no insta, vai direto em uma conta que eu nem uso, ao invés de ir na minha conta principal que eu uso sempre. Estou ficando extremamente chateada, lançaram um novo aplicativo, mas esqueceram do que já existia.",5
"it is been a while that Instagram is not a nice platform to mantain friends close. From 30 posts I can 1 or 2 from friends, too much advertisements of sales.",3
👍🏻,3
"Depois de atualizar pra última versão que supostamente teria correções de bugs etc, nada carrega. Nada. Todas as páginas ficam em branco e só recebo a mensagem de que é pra tentar novamente mais tarde",5
"Desde que atualizei ontem pra essa versão nova ele não manda foto nem vídeo mais no direct, não baixa áudio, não carrega os filtros nem gifs. Horrível",1
"Depois da ultima atualização o feed não atualiza e a busca não abre, portanto o aplicativo está inutilizável.",5
"Utilizo o insta para trabalho e o reels simplesmente não aparece pra mim na parte inferior, quando estou vendo um reels sempre buga! Já enviei diversas reclamações e ninguém me ajuda a resolver!",1
Instagram apresentando diversos erros de conexão. Não atualiza o feed.,1
"Não carrega mais nada, aparece mensagem que ta sem conexão. Os stories de quem eu sigo ta tudo preto, de todos",1
"Antes Não estava tocando nenhuma música no meu Instagram, aí apaguei e instalei novamente o App, piorou pq agora está tudo em branco, não carrega mais nada no Instagram nem post nem story, simplesmente nada.",1
Não consigo ver mais o Reels?,5
"Depois da ultima atualização todas as minhas configurações mudaram e não dá para voltar, nem mesmo mudança de idioma.
Feed não é atualizado, stories não parecem…",1
"Após a última atualização, o meu Instagram não carrega absolutamente nada",1
"Atualizei ontem e desde então, não consigo navegar no Instagram porque diz que está sem conexão. Navego em todos os outros aplicativos, menos no Instagram.🤷🏻‍♀️",1
"Estou tentando criar uma conta e ela é suspensa antes de ser criada. Eu coloco a data de nascimento e o código que o Instagram envia por e-mail e é isso. Eles falam que a conta está suspensa. Sendo que nem tive a oportunidade de entrar na minha própria conta. A desculpa é que eu violei as diretrizes da comunidade. Gostaria de saber como, se nem acesso a conta eu tive. Tentei fazer duas vezes, com dois e-mail diferentes e ocorreu a mesma coisa.",1
Hoje meu Instagram atualizou mas quando fui abrir o aplicativo ele não está carregando por favor resolvam isso obrigada,1
"Após última atualização, não está carregando nada, fala que estou sem conexão.",1
Apos a atualização de hoje simplesmente nao roda mais nada . So aparece menssagem nao foi possível atualizar o feed. Qua do sera normalizado ???,1
"Acabei de baixar a última versão do Instagram para uso no IPhone com a última versão do IOS 16.5.1 c e ao entrar no aplicativo ele fica travado e não funciona, verifiquem isso com urgência.",1
"App além de está cheio de propagandas/anúncios, que super atrapalha o desempenho da rede social, cada atualização o app fica mais bugado, mais poluído, dando falhas nas atualizações, na rede, não carregando o feed, stores. Enfim… já podem inventar uma rede social nova.",1
Depois da atualização do dia 17/07/2023 o meu não carrega nada parou de funcionar total e é somente minha conta pq testei outras e carregaram tudo normal fotos e vídeos o que pode ser?,1
Meu Instagram parou de carregar os stores e os posts hoje.Não é problema com conexão internet.,1
"Após a atualização de hoje o app parou de funcionar no iPhone 11 com IOS 16.5.1, está dando erro como se eu não tivesse internet (4g e Wi-Fi) porém outros app estão operando normalmente. Desinstalei e não estou conseguindo instalar novamente",2
"minha conta ta toda bugada!!!! não consigo ver os feeds, os stories e as fotos de perfis de quem eu sigo.",1
"MEUS VÍDEOS DO REELS PERDERAM A QUALIDADE E FICAM TREMENDO A TELA QUANDO OS PUBLICO, JÁ ENVIEI RELATÓRIO AO INSTAGRAM E MESMO ASSIM CONTINUA COM O MESMO PROBLEMA, JÁ ATUALIZEI E JÁ DESINSTALEI E MESMO ASSIM O PROBLEMA PERSISTE. ALGUÉM MAIS COM ESTE PROBLEMA?",3
Não está funcionando depois da atualização!!,1
NConsigo mais entrar no Instagram porque está fechando sozinho já faz três dias que eu estou sem Instagram,1
"Foi só atualizar que não abre aff
Pq meche no que tá bom em
Agora não abre mais nada",1
"a opção dos reels sumiu da tela, eu não consigo mais assistir aos reels. infelizmente está deixando a desejar...",1
"Fica aparecendo essa mensagem quando ou olhar quem visualizou meus stories “limitamos a frequência com que você pode realizar certas ações no instagram para proteger nossa comunidade. diga-nos se você acha que isto foi um engano.”

Já relatei problema no aplicativo mas ate agora nada de resolver",1
"Muito bom o app, porém quando vou repostar vídeos trava ou não chega ao final. Favor mudar isso, não tem como postar tkk com minha best.",5
Depois dessa atualização posto as fotos no feed e não consigo ver. Poderia me ajudar a solucionar o problema?,5
"Cada vez mais difícil usar o aplicativo 
Vídeos trava de mais mês com uma internet super bom …. Cade o pessoal que resolve isso …",1
"Há 2 semanas que o app consta a notificação de mensagem mas não tem nenhuma mensagem sem abrir. A cada semana o número vai aumentando e as mensagens que em tese estão ser visualização não aparecem.
Reinstalei o app e elas sumiram, passou umas 4 horas já voltou de novo a maldita notificação.",1
"as publicações não carregam, peço que arrumem urgentemente!!!!!!!",1
"Não está carregando o feed, stories, nem nada. Desinstalo e instalo funciona por um breve período e depois para de novo. Não sei porque está assim mas já vi que não é somente comigo",3
"não consigo usar a caixa sua vez, nem to conseguindo atualizar",2
minhas notas do Instagram sumiram. Tragam de volta pelo amor de deus😭,4
Não sei o que está acontecendo. Mais quem trabalha com várias contas simultâneas está horrível de usar. Não está carregando nada e nada está indo mais.,1
Há vários dias o App vem apresentando bugs e falhas no carregamento das fotos. Já desinstalei e instalei algumas vezes e o problema persiste.,1
Depois que eu atualizei não aparece mais fotos nos perfis e nem consigo ver os storys!,1
"Desde que atualizei o IOS estou sem Instagram! Não carrega nenhuma imagem, não posta nada, não consigo ver stories de ninguém…",1
O app está impossível se usar desde sexta. Não carrega nada. A única forma de fazer carregar e desinstalando e instalando o app de volta e mesmo assim ele vai dar problema depois.,1
"Após a ultima atualização não atualiza story, nem carrega imagem dos feed, socorro!!!",1
"Meu Instagram desde ontem não carrega nada direito, não consigo ver stories, não consigo ver feed, repostar marcações! Nada! De nenhuma das contas que administro no meu App! Preciso de solução urgente! Não é a internet, o App está atualizado… não sei o que fazer!",1
"Vou colocar meu número para verificar e aparece essa mensagem de esperar alguns minutos, mas já se passaram horas e horas a continua assim, e só tem a opção de colocar o número, não consigo acessar a conta por causa disso, Instagram da um jeito no problema, tô preocupado ja!!",1
Não estou conseguindo abrir storys e nem ver publicações depois dessa atualização por favor me ajudem,1
"Depois do threads, meu app não funciona mais. Não consigo ver nenhum story, nenhuma imagem no direct e somente alguns no feed. Tá tudo um caos, sem funcionar nada, sem eu ver nada.",1
"Direct não atualiza, não consigo responder mensagem específica 🙄",1
Não aparece as fotos e nem stories das pessoas. Já desinstalei e não resolveu,1
"Meus seguidores começaram a cair?! 
já até diz instalei o dispositivo Instagram🤮",5
"Atualizei e sumiu as fotos de perfil de tudo mundo, e não tá carregando nada direito",4
Rede incrível!,5
O meu não está aparecendo as notas,1
Pq no meu insta não aparece a opção de colocar música no perfil??,3
Os reels estão ficando com o áudio atrasado.,5
"O Instagram está com erro o dia todo, nenhum dos perfis conectados funcionar. Diz não estar conectado à rede mas a rede está funcionando normalmente, e está impossível ver algo",1
"Acho um absurdo essa invasão de privacidade por parte do app. Qualquer pesquisa, até mesmo em guia anônima, aparece propaganda logo em seguida. Sem contar que ao reinstalar os dados anteriores já apareceram.",4
"Não estão aparecendo todos os stories para mim, tenho que ficar desinstalando o aplicativo para voltar ao normal porque ele trava e fica só carregando sem aparecer todos de forma atualizada.",3
"Estou a dias tentando publicar, verificar o feed, responder mensagens… Porém fica aparecendo “não foi possível atualizar o feed”, toda vez que entro no App!!! Um erro ridículo, sendo que na verdade estou conectado à internet!!! Não funciona no Wi-Fi e nem em dados móveis!!! Dependo do Instagram para fazer o marketing da minha empresa, conversar com clientes entre outras atividades!!! Preciso que esse problema seja resolvido urgentemente!!!",1
Eu amo o app mas ele não carrega o perfil e os reels estão atrasados,5
"Agora não está permitindo sair apenas de uma das contas ligadas no aparelho, só desloga todas. Aí complica meus caros. Vamos arrumar isso aí",1
"Não consigo usar o “sua vez”, desapareceu e não consigo usar de outras pessoas",5
Não gostei muito por que todos os Instagram aparece nota o meu não tem criei uma conta pra ver se tinha pegou si na minha conta oficial que não pega,1
"A qualidade caiu bastante nas fotografias, comparado Ao que era no início do App Instagram… e como se trata denúncia App direcionado a fotos e vídeos, creio que mereceria manter um alto padrão de resolução, pois a gente acaba por ficar decepcionado com o resultado final da postagem… O mesmo serve para VÍDEOS. Obriagdo…",5
"Meu insta principal não está atualizado, só meu insta privado, aí não consigo fazer nada porque ele não atualiza",3
Sempre quando sai uma nova função demora muito para atualizar,3
o meu instagram esta demorando mt para atualizar as coisas que Todo mundo ja tem por favor resolver isto,1
"Você  apagam apenas as contas que nós usamos? Porque quando denunciamos as contas que queremos que você delete, você não as apagam. Além disso, é um absurdo que, ao recuperar a conta, seja solicitada a senha. Qual é a lógica de clicar em 'esqueceu a senha?' e depois ser solicitada a senha?"".",3
Não consigo responder mensagens específicas ou responder aquelas trends dos Stories pra responder com foto em um novo story. Algumas funções simplesmente não funcionam no meu perfil.,1
Tenho 4 perfis registrados em meu app e simplesmente algumas funções que deviam aparecer para todos some e n consigo acessar de nenhuma forma. Reagir então nos chats nem se fala.,5
O meu Instagram não tem algumas atualizações a meses. Tipo a do bloco de notas ou responder mensagens específicas.,2
"Queria entender pq cada conta parece estar com uma atualização diferente, tenho três contas conectadas e parece que só atualiza um perfil, o restante fica na atualização anterior, sendo que é no mesmo celular???????",1
"Há dias eu perdi o acesso a minha conta no instagram (@pvdxuenki), sem razões aparentes. Não apareceu mensagem alguma para mim, justificando tal medida. Tento carregar o feed, as mensagens e minhas publicações, mas nada funciona. Já tentei ir em configurações, depois em ajuda, mas também não carrega. Quero novamente o acesso a minha conta, porque ela servia como um algum onde guardava momentos especiais. 
(A conta ainda está ativa, pois consigo vê-la por outras contas, mas não consigo acessá-la).",1
"Ja faz 1 dia que meu instagram não abre, não carrega feed, não aparece foto de ninguém, apenas uma tela branca falando que ta com erro… me ajudem!",1
Já faz algum tempo que o recurso de notas chegou na minha conta secundária porém não chegou até o momento na conta principal.,1
A opção para o reels sumiu do meu Instagram e está a opção de notificação no lugar. Já tentei de tudo e não resolve.,4
Não consigo responder às mensagens nem colocar reações.,1
"Não está respondendo mensagem específica mais ,agora a pouco sumiu a opção de deixa nota.
Infelizmente o Instagram está péssimo 👍🏼",1
Tou odiando o Instagram não consigo seguir ninguém tá uma palhaçada isso 🤡😫😫😤,1
Não consigo responder mensagem específica RESOLVA ISSO META,3
"Meu Instagram não tá tem a opção responder, nem cancelar envio, não tenho a opção de reagir as mensagens, e só no meu perfil tá assim, meu insta tem acesso a outras contas, e tá normal, só o meu que tá com esse problema😫",1
"A opção reels sumiu da minha conta já tem muitos meses, gostaria de saber o que aconteceu!",1
"Tô 3 dias sem usar meu insta por conta desse erro, não sei mais oque fazer, e agora vou ficar sem minha conta ?",2
A voz do vídeo não acompanha a pessoa resolvam isso travando todos os reels meu celular e 7plus ios,3
"Quando público uma foto nos Storys ela perde a qualidade, ainda mais quando é adicionado uma música. Fica frustrante postar alguma coisa…",4
"Meu reels não tá aparecendo já tem uns 6 meses e não volta por nada, não pode parar de seguir ngm q eles já bani, já tô de saco cheio com esse App 🤬",1
"Tem 4 dias que não consigo entrar na minha conta. Está dando erro de internet. Tenho internet dados carrego qualquer app mais o Instagram não . 
Aparece que não pode carregar o FEED. Não tem atualização a ser feita já limpei o meu CACHE. Consigo entrar mais não consigo utilizar a plataforma.",1
"Não estou conseguindo apagar conversas no direct , pode me ajudar ?",4
não consigo apagar mensagem e também o seguindo recentes buga e não mostra quem são os recentes,1
"App bem desenvolvido, sem nenhum problema e banimentos sem sentido ótimo",5
"Nenhuma somente as q já estão no sistema
Pq isso está acontecendo?",1
"Tenho duas contas, uma principal e outra apenas para família e amigos próximos.
Minha reclamação seria o fato de apenas minha conta “secundária” ser atualizada, enquanto a principal não, a exemplo disso, a opção de colocar músicas na bio ou recados no direct; em que o meu perfil principal não tem essa atualização, apenas o perfil para amigos, sendo que utilizo muito mais o perfil principal",1
Atualização do IOS tirou a possibilidade de reagir a DM com emoji’s? Que droga!,1
A atualização atual não deixa reagir no direct message. É algo simples e legal que foi tirado e ficou bem esquisito,3
Não estou conseguindo mais reagir a mensagens nem cancelar o envio das que eu enviei. Essas funcionalidades foram retiradas mesmo??,3
Depois que atualizei não estou conseguindo mais reagir as mensagens enviadas no direct. Atualizei a 2 dias.,2
"Tive que desinstalar o app e baixar de novo e como teve atualização recentemente, pra mim não aparece as opções “responder/cancelar envio/copiar” quando pressiono uma mensagem no direct. Por favor arrumem isso logo!",4
"Após atualizado não consigo reagir as mensagens do direct…arrumem isso, está horrível",1
"Por favor, eu tô entrando em pânico não consigo fazer nada no meu Instagram!!! E ele é muito importante pra mim 😭 Arrumem isso, pelo amor de Deus!",1
Não entendo o que acontece com esse Instagram. Tenho minha conta pessoal e uma conta da minha empresa e agora esta dizendo que está restrita. O que aconteceu?,1
Minha conta do nada parou de funcionar por favor me ajude,1
"eu só queria a opção de música no perfil, é pedir muito migues?",3
"Minha conta não responde a mensagem específica no direct e nem reage a elas. Já abri um chamado, mas não obtive resposta.",3
"Uma coisa que me irrita muito é que apenas 1 das minhas 2 contas atualizam, por exemplo aquela atualização de colocar música no perfil, apenas 1 das minhas contas tem isso, e eu acho que seria melhor se fosse as 2.",3
"No meu Instagram nunca apareceu a opção “notas”, não entendo isso",1
"Até hoje não consigo colocar músicas na minha “bio” do instagram, não
sei qual o motivo e dentro do aplicativo também não fala os motivos.",2
Depois que atualizei não estou mais conseguindo mas responder uma mensagem específica e não consigo mudar o papel de parede da conversa entre outras coisas que não consigo fazer mas alguém min diz como resolver isso? obs meu celular é um iPhone 11,1
"Não consigo música na minha bio , só consigo bota nas conta secundária",2
Ícone dos stories estão gigantescos mesmo com a fonte do meu aparelho sendo mínimo.,1
"Peço por gentileza que corrijam esse bug , pois não está atualizando o feed e nem aparecendo os stories recentes. Problemas acontecem , e estou aqui somente para relatar isso!",5
estou enfrentando problemas na barra de bolinha dos storie das pessoas estão muito grande.,5
Por que aumentaram os ícones dos storys ?? está horrível,2
"O que fizeram com o Instagram??? Ícones enormes, tudo muito grande, enorme!! Tá péssimo demais, por favor, deixem como estava antes, mil vezes melhor",2
"Gente que isso, que atualização é essa, ficou tudo muito grande, não faz sentido tá todo mundo reclamando dessa atualização nada haver, por favor voltem com a antiga🙏🙏🙏",1
Só minha conta que não tem a opção de “Notas”,3
Meus Storys não é entregue nem pra 10% das pessoas que me seguem! Que triste.,1
"Achei muito grande, ocupa muito espaço, preferia antes",2
"Os ícones dos stories aumentaram de tamanho do nada e está muito feio isso, arrumem por favor",2
"Os botões das stories estão enormes. Só aparece 4 bolinhas de stories, incluindo a primeira que é a minha.",2
"AJEITA O TAMANHO DOS STORYS, PFVR. CELULARES COM A TELA PEQUENA TÃO SOFRENDO, E TÁ MUITO RUIM ASSIM",3
"O meu Instagram não está sendo atualizado já tentei várias vezes atualizar mais não tô conseguindo,OBS:Nota do Instagram não está aparecendo",2
"Os costumo curtir muitas publicações, mas por algum motivo as curtidas que dou nessas publicações somem, gostaria que corrigisse esse bug.",3
Essa atualização deixou os ícones enormes no feed,1
Atualização está com ícones dos histories muito grande,2
Colocar no comando seguir quando uma pessoa segue a outra AMIGOS pra que assim eu saiba se a pessoa que eu sigo me segue de volta.,3
"O aplicativo está apresentando erro no meu iPhone. As bolotinhas dos stories estão aparecendo bem grandes, além do aplicativo travar e fechar sozinho. Eu já apaguei e instalei novamente…mas continua da mesma forma.

Modelo do aparelho: iPhone 14 Pro Max",1
Minha conta não está atualizada. E não consigo atualizar.,1
"Os ícones dos stories estão muito grandes, muito desagradável",2
"Namoral, decepcionante nada aparece no meu celular, as notas até hoje não chegou pra mim, hj 03/06/2023 e esssa opção não chegou pra mim, Instagram está decepcionante, merece nem 1 estrela. E ninguém se pronuncia",1
"Meu recurso de mensagem do insta tá desatualizado, não tô tendo mesmo resguardos de antes como, responder mensagem específica, adiciona emojis nas conversas e etc. se puder me falar como atualiza isso me responde pff",5
Não consigo responder a uma mensagem específica no Instagram.,1
"Faço os rascunhos nos storys e quando público a imagem fica distorcida e toda esticada, sendo que se posto sem ser no rascunhos fica normal",2
"Sou terapeuta tântrico, formado , tenho certificados, tenho alvará de funcionamento, declaro imposto de renda, eu tenho o maior cuidado para não infringir as regras/ diretrizes da plataforma e mesmo assim, o Instagram desativou a minha conta. Depois de enviar e-mails para a plataforma, o Instagram ativou a minha conta e relatou que foi engano a desativação. E um dia depois , desativaram novamente!!!!! Peço que resolva a minha conta!!!! Leandrocoelho_profissional",1
"Essa ultima atualização cagou com o Instagram, ele está esquentando demais e a bateria está indo pelo ralo. Arrumem isso",1
"Pior atualização não mostra o story pra os seguidores
Fica constando notificação e não atualiza e não mostra qual é a notificação!!!",5
"Minha conta foi HACKEADA e desde então já tentei TODAAAAAAS AS MANEIRAS de tentar recuperar minha conta , e o pior que na penúltima vez pediram um e-mail e o hacker teve acesso e hackearam também meu Google fotos. Estou o dia todo por conta , louca atrás de um suporte onde eu possa CONVERSAR COM INSTAGRAM mas é IMPOSSÍVEL… INSTAGRAM ME AJUDA PELO AMOR DE DEUS",1
"Do nada os ícones do meu carrossel dos status ficou enormes . Eu não gostei 

Já fiz de tudo atualizei , apaguei instalei de novo e continua do mesmo jeito. Péssimo .",1
A função “sua vez” não aparece no meu Instagram,1
"Estou tentando desativar minha conta, mas ela não some, continua visível e quando entro para tentar desativar de novo, recebo o aviso que posso tentar novamente apenas com 7 dias. O instagram ta cada vez pior!!!!",1
Eu amo o Instagram!,4
"Fazem pelo menos uns 3 meses que a aba de reels sumiu do meu perfil, assim como qualquer possibilidade de acessar vídeos pelo app (seja pela aba explorar, ou pesquisar). Quando algum reels aparece no meu feed e eu clico em cima para tentar assistir outros, permanece apenas naquele reels. Eu já reportei esse problema 3 vezes e até hoje não me deram um posicionamento. Utilizo o meu perfil pra trabalho e isso vem me prejudicando e me fazendo usar cada vez menos a plataforma.",1
"Não estou conseguindo assistir os vídeos dos reels, ficam travando, todos eles. E não é a internet com problema e muito menos meu celular, é o aplicativo que está bugado mesmo. Atualizei para a última versão, mas o problema persiste, RIDÍCULO! Arrumem isso aí!",1
"Já fiz de tudo, coloquei como conta profissional, desinstalei, instalei, ja fiz de tudo, mas nao aparece a função de colocar música na bio.",4
"O sinal de mensagem não atualizou, 
Nas conversas que tenho não consigo marcar as mensagem e muito menos mandar emoji nas frases específicas, já tentei de várias formas resolver e nada
Bug do meu insta
Porque outra conta no mesmo aparelho a opção funciona",3
"O instagram está um lixo, mesmo atualizado, ainda aparece posts antigos e sempre que aparece a bolinha vermelha de notificação são as mesmas de sempre!!!!!",1
Meu Instagram n aparece mais os reels pq???,3
"Não gostei da nova atualização, não consigo salvar as fotos com música.",3
poderiam criar uma função para mudar a ordem dos posts,4
"Olá equipe Instagram, a reação dos emojis da minha conta do Instagram não está aparecendo.
Quero ter esta opção na minha conta. Corrija meu problema o mais rápido possível... Serei grato a você. Obrigado",1
"Meu Instagram não está atualizado, não tem muitas opções de outras contas, e não sei o porque, o direct está todo desatualizado, me ajudem nisso por favor",5
"O App em si é bom porém não consigo responder a mensagem de uma pessoa através do que ela mandou, por exemplo eu mando mensagem e a pessoa consegue responder com a minha mensagem falando alguma coisa já eu não, queria que melhorasse nisso, de resto o App é ótimo",3
"O meu direct não tem a função de responder mensagem específica, reagir, conversa temporária. Simplesmente parece o uma versão de 2015, isso tá a algum tempo e não resolve …",1
"Acho um absurdo esses suportes. Cuidado usuários, se vocês perderem ou trocarem o seu número nunca mais conseguirão fazer o login.
Troquei meu número e de smartphone, não lembrava da senha, cliquei em esqueci a senha e me mandaram um link no meu e-mail. Mas mesmo assim eles pedem o código que chega em meu número antigo. Não tem a opção não tenho mais esse número.",1
"fiz uma nova conta pois passei um ano tentando atualizar a antiga pois o direct tinha bug e eu não conseguia responder mensagens selecionadas ou selecionar - e não tinha tema.

nesse outro perfil eu não tenho a atualização de compartilhar o story em “tela cheia” e não tenho a atualização da função “sua vez”. 

por favor me ajudem e corrijam esse problema",2
"fiz uma conta nova recentemente e até agora não tem nenhuma atualização, nem mesmo reels ou a função de responder mensagem, estou odiando muito!!!!",2
"Não consigo responder ou reagir cada mensagem do direct, já solicitei para o Instagram e n tive resposta!",1
O App tá horrível cheio de bugs 🤢,1
"Após a atualização o excluído recentemente sumiu, isso é muito pessimo quando a ferramenta era de extrema importância.",1
"Depois que atualizarei ficou bugado, entro em um perfil não aparece opção de Voltar, somente se eu fechar o aplicativo.",3
"Meu direct está horrível ,não consigo redirecionar a conversa ,não consigo curtir alguma msg com outro emoji,so curte com um coração ,faça aparecendo que tem notificação toda hora ,sendo que é a mesma . Já desinstalei ,já atualizei e não mudou nada . O meu Cell e o IPhone 11 ,já atualizei o iOS ,e continua esse bugue ,sendo só no Instagram .",1
"Isso está acontecendo com todos os celulares! Minha amiga tem iPhone 14 e me relata a mesma coisa que eu , minha qualidade do meu iPhone é ótima! Mas é só postar no Story a foto a qualidade fica péssima .",3
🤮🤮,1
"Meu Instagram esta bugado eu desativo onde mostra que estou online, e quando vou ver esta ativado, ativa sozinho, eu não quero deixar ativado.",1
"Não consigo voltar para o post que estava vendo , tá bufando",4
"Home, reel, busca, voltar, etc, desaparecem aleatoriamente me forçando a reiniciar o app.",1
Péssimo essa nova atualização para iPhone do Instagram. Não tenho resposta das minhas reclamações.,1
Meu Instagram não atualiza! Não tem a nova atualização de notas e a de repostar story também não! Meu usuário: @icarosouza,5
o meu instagram não atualiza de jeito nenhum 😭,2
"A função notas não aparece no meu direct, o app está totalmente atualizado e já relatei diversas vezes o problema, espero que resolvam.",1
A figurinha SUA VEZ desapareceu do meu e não consigo um contato de suporte para me ajudar.,5
O instagram atualizou para postar status no messenger. Atualizou para colocar músicas no perfil. Mas essas atualizações não aparecem para mim. Mas eu logo em minha outra conta e aparece TUDO! 🙄🙄 atualização para poucos usuários seu instagram?,1
"Não consigo compartilhar o historie como as outras pessoas em tela cheia, app 100% atualizado.",1
"O instagram apresenta problemas ao criar uma nova conta. Estou tentando desde tarde e quando termino todas as etapas para criar uma nova conta o instagram simplismente diz que eu fui desconectada e pede para eu entrar em uma conta, mas quando tento entrar, volta na mesma página dizendo que fui desconectada. Ele excluiu as minhas contas bovas dizendo que violei algo. Mas eu não fiz nada que violaria as regras do instagram. Isso é muito chato. Também não consigo desconectar de uma das minhas contas. Coloquem nas configurações a opção de desconectar daquela conta. Essas coisas irritam, acabei desinstalando. Vou tentar instalar de novo pra ver se consigo.",2
"Meu Instagram não atualiza,sempre está em versão antiga!",1
"Depois dessa atualização, não estou conseguindo compartilhar stories.",1
"Fazendo favor, não tá indo pra mim fazer aquele negócio chamado LAYOUT sabe? quando eu tento salvar aparece uma coisa preta, tem como arrumar logo, obrigada",3
As fotos do layout não abrem. Termino a montagem e elas desaparecem ficando tudo cinza na tela 🤡 iPhone 8 Plus,3
Quando é que vocês vão arrumar a conta da galera que ta sem reels?? Ou vou ter que deletar minha conta e migrar para o tiktok mesmo?,2
"Não consigo mais fazer layout no stories, a imagem não carrega fica preta, igual para fotos normais da galeria, primeiro não aparece e se faço de novo aí sim carrega, mas layout não consigo mais usar!",2
Meu insta não atualizou a caixinha de mensagens,3
"Desde a última atualização os stories não carregam! 
Já reclamei 2x e nada de resolver",2
"Meu Instagram está com uma má qualidade nos story até os do destaque, as músicas dos destaque não aparece mais e algumas fotos também não, está horrível",1
Não é possível responder mensagens específicas no direct,1
quase todos os meus storys estão meio embaçados e sem música,2
Porém a um tempo não consigo usar o “sua vez “ como faço pra resolver?,3
"Meu Instagram não mostra as notas!!! Tenho duas contas uma segundaria e uma oficial, mas as notas só aparecem na segundaria. ARRUME ISSO!!!!!",5
A função use a sua sumiu,1
"A figurinha sua vez não aparece para mim .
Não consigo participar das brincadeiras …
Está tudo atualizado e meu Cel é novo .",4
So o meu ou de vcs ta com bug nos videos que manda no chat ? Tipo nao abre se for o temporario,1
App muito bomm !!!! Aprovado nota 1000,5
Vários perfis fakes estão sempre visualizando meus stories e até curtindo! Não aguento mais de tanto denunciar e bloquear esses perfis.,1
"Estou há 2 meses sem reels. Não aparece de jeito nenhum a opção no explorar nem nas barrinhas de baixo. só consigo ver o que me enviam, nem pra aparecer um feed de reels abaixo consigo. Desinstalo e instalo o aplicativo, já fiz de tudo, já reclamei 1 milhão de vezes e até agora não tive nada!!!!!! QUERO O MEU REELS DE VOLTA, ARRUMEM ISSO LOGO PELO AMOR!!!",3
"O instragram nunca atende quando “Relatamos algum problema “ . Por exemplo, fui bloqueado por 10 dias. Não posso curtir, seguir, comentar. Isso tudo porque deixei de seguir 5 pessoas. Ai foi entendido como infração 🤡",1
Gente só eu que não consigo arrastar a mensagem para responder ?? Acho que tenho a última atualização do app !! Como faz ?,4
"Não gosto que demora muito para atualizar, gostaria de usar a opção nova no compartimento do storie e a caixinha",2
"A figurinha “ sua vez “ sumiu pra mim, já atualizei, mandari no suporte do Instagram, não consigo postar, espero que resolva esse mini problema chato",2
"É impossível não utilizar! O Instagram já faz parte da rotina, dos negócios e do entretenimento.",5
Os storys não está atualizando e nem abrindo de todos!,1
Não sei porque mas meu instagram não tem a função Notas habilitada nele. Alguém poderia saber me dizer o pq? Meu celular é um iphone 12,4
"ruim, antigamente não tirava a qualidade das fotos no story, hoje em dia está impossível postar. tira toda qualidade",1
"Toda vez ativam e desativam a função “Sua vez” do meu instagram, pra que vou usar, se não tenho as funções como todo mundo??",1
"A opção “sua vez” não aparece no meu Instagram, me ajuda a resolver isso, por favor!",1
Lançaram a atualização com correção de stories sem áudio e não corrigiram os stories sem áudio.,5
Nao consigo ouvir os stories,1
"Meu insta não aparece pra compartilhar notas, como consigo resolver isso??",4
Meu Instagram não quer atualizar pras notas as minhas contas antigas,5
"Instagram ta péssimo dps da última atualização n notifica mais qnd chega um novo seguidor, arrumem isso pfvrrr",2
"Simplesmente não consigo sair da minha conta e retornar. Eu administro outras contas e tenho que apagar o App para que eu consiga retornar para minha conta pessoal ou profissional. Por favor, ajeitem isso!!! 

Já foram diversos bugs depois dessa nova atualização, como o som nos stories que não funciona, agora isso… 😥",2
"Stories não está carregando completamente e nem tocando a música escolhida quando é colocado em destaque no perfil do Instagram.
E também fica sumindo as postagens que já foram colocadas em destaque.",1
Ótima ferramenta,5
Não está saindo som nos Storys,1
O STORIE ESTÁ TODO DOIDO SAINDO SOZINHO FORA OUTRAS COISAS,5
"Os sons dos stories não saem, tem que ativar o som em publicações para voltar, ou então fechar o app e entrar novamente para funcionar. Logo após eu curtir os reels, ele simplesmente tira o like automaticamente, tem que repetir o processo ate efetivamente conseguir manter o like. Esta desanimando esses bugs.",1
Só piora a cada atualização,2
"Eu amoo o Instagram, só que o meu não está atualizando, queria muito que atualizasse",4
"muitos bugs! as notas que foram postada antes, estão ficando na frente, curtir vídeos dos storys, estão demorando…",1
"o meu instagram não aparece as notas, eu já atualizei e nada. queria muito ter!",3
"Segue abaixo uma lista de erros.

1°- Após atualização do dia 11/04/23, ao clicar em “sair” o app trava na tela de carregamento e é necessário reinstalar para conseguir “normalizar”.
2°- Stories só sai som se o telefone não estiver no silencioso.
3°- Quando adiciona uma música no stories a foto/vídeo perde muita qualidade.",1
"Depois das ultimas atualizações os stories não tem mais som. Preciso ficar tirando o celular do silencioso, coisa que não precisava antes",1
"meu instagram não atualiza para a última versão, de todo mundo que tem iphone já atualizou, de menos o meu, versão collab e etc ainda não esta disponível para mim e falta de atualizar não é",1
"A aba do reels saiu do menu inicial e não foi pra lugar nenhum, não consigo mais assistir.",1
"Depois da atualização o aplicativo precisei desinstalar e agora não faz download de jeito nenhum, todos os app faz, menos o Instagram, preciso de uma solução",1
Falta permitir apagar apenas uma foto de uma publicação com duas,3
Não consigo ouvir os áudios dos storys. Tá cheio de problemas essas versões do Instagram,1
"Meu ícone do rells sumiu da minha tela, ficou o coração no lugar, já acionei o ajuda tem 3 meses e nunca me deram retorno, Instagram sem rells ficou chato. Como resolvo isso , já pesquisei no YouTube mas nada da certo 
Me ajudem",1
App não aparece a opção de Reels. Suporte péssimo,1
Precisam corrigir esse erro. Toda hora um vídeo do reels apresenta um problema de vídeo não acompanhando o áudio.,1
"Péssimas essas mudanças de login, principalmente pra quem trabalha com outras contas e precisa deslogar delas... Era melhor quando dava pra deslogar separadamente, agora se sair de uma sai de todas! Péssimo!",4
"Desde a ultima atualização do ios, fiquei sem som nos stories. Nem os meus nem de terceiros tem audio mais",1
Com essa atualização eu vejo um vídeo de um perfil e o app para o vídeo e me direciona para outro vídeo sozinho,5
Depois que atualizei para o 16.4 o Instagram por várias vezes não reproduz áudio. Só o insta faz isso.,5
"Há anos tenho uma página profissional e cerca de duas semanas fui hackeado. Fiz tudo o que o app recomenda, pedi amigos que denunciassem, pois trocaram tudo meu. Enviei pedido de ajuda ao suporte, tentei alerta-lós mas sem sucesso. Quem hackeou fez o processo de autenticação em dois fatores e até hoje não tive um retorno do suporte. É constrangedor pois quem hackeou forneceu produtos de aplicação financeira e conversou com as clientes como se fosse eu. Não temos segurança diante da vulnerabilidade, sabemos que corremos riscos mas a falta de suporte e apoio seriam fundamentais nessa hora visto que possuo a conta num único e-mail faz tempo.",1
Alguns storys está sem áudio depois que atualizei.,3
Stories without audio,1
"Não consigo ativar o áudio dos materiais com o botão de volume do aparelho mais… preciso ir clicar no autofalante….

Favor corrigir",2
Os stories está sem áudio,2
"Não está atualizando mais sozinho, mesmo quando “força” atualização passando o dedo para baixo. 
É preciso sair do App é conectar novamente a conta para que ele atualize. 
Está na versão mais atualizada e apresenta esse bug.",5
"Gente pelo amor já tem dias que está com essa atualização sem áudio no stories, preciso sair dos stories e ativar o áudio de algum reels para poder ouvir áudio do stories, está cada vez pior essas atualizações",1
Pelo amor de deus arrumem o som nos stories que só funciona com o celular fora do silencioso,1
Uma atualização pior do que a outra.,2
Sem som . Não sai som com vejo stories. Já atualizei celular e o app e não resolveu o problema.,1
"Não estou conseguindo escutar os stores das pessoas, já reiniciei o App, já reiniciei o celular, já desinstalei e instalei de novo.",1
Resolvam o problema do áudio por favor!,5
"Olá boa noite queria sabe pq meu reels ele não funciona não consigo mais assistir vídeos nele,tem como me ajudar por favor",2
Está ficando sem áudio no story do iPhone,2
Oxe fica bugando nao quer manda áudio os áudios dos story as vezes nao sai trava,1
Toda vez que vou ver os storys tanto o meu como de outras pessoas alguns áudios não sai!! Por favor atualizem esses bug versão do iPhone 16.4,5
Deixou os stories sem áudio!,1
"E uma atualização pior que a outra, tá ficando horrível o Instagram",5
Bug no som dos stories,5
"Tá pra nascer App com mais bugs que o Instagram, toda vez atualiza dizendo que tá corrigindo e não tá. Meu celular é um iPhone XR, e tô tendo dificuldade pra tá postando e programando posts.",3
"Após a atualização do iPhone, todos os meus stories estão sem som.",5
"O insta está dando erro depois da ultima atualização do iOS. Os stories não tem som, não tira foto com os botões de volume, o boomerang não funciona com alguns filtros… 🤦🏻‍♀️ Quando volta ao normal?",5
"Já faz umas semanas que não aparece reels, o que houve? 
Tá horrível esse Instagram",5
"Minha conta do app não está atualizando, por que? Me ajudem!",3
Não esta saindo som no story,1
Pra que mexer no que está funcionando? Agora pra ouvir stories tenho que ligar o som do telefone ou achar um post com vídeo para ativar.,1
"Insta depois da ultima atualização ficou horrível a parte das histórias, se o áudio dos vídeos estiver desativado, nas histórias fica mudo. E necessário saio e ativar pra poder voltar o áudio. Isso é chato de mais!",4
"Estou sem som nos stories, do meu e das pessoas que sigo, não há som nenhum, e isso é muito chato e está acabando com a experiência",1
Não consigo ouvir sons no Instagram depois da nova atualização do IOS16,2
"Após essa ultima atualização, storys, reels ou qualquer outro conteúdo ficaram sem sons. 

Por favor, corrijam esse bug.",1
A gente não ver os stores de acordo com a proximidade como antes..,1
"Olha gosto mt do insta mais o problema é que minhas contar principal nunca atualiza pra responder uma pergunta específica ,ja quando eu crio uma nova esta lá , ja tentei de varias formas atualizar ou fazer bugs e n vai !",2
"erros no sistema iOS, que vergonha para essa plataforma, stores rodando sem áudio!",1
"Pior besteira que fiz foi atualizar, Instagram estava com uma mania de que toda vez que você tenta postar alguma lembrança a foto ficava toda borrada / quadriculada, isso melhorou, mas após atualizar hoje o problema voltou a persistir.",2
Não consigo ouvir os áudios dos stores sem ir em um reels para poder ativar 😒,1
Stories não estão saindo áudio na nova atualização!,1
Pelo amor de Deus. Devolvam o áudio dos storys,3
"ja têm MESES que eu não consigo seguir novas pessoas da um erro de “restringimos determinadas atividades para proteger nossa comunidade ”. fui pesquisar esse erro e não e só comigo tem vários vídeos na internet sobre esse erro e várias pessoas dizendo que têm meses que esta assim. ja reportei o erro no app, ja atualizei, desinstalei e instalei, sai e entrei da conta e nada adiantou",1
Apareceu um bug e não consigo escutar o áudio dos stories,5
"Story sem som, filtros sumindo, indo pro final... cada vez pior, péssimo.",1
"Depois da última atualização há 2 dias, meus stories ficaram mudos. Não reproduzem o som.",1
"Já fazem 48h que o aplicativo está instável. Fica repetindo o story várias vezes. A cada story que eu quero ver, preciso voltar pro feed é só depois voltar. As publicações estão aparecendo pra mim de semana passada. Está horrível",1
"o app é otimo, mas recentemente quando coloca um destaque ele sai sozinho depois, coloca de novo e sai sozinho de novo eles tiram",5
"Os stories estão sem som, mesmo com a última atualização do app.",4
"Os stories ficam mudo. Mesmo eu apertando no volume, estão todos mudos.",4
"Depois dessas últimas atualizações tá piorando tudo, na horas de seguir, pesquisar e nos story tá dando problema!!!",1
"After iOS 16.4 update, stories are not with sound!
03/28/2023",3
não sei se eu fui bloqueado ou ta bugado fais 1 mês e eu não consigo seguir ninguém isso é muito ruim,3
que odio desse bug de desaparecer o audio nos stories/post. Arrumem por favor!,1
No meu celular (iPhone X) não está atualizando com a nova função do direct o que fazer,1
"O processo de salvar um vídeo voltou ao antigo, não é possível salvar um vídeo do explorar e colocar diretamente na pasta correta para coleção.",1
"Já faz mais de um mês que o Instagram simplesmente removeu a aba de Reels do meu perfil e não voltou mais, nem no explorar aparece, não tenho acesso a mais nenhum desses vídeos. Diariamente reclamo do problema abrindo chamado na central de ajuda e nunca é resolvido.",1
"Estou com problema do qual o Instagram alega que estou, “Restringindo determinadas atividades para proteger a comunidade”, mas já fazem 2 meses que este bloqueio permanece ativo em minha conta, assim acaba afetando quando tento seguir algumas pessoas, algumas consigo, já outras não.
Peço para que tal erro seja corrigido, pois vários usuários estão com o mesmo problema, desde já agradeço. 

Usuário: @danielflugell",2
"Já atualizei várias vezes, e não consigo usar a Opcao de nota, e nem ver a nota dos outros! 🤡🙄😒 o que faço para resolver isso?!",3
Os storys do destaque estão sumindo do nada,3
"Não está aparecendo a música que o pessoal coloca nas foto do feed
Arrumem isso",3
"app dando problema, está apagando meus destaques sem ser eu, quando eu saiu e entro não tem mais meus destaques.",1
"Desde que atualizou, as curtidas do meu story aparecem fora de ordem.",1
"Cara eu coloco certas fotos no destaques do meu perfil e demora uns minutos algumas das fotos somem e isso é com frequência, só esse erro que tá me irritando mesmo de resto tá legal",5
"Estou a 3 meses bloqueado de seguir pessoas e ser seguido. Trabalho com internet e isso tem me atrapalhado constantemente, não há suporte que resolva o meu problema, e no status da conta diz que está tudo dentro das normas que o Instagram impõe.",1
"eu coloca foto, vídeo nos destaques e quando eu fecho o Instagram ele sai do destaque automaticamente…..",4
Tentar ser uma pessoa que incentiva outras pessoas ❤️,5
"tá horrível, os destaques desaparecem do nada, o insta trava e arquivos apagam.",1
"Já faz dias que meu instagram não tem mais reels, parece que ele simplesmente voltou a ser o instagram antigo sem atualização, não tenho mais a opção de ver reels",1
"Estou a meses na luta tentando seguir as pessoas e não consigo, apenas consigo aceitar solicitações, seguir eu não consigo, não aguento mais ter esse tipo de problema na minha conta, gostaria muito que resolvessem!",1
Bug não consigo seguir algumas pessoas por favor resolvam isso,1
"Algumas pessoas não estão conseguindo me seguir, aparece uma mensagem de Tente novamente mais tarde… Restringimos determinadas atividades para proteger a nossa comunidade, vai fazer 1 semana que está com esse Bug. Alguém por favor poderia resolver isso?",3
"Instagram resolvam isso por favor por qual motivo eu não estou conseguindo seguir algumas pessoas? Que bug mais terrível é esse? Por favor, resolvam isso, está sendo muito chato. Obrigado. Espero que alguém leia isso. 😭",1
Cadê a opção de ver reels??? No meu não está aparecendo mais!!!,1
Não consigo achar a figurinha “sua vez” no App e não consigo responder nenhum! Isso já faz um tempão! Antes conseguia e hj nada…,2
"Estou parando de seguir Pessoas, e continua o mesmo número de seguidores.. confesso que o Instagram está um pouco chat0. Revejam isso nas próximas atualizações.",3
"Toda hora vem um bug na minha conta q não consigo seguir algumas contas, não violei nenhuma regra, e toda vez acontece esse bug na minha conta , creio eu que não e só na minha",2
"As minhas fotos dos destaques ficam sumindo, sem contar que as minhas fotos arquivadas dos storys sumiram, serio, to com muito ódio disso.",1
"Estou tentando postar uma foto no story mas sempre aparece “efeito indisponível” e depois meu story é impedido de carregar, não sei se é bug ou atualização, por favor façam alguma coisa",1
"Meu Instagram já está bugaboo uns 3 meses , não consigo seguir determinadas pessoas , não resolver por nada já relatei no suporte e nada",1
O meu não estar aparecendo a opção de assistir reels,2
"Nessa atualização, sumiu o ícone do reels que fica na parte de baixo, na onde vc clicava e já começava assistir os reels, hj em dia não consigo ver nenhum!!!!",1
"Simplesmente o reels sumiu do meu aplicativo, não tem mais o ícone, se eu tentar ver um reels de alguém eu consigo mas não dá pra rolar pra baixo",1
Não estou mais conseguindo usar a opção no stories “ Agora é sua vez “ pois não aparece mais para mim e também não consigo apertando  na caixa de outras pessoas que conseguem usar. Podem resolver esse problema ?,5
"Faz mais de um mês que sumiu o botão do reels da minha conta, já tentei entrar em contato ninguém me retornou. Já desinstalei e instalei de novo e continuo sem acesso ao reels!!! Um absurdo!!!!!!!",1
"Sumiu a opção de reels da minha conta, não consigo ver nenhum reels mais! Não tive nenhum suporte até o momento",3
"sinceramente, vcs ficam hackeando as contas das outras pessoas, fazendo com que sejam bloqueadas por algo que elas não fizeram?? LIXO DE APP, POR MIM EU IRIA EMBORA DESSE “retrogresso”",1
"Então, o App em si é maravilhoso! Porém uma coisa que está deixando a dejetar é porque quando clicamos em ALGUNS para seguir aparece  “Restringimos determinadas atividades para proteger a nossa comunidade” sendo que no perfil das pessoas que eu quero seguir não tem nada demais! Eu acho que seja um bug do App, mas eu espero que isso melhore. Tirando isso, o App é muito bom!",3
vai fazer mais de 1 mês que n consigo assistir vídeos dos reels pq tiraram a opção de ver!!! já fiz de tudo e nada,4
"Estou sendo marcado direto nesse tipo de stories. Sempre denuncio e bloqueio e todos os dias aparecem vários. Precisam desenvolver algo que bloqueie de vem esse tipo de publicação. Venda de jogos, apostas e investimentos (golpe)",5
Estou deixando de seguir algumas pessoas e simplesmente não atualiza no perfil! Péssimo!,1
"Alou @instagram já fazem mais de 2 meses que meus reels sumiu.
Simplesmente não consigo assistir mais aos reels.
Me dá uma força meu perfil é o @fwilkee",2
Não consigo mais assistir reels🤷🏾,1
"o direct do meu instagram não atualiza pra nova versão,que é pra fazer notas ou ver,ja fiz de tudo e não atualiza!",2
"Não sei o que houve, mas não vejo mais vídeos do reels no meu explorar, sumiram todos, só anúncios… horrível isso, espero que resolvam esse problema o mais rápido possível",1
"Tem que deixar apagar fotos quando a postagem é com múltiplas. Se a gente quer excluir somente 1 ou 2 fotos e também adicionar na mesma postagem é impossível. E outra reclamação é o corte das fotografias nas postagens, melhorem esse aplicativo. Lixo de aplicativo, agora fica impossível logar 2 contas quem possui uma pessoal e outra comercial. Horrível",5
"Cheio de bugs com essas novas atualizações um dos principais muito chato e que o reels o vulome buga não da pra controlar ele vai pro máximo e so baixa se voce zerar o som ! Por favor né Instagram, uma plataforma tão grande com bugs bobos !",1
Deu bugs e no meu Instagram não aparece mais reels no meu feed,1
Atualizei e tiraram a opção de “reels” do meu insta. Não sei o que fazer!,1
Não aparece mais a opção de ver os reels no meu Instagram,1
Não estou conseguindo turbinar as minhas publicações em minha página de trabalho ! Simplesmente parou de funcionar e toda vez aparece a mensagem “ocorreu um erro”,1
Qual a razão de tirarem o termômetro? Vários usuários reclamando e nada é solucionado.,1
O app não está deixando eu seguir as contas privadas sempre da erro arruma isso,3
"Estão cobrando pra baixar o app ? Que absurdo!!! Desinstalei sem querer o app  agora estão cobrando, bom que vou aderir ao Tik Tok que é de graça!",5
"Simplesmente os reels sumiram do iPhone
Parabéns Mark",1
"Estava ótimo o aplicativo até algumas funções sumirem. A aba reels da minha conta desapareceu, mas na minha segunda conta ainda se mantinha, eu tentei de várias formas recuperar, mandei e-mails pelo próprio aplicativo do instagram, mas nada. Agora reiniciei tudo e apaguei o aplicativo, reinstalei e agora na minha conta principal além de não ter reels, a dm não está normal, não tem as ""notas"", os chats estão sem os planos de fundo e estão parecendo uma versão antiga.",1
"A linha de storys não carregam!! 
Pra aparecer os novos preciso fechar o app e abrir novamente",5
Meu instagram não possui o balão de fala das novas atualizações 😭,1
"meu explore tem coisas que eu não curto e não tenho interesse, meu “reels” saiu sem eu saber nada, e isso ta me fazendo perder o interesse no aplicativo já, volta como antes, era bem melhor👍🏽",2
"Não consigo ver os reels,a mês já . Já desinstalei e instalei e nadaaaa,quero de volta 🫤",1
"Única coisa que eu fazia no insta era ver os reels no explore e agora não tem mais, no meu ponto de vista ficou bem ruim assim",1
"Não estou conseguindo abrir os reels na minha conta,problema do Instagram,já testei em todos os celulares possíveis",1
"O meu story não está carregando ,parou de funcionar do nada e não está carregando mais e não tem como ver os story dos outros mais . Como posso resolver esse problema?",2
Tiraram o reels da minha conta e nem tem um suporte ou atualização que resolva isso,1
"o reels com um delay horrível no meu iPhone (7) fora o esquentamento horrível,arrumem isso!",2
"a plataforma ta muito bugada, um lixo.",1
"Não gostei da atualização, os stories não carregam.",5
Ícone do reels desapareceu e não tenho suporte para me ajudar,5
"Fiz várias reclamações porque não consigo seguir amigos e familiares e sabe qual o motivo pra me proteger e dar mais segurança .
Eu só quero seguir pessoas q conheço a anos e outras pessoas mas esse app insiste em querer mandar em quem eu sigo . Se continuar assim vamos ter que migrar para outro app porque como tá não dá pra ficar.",1
"Bom… eu acabei desinstalando o insta sem querer, porém nisso meu cll que é um iPhone 6s acabou desligando, e quando ele ligou novamente meu insta estava sem o icon dele, eu pensei q era um bugue, mas eu desinstalei o app e tentei instalar de volta, mas diz q ele já está instalado eu cliquei na tecla “abrir” porém nn abriu. E nisso eu nn consigo desinstalar e nem abrir o meu insta",1
"Atualizou o instagram para mim e sumiu a opção de assistir reels, não gostei nada disso",2
A linha de stories não atualiza. Só carrega de alguns seguidores.,2
"Meu Instagram está com problemas, não dá pra reagir nem responder uma mensagem, a única coisa que dá pra fazer é curtir e não dá pra ver a quanto tempo a nota foi colocada, quero uma resolução pra esses problemas !!!!",3
Meu Instagram não tá seguindo as pessoas,5
"Está horrível, os vídeos estão travando muito tanto nos stories entre os demais",1
"a opção loja , onde buscava por produtos a venda , sumiu do meu Instagram :(",5
"O rells não esta aparecendo no meu Instagram , já desinstalei e nada acontece",1
"O Instagram voltou para uma atualização antiga na qual não tem reels ainda, eu sempre atualizo aqui mas continua do mesmo jeito.",1
a aba de reels sumiu e o suporte não resolve nada,1
horrível erro ao tentar seguir contas “diretrizes da comunidade” 🤦🏽,1
Galeeeera! Cadê o atalho do reels!??,5
A última atualização não consigo ver mais rells no iPhone 11,3
"Desde as últimas atualizações, não consigo ver reels.",1
Até hj não aparece as notas na minha dm,2
uma estrela pois meu instagram não atualiza e não aparece reels mais,1
"Muito chato !! Após a atualização sumiu o ícone do reels , não consigo mais assistir , acompanhar , nem em pesquisa e encontro e se alguém me envia não consigo rolar a tela para ver os seguintes !!",5
Meu direct nunca muda para messenger! Não consigo mudar!,1
80% ou mais dos post são perfis sugeridos zero conexão com a conta + propagandas. 10% conta de famosos (que sigo pouquíssimos) e menos 10% dos teus amigos,1
"Há 3 dias o feed não atualiza, já desinstalei e reinstalei, desloguei e simplesmente não resolve",2
"Eu ja estava sofrendo com o problema da nova função de “Notas” que não apareceu de jeito nenhum na minha conta e agora pra piorar os Reels do meu instagram simplesmente sumiram, não posso mais assistir reels e nem fazer mais nada relacionado a eles. Sinceramente não sei oq há de errado com minha conta pois nas outras contas tudo funciona perfeitamente tanto a opção de Notas quanto os Reels. Realmente espero que resolvam meus problemas pois o instagram é a rede social que mais uso no dia a dia",1
"O meu Instagram não está aparecendo o reels, eu não consigo achar a ferramenta do reels",4
"Já tem 1 semana q os vídeos reels sumiram do meu instagram. Só consigo postar, mas o ícone dos reels sumiu do meu app.",2
"Para ver  horário das mensagens no chat tem que ver mensagem por mensagem ou clicar em detalhes. Antigamente arrastava para lado e mostrava os horários, era bem melhor e pratico!!",2
É isso,4
O botão reels sumiu do nada. Pq ?,3
"Desde que atualizei o Instagram três dias atrás, meu feed mostra a mesma postagem de uma pessoa que sigo de três dias atrás. Já atualizei o aplicativo, o celular e o feed, mas nada resolve. Não sei o que fizeram pra começar esse problema…",3
"Faz mais de 3 dias que não estou conseguindo ver nenhuma publicação que foi feita recentemente. Aparece apenas as publicações que foram feitas há 3 dias, depois aparece uma mensagem falando que já vi todas as publicações, e só isso, não consigo ver mais nada porque sempre aparece as mesmas coisas. As pessoas que eu sigo mesmo, eu não estou vendo nenhum publicação. É como se eu não seguisse ninguém. Eu já tentei desinstalar e fazer de tudo para voltar ao normal mas não consigo. Simplesmente não consigo ver as novas publicações, não consigo ver o que as pessoas que eu sigo estão postando. Estou muito chateada, pra que uma rede social que não funciona ?",2
Meu Instagram não atualiza de jeito nenhum nao sei oq fazer,4
"Não consigo baixar a nova atualização e também não tenho a opção de responder mensagens como meus amigos respondem as minhas, pensei que pelo iPhone que tinha esse problema mas me enganei, já que meus amigos tem iPhone também e responder e reagem cada mensagem que lhes envio, no meu só tem a opção curtir, denunciar e copiar!",3
"Não está legal o Instagram no iPhone 14 pro max.  existe um certo delay na atualização de visualizações nos stories, para atualizar os stories postados, e atualizar a página.",2
"Estou há uns 3 dias vendo a mesma publicação no feed. Ao realizar scroll down, aparece msg de que eu vi todas as publicações restando apenas publicações sugeridas.",1
Os vídeos do reels não aparece para mim já faz dias,1
A conta do meu noivo foi hackeada e nenhuma das macros ajudou a recuperar a conta. Péssimo!,1
Não gostei que tem recomendações na linha do tempo e tem muita propaganda,1
"Já faz 3 dias que só está aparecendo as mesmas publicações , não atualiza de jeito nenhum",1
"Preciso de suporte, reels não aparece mais na tela inicial",2
"Ótimo app, mas poderia ter a opção de bloquear meus stories de quem não me segue",4
"Meu insta antes dava pra participar daquelas enquetes com fotos , mais agora não consigo mais , fica como se fosse parte da foto 😭",3
O botão de ver Reels simplesmente sumiu do meu Instagram!,1
Meu Instagram é o único q n atualiza as notas 👍🏻🤡,1
Novamente estou entrando em contato para dizer que estou há 4 dias bloqueado no Instagram e não consigo enviar nenhum comentário. Trabalho com isso e está me prejudicando.,2
"Por qual motivo mudaram a atualização para: iOS 13.4 ou posterior,PRA QUE!? Qual é o seu problema? Quem não tiver o iOS 13.4 fica sem o insta!? É isso mesmo !? O insta sempre foi muito bom mas depois disso... Que decepção Instagram...",2
"O Instagram deveria ter a opção de mostrar quem não te segue de volta! Ainda por cima bloqueia os apps que fazem isso, bloqueando sua conta. Quer fazer a gente de otario",1
Meu direct não aparece a função de colocar notas!,5
"Já fazem meses que eu não consigo seguir ninguém, eu não fiz nada que me impedisse disso.",5
Nao estou conseguindo responder a mensagem,3
"Está aparecendo pra mim que não tô podendo seguir ninguém, quando vou seguir página ou pessoas, aparece que está ação foi bloqueada pelas diretrizes do Instagram, e não sei por que ficou aparecendo isso do nada. Corrijam isso por favor",4
"Minha conta do Instagram ( @h_iago ) foi desativada por engano e sigo todas às diretrizes da plataforma e necessito dela para trabalho. Assim sendo, solicito ativação. Desde já agradeço.",5
não entendi porque estou sendo cobrado pra instalar o Instagram,1
"Minha conta foi invadida, alteraram minha senha e meu e-mail de recuperação e ainda colocaram uma autenticação de dois passos pra eu não conseguir recuperar minha conta. Fizemos a denúncia, avisamos o Instagram e não tive retorno nenhum pra resolver o problema.",1
"Sobre meu bloco de notas, não aparece a opção pra mim, e de todo mundo aparece mais p mim não",5
"Gostaria de saber qual motivo das vizualizações e curtidas ter diminuído? Passa dia todo quase ninguém curte nem visualiza as coisas q eu posto

Nao to conseguindo curtir e nem seguir ninguemm faz 2 diass",5
"Deslogando sozinho
não carrega o feed, os vídeos ficam travando e iniciando sozinhos. 

Ta impossível usar",1
Sempre tento atualizar o meu. E nunca atualiza tem gente que tem um monte de coisas diferentes só o meu que não,1
Deixou de ser uma rede social é mais um canal de tv aberto cheio de propagandas e ostentação,3
"As curtidas das fotos diminuíram em 99% 
E as notificações não estão mais aparecendo “não fica aquele pontinho vermelho no coração” não sei por qual motivo … ajeitem isso , o insta era top mas essas coisinhas entristecem nós consumidores da rede !!!!!!!",1
"Não consigo atualizar o direct com o messenger, não consigo responder mensagem específica e nem reagir",5
"Desde o mês passado que estou bloqueada de curtir,comentar e seguir o prazo já se venceu e ainda estou bloqueada por favor resolvam isso aí 😡😡😡",1
Não está aparecendo a nova função de notas para mim!!!!,3
Não consigo a opção de notas,1
Só,1
"Meu insta faz muito tempo q n tem a nova atualização, a parte de “Notas”, onde você escreve e quem te segue consegue ler. Ja fiz as atualizações e nada. Espero q eu não seja o único com essa problema. Grato.",4
"Os storys e vídeos no reels fica travando a todo momento, no reels ele para e depois volta para o início, já nos stories ele trava de vez, já fiz várias coisas para resolver, desinstalei e instalei varias vezes mas logo depois volta o mesmo problema",1
"Meu Instagram aparece há dias a mensagem: “Aguarde alguns minutos antes de tentar entrar novamente”. Meu email e meu celular estão corretos, pois recebo o código, consigo mudar a senha e tudo mais. Porém, mesmo em outro celular e computador o erro é o mesmo. Já tentei de todas as formas possíveis reverter a situação e não consigo. Já desinstalei o aplicativo e instalei novamente no meu celular e não obtive retorno!",5
Desde ontem congelou a timeline e só mostra postagens antigas. Parou de atualizar,4
"Há 01 dia o insta não atualiza o feed, somente os stories.. segue mostrando publicações antigas.. de 3 dias atrás ou até mesmo de 2022.",1
"O Instagram não carrega meu feeds já tem 3 dias, todo dia fico vendo as mesmas postagens de dois meses atrás",1
"Não está subindo story com música, apenas fotos e videos sem som. Me ajude por favor🙏🏼",2
Meu Instagram não apareceu a atualização de notas e não grava mais de 15 segundo sendo que a eu sempre atualizo o app.,1
"Cumpro todos os deveres das diretriz para não interferir com a comunidade e não consigo seguir certas pessoas que não estão bloqueadas e nem restringidas, já avisei o suporte 5 vezes e não resolveu nada!!! Totalmente decepcionante",1
Meu Instagram não consigo abrir sempre erro de conexão em dados móveis e também no Wi-Fi,1
"Tem deixado muito a desejar a plataforma. Meu Instagram vive com algum problema de erro e por mais que mande mensagem para o suporte de ajuda, você nunca tem uma solução. Estou há três dias sem poder reagir a histories ou enviar mensagem para meus seguidores",1
N estou conseguindo responder uma msg específica .,3
Não estou conseguindo marcar a mensagem que quero responder e nem reagir com os emojis nos direct.,1
"Estou sem ter acesso ao meu perfil pessoal no Instagram. Aparece o erro: “Aguarde alguns minutos antes de tentar novamente”

Este erro está ocorrendo em qualquer dispositivo: computador, tablet, celular…

Já desinstalei o aplicativo, atualizei o software do celular, Tento redefinir senha e o links não funcionam, persistindo o erro.",1
"Não consigo seguir ninguém , atualizo a página e pede pra seguir novamente.",1
"Todos tem várias funções, ferramentas e mesmo eu atualizando… não aparece as ferramentas para mim. Fica bem chato ser criador de conteúdo em uma plataforma onde não tenho ferramentas para engajar ou postar",1
Já faz 2 dias que fica aparecendo mensagem para mim e que eu não consigo abrir (carregar) os stories,5
"O Instagram precisa voltar com a opção de mudar de lugar a foto já postada quando clica em editar, era muito melhor.",4
"Meu insta tá com um bug que meus destaques não abrem, mostra como se tivesse eternamente carregando",3
"Já troquei a senha e tudo mais.. só que não consigo acessar a conta, aparecer seguinte informação “infelizmente ocorreu um erro. Tente novamente.” Já fazendo 3 dias sem acesso. Preciso que me ajudem!!",1
Hoje de 5 em 5 minutos minha conta e desconectada sem motivo algum.,1
"Não consigo seguir uma pessoa e nem ela consegue me seguir de volta e já fazem meses, melhorem por favor",1
"No meu iPhone 11 Pro não parece as novas funções do Instagram! Notas ou coisas do tipo, já está todo atualizado mas não aparece nada! Arrumem isso por favor!",5
"gosto muito do app, mas até agora não entendi o pq não apareceu a atualização de notas na parte do direct e não aparece nem a opção de atualizar aqui no AppStorie",3
Não possuo a figurinha do “ e você “ ! E nem consigo responder os amigos quando a fazem.,5
até hoje não foi liberado a nota do Instagram pra mim,1
O meu insta eu não consigo mais  botar aquelas brincadeiras de 4 fts e os recadinhos não aparece no meu 😭,1
"Segue a lista de bugs que atrapalham MUITO a experiência no app:
1. Se você abre um perfil direto no reels, quando você tenta “scrollar” para baixo a rolagem fica presa naquele espaço minúsculo dos vídeos… 
2. Quando está fazendo um vídeo no reels e carrega um vídeo do seu celular ele vem “cru” sem as edições prévias que foram feitas no vídeo do iPhone. Cortes de tempo, edições de filtro, ajustes de imagem e endireitar (ângulos e cortes de enquadramento); nenhumas dessas edições prévias vão para o vídeo do reels quando carrega e É MUITO CHATO. Você gasta um tempão editando o vídeo no celular pra descobrir que nada disso vai funcionar…
3. Que experiência horrível é criar qualquer conteúdo no reels… Se você carrega mais de 3 vídeos, tudo começa a travar, se tentar colocar música e tipografia então… é quase um novo tipo de tortura (eu tenho iPhone 12, não era pra ser tão insuportável assim) 
4. Programar conteúdo: tentei uma vez e subiu uma mensagem de erro mostrando que a publicação não pode ser feita… mas mesmo assim a publicação foi feita. Muito confusa a orientação para o usuário… eu não sabia se apagava a postagem ou deixava pois a mensagem de erro continuava (ainda continua) lá. 
5. Eu tentei apagar a publicação pelo CTA que aparece na mensagem de erro da publicação (do item anterior) e não aconteceu nada. 
Melhorem aí pessoal 👍🏼",5
"Minha conta está com problemas pra seguir , eu sigo e em segundo deixa de seguir sozinho. Isso já faz uma semana que está assim, já mandei reclamação pelo app e até agora nada",5
"De todo mundo atualizou, menos o meu com a nuvenzinha do pensamento. Concertem",5
não estão conseguindo me seguir( algumas pessoas) e eu nao estou conseguindo seguir algumas pessoas também,3
"O meu é iPhone e a nova atualização de notas ainda não apareceu, reiniciei e já desinstalei e instalei novamente e não apareceu, me ajude pfv",3
"acho que deveria ter aquela opção de ver quem te segue de volta 
igual tem no twitter
pois é muito chato ter que ficar olhando perfil por perfil",4
meu instagram ta impedindo eu seguir as pessoas 🙄,4
"Tecnicamente é uma plataforma maravilhosamente estruturada, porém mentalmente é extremamente destrutiva. O uso desta ferramenta de iteração impactará em sua produtividade no trabalho, tempo de qualidade com seus familiares e entes queridos, uma busca incessante por perfeição, compulsão a compras, ansiedade e stress. Esse app requer cuidado ao usá-lo, principalmente em pessoas menores de 25 anos.",2
"Minha conta não recebe mais atualizações, não consigo gravar story com mais de 15 segundos e não aparece as notas que quem eu sigo postam.
Já atualizei o app e nada",1
"não consigo seguir certas contas e nem os próprios conseguem me seguir
ta horrível essa atualização",2
"Não tô recebendo as novas atualizações, está chato 😡🤦🏽‍♂️",1
"Estou com a minha conta bloqueada sem motivos.
Não violei as diretrizes do App.
Sabrina_correia",1
Minha conta foi bloqueada ou excluida pq parei de seguir 5 pessoas mudei a senha da conta e msm assim ela ainda aparece a mesma mensagem esse app é um lixo n tem nenhum contato nem por email que a gente pode resolver o problema lixo,1
"até hoje as notas não aparecem na minha conta principal, mas na secundária aparece… como resolver isso?? não faz sentido",1
meu instagram não ta deixando eu seguir ninguem! esta aparecendo pra eu tentar novamente mais tarde!,1
Agora o App é pago?,5
A plataforma permite que as pessoas usem a criatividade e se expressar de diversas formas.,5
"Por favor, como eu faço pra atualizar o meu insta? Não tenho nem metade das ferramentas atuais. Story com mais de 10segundos, inserir notas… etc
É minha ferramenta de trabalho. Está muito desatualizado. O que eu faço?",2
"Gostaria de saber por que meu Instagram não me permite pesquisar músicas, fica apenas mostrando as músicas que eles querem. Aguardo!",5
"Estou cansavelmente desde ontem dia 29/10/22 tentando fazer login e não consigo. Só dá erro, erro e erro. Nenhum suporte me ajudou até agora. E já procurei saber de várias passoas, e isso só está acontecendo comigo. Será que alguém pode solucionar esse problema por favor. Pois já está sendo estressante. Mais uma vez minha conta bugou Não é a primeira e nem segunda vez Só estou tendo dor de cabeça. Já tem 4 dias que tento entrar, cansavelmente, e não consigo. E pelo que vejo é só comigo que isso acontece e o suporte nunca me ajuda",1
"Pq não consigo responder mensagens específicas? 
E o suporte nunca me responde.",5
"Atualização nova, não esta disponível no meu Instagram !!",1
Não sei oque é que não consigo seguir as pessoas de volta e se eu quero seguir alguém não vai fica parando de seguir sozinho e não consigo atualizar também podem me ajudar ?,3
"Acho que pra quem usa painel profissional tem boas opções mas poderia melhorar ainda mais contendo informações como: de onde os seguidores vieram (página inicial, localização etc)",4
"Quando clico para seguir alguém, o aplicativo segue na hora mas depois não segue mais, clico novamente e fica seguindo e deixando de seguir",1
"A função “Sua Vez” não está disponível na minha conta. Já relatei o problema algumas vezes pelo aplicativo, mas não adianta.",4
Nota 🗒️,1
Porque o meu Instagram não atualizou até agora ? 😒,1
Não estou conseguindo atualizar o meu !!!,1
"simplesmente péssimo, comprometeram minha conta injustamente e agora que tento entrar não consigo, simplesmente a conta não entra, eu tento redefinir a senha e o site fecha.",1
"O meu sempre é o último a chegar atualização, não consigo nem responder uma mensagem específica",1
Não estou conseguindo responder nenhum tipo de mensagem específica ou reagir de outra maneira q não seja curtida 🤨🤨🤨,3
A nova atualização do direct n apareceu para mim,3
Eu não consigo responder uma mensagem específica e nem reagir. Troquei de celular pensando que o problema era esse mas está a mesma coisa até com o novo celular eu não consigo responder mensagens e nem ao menos reagir e isso é péssimo!!!!!,2
"Desde a nova atualização que o meu insta não tem opção de criar notas. Já tentei contato, mas sem sucesso.",1
"Faz um mês que não consigo ver meus stories arquivados, só fica carregando eternamente 🫠🤯",5
"a atualização saiu a quase dois meses e eu ainda NÃO recebi ela, e também não estou conseguindo responder as mensagens específicas, minha conta é @livv.bitt, por favor arrumem",3
"O feed está limitado e só aparece contas que eu não sigo.
Não aparece publicações das pessoas que eu sigo a não ser que eu modifique pra essa ação.",4
"Não consigo entender porque com os outros telefones dá para responder uma mensagem no chat( igual no WhatsApp que vc clica em cima da mensagem e responde a mensagem específica) e no iPhone não aparece essa opção, a conversa fica toda bagunçada, se vc responde depois fica sem sentido a conversa, por favor arrumem isso. Ou se tiver alguma solução já desinstalei o app algumas vezes é nada 😩",4
"Instagram tem um falha no total de seguidores, perdendo seguidores que me seguem, e o total ano está correto, conferir um por um e está errado o total.",1
Tenho duas conta uma principal é uma segundaria só aparece a nota na segundaria,5
Tem um erro q quando vou fazer um boomerang nos story não aparece a opção de por em câmera lenta isso é muito ruim não sei se é pq sou usuário de iPhone ou oq,3
"O meu atualizou porém nada apareceu em relação à nova função que o Instagram tem em outros aparelhos da Apple!! Não está funcionando perfeitamente, o boomerang fica com linhas verdes na tela. Já instalei e desinstalei e nada resolveu.",1
Porque mesmo atualizado o meu Instagram não fica com a nova atualização de notas?,1
Estou com o aplicativo atualizado porém o meu story não atualizou para 60 segundos. E no mesmo celular eu tenho outra conta onde o story de 60s está funcionando normalmente.,4
"Interação que fica acima do bate papo não está disponível no meu iPhone XR , já atualizado aplicativo e IOS 🤬",1
"Meu Instagram não atualizou pra nova versão.
Obs : tenho o iPhone 13 e está atualizado 😡",5
"O meu instagram por exemplo n tá deixando ninguém me seguir nem eu seguir , e alem de tudo  , procurei um suporte e eles n tem uma boa rede de suporte , sem brincadeira tá deixando mt a desejar….",1
"Todo dia chega notificação de bots de anúncios me marcando em post, no story, bot pornô curtindo meus story. Uma chuva de notificação diárias",1
Minhas notas não estão aparecendo 🥲🥲🥲,1
"Eu clico no botão de seguir mas quando atualizo a página nada muda, continuo sem seguir o perfil. 
Já atualizei o aplicativo e não adiantou nada!!",2
"Não consigo atualizar o Instagram, todos estão com a nova atualização das notas, porém EU não consigo, racismo? Xenofobia?",3
"Ao acessar alguns perfis, sejam comerciais ou não, o tipo do feed fica travado e não consigo deslizar a tela pra visualizar o conteúdo do perfil.",3
"É muito chato ver todo mundo na tua volta com o app atualizado com as mensagens mas conversas, menos vc. Estou ate hoje esperando essa atualização, ja faz umas 3 semanas q to esperando e nada do Instagram atualizar 🫠",3
"Sempre que chega ao limite de pessoas que você segue e você deixa de seguir pessoas para seguir novas, o app não atualiza e nao é possível seguir novas pessoas por pelo menos uns 3 dias mesmo que você deixe de seguir outras.
Corrijam esse bug para que às coisas possam acontecer em tempo real.",1
não atualiza pra nova versão que tem as notas,5
Não consigo seguir ninguém,3
"Ao entrar na conta não conseguimos visualizar as fotos pois os dados da conta visitada estão ficando fixos, assim não conseguimos rolar a tela.",1
"to com vários problemas,não consigo seguir amigos e nem eles conseguem me seguir",3
já atualizei tudo o que poderia atualizar do aplicativo e continuo sem ter a nova função das notas.,1
Não consigo ver mais meus stores e fotos arquivadas depois da ultima atualização!!,5
"Quero saber porque não consigo utilizar a caixinha de interação, conseguia usar tranquilamente no meu antigo celular, e no meu novo não consigo. Conserta isso daí por favor!",3
"Faz meses que estou tendo problema com os itens arquivados, antes só apareciam os antigos, e faz um mês que eu entro na aba e simplesmente não aparece nada",1
Por que as notas não quer aparecer no meu insta ? Já que foi atualizado ?,1
Odiei,1
Já atualizei para a versão mais recente e continua sem aparecer a opção notas,1
Não está aparecendo as nota pra mim ver no meu Instagram,4
Não consigo ver o story pq fica travando como se fosse à internet e não é à internet 😡,3
Até hoje não atualizaram minha conta para receber a atualização do de mensagens do messenger!!,2
"Não tem um retorno da central de ajuda quando relato um problema. 
Que ajuda é essa?",1
"O APP continua duplicando todas as postagens nos storys, posto uma imagem, e 10 minutos depois o aplicativo posta novamente a mesma imagem, e fica um monte de publicações duplicadas",2
"Celular novo com dois dias de uso. Ao tentar fazer um story dentro do aplicativo a câmera demora a ficar pronta, as vezes fica um congelada e escurecida antes de liberar.

As filmagens 4K também não entram na plataforma",1
"@wagner_moraesss , não tá aparecendo a nova função nota pra mim da atualização arrume por favor",1
"Minha conta não tá aparecendo a nova atualização das notas,mesmo depois de ter atualizado🤬",1
"Meu Instagram não está recebendo as atualizações! 

Exemplo: não está gravando por um minuto, não está também com essa nova função de “ nota “",1
Atualização das notas não chegou para o iPhone XR. Decepção,4
"A maioria das pessoas já tão com o insta atualizado, com as notas, no meu n apareceu. Já desinstalei Vrs vzs e n atualiza 🤯",2
Quando que o iPhone XR vai poder gravar stories de 1min??,2
"Eu queria a nova atualização de notas, meu celular e o 11 e até hoje ainda não consegui.",3
O meu nunca vai chegar a nova atualização 😭😭😭💔,1
"Já faz 7 dias que não consigo curtir, publicar algo e nem seguir ninguém. É um absurdo, já tentei de tudo, relatei um problema várias vezes e o instagram não desbloqueia minha conta. Na mensagem que aparece quando tento fazer algo, diz que minha conta será “desbloqueada” hoje. Porém, até agora nada! 
O app é excelente, mas esses “bugs” deixam a desejar. Por esse motivou dou somente 1 estrela!",1
"O aplicativo apresenta delay em grande parte dos vídeos, áudio e imagem dessincronizados, já testei em diversas internets e em diversas situações(bateria em economia, bateria acabando, fora do carregador, no carregador)…",1
"Dia 13 de dezembro saiu a nova atualização com o recurso “notas” todos que eu conheço conseguem ver ou utilizar, menos o meu. Meu celular é um 11 pro Max e está com o sistema atualizado (inclusive). 
Por favor gostaria de um retorno. Pois ele está bem desatualizado comparando ao Instagram de outras pessoas. Porque isso acontece?",2
Stories travando,1
Zero,1
"Eu não sei o que tem de errado com minha conta que toda atualização nova que tem dentro do app, ela nunca chega logo pra mim. Por exemplo: a nova função “Nota” já apareceu em outras contas que não uso mais, mas minha conta central não. Queria entender o que tem de errado com ela. Sempre sou a última a usar as novas funções 💔 Help, please!",2
😔,1
"em uma conta minha, a nova atualização (da nota) tem, e na outra não, já fiz várias coisas, mas nada funciona, nunca chega a nova atualização na minha conta.",1
Não estou conseguindo seguir de volta quem começa a me seguir so aceita 🤦🏼‍♀️,3
"Já é a 3° atualização do insta e eu não consigo ter na minha versão e olha que meu cell é um iPhone X na ultima atualização foi para 16.2 e nada de tag’s, frente e verso e status encima da foto de perfil",3
"Pelo amor de Deus né, como assim ainda não tem uma opção de sair do Close Friends de alguém… ninguém merece ficar nos melhores amigos de alguém que a gente não quer",2
Iphone xr não recebeu a nova atualização,1
"Até cogitei ser internet, mas não é! Meu feed tá dando burgue! Não atualiza! Os stories eu visualizo mas eles sempre repetem como se eu não tivesse visualizado 🙄
Vamos ajeitar isso aí galerinha",3
Está travando muito nos stores e com lentidão.,3
"A cada dois storys que vejo dos meus amigos, aparece uma propaganda/publicação. 
Péssimo isso, poluição visual",2
"Tem dias que quando vou assistir Reels ou Stories eles travam. A imagem congela e o áudio continua normal. Aí, do nada, o vídeo volta pro início e trava novamente. Ou seja, é impossível assistir qlq vídeo. Isso é irritante. A gente perde até a vontade de usar o App…",5
"Tem um tempo que quando vai postar storys demora mais de 30 minutos para carregar. Mesma coisa para visualizar os storys de outras pessoas. 
 O reels está demorando para carregar também!!!",3
O meu insta não está atualizado Não consigo reagir com os emogis que eu quero,5
Já tem uns 3 dias que o App não está carregando o history certo…,4
Não consigo mais atualizar,1
"Baixei a nova atualização ontem, e me arrependo amargamente, pois agora não consigo assistir aos stories.",3
"Os story não carrega, estão todos travados, não consigo assistir os story. Pensei que era à internet, mas só acontece no meu Instagram",4
"Nao consigo entrar em nada no Instagram. Está dizendo que eu violei regras e não violei. Apenas deixei de seguir algumas pessoas.

A redefinição de senha do Instagram é pessima e a segurança idem. Muitas pessoas com contas clonadas e invadidas. O usuário tenta rever seguidores e é bloqueado e ainda acusado de violar regras por compartilhar senhas. Ou seja, quem não é dono da conta consegue entrar. E o dono da conta, não. É o pior algoritmo de todas as redes.",1
Não tá carregando stories pra mim faz dias já…,2
Já fazem 24 horas que não consigo atualizar meu Instagram e nem usar nada. Consigo logar mas só vejo minha foto de perfil e mais nada. E fica aparecendo essa mensagem. Já instalei e desinstalei e nada resolve.,1
"Não consigo criar as coisas para postar no meu storys,tipo caixa de perguntas essas coisas,o por que disso ?",2
"Minha conta simplesmente está bloqueada, sem motivo algum!",1
Perfeito,5
Vocês poderiam melhorar os filtros do instagram disponilizando os efeitos pra pegar em duas ou mais pessoas pois nem todos os filtros tem essa opção.,3
"Não estou conseguindo seguir as pessoas de volta, pois faz tempo que este com esse problema.",3
"Os filtros não me deixa bonito, perdi o coração da gatinha",1
"Minha conta consta com problema no status, está com restrição e não tenho acesso a várias funções sendo que o story em questão não está contra nenhuma regra do aplicativo, eu postei um story com uma frase mas a foto não é nada relacionado com nudismo ou outra coisa ilegal, por favor revejam essa situação e liberem as funcionalidades da minha conta já que estou sendo prejudicado",1
"Olá Instagram, recentemente tenho tido problemas durante a minha experiência com o aplicativo.

Toda e qualquer ação que eu executo eu recebo a seguinte mensagem: limitamos a frequência com que você possa realizar certas ações no Instagram.

Creio que isso tenha acontecido de forma injusta, pois faço uso moderado de todas as funções sem exagerar, fazer spam ou usar aplicativos de terceiros vinculados ao meu perfil!

Gostaria de uma resposta via e-mail de possível e que faça a correção do erro o mais rápido possível, pois, estou tendo uma péssima experiência.",1
fora isso tudo ok,5
"depois da penúltima atualização o meu “sua vez” sumiu das funções do story, tanto que quando meus amigos postam eu nao consigo nem clicar em cima. espero q corrijam numa atualização de bugs",1
A atualização ainda não chegou ao meu celular e sou um criador de conteúdo. Meus stories só duram 15seg. O algoritmo quase nunca está do nosso lado e como se não bastasse isso a atualização chega a quem quer por conveniência.,5
"Do nada não consigo usar minha conta pq limitaram meu uso de ações como se eu tivesse feito algo errado, não fiz. Achei injusto isso, preciso de solução.",2
"Eu não sei o que está acontecendo que desde a noite do dia 19 de novembro por volta das 20h as minhas duas contas aparecem com avisos de restrição. A minha conta principal é a que nao consigo fazer nada e o suporte de vocês é pessimo, minha DM esta com me mensagens e consta em branco e so fica o icone no app! Ja enviei infinitos prints mostrando que nao consigo acessar nada e nao já justificativa para isso! Resolvam esse problema e deem assistência ao suporte, é surreal o descaso!",1
Foi tirada a função dos rascunhos dos storys?  pq não tá aparecendo nas pra mim,5
Bug pra carregar fotos no Story. Mais alguém com o mesmo problema? iPhone 12,2
pfv devolvam meus arquivados!!! eu amo ver as lembranças e não tô conseguindo ver mais!!! Na maioria das vezes não chega as notificações do direct e tbm voltem pfv c a borda redonda.,3
insta tirou os rascunhos do story,3
N tô conseguindo nem entrar no Instagram td hr aparecendo feedback_required,5
Instagram pelo amor de Deus volte com a opção salvar rascunho. Ontem sumiu meus rascunhos e essa opção. Era uma ferramenta muito útil.,3
"A minha câmera não vira mais, só consigo gravar pela frontal ou só pela traseira. Péssimo !!!",3
"Meu celular super novo e o story trava quando troca da câmera frontal para a câmera traseira!! Inadmissível. Perdi vários conteúdos assim já, vídeos lindos.",1
"Tá horrível minha cosias sumiram 
Corrijam isso meus rascunhos de guarda fofos sumiu não pega as enquetes olhem isso",1
"O aplicativo é ótimo. Fácil de usar. Porém, essa ultima atualização estragou ele. As bordas do Reels ficaram quadradas mesmo estando em iphone, ficaram horríveis!!!",4
"Odiei que tiraram a borda redonda no iOS, voltem com ela😡😡",1
não gostei da nova atualização pq tirou as beradas do iphone quando publica um reels nos stories e não da pra ver quem viu os stories antigos,3
"Meu Instagram não chega mais as notificações de direct, mesmo todas as permissões estando ativadas (tanto do cel quanto do aplicativo). Já reiniciei o celular, desinstalei o app e fiz de tudo, mas não volta 👎🏻",2
Nessa nova atualização não fica mais com a borda arredondada no story do ios,5
"não gostei q retiraram as bordas redonda do iphone, ficou horrível 😕",3
"Instagram não me permite acesso a minha conta, informe que preciso confirma meu telefone e o SMS nunca chega. Fiz tudo que o suporte mandou e não adiantou nada. Suporte altamente falho.",1
"De quem foi a ideia de giríco de tirar o canto arredondado????? Agora tá horrível com o canto quadrado! Não sei pra quê mexem em algo que já estava bom, simplesmente uma bomba. Parabéns!",1
Meu iPhone está postando vídeos do reels como se fosse androide’ quero saber pq isso acontece,5
"Boa noite, tenho um iPhone 8 Plus, quando vou repostar um rells, a borda do vídeo simplesmente fica quadrada ao invés de ficar redonda!!!",1
Achei horrível a moldura de quadrada do reels quando reposta nos story mudem por favor,1
Toda vez que posto um storie da galeria o vídeo fica esticado e eu não consigo postar😭,3
"TIRA ESSE REELS EM FORMA QUADRADA AGORAAAAAA! tá horrível, para de querer mudar as coisas sem necessidade.",1
"O vídeo fica travado quando a pessoa muda a câmera de frontal pra traseira 
E tava bem melhor quando a pessoa grava stores dividido em quatro partes com a duração de 15min cada",1
Quero a bordinha de compartilhar um reels ou repostar de volta! A bordinha está quadrada no meu iPhone depois da atualizaçao e eu odiei!,1
O aplicativo esta fechando constantemente sozinho. Resolvam esses bugs,5
"achei muito feio a nova moldura de quando reposta um reels nos storys, preferia a antiga moldura!",1
"Uso iPhone, vou repostar reels e as bordas quadradas. Não comprei iPhone atoa, que resolvam isso!!!",1
"Véspera de eleição e esse “bug” ? Conta outra, minha página com 10k com história mais de 5 anos vocês excluíram de forma permanente e sem aviso! E sem motivo! Não vai ficar barato! É uma pena precisar dos serviços de vocês! Isso é um monopólio mundial da mídia.",1
"Nessa atualização o app tá fechado sozinho e ficou muito ruim o desempenho, além de terem removido as bordas arredondadas do repost",2
Não estou conseguindo acessar ao instagram pelo meu computador e app. Estou fora do Brasil e no Brasil foi possível acessar. O que está acontecendo???,1
Nessa nova atualização o aplicativo desliga do nada enquanto vc tá usando,1
"Após a última atualização, o Instagram está fechando sozinho!",1
"Meu aplicativo se fecha sozinho o tempo todo, não consigo ver nada e se vou conversar com alguém não dá nem tempo de digitar e perco todo o texto!!! Consertem por favor 😪",1
Passa alguns segundos e o App fecha sozinho. Irritante. iPhone 11,2
"App fecha durando o uso, do nada! Muito chato isso 🤦🏻‍♀️",1
"Bom, até antes da atualização o App estava funcionando perfeitamente, porém…hoje começou a sair sozinho! Não é falta de memória, muito menos o dispositivo.",2
"App fecha sozinho impossibilitado o uso do mesmo, isso venho após a última atualização do iOS para o 16.1.",1
"Instagram m manipula suas curtidas
Cansada de pagar e não ter retorno  
Talvez preciso investir mais para ser vista 
Só assim",5
instagram está fechando sozinho. passa nem 1 minuto e ele simplesmente fecha,1
Meu Instagram atualizou a 2 minutos no dia 30/10 e ele fica 10 segundos ligados e fecha sozinho.,1
"Hoje o app está tá com algum bug , do nada estou usando e ele fecha por conta .",1
"Péssima atualização! O aplicativo fica fechando sozinho após a atualização do dia 29/10/2022. Espero que corrijam logo, ou serei obrigado a desinstalar o app.",1
Aplicativo está fechando sozinho,5
Nova att fica saindo o app toda hora no iphone,1
"Depois da última atualização do dia 28/10, o app fecha sozinho depois de alguns segundos",5
Depois da ultima atualização está fechando repentinamente o App,2
"Depois dessa ultima atualização, o APP está fechando sozinho a todo momento, iPhone está com a última versão lançada.",1
"Version 258 is closing frequently.  Running on iOS 16.1, iPhone XR.",1
"Estou com dificuldades de conseguir ou achar a possibilidade de arrumar esse problema simples, que seria "" responder mensagens específica """,5
Ta muito ruim o Instagram no iPhone,1
"Meus storys arquivados sumiu, como se eu nunca tivesse postado nada.",1
"isso começou a acontecer ontem, toda vez q eu vou gravar um boomerang aparece umas linhas verdes e pretas na tela, fica tudo bugado 😭 consertem isso por favor!!!!!",1
"O meu Instagram não está com a nova versão,porque não tenho a caixa (sua vez) Nem consigo criar nem repostar",2
Poderia disponibilizar a opção de salvar o vídeo com o áudio/música,4
Clico onde era pra aparecer os stories que já saíram do ar mas não aparece nada!!!! Nenhum storie antigo! Resolvam isso,1
"Tengo un problema para iniciar sesión me pide un código de verificación que nunca llega. Tengo 3 horas buscando en internet cómo contactarme con soporte y solo me rediríge a un sitio donde me dice que cambie la clave (cosa que ya hice al menos unas 5 veces) no puedo iniciar sesión, no puedo entrar en contacto con soporte y le he dado “notifícanos” al menos unas 20 veces.

Sidenot: si tengo acceso al número y al correo el código del celular es el que NUNCA llega",1
Muito ruim no meu não aparece a opção de responder mensagem apenas a opção de denunciar,2
"Tive meu instagram hoje suspenso após invadirem meu Facebook e publicaram conteúdos inadequados. Estou desesperado pois trabalho com Instagram e não consigo reativa-lo. 

Gostaria muito de uma ajuda para reativar meu Instagram após ser suspenso. O ID é instagram.com/viicaldas",5
m0rt3 ao fascismo,1
Faz dias que vocês sumiram com meus stories arquivados e o meu histórico de buscas só aparece fotos que nunca vi na vida!!!,1
"Todos os meus stories sumiram, do nada! Já tentei de tudo e não ficam salvos!",1
"A rede social mais tóxica do universo, onde as pessoas que não curtem o seu conteúdo podem derrubar sua conta, mesmo sem motivos.",1
não consigo entrar em contato com um suporte se quer pra recuperar minha conta,1
"Meus itens arquivados sumiram, já fiz a atualização do aplicativo, desinstalei e instalei de novo e mesmo assim não adiantou. RESOLVAM ISSO!!!!!",1
Minha conta simplesmente foi deletada e eu sequer violei as diretrizes! Ocorreu um engano e o suporte está sendo péssimo!,1
"Não consigo ver meus itens arquivados, já mexi nas configurações mas até agora nada!
Insatisfeita!",1
"O Instagram virou algo tão comercial e volátil que perdeu toda a essencial. Infelizmente não é mais uma rede social pra pessoas comuns que querem compartilhar fotos e vídeos, os algoritmos tem alterações a todo o momento e utiliza de uma psicologia perversa pra fazer com que seus usuários fiquem “obcecados” por engajamento. É tóxico, superficial e maçante",2
"Não gostei, o meu Instagram perdeu os três pontinhos do lado direito que permitia salvar no celular fotos e vídeos 🤬",1
"Eu estou parando de seguir várias pessoas no meu Instagram mas o número de pessoas que sigo não desce nunca, como faço para consertar isso?",1
"Cade os stories que ficava em intes arquivados! Pior atualização que fizeram Instagram!!!!!!! 
Péssimo",4
"Na data de ontem por volta das 3:00 da manhã suspenderam minha conta SEM MANDAR QUALQUER informação sobre o motivo!
 Tenho minha conta a 13 anos e nunca tive problemas com a plataforma e agora eles simplesmente suspenderam a minha conta com mais de 10 mil seguidores!!! 
 Não consigo quaisquer informações de o porquê disso e porque não me informaram antes de simplesmente fazerem isso!",1
Há 2 meses ando reclamando de bugs nas mensagens diretas e eles não resolvem.,5
"Aplicativo que não dá suporte algum para quem usa, minha conta está desativada desde segunda. Estou tentando voltar e nada. Aparece apenas que eu atingi um código que nunca se quer chegou em meu celular, manda fazer com 24h porém já se fazem 3 dias eu não consigo entrar no meu Instagram, já é o segundo Instagram que eu perco pelo simples fato de não ter suporte e mesmo que tenha não cumpre com que diz. Não existe nenhum meio que eu faça pra retornar minha conta!",1
"Resolvam esses problema, ja reinstalei 3x funciona ai quando tento usar novamente ele fecha.",3
Meus seguidores não aumentam mesmo eu ganhando novos seguidores,1
O tempo de casa story voltou a ser de 15 segundos. Tava muito melhor quando era 1 minuto! 😐😐,3
"Isso é uma atualização ou algum erro no meu celular >IPhone6s, águem sabe como resolver?",3
"Depois dessa atualizaçao, mesmo o telefone no silencioso, o story não fica. 
Sistemas: IOS 15",5
Essa nova atualização não deixa eu ver stories sem som. Eu gosto de poder assistir enquanto ouço música ou sem fones mas que ninguém ouça tb.,2
"O stories não estão mais silenciados, as músicas estão tocando mesmo sem aumentar o volume….
Corrijam, por favor!",5
Não consigo mais silenciar os stories e feed ao colocar o iPhone em modo silencioso. Bug na última versão.,1
"EU TIRO O SOM DO CELULAR, MAS NOS STORIES SEMPRE ESTÁ COM SOM. NÃO RESPEITA A OPÇÃO DE SEM SOM!",1
"Péssima atualizacao!!pedem para confirmar o celular araves de um código que seria enviado pelo  sms, mas nao enviam o codigo, alem de dar erro ! Funçao de ajuda bloqueada, nap tem como pedir ajuda!!!!nao ajudam solucionar o problema!resolvam isso urgente",1
"Pelo amor de Jesus, tirem este recurso de deixar o ativado em todos stories mesmo com o celular no silencioso, está péssimo, agora só baixando pelo botão volume está horrível. Pois tem que ficar aumentando quando vai fazer outras coisas. Arrumem",1
A nova atualização não dá pra ver stories sem áudio e o áudio está travando!,1
"Não tô conseguindo acessar os links de promoções em storys, quando aperto no link abre a página principal do insta, não entendo porque",2
"ixi instagram vamos arrumar essas músicas aí né, está péssimo. 😡😡😡",1
Stories sempre estão com som mesmo que o celular fique no mudo. Ridículo isso! Ajustem isso,2
"Muito ruim os Stories com som mesmo o celular estando no silencioso! É horrível, atrapalha demais! Por favor corrijam!",1
"Meu telefone tá no silencioso e os stories com volume, que merdaaaa",1
Não silencia mais os stories.,5
"Na versão anterior, podíamos colocar o celular no silencioso e iria silenciar todos os story e feed, com essa nova atualização impossibilita de não ouvir 💔",5
Muito ruim!,1
"Atualização ruim do volume, tira do reels e feed mas não tira dos status",4
Depois da ultima atualização mesmo com o celular no silencioso os stories aparecem com o áudio ligado. Não da pra silenciar.,4
"Mesmo com o celular no silencioso, ao avançar um story, o instagram está colocando áudio nele. Já tentei de tudo e não volta a ficar sem som.. a última atualização estragou o app",1
"não consigo remover a restrição do usuário x, fala que dá erro, então fica restringido",1
Mano que vibe errada é essa de os stories ficarem com som (não consigo mutar os stories) chato demais,5
"Vou curtir um story e a curtida desaparece, tendo que curtir de novo",2
Problema nessa atualização de hoje,1
"Estou a horas tentando entender porquê recebi um bloqueio do instagram! Não consigo atualizar o feed, nem os storys, porém se vou no perfil da pessoa acesso os storys normalmente! Meus storys so da pra acessar pelo perfil e não pelo feed! Me ajudem por favor! Ja relatei dezenas de vezes e nada",5
Agora com essa atualização o som dos story’s fica ativado automaticamente horrível,1
Coloquem os stories de 60 segundos!,5
DEPOIS DA ÚLTIMA ATT O SOM DOS STORIES TOCA MESMO COM O CELULAR PARA VIBRAR/SILENCIOSO 🤬,1
"Não consigo ver story’s de ninguém , fui limitada e não aparece mais nenhum story’s dos meu amigos , pelo amor gente , cada dia ficando pior , já reportei o erro mil vezes e até agora nada",1
"Tenho uma conta pessoal e outra profissional. Ontem as duas foram suspensas sem nenhuma justificativa. Tenho certeza que não fiz nada que violasse as diretrizes da plataforma. Nunca recebi nenhum aviso. A gente se esforça tanto pra criar um perfil de sucesso, conteúdos de qualidade e com frequência. Pra do nada perder tudo.",1
"Não é possível mais ver os stories sem som, o que atrapalha caso esteja executando outra função do celular. Estou excluindo o app pois isso atrapalha a produtividade e é simplesmente ridículo não haver a opção de não executar som de um item de um App.",1
"Não consigo mais escutar nenhuma música q alguém que estou seguindo postou, pois simplesmente aparece essa mensagem para todas as músicas, mais isso concerteza e bug pq se tento adicional no stories a mesma música ela está lá e não “indisponível” até áudio original não estou mais conseguindo saindo som",5
"O Instagram poderia disponibilizar um modelo para postagem das fotos inteiras, sem cortá-las. Toda vez que vou postar uma foto o modelo do Instagram corta boa parte dela!!!
Gostara de posta-las inteiras…",4
"Meu login simplesmente parou de funcionar. Quando tento fazer um novo login aparece a mensagem de que ocorreu um erro durante minha solicitação. Já alterei a senha, já enviei selfie pra comprovar a conta, já esperei 1 dia que o Instagram pediu para confirmar a conta. Já me mandaram o código reserva pra acessar e nada disso funcionou. Que palhaçada.",1
Não consigo ouvir música nos stories aparece “música indisponível” e em vídeos ou reels “audio unavailable”,1
A câmera dupla não funciona já atualizei desinstalei e nada….,5
"Já foi bom, hoje tá virado em anúncio.",1
"Agora a primeira coisa que me aparece quando entro no app é a sugestão de pessoas a seguir. Que coisa mais nojenta! Vcs tem que parar com essa mania de querer forçar conexões. Além de eu nunca usar essa feature, ela ficar me aparecendo me incomoda. Além de não me fazerem conectar com mais gente, só fazem com que queira usar menos o aplicativo. Vcs deveriam dar a opção, para o usuário que não vê valor na sugestão, de desabilitar essa feature.",1
"Tem um bug muito chato Quando inverte a câmera no iPhone SE fica tudo estranho o video, já relatei e ainda n resolveram",1
Podia aumentar,5
"Meu Instagram simplesmente parou de pegar as músicas, aparece que a música está temporariamente indisponível, não estou conseguindo salvar minhas fotos com música igual conseguia antes, só no meu Instagram está assim????",1
"Desde ontem nao consigo mais abrir nada dentro do app, com a mensagem de “tente novamente mais tarde” e de que minhas ações foram limitadas pra proteger a “comunidade”, sei la eu pq.",5
"O aplicativo ta horrívelllll, dps dessa atualização aparece q estou sendo limitada de certas ações,n consigo ver mgs, curtir, comentar muito menos ver storys, tela fica preta, RESOLVAM ISSO PELO AMOR DE DEUS",1
Bloqueam a minha conta para pedir confirmação mas não enviam o código,1
O meu não tem a figurinha “sua vez” já fiz de tudo e simplesmente não liberam a funcionalidade,1
Querenos mais fotos do que videos,5
"É muito importante saber quem está salvando nossos posts .
Seria uma reviravolta",5
👎🏻👎🏻👎🏻,1
"não entendi o porquê de terem tirado a opção de boomerang depois do vídeo já salvo, foi a melhor autorização, coloquem de novo por favor.",5
"Foi perdido uma conta do Instagram por falta de respostas 
Não presta suporte nenhum",1
Não fiz nada que desrespeitasse as diretrizes e minha conta foi suspensa sem motivo algum. Fiz essa conta a pouco tempo pq a minha antiga já tinha sido bloqueada. Agora isso de novo? Esperam que resolvam logo pois quero minha atual conta de volta a ativa! Já estou cansada de toda vez ter que fazer outra conta novamente!!,1
Meu Instagram foi bloqueado por atividade suspeita. Como se alguém tivesse tentando entrar na minha conta. E aí ele pede uma senha de confirmação pro desbloqueio. Mas o e-mail que tá cadastrado não está recebendo os e-mails e o celular cadastrado não estou usando mais. E não consigo falar com o suporte porque tem que estar logado para conseguir falar.,1
"Sério, se eu quisesse um aplicativo igual ao tik e tok eu iria para lá, parem de inventar moda e tragam inovação e não imitação. Acho que os dias do Instagram estão contados se continuar dessa forma… deixou de ser Organico e uma rede social legal para compartilhar a vida pessoa
Sério, novamente mexendo?! Volta o 60 min story esse foi a única coisa nova que foi boa e vocês tiraram. Parem de copiar e comecem a criar…",1
A opção sua vez não aparece vocês pod resolver pra mim …,1
"Não consigo mais marcar mensagens no direct para responder e nem reagir a algo que me mandam lá, já desinstalei e instalei e mesmo assim continua mesma coisa",2
"Cheio de bugs,bugs que fizeram eu perde minha conta,destaque visivel so por 24H???🤮",1
Deixem o Brasil ocupar o lugar q está fadado a estar.,1
"As publicações da minha loja não estão sendo entregues a todos os seguidores, prejudicando o engajamento.",5
"O aplicativo é ótimo, mas minha conta foi bloqueada e não consigo recupera-lá, poderiam me ajudar por favor?",2
Os stories estão saindo sem áudio,3
"Qdo faço promoções perfis incovenientes começam a seguir. E, como empresa, estamos recebendo ameaças de perfis de radicais políticos, todos ligados ao pt!",3
"Desativaram minha conta “” sem autorização… 
E dificuldade de acesso a ajuda para recuperação de conta … 
Ajuda tem que ser emediata ! Teria que ter um número pra contato e uma assessoria disponível pra dúvidas e central de controle por ligação …
Por e mail e mensagens , muita demora pra responder … Falta de atenção e de preocupação com o usuário !",5
"Inacreditável isso, parece que é só com a gente que acontece, mas sempre que eu atualizo, sempre demoro pra receber novas funções do app enquanto a maioria dos usuários utilizam normalmente, como a fundo de curtir stories, que só apareceu pra mim quase 3 meses depois que todos já tinham, e pra completar simplesmente retiraram o sticker de reação (aquele que você pode escolher o emoji pros seguidores clicarem), enquanto outros usuários ainda o utilizam… Penso que se for pra remover algo que seja para todos, não faz muito sentido, enfim, um lixo!",1
O meu ainda não apareceu a opção colaborar para postar a mesma foto em duas contas. Já atualizei já apaguei o app e continua não aparecendo!!!,1
Cadê os stories de 1 minutooooooo inferno,1
"Após a última atualização a 2 dias, o insta tem gravado reels apenas de até 30 segundos.",3
"está travando muito pra mim assistir stores ou reels, toda vez que tô vendo algum reels ele simplesmente trava e volta do começo tenho que assistir o começo mais de 4 vezes até chegar no final e os stores tenho que ficar indo e voltando !!!! já desinstalei e instalei de nv e não melhorou nada.",1
"A função de stkts no stories que antes era (use a sua) e hoje é (sua vez) , simplesmente sumiu do meu Instagram já fiz de tudo e não reaparece o que ouve?",2
Minha conta esta quase sendo banida dizendo que um story meu continha pornografia E NAO TINHA! Nem mesmo de biquini eu estava! Estava de roupa normal e mesmo assim e reportaram duas vezes! Sou influencer digital e to quase perdendo minha conta por erro seus!,1
"Não sei se é só comigo que acontece, mas pra mim não chega as ferramentas novas, por exemplo a “Use su vez”, todos usam mas não aparece pra mim.",3
"quand vou tentar trar foto nos meus storys,aparece um banner dizendo essa frase,e ja faz mais de um mes e o app esta atualizado",1
"Meu stories não tem aquela opção de emoticon para a pessoa reagir !! É só o meu que não tem ! Já exclui o app e baixei novamente , já saí da conta e voltei , já atualizei o app e NADA DE TER ESSA OPÇÃO PRA MIM.",1
"A opção “sua vez” aparecia normalmente para usar, há umas duas semanas ela simplesmente sumiu! Não consigo por direto dos meus stories, nem utilizar de um amigo",2
O aplicativo ficou horrível depôs dessas ultimas atualizações.,3
App cada vez pior! Um dia já prestou.,5
Não consigo ver quem curtiu as publicações de outras páginas e nem quem segue as páginas,3
"Péssima essa atualização onde agora não posso ver quem segue determinada página ou quem entre meus amigos em comum curtiu determinada publicação, retrocesso!",5
Não gostei que tiraram as pessoas em comum que curtiram o post,2
"Estou indignada!! Porque eu fui banida do nada,perdi minha conta aí criei mais 6 contas e todas foram banidas!!! Esse App e horrível deveria melhorar os termos 🤦🏼‍♀️",1
"Há atualizações que não aparecem no App, o tornando inferior aos que os demais usam!",1
"Ultimamente tá bem difícil gravar um story de qualidade. Quando viro a câmera a imagem do vídeo fica todo distorcido, achei q era só o meu, mas é de todo mundo.
ARRUMEM ESSE BUG PELO AMOR DE DEUS !!!",1
"Meu Instagram parou de abrir do nada, já tem um dia e não abre de forma alguma. Já fiz todos os procedimentos cabíveis no meu aparelho celular, porém, o mesmo ainda não inicia de forma alguma. O que devo fazer?",5
Poxa meu Instagram não consigo bota música ele fica bugado sair sozinho e tenho um iphone roda tudo de boa menos o Instagram super bugado,1
"Storie repetidos, feed não atualiza 
Visibilidade das minhas Fotos não chega a 10% do número de seguidores q tenho",2
Preciso que corrijam essa falha. Apenas pra o direct não recebo nem notificação e nem som avisando. Tenho que entrar no app pra saber se tem direct,1
"Eu amei a penúltima atualização tava perfeito mas atualizou e voltou para uma versão de 2020 onde os comandos eram totalmente batidos e simples, fora que a opção de sim/não e a indicação de musica desapareceu 
Bom espero que melhorem pois c n terei que desativar o app",3
"acabei de comprar um iphone novo de um dos modelos mais recentes do mercado. transferi todos os meus dados do iphone antigo para o novo por bluetooth, baixei novamente todos os meus apps no celular novo, e todos os apps funcionam normalmente, menos o instagram.

o instagram não abre, em menos de um segundo o app fecha inesperadamente. não aparece nem a tela de login, absolutamente nada. já atualizei o ios e a versão mais nova do app, não adiantou, nada mudou. aí fiz o reboot do celular várias vezes, e nada. então desinstalei o app e reinstalei mais umas 10 vezes… também nada. continua fechando o app menos de um segundo depois de eu tentar abrir, não sei mais o que fazer",1
"Poderia escrever um mega texto apontando muitos pontos negativos, mas vou tentar resumir em um palavra e motivo. O INSTAGRAM ESTÁ DECADENTE. CHEGOU AO PONTO DE ASSUMIR QUE QUER TRANSFORMAR A REDE NO TIKTOK, ASSIM “EXCLUINDO” AS PESSOAS QUE NÃO SE ENQUADRAM COM O TIKTOK. ESSAS PESSOAS QUE SERÃO “EXCLUÍDAS” SÃO AS MESMAS QUE LEVANTARAM ESSA REDE… ONDE O BARATO É TER SER MURAL DE RECORDAÇÃO DE FOTOGRAFIA PARA COMPARTILHAR ENTRE SEUS AMIGOS E FAMILIARES. RIP, INSTAGRAM.",1
"não conseguia usar o sticker que dá pra interagir com outras contas, mas na penúltima atualização corrigiu esse problema. porem, nessa atualização mais recente, parou de funcionar novamente, já tentei desinstalar e instalar mas não funciona, por favor, tentem arrumar isso, meu engajamento era melhor quando eu usava ele",3
"Não consigo responder aqueles caixinhas que diz sua vez de correntes como os dumps, já tentei de tudo é esse problema continua na minha conta pessoal, na minha conta profissional não tem esse problema",1
"Tá muito ruim,os conteúdos não chega para as pessoas!",2
Estou detestando essa separação de ver publicações de amigos selecionados ou do mundo inteiro. Estou detestando o fato de aparecer fotos e vídeos de gente que não conheço/sigo. E aí pra ver quem eu quero ter q selecionar com estrelinha de quem eu quero ver.,2
Cada vez menos interessante o design que não valoriza fotos e quer forçar as pessoas a verem conteúdo que não é o que nossos amigos produzem.,2
"O Instagram dificulta a vida de quem trabalha com arte e usa essa plataforma como uma ferramenta de trabalho, todos os empecilhos envolvendo alcance, engajamento e algoritmo só nos distancia do Instagram fazendo com que a gente migre pra outras redes sócias já que essa daqui não tem dado o retorno que a gente espera 💔",1
"ODIEI essa atualizacao que só consegue mutar o som atraves dos botões do celular, O BOTAO NA TELA DO VIDEO PARA MUTAR É BEM MELHOR! E ODIEI ver as postagens em tamanho grande com a legenda emcima!! NAO DA PRA LER DIREITO. ESTA HORRIVEL! Sem contar que esta todo preto! Horrivel!",1
"Não gostei da última atualização, me incomodou tanto que não estou conseguindo usar o aplicativo. Espero que volte a ser como antes.",1
"Essa ultima atualização ficou péssima ! 
A rolagem do feed é ruim, não é possível ler textos. Enfim, se eu quisesse usar tik tok, eu não estaria no Instagram",1
"Tu vê poucas publicações de teus amigos, e muito mais publicações de marketing, que tu sequer solicitou pra receber.",1
"Não consigo ver as fotos dos meus amigos, insta está igual Tiktok); #voltaserinsta",1
"Essa nova atualização cheia de anúncios e vídeos na timeline está muita chata,
Volta Instagram normal!!!!!",1
"Péssimo essa nova atualização, voltem com a entrega de fotos",1
Não gostei da interface escura. Estou com dificuldades para escutar áudio de vídeos.,5
"Eu uso o app pela essência sempre ter “sido” a fotografia, e ver tudo isso se perder é muito triste. 
Hoje em dia aparece mais publicação paga do que  as fotografias das pessoas que sigo, não deveria ser assim.",3
Muito ruim a nova atualização era bem melhor feed branco,1
ESTÁ HORRÍVEL ESSA ATUALIZAÇÃO DO INSTAGRAM !!! QUERO MEU INSTAGRAM DE VOLTA KKKK SÓ TEM VÍDEOS E AS POUCAS FOTOS QUE APARECEM A VISUALIZAÇÃO ESTÁ HORRÍVEL A LEGENDA FICOU FORA DE PADRÃO… MEU DEUS COMO VOCÊS CONSEGUIRAM PIORAR ALGO QUE ERA TÃO BOM?,1
"o engajamento orgânico piorou, está horrível os vídeos, as fotos e o reels tudo junto, sem falar que para ver as publicações dos seus seguidores você precisa selecionar a opção “seguindo” ficou muito ruim assim, nem dá vontade de mexer no instagram mais",1
"Horrível, já tentei milhões de reclamações e ninguém me responde. Além disso o feed está péssimo de mexer",1
"Ficou preto, não tem mais foto, só propagando, vídeo chato e só vídeo, se fosse pra mim ver só vídeo eu tava no tiktok! exclui várias vezes e já já vou excluir minha conta de vez! Aplicativo ruim, péssimo e sem criatividade pq só querem copiar outro",1
"O design da nova atualização está péssimo, não tenho mais vontade de mexer no app. O feed está muito pior.",2
"Novo formato do feed está horrível, difícil diferenciar o que é vídeo e o que é foto, além de não me mostrar as publicações dos perfis que sigo, e sim, apenas vídeos reels aleatórios, péssimo!",1
Essa ultima atualização ficou péssima! Os reels misturados com as publicações de quem eu sigo ! Horrível !,1
"Com a última atualização o App ficou péssimo, simplesmente não aparecem mais publicações de quem eu sigo, 98% do que aparece é recomendação. Quero ver fotos, se quisesse vídeos tava no TikTok, se continuar assim vai ser abandonado como o Facebook foi.",1
"Horrível, horrível, horrível, se eu quisesse usar o TikTok eu entraria no TikTok!!!",1
"Esses anunciados e feeds mostram mais pessoas que eu nunca ouvi falar do que as pessoas que sigam, a timeline ficou muito poluída",1
"Odiei esse novo feed, ficou horrível, um lixo. Perdi totalmente o prazer de entrar no Instagram depois dessa atualização, se eu quisesse essa experiência baixava o TikTok.",1
"tá horrível, fica dando bug e tenho que ficar  apagando e instalando novamente arrumem isso!!!",1
"Se desse pra opção nenhuma estrela, seria essa. Virou o que, TIKTOK???? Instagram ficou HORRÍVEL, um versão RIDÍCULA do Instagram.",1
"Depois da ultima atualização virou o TikTok, um lixo, cada dia mais lixo!",1
"Péssima essa última atualização, só consigo ver reels no meu feed as fotos sumiram e não consigo voltar para a versão antiga! Tá imitando o tiktok, não gostei! Amava essa plataforma mas não estou utilizando mais com tanta frequência por causa da atualização.",1
"ATUALIZAÇÃO HORRÍVEL, PAREM DE QUERER IMITAR O TIKTOK, CADA DIA QUE PASSA USO MENOS ESSE APP",1
"Péssima essa nova interface do app ! Mudando o nome para baixo igual o tik tok, qual o problema de manter uma aparência diferente? Quero meu Instagram original de volta 😢",1
"Odiei a nova atualização, não consigo mais ver nada dos meus amigos só reels de páginas famosas",5
Essa última atualização tá horrível!!,1
Atualização horrível do feed igual ao tiktok,1
"Horrível essa atualização do feed, tá parecendo o TikTok, volta como era antes Plmds",1
"Essa versão está horrível, antes ouvia música no carro e entreva no app tranquilamente, agora, sempre que entro minha música para, nem para gravar vídeos com as músicas que quero não dá mais 🤦🏻‍♀️ arrumem pfv!!!!",1
"O feed novo é ruim demais ,as legendas ficam escondidas ,sem contar q só o meu feed está no modo escuro ,mesmo o sistema do celular estando no claro,está tudo no claro ,exceto esse feed horrível . Voltem para oq era antes e parem de copiar a rede social vizinha . Instagram é para fotos ,o foco é fotos !",1
"Infelizmente essa nova atualização acabou com a essência do Instagram, não estou desmerecendo os desenvolvedores, mais o público ama o Instagram come ele é para que foi feito. Eu entendo que sempre tem que sempre melhorar cada dia mais o Instagram para que não fique chato sempre ter as mesma coisas etc. mais essa atualização está realmente parecendo “tiktok”, e chato saber que a maioria dos aplicativos se parecem iguais, e perdendo a essência para que foi feio aquele aplicativo. Mais não sou ninguém para julgar, somente uma opinião crítica.",1
"Por favor, para de tentar imitar o tik tok, colocando vários vídeos no feed, NINGUÉM ESTÁ GOSTANDO.",2
"Não gostei da nova atualização do Instagram, tá parecendo o App vizinho. Infelizmente vcs só sabem copiar e não criar algo crítico.",2
"Parei até de mexer no insta depois dessa atualização horrível, por favor voltem a atualização antiga",5
Podre,1
"O instagram era 300% melhor quando apenas compartilhávamos fotos entre amigos e família, mas os vídeos, músicas, publicações patrocinadas, publicações sugeridas, marketings, uma vida irreal e tudo mais estão deixando o app EXTREMAMENTE CANSATIVO. está horrível. está péssimo. minha timeline está completamente poluída. instagram NÃO é tiktok.",1
"Já foi um App bom, em que dava para dividir momentos com as pessoas, agora virou uma versão barata do tik tok, a única coisa que ainda me mantém nele, são todas as fotos arquivadas ao longo dos anos",1
"Essa nova atualização está horrível, só aparece reels e o botão do áudio sumiu! Não tem como ver o vídeo sem ouvir música, se clica ele pausa ..
Muito ruim 
Por conta disso ficou quase impossível ouvir música e olhar o Instagram",1
"Não gostei da nova versão. Simplesmente não é funcional. Uma vez que ativo o som do post (somente consigo fazer isso pelo botão de volume), não é possível desativar mais. Não consigo ler as infos dos posts, está horrível. Gostaria de retornar à versão anterior do app.",1
"Feed está péssimo de usar com essa rolagem tipo reels. Só passa vídeo agora. 
A música para assim que entra no Instagram e só solta de sair do aplicativo.
O stories está bugado… quando vai gravar um vídeo, ele fica sem som, volume não funciona. 
O relógio do stories ta bugado também. 
As mensagens com símbolo de enviando eternamente, sendo que a pessoa já tem recebido…",1
"Ultimamente está orrivel trabalhar com Instagram, lento, trava os filtros, uma eternidade pra carregar feed misericórdia se for pra melhorar então melhorem agora dificultar tá difícil viu ………….",5
"If I wanted to use TikTok I would. I’m on Instagram to see pictures of the people I follow, not these stupid videos or all those sponsored pics. Change.",1
"O que custa aparecer fotos de pessoas que eu sigo no meu feed? 
Caramba só aparece vídeos de pessoas que nem sigo, meus amigos postam fotos e nunca aparece, só vídeos de trend, caramba eu quero o Instagram, app de fotos e momentos, não uma cópia do tik tok",1
"A nova atualização é péssima, estão tentando parecer outro aplicativo, o tik-tok. Voltem a ser como eram, Instagram sendo Instagram. Continuando assim só tem a perder usuários, que aí sim migrarão para o outro App.",1
Essa atualização de layout q deixa o feed parecendo pagina de reels tá horrível. As legendas ficam praticamente escondidas. Detestei. E não tenho opção de usar o layout anterior na conta pessoal. Na conta profissional continua o antigo. Bem melhor,5
"A nova atualização volta só pra vídeos está horrível, não consigo acompanhar os posts dos meus amigos porque só tem post de pessoas que nem sigo, ESSE NOVO CONCEITO DO INSTAGRAM ESTÁ HORRÍVEL",1
"Tá horrível essa nova atualização, não tem como ver a publicação do pessoal, só mostra vídeo, parece o TikTok",1
"pelo amor de deus volta a ser normal de novo instagram, esse novo feed parece rolagem de stories. não queremos isso. está terrível. e outra coisa, o feed estacionou no dark mode, é a única página que fica escura, ta tudo horrivel!!!!",1
"nova atualização ta pessima!!!!! parece tiktok, so vejo reels e nao consigo visualizar nada direito. desconfortável e ruim pra selecionar as coisad",1
"Espero que voltem com a versão antiga de visualização do feed, pois era bem mais fluida e confortável de ver. Poderia também retornar com a visualização dos reels em looping, sem precisar abrir esse modo de visualização pra ver o conteúdo novamente. Poderiam também deixar os IGTV’s, ao tocar na tela pra ver todo o conteúdo, que continuassem o vídeo de onde parou, ao invés de reiniciá-lo. Espero que considerem, de verdade, esse feedback, pois está triste ver o app ficar tão estranho",1
"Essa imersão no intuito de imitar o Tik Tok ficou horrível, timeline preta que detesto, trava Spotify ao abrir, ou qualquer app de música, fotos reduzidas e um layout chato e confuso. Cada dia menos interessado em utilizar e compartilhar o Instagram.",5
Péssima essa atualização que transformou o app em um tiktok,1
"Não gostei do novo layout do meu feed, como se fosse tudo vídeo, tem que voltar ao layout anterior",1
Voltem a antiga forma de rolagem e parem de sugerir vídeos de pessoas que não conheço,1
"Péssima atualização do feed, ficou horrível de acessar. Aparece mais publicações de pessoas que nem sigo. Pior atualização!!",1
"Estava ok, e depois da atualização o feed está com fundo preto sem eu ter colocado, e está igual tiktok, péssimo, parece que estou só em uma página de rolagem só com reels, mal aparece publicação das pessoas que eu sigo",1
"Não gostei dessa nova atualização do feed , nem sempre a pessoa ver ver tudo na tela grande",5
Nós estamos aqui porque gostamos do Instagram e não queremos fazer dele um tiktok,1
"Péssimo , virou TikTok sem contar o tanto de propaganda a cada 3 publicações de amigos , aparece coisas de quem a gente nem segue ,quisesse TikTok estaria lá , parem de tentar copiar.",1
O App não está agradando quase ninguém com essa nova atualização voltem a ser como era por favor,1
"Gente, pelo amor. O que fizeram com o feed? Tá simplesmente uma bagunça, uma desordem visual.",5
"esse aplicativo já acabou, infelizmente. um lixo",1
"Não quero que me recomendem nada, quero continuar vendo apenas que eu sigo.",1
"Pra começar a melhorar precisa voltar lá em 2020. As atualizações só tem bug. Botão de volume não existe mais, feed horrível estilo tiktok. MELHOREM",1
"Não gostei dessa nova atualização, todas publicações parece vídeo de rells, voltem para a versão antiga por favor !!",5
"Não gostei do feed dessa forma. Além disso, aparece mais coisa de quem não sigo do que de quem sigo. Tá chato, viu. Voltem a versão anterior, por favor.",1
"O novo update transformou o Instagram em uma imitação de tiktok, não tem mais um feed decente de fotos. Aumentou a quantidade de postagens de pessoas q eu não sigo. Pior update, se quisesse usar o tiktok eu não estaria entrando mo instagram.",1
"Só mostra vídeos, coisas nada a ver, as publicações sugeridas estão péssimas, não tem mais foto",2
Hoje horrível,1
"É decepcionante escolher uma plataforma para você anunciar o seu trabalho e mesmo você ralando para conseguir um grande número de seguidores, eles não entregarem seu trabalho para 10% deles! Hoje em dia essa rede virou ganha pão de muita gente, fica complicado trabalhar se seu trabalho não é entregue!",1
"O feed está com uma visualização horrível, e agora eu não consigo mais usar o aplicativo ouvindo música porque pausa a reprodução toda vez que eu entro no aplicativo",1
"Quero a antiga atualização, essa é péssima",1
A nova versão que fica com a tela escura e abre automaticamente os reels ficou muito ruim e não dá pra retornar ao original,2
"Não queremos mais um app de vídeos, não queremos um tiktok! Cansada de ver propagandas e pessoas que não sigo no meu feed! Queremos o antigo Instagram!!!",1
"Não gostei Instagram está muito ruim agora está parecendo o tiktok está horrível,só vídeos e vídeos preferia o antigo",5
"Tá terrível a fluidez da app com a nova atualização, parece que tô no tik tok (n suporto), tava bom demais do jeito que tava antes.",1
"Gente pelo amor de Deus!!!!! Quero assistir vídeos sem ser obrigada a ouvir os áudios! Será que isso é pedir muito? Se clica na imagem o vídeo para! meu telefone tem que ficar no mudo quando estou no Instagram, sem contar que eu vejo um milhão de vídeos que não quero! Difícil ver post de alguém conhecido. Só tem coisas de estranhos. Odiei!!!!!",1
"Depois da nova atualização, as publicações que vejo de outras pessoas no feed principal estão com a mesma rolagem do reels, deixa muito ruim utilização do app.",1
"Essa nova atualização ficou ruim aff, agora não pode mais posta foto com música que já vira RELS😤 isso ficou péssimo mano! Fora outra coisa que mudaram, que foi o posicionamento do nome😤 antes era em cima, agora fica em baixo aff isso é ruim de mais mano😒😤 tem hora q atrapalha muitoo😠😠😠",1
Ficam tentando ser ticktock e esquecem que estamos usando instagram por ele ser o instagram e não o ticktock. Para q ta feio.,1
"Pior atualização de todos os tempos! Voltem com o feed de antes! Não tem mais opção tirar o som e tá parecendo o feed do tik tok, se eu quisesse estar no tik tok, estaria lá 🙄",1
"O Instagram tá péssimo com essa imitação do tiktok. Por favor, voltem a antiga versão.",1
"Eu rolo o feed por 2 min e vejo 20 vídeos de pessoas que eu não conheço, patrocinado, propaganda etc e uma foto de alguém que eu realmente sigo , isso tá ridículo se eu quisesse um feed assim eu baixava tiktok",1
O app fica como o antingo no meu ele só fica na mensagem que não dar pra responder aquela tem que ficar mandando uma embaixo da outra isso é ruim queria que ficasse como o  watssap,1
"Está horrível esse novo feed, pelo amor de Deus voltem com o feed antigo. Essa tela preta está horrível demais. Odiei Pelo amor de Deus, o antigo tem que voltar",5
"Devolva o Insta, pare de querer ser o Tiktok",1
"Essa atualização não dá não. A tela do feed está preta, os videos estão em tela cheia, está parecendo a aba do reels. Se já tem o reels pq nao mantém o feed como estava?",3
Odiei a nova atualização …,5
"É insano ver o instagram se decompondo em um tentativa de copiar o tiktok, queremos o instagram de antes e não uma copia de um aplicativo adolescente",1
"Extremamente horrível o feed escuro e em tela cheia, já excluiu diversas vezes! HORRÍVEL, não atualizem",1
Quero ver fotos no Instagram não vídeo,5
Parem de tentar copiar o tik tok . Eu não consigo ficar mais que 5 minutos na TL com essa nova atualização . Tudo piorou . Acaba que saio e vou para o tik tok.,5
"O que fizeram com o meu feed?? Basicamente parei de usar o app pq odiei o que fizeram, n da pra ler nada traduzido",1
Pare de querer ser o tik tok! Eu só quero ver as fotos dos meus amigos! Esse novo visual está um lixo!,1
Pare de tentar ser o Tik tok! Essa nova atualização fica confusa e so favorece vídeos. Os botões estão desorganizados e rolo de atualização péssimo. Voltem como antes,1
Ficou horrível o novo update. Fica pausando a música do spotify quando está no feed,1
"Por favor, quero a atualização antiga. Estou tendo muita dificuldade com essa nova versão.",1
Ficou absolutamente terrível essa nova maneira de passar o feed. Terrível! Demitam esse designer que fez essa atualização! Agora só passa vídeo! Terrível! Terrível 1000 vezes!,1
"Atualizei o Instagram e o número de seguidores tá bugado, tenho um número de seguidores e ele diz que tenho outro nada",1
"gente pelo amor de Deus corrige isso, meu feed parece stories agora. quando entro no instagram a música do meu celular para, estou ODIANDO. queria o feed normal, como um feed e não parecendo stories.",1
A nova versão do Instagram ta horrível 🥲vcs estão acabando com o Instagram! Tira isso! Ta horrível,5
"Odiei o modo escuro, quero meu feed claro de novo",5
"Agora sou obrigada a consumir um conteúdo de pessoas que nem sigo, Feed escuro, só aparece reels. Está horrível! Está conseguindo ser pior que o TikTok. Péssimo.",1
"Odiei a nova atualização, meu Instagram parece que só tem reels",1
"Cagaram o insta td, era o melhor app, agora td bugado, os sons bugados, recursos simples travando, pior atualização, volta pra de 2020 que ta muito melhor, no mínimo volta com o botão de tirar o som, ou no mínimo volta com o feed normal, minha página inicial ta pior que explorar, so coisa desconhecida. 😒😒😒",5
"De 0 a 10, 0,0000
Tô até hoje esperando que seja atualizado para poder usar a ferramenta de arrastar pra responder e desde então não teve essa atualização no meu Instagram",3
"Pelo amor de Deus voltem com a versão antiga do feed. Esse teste tá horrível, não dá pra ver nada direito nesse modo tela cheia. Please!!!!!",1
Péssima atualização. O feed está num formato totalmente desagradável aos olhos.,1
Retornem com o antigo,1
"Terrível ser obrigada a ver reels de gente desconhecida a cada dois posts. Me sinto desrespeitada como usuária ao perder as publicações de amigos quando o feed atualiza sozinho. Publicidades repetitivas e anúncios muito mal feitos. Cada um patrocina o que quiser, tá igua a 25 de março.

Se tudo isso é pra forçar o usuário a pagar a versão premium quando for lançada, vocês estão sendo porcos.",1
Horrível a atualização do Feed,1
O feed todo é um reels todo bugado. Ridículo,1
A enquete não está funcionando,4
"A última versão de visualização de publicação em tela cheia uma por uma é simplesmente horrível, deveriam ter deixado isso apenas para a Reels e pro aplicativo tiktok. Tirem isso do feed pelo amor de Deus.",1
O instagram está horrível! ESQUEÇAM O ALGORITMO E TRAGAM O INSTA DE VOLTA,1
"Essa atualização ficou horrível, simplesmente está querendo copiar a outra rede social",1
"A cada atualização fica pior o app, muitos bugs. Esses dias postei um story com uma foto do meu rosto e foi proibido como se eu não tivesse direito de publicar meu rosto, tem story tbm que fica travado e ocupando somente a metade da tela…
Estou ansiosa aguardando o surgimento de uma outra rede social com o mesmo propósito, entretanto, com qualidade.",2
"Essa nova atualização do feed está horrível. Parem de colocar o feed igual reels. Não queremos TikTok 2.0.

Perdi minha vontade de entrar nessa bagaça.

This new feed is terrible. Bring back Instagram!!!!!!",1
Ta horrível essa nova atualização querendo copiar o tik tok… daqui a pouco vai todo mundo pra lá mesmo e deixar o Instagram… seja original… volte a ser o Instagram,1
"Instagram está horrível com essa nova atualização! Só tem reels na tela, não vejo mais quase coisa de quem eu sigo, só música e som a todo tempo, não tenho paz mais com ele. Voltem ao modelo anterior pelo amor de Deus",1
"Odiei essa atualização de publicações sugeridas, deveria ser perguntado se queremos algo sugerido ou não, assim como sempre que entro no meu perfil tem sugestões de amizade, eu não quero nenhuma sugestão, era pra ter uma opção de aceitar ou não coisas sugeridas, e eu NÃO QUERO!!! mudem isso por favor!!",1
"volta o instagram como era antes, com fotos cronológicas e sem esse feed poluído de um monte de propaganda e pessoas q eu não sigo 👎",1
"Vídeos aleatórios de pessoas que não sigo, stories com qualidade de vídeo e imagem BAIXÍSSIMA, publicações de dias atrás aparecendo antes que as mais recentes. Uma m*rda.",1
"Essa atualização ficou horrível, nao consigo passar 2 minutos no feed de tão ruim que ficou!",1
"Nossa odiei esse feed preto e sem conta quando passa os reels , tá parecendo a rede vizinha , volta Instagram antigo…..",5
"Está muito ruim, parece tudo reels. Estragaram a rede que já estava com muitos bugs. Retornem ao padrão anterior, ou senão eu serei mais um a excluir a minha conta",1
"Essa última atualização deixou a rede muito similar a uma existente, aparecem muitas pessoas que estariam apenas no buscar e pouco as que eu realmente sigo. Enfim, antes parecia mais organizado e fácil de navegar, com essa atualização passou a ser confuso.",5
"Olá Instagram, não consigo ver como antes a página inicial do meu feed, ele aparece como se eu estivesse assistindo no reels… algo de errado está acontecendo!!!",5
Estou odiando meu feed escuro,5
"Essa ultima atualização do Instagram é muito ruim ! Essa tela do feed preta é péssima! Além disso o feed só tem vídeo, não tem nenhuma foto, e 95% de pessoas que aparecem, eu não sigo! São anúncios, conteúdo relacionados, além do engajamento 0 ! Só continuo usando esse rede, por falta de opção ! Já foi a época …",2
"A nova atualização ficou péssima.

POR FAVOR VOLTEM COM O SÍMBOLO DO ALTO FALANDO PARA TERMOS ACESSO AO ÁUDIO 

- muita publicidade e vídeos de gente que não conheço, as pessoas que sigo não aparece nada para mim
- para escutar o áudio tenho que entrar no post
- no Stories é IMPOSSÍVEL conseguir escutar o áudio",1
A alteração do feed para mostrar maioria de reels ficou péssima. O instagram está perdendo a singularidade de fotos para copia a rede ao lado. Praticamente não uso mais o feed. Está péssima a atualização,1
"Horrivel. Maior função pra salvar uma publicação. Ficou parecendo tiktok. 
0 estrelas",1
A nova mudança onde tudo fica em formato de reels é muito difícil de ver os posts de photos. A experiência de usar o aplicativo ficou péssimo. Muito ruim!,1
"Essa atualização ficou bem ruim, muitas pessoas não gostaram. Por favor voltem com a versão normal que da raiva de entrar no aplicativo",2
"Péssimo essa atualização do feed parecendo que estou vendo foto no TikTok, nem desço mais o feed",1
"Please, bring back the old feed, this new full screen test is horrible and confusing!!!!!",3
"A Meta está estragando o instagram aos poucos, a usabilidade do feed está horrível, a disposição das fotos parecendo o reels é ridícula. Além de ao rolar o feed os stories somem e só é possível visualizar se subir tudo de novo. O novo layout do feed está muito ruim, anteriormente era mil vezes melhor. Peço que considerem e não continuem  estragando o instagram.",1
"Pelo jeito as milhares de reclamações não estão servindo de nada, né? Nunca mais consegui ver uma foto sequer dos meus amigos. Só tem vídeo atrás de vídeo e a maioria de perfis que eu nem sido. A seu quisesse uma plataforma assim, migraria lá pro TikTok. O pior é que a pré-visualização aqui no app ainda mostrava versão antiga (a melhor), que não tem NADA A VER com esse estrago que vocês fizeram no layout. Só não dou zero estrelas na classificação pq não dá 😉",1
Essa versão ta bugada tenho que excluir e reinstalar todo dia. A tela escura no fundo e preciso entrar no post para ouvir o audio.Horrível,2
"Eu não gosto e conheço muitas pessoas que já estão com esse novo formato não gostando tbm. 
Acho que logo irá surgir outra rede social e o Insta vai ser o novo Facebook esquecido.",1
"Nessa nova atualização você não consegue ouvir música no Spotify e navegar no Instagram, pois quando você vai navegar e passa um vídeo a música para! Desse jeito todo mundo vai migrar pro tiktok, parem de mudar o que estava bom!",1
"Essa nova atualização está horrível, tá igual o tik tok, pareci que a gente só ver vídeos, mudem isso, voltem p antigo, onde a gente escolhia ver o vídeo ou não, agora somos obrigados a ver! Horrível melhorem.",1
"Meu Instagram foi hackeado , roubaram minha conta no Instagram, estão aplicando golpes , vendendo produtos que não existe. Já denunciei mas nada aconteceu , mandei o vídeo com a minha face e não aceitaram Mudaram meu e-mail , colocaram uma segunda chave de segurança … ninguém responde pelo insta , não existe uma central de atendimento .",1
"Odiei essa nova atualização do app, tá parecendo o feed do Tiktok. Simplesmente HORRÍVEL. Além disso, o feed só entrega postagens de perfis que não seguimos e várias propagandas. Esse app já foi bom.",2
Sério? A ideia é pior a experiência e copiar o TikTok? Tá HOR-RÍ-VEL a esta atualização. Hoje vou fazer o meu último post/story avisando para os meus amigos me procurarem em outros lugares. Instagram acabou pra mim.,1
Novo feed está péssimo tela escurecida e não temos controle do som.,1
"Não gostei dessa nova atualização, ela fica misturando o reels com as fotos no feed, prefiro bem mais a antiga, tomara que voltem pra como era antes!!",1
"O feed está horrível, parecendo tik tok, volte como era antes, era bem melhor",1
"A liberdade de ativar e desativar o som foi subtraída. Um absurdo. Estou pensando seriamente para de usar, cancelar minhas contas no face e insta.
Desativem essa atualização mequetrefe, ruim.",1
"Odiei essa nova atualização em teste, por mim já pode tirar",1
essa atualização ficou HORRÍVEL!!!!!,1
"Quando vão tomar iniciativa de excluir perfil que não é usado, e liberar o user pra outras pessoas?",1
Péssima! Se eu quisesse me feed desse jeito eu ia pro TikTok,1
Péssima atualização,1
update after update instagram is getting worse. this desire to make instagram a tik tok copy is killing the app. definitely won't see myself continuing using this app if it goes that way.,1
A nova atualização é HORRÍVEL!!!! Estão acabando com essa rede social!!!!!!,1
"A nova atualização, a qual o feed fica em tela cheia, está péssima. Está igual a rede vizinha (TikTok).",1
Odiando a mudança do feed para parecer o tiktok,1
"Não vou me adaptar a essa nova versão do Instagram,não gostei de como está o feed. Ficou péssimo! Por favor,tirem isso!!!",1
Tentaram imitar o tiktok e estragaram o app,1
a dor de cotovelo com o tiktok é tão grande que agora o feed do insta tá parecendo o app vizinho. PESSIMOOOOO,1
Quando vai voltar ao normal? Poxa !!! Terrível esse modo escuro o tempo todo e ainda mas esse aumento das postagens também está péssima. Ajeitem isso por favor.,1
"Ficou horrível o modo escuro, eu odeio me atrapalha a visão. Sem contar que antes eu podia tocar no vídeo pra tirar o áudio ou colocar e agora não mais. As legendas não da pra ler completas e os reels aparecem cortados, péssimo, volta a versão antiga por favor!!!",1
"Não gostei da nova atualização. Meu insta tá tudo preto e ficou muito estranho, aff.",5
"As ultimas atualizações foram um caos, storys com bugs, nova timeline está péssima (o modelo antigo é muito melhor) e até o chat apresenta erros! Desinstalar e instalar novamente só resolve o problema por minutos e depois volta",1
"Não consigo contato com ninguém pra me ajudar, já tentei de tudo e não sei mais o que fazer.",1
"As versões mais antigas dão mais “controle” ao usuário, já que não ficam aparecendo direto sugestões de publicações de pessoas que não seguimos. Além do que, só é entregue vídeos e as fotos quase nada!",5
"Desde semana passada mudaram a tela do meu Instagram e ficou PÉSSIMA, a tela em preto está péssima, quer publicou está no rodapé, voltem pra versão antiga nem todo mundo foi logado.
Tanto que a tela de
Vocês continua branca.",5
"Está parecendo tiktok, volta pra versão antiga. Tá horroroso assim",1
Essa tela preta e o feed estão horríveis,1
"Não consigo ver nada atualizado, sempre coisas antigas e publicações sugeridas ao invés de conteúdos que eu realmente me interesso.",1
"estou tendo problema com a minha conta. esta no modo noturno (somente no feed) e não consigo alterar, ja tentei de tudo. 
e também o modo que as postagens aparecem, os videos não aparece a opção de pausar . 
está bem “zoado” :/",2
"a tela do meu feed está no modo escuro, o resto em modo claro, queria ele todo claro, fora o design do feed que está todo bugado!",1
"O feed fica cheio de anúncios e publicações de pessoas que não sigo, isso irrita demais.",1
"Odiei essa atualização, tá horrível pra fazer os boome!",1
"A cada dia pior mesmo parece que escolhem as coisas boas e estragam!!!! Respostas rápidas, diminuíram a quantidade de caracteres!!! Por favor isso é muito importante, voltem ao normal!!!",1
"Um saco essa atualização, não aparece quase nada dos posts das pessoas que eu sigo",3
Já atualizei e não consigo usar a ferramenta “Use a Sua” e nem clicar para postar a minha quando alguém posta a corrente.,3
Como faz pra usar o Spotify e o Instagram juntos??? Aperto o play e quando volto pro Instagram a música para por conta dos vídeos… cadê a opção que tinha de tirar o som dos vídeos do Instagram??,1
"Recebi o novo formato, com esse “feed imersivo” inspirado no Tik Tok, eu odiei, está horrível, aparece vídeo de pessoas que eu nem sigo, parece que eu tô em um reels infinito, isso não ta legal, gostaria que voltasse ao layout anterior, totalmente desmotivada a mexer na conta em que colocaram essa experiência!",1
"Essa atualização nova ficou horrível, parece o estilo do tiktok… volta pra antes !!!!",1
"A nova atualização está horrível, acabaram com o feed, a rolagem é horrrivel, as descrições ficaram obsoletas lá…. Volta a ser como era antes !!!",1
Horrível a nova atualização para IOS. Tela escura e feed bem diferente. Rui para mexer.,1
"Meu telefone é um Iphne e não gostei dessa ultima atualização, não tenho opção de tirar a tela escura e achei péssimo o feed de notícias.
Não adianta desinstalar e reinstalar novamente, a tela escura sempre volta.
Simplesmente péssimo.",5
"Não quero meu feed em tela cheia!!! Odiei, peço que respeite minha vontade e voltem como era",1
"A nova atualização está horrível! Fundo todo preto, te obriga a passar postagem por postagem,  vem 80% vídeo e quase nada mais do quem eu realmente sigo, vários conteúdos aleatórios, além de fotos de desconhecidos! Qual a vantagem então de ter uma lista de amigos ? Fora isso a sensação é de que o app está mais lento e não “rodando liso” , ele esconde a barra superior dos amigos onde mostravam os stories, ou seja, você pra ver  um storie tem que subir TODAS AS POSTAGENS que já viu pra barra aparecer novamente, não da pra intercalar entre stories e postagens!",1
Estou detestando essa tela escura! Eu desinstalo e instalo e a tela volta. E o meu celular é iPhone e não tem a opção de tirar da tela escura.,5
"Péssimo!! Instagram com imagens escuras, mesmo que a configuração esteja clara.
Horrível",1
"A nova maneira de rolar o feed é muito ruim, a antiga era muito melhor",3
novo feed horrível,1
"Péssima atualização, é horrível não dá pra mexer direito no feed m.",1
"Essa nova versão é absolutamente horrível, péssima! Ficou uma cópia do tiktok piorado. Voltem a versão original por favor!!!!!!",1
"Horrível esse feed parecendo o TikTok! Por favor, volta ao que era antes!! Como faço pra mudar isso??",1
"Detestei a nova atualização, estilo stories. Ruim de controlar os áudios, ruim para ler legendas…",1
"O feed ficou PÉSSIMO com essa nova atualização. Parece que tudo virou um reels, que horrível.",1
"Odiei o novo layout do App, se eu quisesse ir pro TikTok eu entraria la. Odiei que tudo tenha virado reels.",1
"Estou com o app mais recente/atualizado mas não libera as novas ferramentas tipo: colocar reações nos stories, stories de 60 segundos e outras. Já vi muitas pessoas reclamando, com iPhone 12 e 13. Por favor arrumem isso!",5
"Eu tô odiando a tela toda preta na página inicial, esse bug está só na minha conta principal. Já mexi nas configurações do celular, tá tudo no modo claro. Eu baixo o aplicativo, fica no modo claro a tela inicial… se eu fechar e abrir de novo, fica tudo escuro e irreversível.",1
Minha tela só fica com o fundo preto está péssimo essa atualização,1
"para de querer imitar o tiktok com esse feed cara, é péssimo.",1
"o feed está horrível, o fundo escuro, n da pra ver q hora da postagem, a legenda fica mt ruim pra ler, não aparece as curtidas, NADA!!! Parece q estou sempre olhando um reels, voltem ao antigo pf",1
"Está horrível !! O feed preto , o perfil branco !! Tá travando ao rolar no feed !",1
"Depois que o Instagram mudou pra essa “meta” ficou péssimo ! Nem desativar a conta temporariamente se consegue mais , fora outros erros … não tem suporte , não tem quem resolva, não tem nada ! E seus dados são OBRIGADOS a ficar lá mesmo sem você querer !",2
No meu celular iPhone 8 Plus mesmo eu colocando meu celular no tema claro o Feed das pessoas que eu sigo fica escuro aí entro no meu perfil fica claro 🤔🤷🏻‍♂️,5
Odiei essa atualização .. horrível cada vez pior,1
"A tela esta escura nas atualizações. E não é a configuração do iphone. Detestei! Nem o som consigo colocar mudo, sou obrigada a pausar todos os vídeos. Horrível",1
aplicativo apresentando diversos problemas há mais de mês e a cada atualização só piora!,2
"Nova versão está ruim, volta com a antiga",1
"No meu celular não tem como pedir recomendações de músicas pela caixinha perguntas, gostaria de saber o motivo.",5
Não gostei na nova atualização!!!!!!! Quero voltar para o antigo como faço ?!!!!,1
"TA UM INFERNO usar o Instagram agora, só aparece cosias aleatórias no feed, coisas de gente patrocinada, muito chato, eu quero ver coisas no meu feed de quem eu sigo, se quiser ver de outros eu pesquiso e pronto.",3
"Tenho um IPhone XR e meu Instagram está com uma versão nova, onde os dados ficam em baixo e a opção do volume que antes aparecia hoje não aparece mais, toda hora precisa clique no botão de Aumentar ou Diminuir o volume para escutar vídeos, como se fosse um ativador. Esse problema está presente tanto no Instagram tanto no WhatsApp.",2
"Depois de atualizações do Instagram a tela ficou preta, fazer publicações com músicas não está mais disponível! Ficou cheio de Bugs o Instagram (vejo que não são todos) principalmente no IOS.",5
Meu Instagram não aparece a função de curtir os stories,5
Horrível atualização fundo preto obrigatório,1
"Quantas reclamações, pq o feed mudou?
Pq agora sempre bloqueia quando estamos comentando ou curtindo e pq o insta tá bugando , desenvolvedor por gentileza resolve os bugs e deixa o insta normal",5
os vídeos do reels e dos outros vídeos sempre ficam com áudio fora de sincronia e o vídeo fica super travado sem condições de assistir e para fazer uma postagem nos stories demora muito,1
"Essa atualização está horrível!!! Somente o feed está em modo preto e parecendo tik tok, muito ruimmm. Quero que volte ao normal pois tenho duas contas e uma delas está assim, horrível!!! A outra está normal. Atualização horrível",5
péssima a tela preta do feed,1
"Depois que atualizou está igual o TikTok, muito ruim, não dá pra ver os comentários. Se for pra deixar igual o TikTok eu vou excluir o app e usar o TikTok.",1
"Eu amo o Instagram, passava hora e horas no app, 
Agora sempre que abro o app tem publicações de pessoas que nunca vi, a tela de rolagem ficou ruim, e ainda obriga a ver vídeos que vc não quer e de pessoas que você não segue… eu entendo que existe atualização, mas então poderia existem a opção de não mostrar vídeos no feed!",1
"Me sinto dentro do TikTok, onde fico vendo vídeos aleatórios bobos. Definitivamente não é uma rede social.",1
"Tá horrível essa atualização, só quero que meu Instagram volte ao normal. 
O feed sem a opção de tela branca tá me dando nervoso, esse design de tela inteira pra foto e vídeo tá horrível, aparecendo conteúdo recomendado no meio das publicações
Tô irritada já",1
"Odiei a versão de tela escura no feed sem opção de escolha pra tela branca. O feed ficou horrível.
Fora que muitos vídeos eu queria ver, mas não ouvir, agora também não dá mais.
Tô tentando de todas as formas tirar essa atualização, e não consigo.
Deveria ser opcional atualizar ou não.",5
"A última atualização está péssima!!! Modo escuro, opção do som, o feed parecendo o TikTok.
Tá muito ruim!!!!",1
"Não consigo desabilitar o som, e agora parece que estou na rede vizinha. Parece modo noturno mas sem opção de alterar. 
Quero a liberdade de ativar ou não o som.",1
"Essa última versão ficou péssima… meu feed aparece com fundo preto e não consigo mais silenciar/ouvir o áudio das publicações clicando em cima delas, agora isso faz elas pausarem/play",3
É insuportável a quantidade de propaganda/Patrocinado que somos obrigados a ver na timeline,5
Está muito difícil para as pequenas empresas que tem o Instagram como uma vitrine com essa baixa entrega. Tenho 173mil seguidores orgânicos conseguidos em 7 anos e minhas publicações mal alcançam 2000. Melhorem isso por favor. Ou quando criarem outra rede social parecida vocês perderão muitos usuários pois todos estão reclamando da mesma coisa. Até com tráfego pago vocês entregam para o mínimo.,5
Lixo a última atualização! Ficou uma confusão tá a cara do Facebook antigo.,1
"Não gostei da mudança no feed, que se assemelha ao app vizinho! Voltem ao normal por favor!!! Não consigo mais deixar o feed sem som, preciso baixar o volume to celular em si, não encontro o botão de mudo! Não consigo mais ter uma visão geral do meu feed, tenho q abrir publicação por publicação. E tenho acesso à publicações de pessoas aleatórias, que nao fazem parte da minha rede de contatos, e cada vez menos tenho acesso às postagens de meus amigos.",5
"Estou odiando ter que ver publicações de quem eu não sigo, todo mundo odeia!",2
"Atualização muito ruim ! 
Você não consegue mais ouvir áudio em outro app enquanto usa o Instagram , aparece um monte de opção de pessoas / empresas pra seguir que não tem nada a ver com o que a gente segue , esse modo tela cheia tá um porre! 
Por favor , deixem como estava , de tanto atualizar o app está ficando péssimo !
Pensando seriamente em não usar mais 👎🏼",1
Essa nova versão é péssima. As fotos em formato de reels ficaram horríveis.,2
"Não gostei, meu Instagram mudou sem eu fazer nada, agora ele está igual o tik tok e com um fundo escuto, eu já instalei novamente, ele volta ao normal, depois muda sozinho de novo, alguém sabe o que está acontecendo?",1
"Está horrível! Se eu quisesse mexer no tik tok eu instalaria ele! Atualização ridícula, só aparece publicação de gente que eu não sigo.",1
Todo dia buscando uma atualização para ver se retiram esse feed horrível 😢,1
"Essa atualização trouxe diversos transtornos, principalmente pra assistir vídeos já que do nada volta pro post anterior.",3
"Estão querendo entrar na “onda” de mais um App do momento e alteraram o layout do Instagram.
Vários erros de som e reprodução ao assistir os vídeos. Fora que pra reproduzir som, é necessário aumentar o volume…
Péssimo!!!",2
"Esse modelo de feed está HORRÍVEL!!! Voltem ao que era antes. O feed em tela cheia, com vários vídeos aparecendo parecendo que estou no reels o tempo inteiro. Afff horrível! Até para organizar o feed está péssimo com esse modo tela cheia",5
"está cada dia pior! 
agora com essa tela maior do vídeo! parece que somos obrigados a ver qualquer video",1
"Todos os reels ficam travando, sai primeiro o som e depois o vídeo, sem sincronização, ta horrível assim",3
"Agora meu feed fica como se fosse tudo vídeo de reels e a tela preta, mas só a tela do feed, pois no perfil e no direct tá normal. Está péssimo!",1
"Com a nova atualização o Instagram virou um “grande reels” no feed que era para aparecer somente o que de fato me interessa e convém agora aparece um monte de post e vídeos de gente que nem sigo e nem tenho interesse de seguir. 
Parece que o estagiário perdeu feeling do negócio 😅",5
"Versão péssima… com bug
Não consigo ouvir o Spotify e vê o instragram. Entro e automaticamente o Spotify para de tocar. Não consigo alterar o modo noturno… 
A visualização  tá desgostosa.",1
"Atualização que tem agora não consigo ver os vídeos sem audio, sempre que entro no Instagram a minha música para e toca o som dos vídeos",1
"Essa nova atualização que deixa o feed no modo escuro, é PÉSSIMA, fico com vertigem e tonta, já reclamei pra deixar em modo claro, mas como quiseram mudar a interface do aplicativo, não mudam. ODIEI e tenho que desinstalar diversas vezes ao dia pra ficar no modo que eu utilizo",1
"meu instagram está com o feed escuro mesmo eu estando com o modo noturno desativado, quando vão corrigir isso? tá horrível!! a imagem tá enorme",2
"Está péssimo! Vejo somente vídeos de Publis. Não tem mais botão de silenciar áudio, modo escuro sempre, tudo abre em vídeo e não vejo mais fotos. Tá ridícula esta última atualização.",1
Horrível da nova atualização não carrega o feed direito o áudio dos vídeos mesmo passando para a próxima publicação não para continua e a nova aparência também ficou péssima parece o TikTok,1
"Eu detestei a nova versão da timeline sendo uma imitação do TikTok, quero meu Instagram normal do jeito que ele era",5
"Pior atualização que já existiu. É obrigado a usar fundo preto no Feed, vc é obrigado a ouvir o áudio do vídeo ou deixar ele pausado, quando escuta um e muda para outro o áudio continua passando de fundo já com outro vídeo. E ficou horroroso o Feed tipo em formato de reel. PESSIMOOOO.",5
Mudaram meu Instagram e ficou horrível . Péssimo,1
"Meu feed ficou escuro depois da ultima atualização, favor atualizar!",1
"Atualização péssima, Instagram fica no modo noturno o tempo todo. E não consigo desativar minha conta, pois a página atualiza e nada acontece. Não recomendo",1
"Não conseguimos nem ver de quem é a publicação, instagram ta chato demais",1
"Que atualização é essa? Só aparece vídeo no feed, não aparecem mais fotos, e o som do vídeos está sempre ligado, não é possível deixar no silencioso. Sem falar que é obrigatório aceitar o rastreamento do uso pelo app para poder utilizá-lo.",1
"Horrível esse modo imersivo que você não sabe quando começa ou termina nada, sem opção de cortar som ou ativá-lo, cada vez pior 🤦🏻‍♀️",1
Uma ótima ferramenta para se conectar e empreender,5
"Layout do feed tá esquisito de horrível, parece o reels, sem contar que o botão de salvar “sumiu”, agora tem que ficar clicando nos três pontinhos pra só depois clicar na opção de salvar, e os videos estão bugados, direto o som do video sai mesmo que esteja pausado (???)
Quem foi o gênio que teve a brilhante ideia de estragar isso?
Volta do jeito que era antes!",1
"esse app é mt bom!!Mas eu não consigo responder uma mensagem específica,ja atualizei varias vezes e não consegui :/ como posso resolver isso ?",5
"Meu Instagram está em modo escuro apenas na tela principal, meu feed e direct permanecem em modo Claro. Mostrando somente videos ao invés de mostrar as publicações.",1
"Essa nova atualização ta um cocô, horrível de rolar o feed, nao sei o que video o que é foto. da nem vontade de usar!",1
Não gostei da nova atualização que parece o tiktok.,5
"meu chat está horrível, as mensagens nn vão e nao recebo tbm",1
"Não gostei da ultima atualização pois o app mostra a linha de publicação somente em fomato de videos (como se tivesse na aba do reels ) 
E pior você não visualiza fotos somente videos , e ainda mais quando você pula para o próximo fica reproduzindo a musica do video anterior em cima da musica do video atual cheio de bugs )",2
"A cada melhoria, vocês só pioram. meu feed tá modo escuro e eu perfil modo claro. quero tudo modo claro.",1
"Esse feed gigante tá uma desgraça, sem contar que meu direct não funciona, fica aparecendo pessoas que não sigo na desgraça do meu feed também",5
"Essa última versão ficou muito ruim!
Não consigo mudar a página inicial para branca nem colocando o tema do iPhone como light, não tem botão de ligar e desligar o som dos posts e a questão de não conseguir ter o controle da tela nos feeds me deixa com a impressão que agora tudo é reels. Sem contar o número de propagandas e de sugestões de páginas que não sigo.
Péssimo péssimo péssimo péssimo péssimo péssimo péssimo…",1
"Atualização de lixo, meu Deus.",1
A nova atualização fez o Instagram ficar igual o aplicativo vizinho. Não gostei,2
Pq eu n consigo responder mensagens ? Meu cllr está atualizado mas mesmo assim eu n consigo de modo algum,5
"Essa mudança na maneira de visualização do Feed está muito chata. Ela te prende muito na rolagem do feed e vc acaba enjoando de usar o app.
Não consigo mais usar por 2 minutos o Instagram e fecho o aplicativo. Péssima mudança! Já tentei de tudo para retornar ao modo de visualização antigo.",1
"Instagram usou alguns perfis para testes, e o meu infelizmente foi um deles, parece tudo um infinito reels, ta com fundo escuro, não tenho mais vontade de usar o aplicativo !",1
"Minhas conversas no dd sumiram, msg com menos de 3 hrs n aparecem e toda vez q atualizo a pagina do insta notifica mensagens q eu ja visualizei",2
"Meu instagram ficou todo preto, desinstalei e voltou ao normal, porém, horas depois voltou a ficar preto, já fiz esse procedimento 4 vezes e sempre volta, o que fazer ?",1
"O meu está ficando com a tela escura. Não sei se é alguma atualização, mas estou odiando… Eu desinstalo e reinstalo, aí volta a versão normal, mas dura poucos minutos e fica escura novamente. Aff",2
Essa nova atualização é péssima!,1
minha conta principal eu não consigo curtir o story e na outra conta eu consigo,2
"Espero que nessa nova versão, a comunicação com o Instagram seja melhor e às reclamações de contas invadidas sejam melhor avaliadas, pois tive minha conta hackeada, fiz selfie de vídeo e mesmo assim, não recuperei a conta, que agora é @sissi.vieiraah , diferente do que eu havida criado. Apesar te ter todas as minhas fotos lá, algumas iguais a da minha conta nova, não consigo provar que eu sou eu. Lamentável.",3
Não tô conseguindo mexer no meu Instagram que só da erro,1
"Mostra páginas que a pessoa não segue, isso está cada vez pior eu estou odiando!",2
"Que atualização horrível cara, meu Deus. Da até desgosto de usar esta rede social…. Meu Jesus. Voltem para o que era antes pq isso está horrendo",1
Poder de escolha!!! Eu quero de volta meu Instagram como fundo claro. E o botão de tirar o áudio do reels sumiu.,5
"Não gostei desse novo jeito que ficou o feed na tela tentando se aproximar do tiktok, me sinto sufocada com as informações, terrível, quero meu feed de volta 😓",5
Quero o layout anterior de volta… esse estilo tiktok está péssimo…,1
Essa nova versão tá péssima! Meu insta tá parecendo Tiktok. Horrível sem contar os vários bugs de áudio de vídeo sobrepondo outro.,2
"Essa ultima atualização que deixa a tela cheia é horrível. 
Isso nao ficou bom pro Instagram, deveria de ter a opção de querer usar ou não.",3
"O feed estilo tik tok, mais anúncio do que tudo é ainda deixaram tudo preto e eu odeio a tela preta! 
Parem de ficar inventando moda.",1
"Nova atualização do Feed está horrível, só vejo publicações sugeridas, de quem sigo está difícil! 

Existe aba para ver essas sugeridas, portanto deixe-as lá!",1
"Detestei o modo tela cheia, quero voltar ao modo tradicional e não consigo 😡",1
Excesso de patrocinados e indicações de perfis pra seguir. Um monte de perfil estranho no feed. Muito poluído.,1
"Não gostei da nova atualização da versão Dark, quero retornar a versão anterior, tentei via configuração do IOS e não deu certo…",2
"Quero voltar ao feed normal e não consigo, a atualização do Instagram que incluiu imersão do feed é muito ruim",1
"No iOS o modo escuro do Instagram continua bugado. Meu celular todo está em modo claro é somente 1 das minhas contas do Instagram está com o feed escuro, sem possibilidade de ajuste. Vão arrumar quando?",1
"Essa última atualização ficou péssima, a tela inicial ficou preta e não consigo reverter pois meu IOS já está no modo claro! Vou desinstalar de tanto que odiei!",5
"Estou odiando essa versão, meu feed ficou dark sozinho e não sai mais",1
"Por favor voltem a versão antiga, a nova muito confusa não dá gosto mais de ficar no insta",1
"Péssimo, essa última atualização está me dando nos nervos, tudo escuro, não dá pra ler as legendas, detestei, por esse motivo diminuí muito minhas vizualizações",1
"Não gostei dessa nova atualização onde a tela fica toda preta e ao arrastar pra ver o feed abre todas as publicações na tela inteira, e ainda mais q não tem mais a opção de deixar o vídeo silencioso e sim controlar no celular, não gostei e já não uso com a mesma frequência de antes",1
Péssima atualização. Para que pensar ou tentar imitar outros apps?! Para quê???? Mantenha a própria identidade e fidelidade de quem optou e sempre utilizou este app.,1
"Nova interface horrível, sem contar que não consigo mudar o tema que está escuro. 
Quando melhor aumento a avaliação.",1
"Odiei essa atualização, me obriga usar modo escuro, parece que estou sempre no reels. Já não utilizo mais o Instagram como antes… perdi totalmente a vontade de navegar no feed que ficou péssimo, fora que não mostra as atualizações de quem sigo só sugestões pior ainda….",1
"Instagram, eu amo você, a gente sempre se deu bem, mas essas coisinhas que você inventou agora tá acabando com nosso relacionamento…
* Baixar volume pelo aparelho?! Quem ouve música de fundo, tem que ouvir uma coisa ou outra.
* Praticamente só tem propaganda e vídeos aleatórios, por que a galera deixou de postar. nem conheço mais meus amigos
* Cada bug infeliz no meio dos vídeos, você tá vendo um vídeo, depois o áudio volta do começo junto com o áudio atual…

Bicho, na boa, retroceder não é vergonhoso… esquece essas novidades e finge que não aconteceu… aí a gente volta a se amar 
novamente…",5
Muitas atualizações que não estão disponíveis pra mim,3
"Colocaram uma atualiza péssima, não aparece fotos de amigos que postou algo, não consigo tirar o som dos vídeos, não consigo rolar para ver o feed, está péssima, deixem como estava 🤦🏽‍♀️🤦🏽‍♀️🤦🏽‍♀️",1
"A ultima atualização deixou o funda tela preta e só consigo ver um storie por vez! Péssimo!!! Cansa a vista, desistimulam a utilizar o app!",1
Tá horrível essa atualização. Tá parecendo o TikTok. Horrível!,1
instagram por favor PARE de tentar ser tiktok eu não aguento mais,1
A pior atualização q já vi.,1
"A atualização do app deixou o feed horrível! Se eu quisesse daquele jeito, iria para o Tiktok! E o pior é que, dentre meus conhecidos, só o meu Instagram está desse jeito!!! 🤬",2
Não gostei dessa nova atualizaçao para ficar semelhante ao App vizinho,1
Voltem com o feed original do Instagram por favor. Esse feed de imitação do tiktok não tá dando não. Tô usando cada vez menos,1
"Pessoal, porque retiraram a opção de ativar e desativar o áudio, ficou ruim de mais assim, tenho que aumentar e diminuir volume se quiser ativar ou desativar o som, quando era imensamente mais prático apenas tocar na tela. Outra coisa, parem de querer ser o TikTok.",2
Últimas atualizações estão cada vez pior!,1
O app ficou muito ruim depois dessa atualização. Não consigo tirar do modo black!! Péssimooo,1
"Atualização lixo, odiei! Feed ficou horrível não dá pra ver fotos de quem segue direito, feed escuro e não tem como mudar péssimooo demais, voltem com o insta normal básico e pratico PELO AMOR DE DEUS, querem tornar o Instagram igual o tik tok muito ruim!",1
"A cada atualização, fica pior… está na hora de ter outro concorrente!",1
"Desde quando atualizei o aparelho meu feed está em modo escuro e não consigo fazê-lo voltar ao normal, não gostei da nova atualização.",1
"Odiei kkk tá cheio de bug e não pode mais pré visualizar as mensagens do direct 
VOLTA AO QUE ERA ANTES TAVA PERFEITO 
Não quero que seja que nem a rede vizinha 
O insta tava perfeito do jeito que tava antes",2
Depois das recentes atualizações o Instagram alterou o formato das fotos do álbum das publicações para o formato Reels. Está péssimo!!! Ocupam muito tamanho e ficam esticadas. Antes tinham um formato menor e eram mais organizadas. Arrumem isso por favor.,2
"O feed está horrível!!! Não aparece publicações de quem eu realmente sigo, tudo em tela cheia parecendo tik tok. Não dá mais vontade de entrar nesse app",1
"A atualização do Instagram desta semana está totalmente com a tela preta, peço com urgência que solucionem meu problema.",1
Não gostei do modo obrigatório da tela escura na atualização do Instagram. Não tem opção para deixar no modo claro. E ninguém resolve esse problema. Já mandei várias mensagens pra diretriz da App e até agora nada. Meu aparelho é iPhone 7 Plus,5
"Ficou muito ruim essa atualização, se eu quisesse ver apenas reels, instalava o TikTok. Acabaram com a graça do Instagram. Adeus Instagram...",1
"Eu odiei essa atualização em que a tela de fundo fica toda preta e só aparece reels praticamente, horrível! E o pior que eu não consigo voltar pra atualização antiga, aparentemente algumas pessoas só tiveram essa atualização automaticamente! Só que é PÉSSIMA. Não dá nem vontade de usar o Instagram mais.",1
"A atualização recente é horrorosa. Não tem como assistir vídeos no mute sem precisar abaixar o volume nas teclas. Se clicar no vídeo para mutar (como antigamente), o vídeo pausa. As fotos do feed ficam grandes desnecessariamente, escondendo a legenda. A posição do nome de quem postou ficou péssima. Tudo ficou péssimo. Absolutamente nada de positivo nessa atualização. Não vejo meu feed já dias por conta disso. Eu entro todo dia torcendo para voltar ao “normal”. Quando eu vejo que ainda não voltou, eu simplesmente fecho o app.",1
"Eu não consigo responder as pessoas na mesma mensagem, ou deixar uma reação nas mensagens do direct",1
Essa atualização com fundo preto está horrível.,1
"Modo escuro, visualizações estranhas, o que aconteceu com essa atualização de junho de 2022 ??? P",1
Quando clico no + e boto na opção do story a câmera não funciona. Meu iPhone é o 13 pro. Esse aplicativo já prestou…,1
"Pelo amor de Deus, se eu quiser ver vídeo fico no TikTok. Gostava da paz das fotos sem muita informação! Alguém cria outro App pf",1
O meu não tá pegando os efeitos e toda hora tenho que ficar instalando e desinstalando para poder tirar foto,5
"Não consigo logar pois aparece a mensagem: Ocorreu um erro com a sua solicitação.
Alguém sabe o que pode ser?",1
A cada atualização conseguem piorar o aplicativo!,1
"Não gostei da atualização que tira a possibilidade de voltar um reels a grade de perfil, tirando minha autonomia de decidir o que quero no perfil a hora que eu quiser. Por favor retomem com essa opção.",1
A tela principal está preta e não consigo usar os filtro da erro.,1
"pelo amor de deus, volta c o instagram normal… essa atualização ta péssima",1
"Layout horrível!!! Da vontade de nem entrar mais no Instagram, voltem com o de antes!!",1
Não consigo mais colocar efeito nenhum pois diz que meu celular não suporta,1
"Na nova atualização o feed está parecendo o tik tok, se as pessoas quisessem experiência de tik tok era só baixar o tik tok.",1
"Na última atualização a visualização do feed ficou péssima. Muito poluído visualmente, muita propaganda e difícil de ver a legenda e horário da postagem",1
"Insta era uns dos meus apps favoritos, mas não sei o que tá acontecendo que ao invés de melhorar só piora",1
Aonde fica pra mudar de cor? Está preto gostaria que voltasse para o branco.,5
"Meus efeitos saíram novamente , já apaguei o aplicativo e instalei novamente e nada 😭😭😭😭",1
"Instagran, nao tire a essencia que sempre tiveram, do visual, tire essa atualizacao ridicula de parecer o tik tok, visual ficou muito ruim!",5
não carrega os efeitos,1
Prefiro o layout antigo das publicações,5
"Esse App está péssimo, melhorem isso logo está horrível",1
"A câmera sumiu, os filtros tb… uooor",1
Desde ontem não estou mais conseguindo fazer novos stories. E não estou conseguindo resolver isso. Se o suporte puder me ajudar com isto agradeço.,5
"Quero meu feed de volta.
Essa atualização deixa uma visão sufocada 
Vou deixar de usar o Instagram",1
Péssimo quero o antigo urgente,1
"Desde que troquei para o iPhone 13, o Instagram tem bugs e fica com com os efeitos indisponíveis!",1
Detestei essa última atualização. Sei não explicar de como ficou ruim. Ficou péssima!!!!,1
"Os filtros sumiram. Não consigo utilizar, mesmo recebendo algum filtro por direct, ele não funciona. Não dá pra usar nenhum.",1
"Nao sei o que aconteceu, mas agora nao posso mais fazer um storie direto da camera do app, tenho que fazer na camera do cel e depois postar!",4
"Depois da atualização fiquei sem acesso a câmera , efeitos dos storys. Todo bugado",1
"Não gostei, quero que volte ao normal!",1
"Novo formato do feed está horrível. Parece que estou eternamente no reels.
Não fica bem sincronizado com fotos e vídeos.
Perdeu a fluidez do Feed.",1
"Só aparece as fotos da galeria, não consigo gravar stories a câmera sumiu.",1
"meus efeitos não estão indo, depois que atualizei",2
"A última atualizado deixou meu feed com a tela preta. 
Nada que eu faça, volta. Meu aparelho é o iPhone 7.",5
Ultimamente o Instagram está apresentando algum tipo de Bug semanalmente.,5
"Atualizei e agora não consigo publicar stores. 
Aparece somente minhas fotos da galeria pra publicar.",5
Os stories em forma de vídeo aparecem normal na visualização e quando publico ficam de ponta cabeça…,2
O feed e reels estão pretos e com zoom. Ajeita isso!,5
"Uma cópia ruim do TikTok, feed péssimo, retorno de quem trabalha com a plataforma péssimo tbm pq não entrega. Se a pessoa quisesse usar apenas TikTok, não teria mais Instagram. Ao invés de melhorar, vcs copiam uma conta que já existe, onde já se viu",1
"Toda atualização agora vem com um bug. A última é que quando coloco para inserir um story, não aparece a opção de tirar foto ou gravar, só a de colocar uma foto já existente na galeria do celular.",1
"Muito ruim o novo feed, as publicações aparecem muito grande como se tivesse clicado em algum vídeo, os comentários estão muito ruim para visualizar.",5
Após atualização (péssima) o traduzir não está funcionando.,3
"Essas atualizações estão horríveis, mais complicadas, tem pessoas idosas que também usam o aplicativo, vocês não pensam? A dificuldade esta grande para mecher",2
"Péssimo, não consigo utilizar a opção de traduzir algum comentário, horrível",1
"Se eu quisesse usar o tik teko, eu baixava. 
A cada atualização o ig vai perdendo sua essência.",1
"Nova versão está péssima, pois o feed ficou parecendo o reels, parando em todas as publicações, não dá pra ler informações nas fotos pois ficam coberta por informações do usuário que a postou, como legendas etc.",5
"O que aconteceu que depois da ultima atualização a câmera sumiu do meu story, simplesmente ela sumiu e não tem como fazer mais nada.",2
Odiei a nova atualização que é parecido com TikTok. Se eu quisesse um layout do tiktok eu estaria na outra rede social. O Instagram tem outros propósitos.,1
"Instagram ficou com o feed com o fundo preto, várias correções de erros e nada de mudar porém é só a tela do feed toda preta e sem ter a opção de mudar",1
Minha tela ficou preta e mudou o formato das fotos,1
"Essa atualização nova está horrível, se eu quisesse o feed igual do tiktok, usaria o tiktok",1
"Não sei o que acontece com esse app … estava com problemas nos filtros , o insta profissional nao carregava os filtros e agora que atualizei , não aparece pra gravar stories !!!! Gente pelo amor de Deus .. esse app tá péssimo pra trabalhar",1
Está horrível esse novo modo prefiro a tela branca,1
"Meus filtros sumiram e agora não tenho espaço da câmera pra gravar um storie
O que tá acontecendo ?",1
Atualização recente do feed é péssima.,5
Não está aparecendo nenhum filtro,1
Eu gostaria de saber o motivo pq meus filtros não estão mais carregando,2
"Atualização péssima, além se ser ruim de rolar o feed, não consigo salvar o post em varias pastas de salvos e também não consigo parar o som clicando na tela ou no ícone de auto-falante. Literalmente, a atualização não tem uma vantagem sequer, e quanto mais vc mexe, mais desvantagens vc vê.",1
"Todos os dias o Instagram atualiza e continua dando problema, meus filtros não aparecem mais e quando aparece fala que meu celular não suporta, um iPhone 11 😤",5
"A atualização mais recente do app resultou em bug no story. Quando abro o recurso para fazer uma publicação ele não me dá a opção de usar a câmera , apenas fotos do álbum",3
Não mostra a câmera quando abre pra fazer story,5
Usar o Instagram está péssimo no iPhone 12 pois não está sendo possível usar os filtros a informação que não está disponível para o dispositivo.,1
"Começou hoje cedo, assim que abro ele fecha sozinho. iPhone 6s 
Não consigo acessar o Instagram pelo meu celular, já tentei reinstalar e etc.",1
"Voltem com o fedd antigo, esse feed novo ficou horrível.",1
"Vocês desativaram meu Instagram @ariibeey por conta de besteira pq eu sigo todas as normas e diretrizes do Instagram. Eu quero a solicitação da ativação da minha conta urgente, eu quero logo. Não tem necessidade de vocês desativaram minha conta dessa maneira. E o Facebook não me responde as perguntas que vocês mandam automaticamente. Eu quero a minha conta URGENTE !!!!!",1
"Após a atualização não consigo fazer stories, a câmera não está aparecendo somente as Fotos que já tenho na galeria",5
"Após a ultima atualização, câmera não abre nos stories, e stories repetidos, além de ícones de funções sumindo dentro do app. (iPhone 11 pro)",1
Eles tiram o nosso engajamento atoa e mesmo reclamando isso só vem piorando . É uma pena!,2
"A pessoa que gosta do modo noturno tem a opção de colocar ele! E quem não gosta agora é obrigado a ter???
Não quero meu instagram preto, isso ataca minha labirintite! Só vou voltar pra lá quando voltar ao normal.",1
Horrível nada tá funcionando estou chateado,1
Seria melhor trocar de lugar a “aba” de mensagens com a se curtidas. E a parte inicial como era antes,1
Meu deus esse novo feed é mto ruim volta o antigo por favor,1
Não posso ficar na versão antiga? Meio irritante ser obrigada a ver vídeos apenas!,1
Do nada meus filtros do Instagram sumiram e não querem voltar já atualizei removi instalei novamente mandei relatório e nada,1
Horrível! Volta pro anterior urgente.,5
Tá mt ruim essa atualização n da pra ver nd direito acho melhor do outro jeito 🫠,1
Essa última atualização ficou horrível com esse feed escuro e esse novo modo de visualização. Não mudem o que já está bom.,1
"Tudo q posto atualmente fica flopadissimo, e o conteudo do feed virou só video e de tudo quanto é coisa aleatória, exceto conteúdo dos meus conhecidos, perdi o interesse em continuar nessa rede. Simplesmente perderam a noção q o q fez as pessoas irem p essa rede social, era por ela ser exclusiva de fotos.",1
"Depois do último update, não consigo criar stories pois não abre minha câmera. Só abre às imagens da galeria. Arrumem isso.",2
"Voltem com o formato de feed anterior, está péssima essa aparecia do app tiktok no Instagram, nenhuma vontade de utilizar após a ultima atualização.",5
Os filtros não estão funcionando,2
"Não gostei da átualizacao! Não consigo recuperar os excluídos recente, não aparece lá… e as coisas que aparecem, não tem como recuperar!",1
"Quanto mais atualizam tentando corrigir bug, mais bug aparece, especialmente em relação aos stories.",1
"Atualização péssima! Tá parecendo o tiktok, sou obrigada a ver todos os vídeos pra rolar o feed!",1
MINHA TIMELINE VIROU REELS! ESTÁ HORRÍVEL! TRAGAM DE VOLTA A ANTIGA TIMELINE PORQUE ESTÁ PÉSSIMO MEXER NESSE APLICATIVO.,2
"Gente que atualizacao foi essa? Os vídeos tomam conta da tela, e já abrem com volume. A interação ficou péssima!",1
Essa atualização do feed ficou horrível,1
n tá pegando efeitos!!!,2
"Atualização horrorosa. O feed tá muito ruim de ver. Está querendo ficar igual tik tok e está desagradando todo mundo. Sinceramente, vou deixar de usar e esperar uma atualização que corrija isso.",1
"Última atualização responsiva está péssima, terrível, igual ou pior ao tiktok. Credo!",5
Não consigo usar filtro no meus sofreis,1
"Versao do 15.5 do ios, sem carregar feed.",1
Arruma esse feed pelo amor de Deus,1
desativei minha conta temporariamente e não consigo ativar ela de novo,1
"Eu desativei minha conta temporariamente alguns meses atrás, e agora estou tentando reativar e não estou conseguindo.
Na hora de acessar dar erro de solicitação.
Chega um código no meu e-mail porém. Ao aparece o campo para colocar o código. Pode me ajudar",5
Não consigo gravar story ou reels e não arrumam,1
"Não consigo mais fazer login na minha conta, já tentei de várias maneiras e nada.",1
"Horrível, estou a 4 dias tentado acessar minha conta e só aparece a mensagem ""Ocorreu um problema com sua solicitação"" e não tem suporte nenhum pra resolver esse problema....",1
"Simplesmente eu e várias pessoas n conseguimos mais reativar nossa conta, corrigem isso",1
A tela inicial do meu Instagram está no modo escuro e o restante do app está normal. Quero que a tela inicial volte ao normal sem estar no modo escuro. Os outros apps estão normais (sem ser no modo escuro),1
"Com a alteração do feed conseguiram transformar um aplicativo espetacular em uma cópia barata do tik tok. Meus parabéns, ficou horrível.",1
"Esse fundo preto está horrível para uso do App, está forçando muito as vista .",4
"Eu exclui e baixei de novo, só assim consegui fugir dessa atualização ridícula em que fica uma parte preta e outra branca, e vira uma verdadeira cópia do outro aplicativo... #ficaadica",3
Minha conta foi desativada e eu não consegui recuperar . Gostaria de ter ela novamente . Como faço ?,1
"@coelhoo_88 esqueci minha senha, e não estou conseguindo trocar e nem logar, já recebi SMS no meu número que está cadastrado, já fiz a solicitação pra receber o e-mail e fazer a troca da senha, mas até agora não obtive resposta.",1
Tá ficando em modo escuro sem eu solicitar. Configuração do iPhone está normal.,1
"Está horrível o App, fundo está preto e não tem opção de trocar isso.  No feed só aparece vídeos 🙄 tá parecendo o TikTok.",1
"Meu Instagram não esta abrindo mais, eu exclui a conta e agora quero manter, mas não ta aceitando de jeito nenhum.",1
Volta anterior que tá melhor,2
"Não consigo recuperar minha conta, nem mesmo com a ajuda de suporte. Tento criar nova senha, gravo o vídeo pra provar que sou eu e simplesmente não funciona. Triste.",2
"O problema nao foi a atualização de layout, mas sim a tela de início esta escura. E o Feed normal branco
E eu nao consegui tirar ainda a tela escura do início",1
"Então meu querido QUE Q TÁ ACONTECENDO??? O feed virou T1k T0k???
Farei uma greve até vocês voltar com o feed normalmente.",4
"O app não te auxilia em caso de problema, não há nenhum canal direto de atendimento ao consumidor.",1
"Não consigo ativar meu Instagram, todos os códigos de verificações que chegam dão erro quando digitam!!! No reclame aqui tem várias reclamações falando a mesma coisa! Nos ajudem a resolver!!!",1
"Tenho conta cristina.costa.7587, apesar de ter acesso mail de recuperação, Facebook, mudar senha, todas as vezes que tento acessar conta fala pra mim pedir ajuda e não passa daquela página de ajuda, até porque nenhuma das opções eu preciso, pois todas as opções eu tenho acesso, por favor tenho fotos importantes nessa conta!",5
"Aplicativo só pode estar tirando com minha cara, estou a horas tentando entrar novamente na minha conta
que por motivos pessoais tive que desativar, e não consigo, faço o processo do vídeo diz que é impossível enviar, coloco todos os códigos enviados por e-mail e SMS e não consigo.
Exijo que tenha uma resposta rápida sobre o acontecido, estou perdendo tempo pois o Instagram é minha ferramenta de trabalho.
Fico no aguardo sobre o retorno.",1
"Não consigo fazer login, e nem tenho resposta do suporte do Instagram.",1
"Estou muito insatisfeita com o Instagram, não consigo tirar meu Instagram do modo noturno. Já desinstalei o aplicativo 2 vezes, e não volta ao normal.",1
Desativaram minha conta e não tô conseguindo recuperar me ajudem😭😭😭,1
"Oq é esse feed atualizado ?? Péssimo, confuso, não sei onde começa e onde termina a foto. Tem mais publicações sugerida do que fotos das pessoas q eu sigo. Voltem ao feed normal pelo amor de Deus !!!",1
"O feed ta péssimo, só aparece patrocinado e sugestões, as pessoas que eu sigo mesmo nem tá aparecendo mais. O alcance ta bem ruim. Desanima demais",3
"Essa tentativa de imitar o tik tok não deu muito certo, está realmente muito ruim, 1000x o antigo.",1
"Se pudesse, desatualizaria porque nessa versão em tela cheia não consigo mais ver nada. Mudem isso por favor!",1
"Tela preta, horrível pra ver o feed, essa atualização é um charque",1
"Só vejo post de gente q eu não sigo, post sugestionado ou propaganda. Detesto. Parem de colocar post de gente que eu não sigo no meu feed, o explore e os reels já servem pra isso.",2
"vídeo cm música no iphone finalmente, essa com certeza foi a melhor função até agoraaa❤️❤️",5
Não consigo arrastar pro lado para a parte de mensagens. Tenho que tocar no ícone pra acessar. Ridículo isso.,2
"A atualização não está pegando na minha conta pessoal, só está pegando em minha conta profissão! Está terrível, e já atualizei…",2
"Tenho uma conta comercial e não me parece todas as funções como: avatar, figurinha para colocar nos stories.
Querendo ou não isso é algo que eu perco no engajamentoz. Já na conta pessoal funciona normalmente. Já Desinstalei o aplicativo e nada 🤬",5
Infelizmente o novo formato de feed me fez perder o interesse em utilizar o instagram. Só aparecem vídeos/publicações recomendadas e as das contas que eu sigo não aparecem mais!,1
"O suporte simplesmente não existe. A mais de um mês tendo problemas para acessar minha conta profissional e nenhum tipo de contato que tendo me traz uma resposta. 
Uma vergonha, um lixo de tratamento ao usuário. Com certeza o pior suporte que já tive o desprazer de experienciar.",1
Quando eu faço um boomerang e coloco no modo lento sempre que eu coloco música a música buga junto,3
Atalhos do reels e loja na parte inferior sumiram,2
"A cada atualização o App piora . 
Story indo fora de ordem, os story toda hora repetindo . Um lixo",2
"Os stories que eu vejo não somem, eles ficam lá como se eu não tivesse visto ainda, tá sendo bem estressante",5
Deveria ser mais fácil remover uma conta salva,1
Cada dia que passa os stories apresentam algum tipo de bug. Agora pra ver os stories maia recentes tem que rever todos os antigos. Isso quando o closefriends não fica totalmente fora de ordem.,2
Ficou horrível o deslocamento do botão do direct para a barra inferior. Voltem ele pra onde tava 😡😡,1
"Muitos bugs, pouco alcance",1
Desde que atualizou não consigo mais pegar foto da galeria do celular para usar como capa dos destaques!,5
Corrijam esses stories repetindo todos os anteriores postados até chegar no último que a pessoa postou. Estou silenciando todos os meus contatos até que isso se resolva. Coisa chata.,1
Fica repetindo toda vez os mesmo stories que eu já tinha visto antes,1
Não tô conseguindo entrar na minha conta 😩,1
"As duas últimas atualizações foram péssimas. O feed ficou “grudado” em outros perfis e não tinha mais opção “tradução”.
Esta semana teve outra atualização: consertaram o feed e a tradução voltou a aparecer.
Só que os stories se repetem. Para olhar os stories de qualquer perfil, em vez de aparecerem os últimos, eles iniciam todos das últimas 24h, para depois aparecem os mais recentes.
Resumindo: arrumam uma coisa e estragam outra. Aplicativo continua péssimo. Lamentável!",2
"Versão de atualização horrível ! Ao tentar visualizar stories recentes, ele exibe os stories já visualizados desde o início. Tem que ficar pulando, ate chegar no storie recente/atual.",2
"Acabou de atualizar e tá com os stories bugados. Não importa quantas vezes eu entre neles e veja tudo, quando alguém posta novamente só abre a partir do mais antigo.",1
"PÉSSIMO odiei , só estão tentando copiar o Tik Tok",1
"App está horrível, só aparece post de quem eu não sigo, péssimo, pior versão de todas, feed tenebroso ⚰️",1
Os stories já visualizados retornam para o feed principal de publicações.,2
"Ultima atualização nao abre o story mais recente mostrando todos, desde o inicio, novamente. Péssimo!!!",1
"Nunca a visualização do Instagram foi tão horrenda. As legendas ficam na frente da imagem e quando tem textos nas imagens, quase nunca da pra ler direito. Além disso o formato full screen é péssimo, se eu quiser o tiktok eu entro no original e não na cópia, se o Instagram continuar se afastando de ser o que as pessoas gostam (uma plataforma de IMAGENS), vai acabar que nem o Facebook, abandonado.",1
"Toda atualização tem um bug diferente. Depois dessa uma att, os stories que você ja viu aparece como se não tivessem vistos. Arrumem por favor.",3
A última atualização está horrível o Instagram não zera os stores assisto todos e depois volta tudo novamente como se eu não tivesse visto os stores das pessoas,1
"A atualização causou um bug, mesmo tendo assistido ós stories ele volta para o incio como nao se tivesse visto nenhum… todos os perfis estão assim…",2
"Não dá pra ver o post completo por conta da legenda que fica em cima. Você clica pra tentar ver e não abre, fica a legenda, o ver mais e ver menos em cima.",5
"o meu está dando erro, não consigo salvar story com músicas e nem alterar a capa dos destaques",1
Mensagem após visualizada e não respondida continua mostrando como mensagem não vista.,1
"Não gostei nem um pouco desse novo modo tela cheia, a usabilidade é péssima, fora que não dão uma opção ao usuário de usar ou não, um LIXO. 
Por favor devolvam a minha forma de visualizações do Instagram. 
Mais uma vez, está um LIXO.",1
Não consigo colocar meus ícones no destaques,3
"O aplicativo no meu iPad simplesmente não grava stories em vídeo, nem reels, igtv ou qualquer coisa do tipo… resolvam isso/me ajudem por favor",1
"Essa atualização imitando o tiktok está horrível!! Quando o video tem legenda não da pra ler pq a legenda em comentario fica em cima fora varios outros problemas. Ta sufocante assim, voltem para o feed normal!!! 😭😭",5
"ODEIO ser obrigada a assistir reals! Eu quero que volte os post, com a legenda ABAIXO da foto e não NA foto. Ficou horrível! Quero voltar para a versão antiga, como posso fazer?",1
"Esse novo layout é horrível, além de deixar desagradável a leitura das legendas, pois as mesmas acabam por estarem em cima da imagem, esse novo layout deixa bem claro a falta de criatividade dos designers do Instagram, pois copiaram na cara dura (como tudo o que o instagram faz) o layout de uma famosa rede social vizinha. O layout tira todo o conceito histórico que o Instagram possui e construiu durante os anos. Parabéns, vocês acabaram com essa rede social, ansioso para uma nova que substitua essa!",2
"Cada dia no instagram se vê mais propaganda do que as postagens dos seus seguidores.

Além disso, o layout novo (imitação do tik tok) está péssimo e cheio de bugs.",1
Não consigo de maneira alguma mudar as capas dos destaques.,3
Cada atualização apresenta um bug diferente. O layout de visualização está péssimo. Instagram indo de mal a pior.,1
"Nova timeline horrível! Tem sobra e texto em cima da foto, pra ver a foto por completo precisa dar zoom… Muito ruim também a visualização de pessoas marcadas, curtidas e comentários… Timeline com imagem em tela cheia não ficou bom…",1
A nova versão fica péssima pra ver vídeos com legendas. Você não consegue clicar pra ver somente o vídeo. Tô com vontade de desinstalar!,5
Ficou horrível! Quero o layout de antes. Muito ruim pra ler a legenda e passar as fotos! Péssimo!!!,1
"Se eu pudesse dar zero… Feed poluído, só tem propaganda, legenda impossível de ler, foto escura até a metade. Quem ainda não foi vítima dessa atualização, sugiro NÃO ATUALIZAR. De verdade, me escutem.",1
"Deixaram todas as publicações do feed como se estivéssemos no app vizinho. Não consigo ficar mais 5 min sequer no aplicativo de tão ruim que ficou. Todas as fotos aparecem com uma borda ridícula e sinto falta demais do meu feed branquinho. Gostaria de reverter a atualização, já que inclusive eu sou uma das únicas que está com ele assim. Não sei quem pensou que está seria uma boa ideia, se eu quisesse ter o layout deste jeito, iria direto ao outro aplicativo.",1
Como faço pra liberar as musicas,5
"Não consigo colocar capa nos destaques, não carrega",1
"Atualização péssima com legenda por cima da publicação, você não consegue ler nada.",1
"Que horrível ficou meu insta. Não consigo ler legendas mais, não consigo ver as imagens corretamente, pois a legenda fica subscrita, e esse novo formato não foi nada atrativo para rolar o feed. Enfim, quero meu insta antigo de volta!",5
"Péssima! Totalmente fora do enquadro, as fotos que antes ficavam perfeitamente colocadas no quadrado, agora são colocadas em tela cheia como se fosse vídeo. Pra que isso? Quero a outra versão de voltaaa",1
"Nova atualização bem ruim. Não deixa pausar vídeos, não deixa abrir tela de vídeo, não consigo ver a descrição, não dá pra traduzir sem entrar nos comentários, corta parte da imagem/vídeo com a legenda. Parece um tiktok piorado. Diminui muito a qualidade da experiência no app.",2
A nova atualização tá horrível! Não dar pra ver os vídeos e imagens no formato de antes. As caixinhas de curtir e comentar tão por cima e aínda tem um temporalizador. Os layout tão feios e até causa poluição visual!,1
Precisa explicar?,1
"HORRÍVEL esse novo feed. acabou com a experiência do app nessa tentativa patética de copiar o tico teco. por favor voltem ao feed anterior!!! não da nem pra ver as fotos direito nem as legendas, nada a ver com a proposta do instagram",1
"Instagram ta fazendo de tudo p gente evitar de usar a rede, agora sempre a primeira coisa que aparece no FEED é algum post aleatório de gente que nem sigo, péssimo.",1
O feed novo ficou péssimo. Legenda no meio da foto. Voltem ao anterior. Quem quiser q use o TikTok,5
Não gostei deste teste de layout que o Instagram inventou,3
Love,5
Nova atualização ficou horrível,5
Ficou péssima a visualização do feed. A legenda fica atrapalhando a imagem e não da leitura. Não gostei.,2
A ultima atualização tornou o feed impraticável... horrível...,1
A última atualização ficou péssima. O texto por cima das imagens traz muita dificuldade pra leitura. Ficou parecendo o tiktok e não gosto dessa forma de visualização do conteúdo. Voltem para o formato de antes!,1
Fizeram um fake da minha amiga pra venderem conteúdo adulto fingindo ser ela e ela não consegue denunciar pq o fake bloqueou ela. Ridículo hein.,1
ficou horrível esse novo layout.,1
"Esse negócio de que não pode mais por nada nós destaques (fotos de capa) tirem isso! E ridículo, e eu acho chato pra caramba.",1
"não estou conseguindo editar a capa do destaque do story 
tentei desinstalar e instalar novamente o app e não deu em nada continua a mesma coisa..",3
"Não consigo alterar a capa dos meus destaques, alguém sabe o pq??",1
"Despois da última atualização o layout ficou horrível, parece um tentativa mal fadada de lembrar uma outra plataforma, totalmente sem originalidade.",1
"É legal a inovação, mas gostava mais do antigo formato, deixava a visualização com melhor nitidez. Obrigada",5
"Nova visualização do feed como tela cheia está horrível, sobretudo porque não conseguimos ler a legenda! E não consigo alterar e voltar da forma antiga, poderiam nos da essa opção. Simplesmente não vou mais utilizar o Instagram se não nos derem a opção de ver da maneira antiga o feed.",1
"Meu deus que coisa mais horrenda essa última atualização… As fotos ficam com a margem borrada e o pior, na parte de baixo fica a legenda com um degradê escuro em cima da foto/vídeo. Os cara tão ficando maluco, só pode",1
"When is it going back to the old layout? This new one is annoying, the subtitles are always in front of the picture, we can’t see what’s at the bottom of the picture, specially if there’s something to read. It’s getting on my nerves, and Instagram was my relaxing time! 😭😭",4
A última atualização do Instagram é PÉSSIMA! Simplesmente acabou com a graça do aplicativo. A forma de visualização do feed ficou muito ruim! Odiei. Quero voltar versão antiga.,1
extremamente chateada com a ultima atualização do dia 23/05/22 com o modo de visualização do feed. me deu até vontade de parar de usar o app de tanta tristeza.,1
O feed ficou horrível com a última versão.,1
Ultima atualização o feed virou reels e está péssimo para usar.,1
As postagens aparecem com a borda escura dificultando a leitura de vídeos.,1
Gente o que acontece com tantos bugs num app como Instagram. Os caras ganham uma grana e não tem bons desenvolvedores.,1
Virou um tik tok genérico,1
Com a nova atualização o Instagram ficou horrível,1
Não gostei desse novo layout. Ficou horrível pra ver as postagens,3
"No meu iPad Pro 11 o app não me deixa gravar vídeos nos stories por mais que eu segure o botão pra gravar ele não grava, só tira foto. App atualizado e sistema do iPad tbm.",1
"No novo feed as legendas estão por cima da postagem, está HORRÍVEL!",1
"O feed novo ficou horrível!!! Não parece mais instagram, o que vocês fizeram???? Não da pra ler os textos direito, fica tudo sob a imagem, escuro, as escritas tampam as fotos e vice versa. Não da pra salvar as publicações direto em pastas mais. Não da pra publicar a imagem escolhida no storie. E parace tiktok e não instagram eu gosto do instagram e não do tiktok. VOLTEM COM O FEED ANTIGO e versões anteriores!!!! Nota 0",1
Essa última atualização parece que tô no tiktok!!?? Dá vontade de chorar,3
"Feed tá horrível na atualização, HORRÍVEL 😑 não mostra mais a data da publicação, só as semanas",1
"Essa nova atualização está dificultando muito o uso do aplicativo. Ninguém está gostando, tive que vir avaliar.",1
"A legenda fica sobre a foto ou vídeo, atrapalhando a foto e a legenda dos vídeos",1
"A última atualização ficou horrível o layout, horrível pra ver carrossel de fotos e parece que a entrega do conteúdo caiu mais da metade de uma hora pra outra. Ficou complicado…",5
"a intenção de vcs é que parem de usar o Instagram? perderam totalmente a essência, cagaram pras fotos do feed com aquelas bordas e sombras! saudades de quando valorizavam as fotos, tinha até moldura retrô pq era esse o foco. triste hein, Zuck! 😪",1
"Meu Instagram tá mostrando que está atualizado mas não consigo responder as mensagem específica, continua o antigo ! Era pra ser igual a todos !",1
Perdi muito do meu engajamento e tá tudo péssimo,2
"Nova atualização ficou péssima!!! Feed horrível, ficou escuro, se a foto tiver palavras não dá pra ler, horrível, feio, péssimo!! Melhorem!!!",1
As fotos e vídeos agora estão escuras e com legendas na frente. Mudem isso e deixem como era antes. Está horrível!!,5
"A nova atualização é inoperante e totalmente poluída visualmente. Impossibilitando a utilização do aplicativo, uma vez que os textos foram totalmente tomados pelo tamanho das bordas e imagens. 
Um aplicativo que preze pela sua imagem e pelos seus usuários não deveriam impor ou mesmo propor atualizações desse tipo, mas sim zelar por um aplicativo ágil e econômico",4
Minhas música senão são liberadas.,5
"não gostei do design da atualização do feed, plmds volta com o de antes!!!! 🙄🙄",2
Muito ruim as músicas salvas terem sumido do Ig profissional. Não faz sentido. Atualização com essa melhoria JÁ. E pra ontem!,4
"Não consigo adicionar minha localização no meu perfil profissional, já relatei, e nada -.-",2
"Porq caralhos vcs tiraram a caixinha de sugestãode música meu, como q eu vou gadear agora Instagram??!????",1
Antes conseguia colocar qualquer foto na capa dos stories agora ñ dão essa opção 😢,1
"Este feed em tela cheia imitando o tiktok está horrível, as fotos ficam ruins e o final delas com um esfumado escurecido, deixa a foto horrível. Se eu quisesse um Instagram com jeito de tiktok, eu usaria um tiktok. O reels é chato e agora o feed do Instagram parece a aba dos reels. Ficou péssimo esse layout.",1
achei péssima a nova atualização com o novo layout do feed,2
"Essa última atualização ficou horrível. Muito ruim. Fica tudo junto, não dá para ler a legenda direito, muito poluído. Estou usando menos o app por isso. CAMPANHA PARA VOLTAR AO MODELO ANTIGO!!!",1
"Tudo parece Reels. Legenda dos vídeos cobrem parte da imagem e não consigo ver o vídeo direito. Horrível, tentei voltar a versão anterior e não consigo. Estou usando muito menos. Muito Ruim!",1
"Essa tentativa ridícula de imitar o TikTok só deixou o aplicativo ruim de usar. Se for para imitar o TikTok, melhor deixar de usar o instagram e usar só o TikTok, não faz sentido usar duas coisas iguaisz",1
"Ficou horrível essa versão nova pelo amor de Deus, o jeito de ver o feed está horrivel.",1
"Esse feed novo está horrível! Muito ruim de mexer, deveriam voltar pro layout antigo",1
"Feed horrível, apresentação com parte escura, tudo embolado. Melhor desatualizar!",5
"Não gostei da nova atualização, ficou muito ruim!!!!!",2
"Normalmente me adaptei a todas as mudanças que tiverem pelos anos… mas essa que deixou o feed com a cara de outro aplicativo ficou medíocre!
Desvaloriza imagens e deixou cansativo.
No começo não sentia vontade de abrir e ver meu feed… só imagem sujas com essa sombra medonha!
Como não existe opção de ter a antiga visualização tomei a decisão de simplesmente não olhar mais, reduzir minha frequência de uso e buscar outra alternativa a esse aplicativo.",1
"Mds esse novo feed está horrível, pfvr Instagram mude isso",1
Não gostei dessa última atualização parece que as fotos publicada no feed ficam com uma linha em baixa muito estranho.,3
A última atualização imita o tiktok de uma maneira infeliz. Sinto falta do feed antigo. O feed atual distorce as imagens e ocupa a tela inteira. É feio e menos prazeroso de usar. O único lado bom dela é que talvez finalmente me faça me livrar do vício do instagram.,1
Nossa ficou horrorosa essa nova atualização imitação barata de TikTok,1
essa última atualização tá horrível,1
Gente… o que aconteceu com o aplicativo? A nova versão não está fácil de interagir! Ficou bastante ruim.,2
"Cagaram no app, feed horrível, nem da vontade de entrar mais",1
"A última atualização está péssima. Ficam forçando vc a passar o vídeo, se estiver lendo algum conteúdo já era. Sem falar que p ler o feed e os comentários está horrível. Ahhh e pra mutar o video? Um ícone minúsculo… ta dificil assim concorrer com o tik tok?",3
"what do you have in mind to put caption in front of the photos?  what idiot came up with this idea, and what idiot approved this crap????  it's a lot of visual pollution, I can't read subtitles in videos and photos, all that in front of the photos and videos makes me sick, GET THIS VISUAL POLLUTION OUT OF THE FRONT OF THE MEDIA, worst idea this crap app had.  what's your problem??  you don't think when they launch update???  it's just stupid what they did",1
"VOLTEM AO FORMATO ANTERIOR! 
Essa nova atualização dificulta a visualização das postagens com esse filtro preto mudando o formato original da imagem e legenda por cima da foto/vídeo. Está muito ruim assim!!!!!!",1
"Depois que começaram as publicações sugeridas ficou muito chato usar o app…
Além das propagandas inúmeras que já são chatas, mas entendo… 
Para mim as publicações sugeridas poluem o feed do app, sem contar que alguns temas que não gosto aparecem no meu feed 🥴🥴",1
"Quando a foto tem textos fica impossível de ler com as legendas sobrepostas, o que vocês fizeram ness ultima atualização me afasta do app. MEU DEUS, deem um jeito nisso! Ficou péssimo!",2
"Nova atualização faz com que as fotos fiquem com bordas, como se fosse um vídeo. Achei horrível, feio, tira o destaque da foto.",2
"Por favor tirar, esse app não é tiktok. Quero ver as fotos normalmente.",1
"Namoral mesmo, a nova att tá péssima e com o layout muito ruim, os textos ficam em cima da postagem e faz uma poluição visual grotesca",2
Ficou horrível essa atualização do feed,1
Feed com taxa preta. Imagem cortada! Texto não dar pra ler! Tá horrível,1
"Essa nova atualização do feed querendo copiar o tiktok, ficou horrível.",5
"A nova atualização no feed ficou simplesmente horrenda! Aparecem um monte de fotos das hashtags que sigo, mas não aparece fotos dos meus amigos, tá muito feio o design, reels, fotos e vídeos com um aspecto esfumado e bordas estranhas. Odiei! Voltem à versão anterior.",1
"A nova atualização, está horrível, perdeu totalmente a cara de instagram, tá mais parecido com tiktok, péssimo!",5
Não fico sem!,5
"Queria saber oq é esse ""back"" que ta aparecendo quando vai ver quantos voltaram na foto ou que saiu e tals",5
Achei péssima a atualizar teste da nova apresentação do feed. Quero a versão antiga de volta! Ficou horrível,5
"Essa última atualização ta horrível de ruim. Mal consigo ver a imagem completa do post e tenho que clicar pra ler a legenda, que abre por cima da imagem, ou seja, nada fica completo na visualização, além de ter que dar o scroll do texto por cima da imagem, uma bagunça. Conteúdos incompletos na maneira de visualizar. Experiência ruim.",1
A nova atualização com as legendas acima das publicações ficou ruim. Existem muitas publicações que não são possíveis ler.,1
"Essa nova atualização não tá legal, não carrega os filtros, o feed tá estranho. Arrumem isso logoo",1
O diferencial do app era o espaço para postar fotos. O novo design valoriza a postagem de reels apenas. A vinheta escura com a legenda por cima da publicação ficou péssima,1
"Parem de atualizar o aplicativo está cada vez pior, não consigo acessar meus stories nem filtros, o feed está horrível, qualidade das fotos péssima, parem de transforma o aplicativo em um TikTok, plataforma deixando a desejar. 👎🏻",1
"Essa atualização recente do Instagram tornou mais difícil de ver o conteúdo, de acompanhar e de ler a legenda. Ficou horrível.",2
Péssima atualização,5
"tá péssima!!! volta com o feed normal, de antes, branquinho que separava as publicações, mostrava comentários… agora parece q tem duas abas de reels a estética do carrossel de fotos tá terrível 😞",1
Clico para abrir o aplicativo fica fechando sozinho tá me stressando,1
"Pelo amor de Deus, parem de atualizar, está ficando disfuncional, odiei esse negócio de ficar aparecendo gente que n sigo, a forma que o feed está sendo apresentado agora está horrível. Zero vontade de entrar no insta depois dessa pataquada. Melhorem!",2
"Feed ficou horrivel de visualizar as foto com essa ultima atualizaçao, deixam como antes !",5
"não consigo arrumar, ninguém soluciona o problema",2
Essa nova versao imitando o tik tok ta HORRIVEL DEMAIS Pelo amor de deus voltem ao normal,1
Odiei. Formato do feed está péssimo. As legendas dos posts estão péssimas para ler. Sobre a entrega dos conteúdos nem preciso dizer. Muita coisa horrível. Melhorem.,1
"tudo trava, câmera some, efeito some, some stories de todo mundo, não vejo publicação dos meus amigos só anúncios na página inicial.",5
"Pior atualização já feita, fui sorteado pra ser um dos usuários que estão fazendo uso desse novo layout horrível no feed! As fotos ficam com uma sombra na frente, a legenda fica na frente das fotos, estou aos poucos parando de usar o App!",1
"É péssimo!!!!! Não dá pra ver direito nem a foto, nem a legenda.",1
"Vocês querem imitar o tiktok mas o diferencial do Instagram é o Instagram !!! Mudaram o formato, ta tudo horrível, um desrespeito com quem trabalha, nem só de TIKTOK o mundo vive, existe muito conteúdo bom.",1
Minha conta da muitos erros de interação pelo direct. Não consigo mandar mensagem pra ninguém.,2
"Por onde posso começar…
1. Todas as publicações em formato de reels. Se as fotos foram postadas em um formato quadrado as bordas ficam escuras. Poluição visual total
2. As legendas ficam por cima das imagens e não tem mais a opção de ver tradução.
3. Não é mais possível salvar as publicações em uma coleção específica como antigamente.

Por favor voltem para versão antiga, cheguei ao ponto de mexer no Instagram pelo Safari por não me acostumar",1
"Desde ontem a noite não estou conseguindo acessar minha conta no insta . O mais chato que não recebi nenhuma comunicação sobre qual o motivo . Estou reclamando aqui , pois , pela plataforma não consigo já que nem a opção de suporte fica habilitada.",1
"Está horrível esse feed novo , quero o antigo",1
A atualização do feed é muito desfuncional n consigo traduzir legendas salvar posts tbm ficou menos prático,1
Depois da atualização minhas publicações não estão sendo entregues e olha que os alcance estão todos positivos,1
"Esse novo layout do insta está péssimo, não dá pra ler as legendas direito, o fundo escuro! Perdi até o gosto de ver o feed 😒",1
"Horrível nova atualização , tdu parece reels !!",1
Quero apagar o App do celular sem precisar do computador,1
"Nessa última atualização não ta dando pra mudar a foto da capa dos destaques, não salva.",1
"Alem de feio esta cheio de bugs, os videos não reiniciam ao subir e descer a tela, o botão de “continuar assistindo” aparece em baixo de outros botões e fica impossível clicar, e ficou muuuito ruim a visualização de fotos, o degradê preto no rodapé das fotos estraga as contas profissionais de fotografia.",1
"Pelo amor de Deus tirem essa atualização do feed, ficou horrível o jeito de ver as fotos, parece que estamos no TikTok, nem da pra ler as legendas direito e passar as fotos pro lado também ficou ruim demaaais.",1
"O layout do feed ficou HORRÍVEL! Não dá nem mais vontade de entrar no app, voltem com a versão antiga!",1
"Legenda sobreposta na imagem ficou péssimo. Não da pra ver nem uma coisa nem outra.
Voltem ao layout anterior pelo amor de Deus.",1
"Essa nova forma de apresentar as fotos no feed e na timeline ficou péssima. O texto perde o destaque. A foto fica muito feia com as margens superiores e inferiores automaticamente colocadas pelo Instagram. Não dá vontade de escrever nem publicar mais nada… eu gosto muito do Instagram, uso há muito tempo, nunca vi um layout tão feio! Estou torcendo para vocês voltarem ao layout de fotos de feed anterior.",1
"Como que aprovam uma interface dessa, do que adianta deixar a foto ocupando a tela toda se a foto fica cortada e ainda por cima escurecida 😡😡😡😡😡😡😡",1
"O novo layout é muito confuso, e parece que agora eu vejo mais postagens patrocinadas do que o meu próprio feed.",5
"Instagram atualizou com um layout PÉSSIMO, com as imagens grudadas uma na outra, legenda EM CIMA da imagem/vídeo. Não consigo ler o que tá escrito na imagem nem o que tá na legenda. Da ansiedade mexer nisso. Usabilidade 0",1
"Quem sou eu na fila do pão né!?
Mas essa atualização de layout, literalmente imitando um tiktok do fake, foi a pior atualização da história da plataforma.
A maioria dos meus companheiros de profissão odiaram. Depois do IOS14, vocês estão em queda livre, meu Deus.",1
"A mais ou menos duas semanas o meu Instagram começou a aparecer um bug de oscilação do número de seguidores, em um dia ele está em 19.300 e alguns minutos depois desce pra 19.100 , alguns minutos depois sobre pra 19.200. Isso vem se repetindo , não sei se por esse motivo mas com isso o número de visualizações tem caído , antes meus vídeos batiam 11 mil / 8 mil vizualicoes e hoje custa a bater 1.000. Tem alguns stories que as pessoas comentam e quando vou olhar quem visualizou as pessoas que comentaram n aparece visto. Tudo realmente me leva a crer que é um bug, peço muito que me ajudem a resolver tendo em vista que utilizo o Instagram como ferramenta de trabalho e estou sendo muito prejudicado por esse problema.",1
"Não consigo visualizar os storys de ninguém depois dessa ultima atualização !!!!!! 
Como resolve isso ?????",5
"Essa atualização que permite passar uma foto por vez no feed, sem poder rolar a página é ridícula. Não olhei mais o feed desde que atualizou, parece que querem que as pessoas não olhem mais o App.",1
"Essa atualização de tela cheia é horrível, não precisa imitar a rede vizinha. Eu não estou nela por escolha, justamente por não gostar. Ai vocês vão e fazem ctrl c ctrl v?",1
amo o app mas essa atualização tá péssima,1
ja fiz de tudo e nada dos meus filtros no reels funcionar para eu postar o meu conteúdo digital,5
"Última atualização horrível. 
Podia ter a a opção para voltar para versão antiga.",5
Feed ficou horrível!!! Voltem com o layout antigo! Acabei de excluir minha conta enquanto não voltarem ao que era,1
"A nova atualização está horrível, com as imagens ocupando a tela toda e o botão salvar escondido",1
Esse feed está péssimo. Não conseguimos ler as legendas e o layout é confuso! Voltem ao formato anterior urgente.,1
"Conseguiram destruir tudo que o Instagram conquistou com essa atualização ridícula que deixa tudo parecendo reels, voltem ao normal por favor",5
Não consigo usar esse novo feed que parece os reels. Muito confuso e só me faz querer fechar o app.,1
"O nome do perfil e a legenda, cobrem o conteúdo da foto/vídeo. Além do que o botão de ativar o som, ficou completamente inacessível se você está mexendo no celular com uma mão só.",1
"Nova atualização ficou um lixo, horrível parece até o TikTok.",1
"Desde as últimas duas avaliações, o app tem apresentado os mesmos usuários repetidas vezes. Virou um grande carrossel de 6 a 10 mesmos @! O aplicativo tá ficando extremamente lento, com publicações antigas no feed e nunca nos mostra os nossos melhores amigos, por exemplo, ao invés disso, mostra indicações de recomendações (das quais eu nunca gosto, por sinal).

Tá entregando os posts minimamente, o que é lamentável, além do fato das últimas atualizações não terem chegado pra todos. 

Triste fim!",5
"Péssimo layout novo! Estou detestando! Pouco funcional, pouco intuitivo! Péssimo design! (22 maio de 2022)",5
"Voltem com o feed antigo, são tão preocupados com o sucesso do TikTok que querem fazer tudo igual, mas estão só errando em fazer isso. Um app de fotos que você não consegue nem ver a foto direito, pois a legenda tampa, qual o sentido?",1
"Péssima essa nova atualização 
Se não me derem a possibilidade de mudar ou não mudar vou sair dessa rede social. 

Impossível 
Péssima 
Conteúdo restritivo 
Visualização horrível",5
"Atualização mais recente está péssima, o feed ficou feio, bagunçado, não da pra entender as legendas das publicações, as fotos ficam péssimas. Por favor. Voltem ao que tava antes. 🗣",1
Tá muito ruim as vizualizações tá diminuindo,1
"Ficou horrível essa nova atualização do feed. Mal da pra ver a legenda e sem contar que fica na frente da foto. Caso a foto tenha alguma escrita que coincida com o mesmo lado da legenda você não consegue ver o que tem escrito na imagem. Péssimo, estava muito melhor o feed de antes.",2
"A nossa atualização está péssimo, fotos enormes, ficou péssimo",1
"Atualização terrível, pelo amor de Deus, virou TikTok? Fotos fora de resolução, legendas cobertas, sombras ridículas…",1
Horrível essa nova atualização,5
Essa nova versão é horrível! Querem deixar igual ao tiktok!!!!! 😒😒😒😒,2
"Pelo jeito o Instagram realmente quer acabar com o feed de fotos. Cada vez ficando pior. 

Essa nova versão ficou SIMPLESMENTE PÉSSIMA!

Textos mais longos ficaram horríveis para ler. Algumas informações da foto ficam cortadas. 

Conseguiram estragar o aplicativo, detestei essa nova versão",1
"Normalmente gosto do aplicativo, mas com essa nova atualização estilo TikTok, sem espaço entre os posts, ficou insuportável de navegar. Como faço pra mudar de volta?",1
Pessimo por parte dos feeds arrume ou perderá os usuarios 🤷🏻‍♂️,1
"Gente, essa atualização do Instagram está péssima. É como se eu tivesse no TikTok, porém com fotos. É péssimo para fazer leitura. Coloquem isso como opção, pelo menos. Eu quero o feed anterior 😪",1
Depois da última atualização não consigo postar nada! No suporte não me respondem! Isso é péssimo.,1
"A interface não está tão intuitiva, dificultando a visualização da postagem no feed, pois para ler a legenda, temos que usar uma opção que vai para cima da tela, e também quando queremos olhar as postagens, temos que usar dois dedos para ampliar. 
Não gostei desta última atualização.",1
"Visual e navegação estranhos! Textos de legendas se sobrepondo aos conteúdos de postagem! Enfim, pra ficar ruim tem que melhorar muito agora!",1
"A nova forma de ver o feed ficou um lixo, não sei como consegue estragar algo que era bom. Pior é quem aprova um projeto/ideia dessas.",1
"Estou com com problema para postar fotos, eu enquadro a foto certinha e quando ela vai p feed, ela corta em baixo, e sempre corta os pés,  e tb meus filtros sumiram, não consigo mais usar tem dias, já desinstalei varias vezes o app e não volta.",3
Não gostei da nova versão. Difícil até ler as legendas.,1
"Mudaram o feed, as legendas estão sobrepostas as fotos. Ficou horrível! Peço que voltem para a forma anterior. 
Ficou péssimo!",1
"O instagram está morto. Já foi uma rede social muito bacana, inovadora, legal, mas a eles tentam se tornar outros aplicativos, tentaram se tornar o snapchat colocando os stories e agora a timeline está IDÊNTICA ao Tiktok. O aplicativo perdeu a identidade, perdeu a essência. Vou parar de usar porque simplesmente está muito ruim, vocês não melhoram com o tempo, pioram e MUITO!",2
Que atualização é essa em pelo amor de Deus?????,5
A nova atualização do feed ficou horrível. Deixem como era antigamente,2
"tá ruim, tá estranho, tentou copiar a plataforma vizinha e não foram tão felizes assim",1
A última atualizado é um horror. A nova forma de visualizar as legendas e mensagens das publicações não é prática nem funcional. Cansa e irrita. Sugiro que os desenvolvedores repensem isso e retornem à funcionalidade e design anteriores a essa atualização.,5
"Essa nova atualização ficou péssimo,a visualização da imagem ou vídeo ficou horrivel de se ver.",1
"Essa última atualização de deixar a imagem do feed com um fundo e todas essas outras diferenças deixou péssimo, antes estava bem melhor.",1
"Ficou péssimo esse novo layout, imitando o Tik Tok. Desfigurou totalmente as postagens. Errou feio, errou rude. IG reduzido à uma versão beta e ruim do Tik Tok.",1
"Esta péssimo a ultima versão, feed muito poluido de anúncios e sugestões, ao arrastar pra cima ativa o áudio que ficou em cima, o desenvolvedor acabou com a identidade do Instagram, nao queira ser tik tok, as vzs menos é mais!! Estou vendo indo para o mesmo caminho do Facebook com a tela muito poluida.",1
"Da agonia, time line travada, legenda por cima de foto, horrível.",1
Achei que sobrescrever a imagem/vídeo com a legenda deixa a imagem/video ruim de ser visualizada.,5
Detestei a última atualização que parece q está vendo reels!! Nao da pra ler sem clicar em cima os comentários. Dificultou a visualização!!,3
"QUERO MEU LAYOUT ANTIGO DE VOLTA, E DE AGORA ESTÁ PÉSSIMO NÃO CONSIGO USAR A PLATAFORMA",1
"Não gostei da ultima atualização, era mais bonito o antigo design do feed, e não tem como mais salva foto.",3
"Quero fazer uma reclamação sobre a nova atualização do Instagram Utilizo a plataforma desde 2011 vi todas as mudanças até então, essa foi a pior disparada, tenho que dar zoom na foto pra tirar aquela sobra preta na parte de baixo do post .Tá uma droga vc não consegue compartilhar, comentar, só se for reels, vc clica em cima e não consegue entrar na foto pra comentar, já cliquei, joguei para o lado e não vai só na postagem do reels, ainda tem que tiraram a opção de Adicionar foto do feed já postada, nos storys, só dar pra fazer isso se for reels, está péssimo. Pareço está sufocada, passei até a usar menos o insta! No meu perfil tem essa nova atualização do feed mais já no outro não tem. Queria poder desativar essa nova atualização!",1
"uma mistura de storys com os reels, muita poluição visual. Não sei como alguém olhou pra isso aprovou e quis levar para frente",1
O feed tá um c… cagan…,1
"A atualização recente, está muito ruim peço que voltem para a versão anterior!!",1
"Essa nova atualização 235 deixou o insta horrível agr a legenda da foto fica na frente da imagem e n sai , ai pra ler textos em fotos nas páginas tá impossível",2
"ajeitem isso pelo amor de deus, ta impossível de trabalhar!!!",1
"O Instagram me broqueou de seguir pessoas, já relatei o problema mas eles não resolvem nunca!!!",1
Esta última atualização deixou o feed completamente horrível e parecendo o reels deixou o Instagram completamente descaracterizado a única vantagem é que eu não passo mais tanto tempo no Instagram pq da vontade de sair assim que eu entro,5
Odiei a nova atualização em que as fotos do feed ficam com uma borda horrível. Voltem a atualização anterior!,1
"a ferramenta de colocar música nos stories funciona, no entanto, só aparece músicas desconhecidas e quando pesquisa alguma música ela simplesmente não aparece, isso tá só na minha conta principal, em minha conta secundária funciona perfeitamente, não entendo. Por favor, resolvam",3
"Essa atualização ficou péssima. Feed poluído e ruim de entender. Parece que tá tudo junto, legenda ficou horrível de ver e o pior de tudo, só aparece coisas de quem não sigo. Parabéns, nota zero!!!",1
"ridículo deixar tudo colado, atrapalhando detalhes das fotos e não permitindo ver a legenda e os comentários! voltem ao que era!",1
"Depois dessa última atualização o feed ta péssimo, ficou parecido com o Reels",5
Última atualização ficou horrível. Péssima experiência de rolagem do feed.,1
"🤡 agora o feed parece um amontoado de prints de stories. 
Legende em cima da foto. 
Não tem como ler a legenda inteira, ela fica sobre a imagem e com uma janela de abertura minúscula.

Printar as publicações para salvá-las, ficou inviável. 

Acabou com o senso de espaço negativo e margens das publicações.

Horrível.",5
"A última atualização ficou péssima, não dá pra ver a legenda, as fotos parece q são vídeos… não consegui achar nada de bom",1
"This new feed exhibition is really messy and slow for scrolling. The old feed has to come back, I’m really not interested on scrolling through my feed anymore because of the new one :(",3
"fizeram uma nova atualização onde a página inicial fica igual aos reels, achei bem ruim, como faz pra voltar pra versão antiga?",4
"Odiei esse novo feed, parece que tá olhando os Story ou os reels e não tem sincronia com nada, VOLTEM COM O INSTAGRAM NORMAL!!!",1
"A nova atualização tirou a divisão branca entre os posts e coloca os botões em cima da foto. Ficou horrivel, super poluído. Não consigo mais rolar o feed, dá agonia. Espero que voltem ao design de antes. Se continuar assim, meu uso do app vai cair muito.",2
Horrível esse feed parece tiktok.,1
"Please just stop trying to copy TikTok. Scrolling through the feed was so much better than this last update, where the pictures take up the whole screen - I don't even know how to explain, but it looks AWFUL and it's so annoying. I absolutely hate, despise, am disgusted by this last update. Whoever had this idea needs to be fired.
Stop, just STOP trying to change Instagram, PLEASE.",1
essa nova atualização ficou horrível.,1
"essa nova atualização tá muito ruim, não atualizem!! 
o feed fica muito feio e difícil de usar!
19/05/2021",1
Quem foi o tetudo que achou genial a ideia de colocar no feed postagem de pessoas que eu NÃO sigo e NÃO tenho interesse em ver conteúdo? Cada vez conseguem piorar mais.,1
"Essa ultima atualização ficou muito feia, 18/05/2022 ficou horrível. Por favor, melhorem e voltem com a anterior. Obrigada",3
"Atualização nova um lixo 
Joga os stories das pessoas que sempre acompanho pro final , isso quando eu acho essas pessoas , sem contar que as bolinhas ficam vermelhas como se tivessem novos stories e qdo vou ver são os mesmos que já tinha visto",1
"Adoro a plataforma Mas está insuportável o feed, Nao vejo mais post de quem sigo, somente perfis patrocinados. Que chato
Quero ver de quem sigo",3
com a última atualização o feed ficou péssimo!!!!!,2
"Não sei o que acontece mas sempre que eu coloco uma música em alguma foto ou vídeo no stories a qualidade cai e fica horrível 
(Iphone 12)",2
"O design do app ficou horrível, agora parece que tudo no feed é um reels. Em vez de ficarem alterando design, foquem na segurança",1
"Essa rolagem do feed está horrível , app está perdendo a essência… 😪",1
"Não funciona mais nenhum filtro no meu iPhone 11, e o suporte não ajuda",1
"Se a imagem ou texto tem palavras, ficam sobrepostas pelo texto sobre ele(a)… confusão total!",2
"não chega mais notificação da minha direct não sei como arrumar, esta tudo ativado",1
"Praticamente nem vejo as publicações das pessoas que sigo, só aparece anúncio e sujeitões pra seguir pessoas.",1
"Nova atualização ficou horrível, odiei e não existe forma de reverter, não tem como mais traduzir automaticamente as legendas",1
"Por favor, voltem com a timeline antiga. Assim tá horrível. Virou uma poluição visual.",1
"Essa última atualização que transformou a timeline num reels forçado para contas não profissionais (por enquanto, né?) foi um passo muito infeliz. É fundamental que tenhamos a opção de escolher o tipo de layout que nos atenda. 

As legendas estão sobrepostas às imagens, incluindo um degradê escuro que atrapalha e confunde a visão.",1
"depois dessa última atualização ficou muito ruim os post, preferia a antiga",1
"Esse novo design ficou horrível. Atrapalha a visualização, não consigo mais traduzir as publicações. Ficou bagunçado e confuso! Gostaria de voltar para o anterior.",2
"Depois da ultima atualização (05/22), o layout da página está péssimo!!! Querem priorizar os vídeos, mas os vídeos com legenda não dá pra ler por causa da própria publicação, diagramação péssima mesmo, só faz com que queira ir pra outros apps.",1
"Fotos e posts que somem, story visto sendo marcado como não visualizado, seguidores que desaparecem e reaparecem. 
Cade o bug fix?",2
"Última atualização totalmente desestimulante, não dá vontade nenhuma de entrar no Instagram, as fotos não aparecem mais as informações, como: comentários, quem curtiu, legenda, tradução da legenda, entre outros.. o feed não atualiza, aparece fotos postadas à horas, semanas atrás. Esse novo modelo de feed tá horrível, queria muito que voltasse como era antes.",1
"A cada dia que passa eu sinto menos vontade de entrar no Instagram com essa nova atualização horrível. Pelo amor de Deus, retornem para o modelo anterior, de verdade está sendo um castigo querer entrar na minha conta mas não poder rolar o feed já que está visivelmente irritante esse novo modelo. Escutem a voz do público, dos usuários pois a nossa voz é a mais importante.",1
"Meu Instagram foi invadido e não consigo contato com ninguém, nunca reconhecem o vídeo self , já enviei varios emails e ninguém entra em contato . 
App péssimo",1
A ultima atualização ficou tão ruim que não tenho mais interesse em abrir o aplicativo! Ficou poluído!,1
"Pessoal, o insta é muito bom, mas na versão antiga, 2.333.0. Essa versão atual está bem ruim de usabilidade. Antes era tudo de fácil acesso, hoje é preciso ficar caçando as opções durante o feed, muito complicado, confuso. Fora que o conteúdo está repetitivo demais, publicações já visualizadas, interagidas, ocultadas, e com mais de duas semanas continuam aparecendo. Voltem o layout antigo, por favor 🙏🏽",5
"Péssima atualização,feed passa 3 dias mostrando a mesma coisa,legenda em cima das fotos,péssimo !",4
"Não faz sentido as legendas ficarem por cima do conteúdo?!? Os vídeos em Reels ainda é possível “pausar” para ler ou ver os detalhes, mas se não for postado dessa forma… não é possível ler textos ou ver as fotos, pois a legenda fica por cima. E por favor, o vídeos em Reels ficaria ótimo se permitissem “pausar com toque” sem precisar abrir. Agradeço muitooo se levarem minha opinião em conta. Valeu! 🙏🏽",5
"TO PASSANDO RAIVA COM ESSA NOVA ATUALIZAÇÃO, RIDÍCULA, NEM DA PRA LER OU VER OS POSTS ATÉ O FINAL, CORTA O RODAPÉ TODO",1
"Gente que isso? essa nova atualização não dá pra ver nada das publicações, quero a versão antiga.",5
O numero de posts patrocinado está extremamente alto! Já aconteceu de ter 3 seguidos!!!,3
"Parece que vocês querem transformar o Instagram no TikTok. Por que? O feed está MUITO estranho, o texto subindo tipo cortina em cima das imagens não está nada amigável, não dá pra ler direito, posts se repetem constantemente, atualização do feed está bem estranha, não consigo postar no stories a foto que eu parei no carrossel do post (quando tem mais de uma imagem). Saudades de quando o Instagram era um lugar onde tinham somente fotos e imagens.",3
"A última atualização, que modificou o feed de noticias ficou péssima! A visualização está horrível, corta as escrita nos posts, não dá pra tirar print mais…  enfim. Detestei. Queria que voltasse 😫",4
"o que fizeram com o feed? tá igual o tiktok, não dá pra ver nem a data mais das postagens, tá horrível",1
"Essa nova atualização me fez parar de usar o Instagram, é muito chato vc ficar passando as coisas assim",1
conseguiram estragar a interface bonita que restava do app,1
"Instagram vem tomando o espaço de maior rede social por saber fazer um app com boa usabilidade que prende as pessoas. Mas essa nova atualização foi um tiro no próprio pé. Oculta as principais funções e coloca em destaque o modo Reels e Compra?? Não faz nem questão de disfarçar que o principal motivo da rede social agora é vender seus usuários? Instagram se assumiu como shopping e tá muito feio, a usabilidade é péssima e faz os usuários se decepcionarem com a plataforma. Sugestão: voltar ao formato antigo ou dar a opção ao usuário de escolher qual das duas prefere usar. Quem quer o Instagram como shopping usa uma, quem quer usar para se inspirar, conhecer pessoas, compartilhar momentos e ate conhecer e consumir marcas, usa a outra. Por favor recuperem o Instagram anterior!!",1
"A atualizaçao nova está péssima, não dá mais pra mencionar algum post específico nos stories quando tem mais de uma foto e a time line está horrivel e desorganizada, cheia de informação, por favor volte a anterior.",1
"Essa atualização ficou triste, estragou o feed",1
"Ficou horrível está nova atualização, o feed ficou péssimo a visualização!",1
Nova atualização deixou o feed horrível pra interagir.,1
Esse novo formato é péssimo. Texto na frente da foto que ficou escura,5
"a nova atualização do feed está horrível, por favor coloquem como estava antes",1
"Simplesmente horrível a atualização, ruim para ler as legendas pois ficam na frente da imagem.",5
"Terrível essa última mudança no instagram! difícil a visualização geral do post; piorou a busca visual pelo feed; confusão de botões de “continuar assistindo” com o de visualizar comentários; botão de salvar agora está oculto nos pontinhos; enfim, péssimo!",1
"Nova atualização horrível. Não querem que fale da rede vizinha porém fizeram a interface igual, péssima. Além disso, de ontem pra hoje, as mesmas postagens já apareceram pra mim 9 vezes! Não está atualizando e entregando nada das pessoas que eu sigo, parece que só tenho 3 pessoas na lista de tão repetidas que estão.",3
"Que feed horrível, legenda impossível de ver.. imagem poluída. Voltem como era antes.. tá dando desgosto ver o feed.",1
A última atualização está péssima!!!! horrível o jeito de ver as fotos! volta ao normal pelo amor de Deus!!,1
"Dificulta a visualização da foto, principalmente quando esta possui alguma informação, texto ou aviso. O novo modo de rolagem da descrição impossibilita ter uma compreensão da sua totalidade. Desapareceu a opção de traduzir, o que quando foi disponibilizado achei um das maiores vantagens. Posso compreender alguns idiomas, mas não todos os que seguimos ou somos seguidos. Poderia ter uma opção nas configurações para ativar ou não esse novo visual.",1
A última atualização não ficou boa. Não nos permite ler alguns textos que estão fixados diretos na publicação. Somente os comentários.,2
PÉSSIMA ATUALIZAÇÃO,1
"Atualização ridícula do feed. As publicações ficam feias, navegação horrível é extremamente desestimulante. Horrível.",1
"Essa ultima atualização acabou com a plataforma, a de antes era melhor! Fotos sem qualidade, eu to atualizando e tá aparecendo os mesmos posts que vi horas antes !! Essa nova interface é horrível também",1
"Péssima atualização, além do feed estar horrível, está repetindo os post incansavelmente, não importa o quanto atualize a página.",1
"Ridicula essa atualização do feed, bagunçado e muita poluição visual.",1
Detestei a nova atualização. Gostaria que voltassem ao que era antes.,1
Não ficou legal essa nova interface. Bem melhor a de antes.,1
"Terrible new UI that transform feeds into a big reela. Text difficult to read, hard to navigate, no option to deactivate or fallback to old UI.",1
"A nova atualização é simplesmente péssima, feed totalmente confuso. Se eu soubesse jamais teria atualizado tentando manter a antiga versão!",1
"O novo formato de feed chegou pra uma das minhas contas e é horrível na sua mais pura forma! muda toda a proposta do aplicativo, não consigo ver as imagens e memes que realmente me atraem a rede e é ruim em tudo que se propõe! Detestei demais, se querem fazer isso, que pelo menos deixem-me escolher o que ver no meu feed pq esse formato tá nojento, sem usabilidade e incompatível com a proposta inicial da rede!",1
Muito lixo,1
"Essa nova atualização tá um lixo, eu quero a versão anterior 
Cancelaaaaaa essa ultima atualizaçãooooo",1
"Essa nova atualização esta péssima, não aparece no meu feed as pessoas que eu sigo e quando atualizo a página continua aparecendo as mesmas postagens.",1
"Estava ótimo, essa última atualização que mudou o layout do feed cagou tudo, não consigo mais achar nada, não sei mais onde traduz, o salvar agora precisa clicar nos 3 pontinhos… acho que precisam analisar os números dos cliques antes de saírem escondendo as coisas e fazendo os usuários darem mais passos … péssimo, fiquei maior tempo pra ver que as publicações com mais de 1 imagem agora são riscos, e mesmo assim , tá ruim de passar pro lado , voltem pra versão anterior 😭",1
"O feed ficou horrível. Devolvam o feed antigo, esse novo formato parecendo reels ficou muito ruim",1
"Não consigo visualizar mais meus directs. Já desinstalei, atualizei, permiti de tudo, nada resolve. Não sei mais o que fazer.",5
"Essa atualização deixou o feed muito ruim, foi um regresso, era bem melhor como estava antes. Não gostei.",1
"Não gostei dessa nova atualização, achei que estava no reels até perceber que era o feed. Achei péssimo, voltem a versão anterior.",5
"Os nomes e legendas agora ficam em cima dos posts, ficou horrível. Além de ficar mais escuro nessas partes, corta a visualização da imagem toda",1
Ficou péssima a visualização do feed nessa última atualização.,1
"O Instagram era maravilhoso quando o foco era o visual, a imagem!! Hoje tenta imitar o tik tok e perdeu as características de um aplicativo que era maravilhoso!! Fora que o alcance está muito inferior a outra plataforma!! Desanimei",2
"Voltem com o feed como era antes, esse novo modelo é péssimo",1
Ficou horrível a nova versão! Querer ficar igual tik tok.,1
"O feed está parecendo reels, uma publicação colada na outra, péssimo.",1
Pelo amor de Deus tirem o feed igual do tik tok. Tá horriveeelllll,1
"Novo feed tela cheia ficou PÉSSIMO! Se eu quisesse usar o TikTok eu baixava o TikTok, não terminem de estragar o Instagram!!!!",1
Essa última atualização foi horrível. Toda postagem parece um reels. Não dá pra ler direito a legenda completa e as imagens estão com uma sombra preta em cima e em baixo de cada postagem. Favor colocar a opção de visualização das postagens para a versão anterior caso o usuário não goste da atual,1
"A última atualização (07/05/22) é péssima. O feed ficou horrível de visualizar, as legendas atrapalhando a visualização das imagens e vídeos, principalmente se tiver algo escrito pois a legenda fica por cima. Revejam!",1
"Péssima a nova versão. Tudo parece stories ou reels, tudo igual e irritante. Não da para diferenciar a timeline com o reels ou stories, ficou idiota de mais. 

(06/05/2022)",2
Ficou uma bost a nova atualização horrível  se pudesse dava nota negativa,1
"Não queiram fazer do Instagram um TikTok. Eu sinceramente odiei essa nova atualização. Sou usuária do app e gosto de ler as legendas de forma a olhas as fotos, essa forma de ver as informações iguais as do TikTok me deixaram extremamente irritada! Vou certamente parar de usar o app.",1
"O que aconteceu com o feed na última atualização? Uma publicação colada na outra, mais bagunçado para ver as publicações! Não gostei! Ficou parecendo o reels",2
"O feed da atualização está muito confuso, parece vídeo, não dá para ver as curtidas. Nao gostei",1
"Nunca vi um app cheio de frescura quanto é o Instagram. Até pra trocar uma foto de perfil é uma burocracia, na boa! Melhore!!!!!",2
"App ja foi bom, a cada dia fica pior!",1
"A imagem fica toda embaçada, seja nos stories, reels ou feed",5
"Pra mim, a principal coisa que teria que ser mudada, é deixar livre a quantidade de stories pra gravar. E não termos que parar a cada 4 stories. Isso é muito chato!",5
"Não estou conseguindo ajuda do suporte , e preciso trocar meu nome de usuário do Instagram .",1
Não estou conseguindo colocar música em minhas fotos dos storys,3
"Como faço para atualizar,meu Instagram não aparece a nova Enquete.",5
"Os Stories não carregam e não recebo nenhuma resposta do suporte técnico, já relatei o problema mil vezes, e não é a primeira vez que o problema ocorre. O suporte técnico é péssimo",1
"Vocês deveriam atualizar o reels !
Quando alguem compartilha o reels no story, vocês deveriam notificar o dono com os compartilhamentos, ia ser maravilhoso ver a quantidade de pessoas que compartilham os reels 🙃",4
O Instagram é perfeito,5
Muito top🚀,5
Independente do celular que eu poste o storys o instagram vai la e borra todos a qualidade ta caindo em um nível absurdo,5
"Não consigo responder as figurinhas nos Storys e não tenho a função no meu,como outras funções também não fica disponível na minha conta",3
"Os filtros neo funciona, não carrega",1
"A resolução da câmera é muito ruim, qualidade horrível",1
"Acabei de atualizar e os filtros pararam de funcionar , tá escrito : não é possível usar esse filtro no seu dispositivo .
Estava funcionando normal antes de atualizar !!!!!
Desde já agradeço",1
Uma das melhores plataformas porém com muito erros e sem correções!,1
"Estou tendo a pior experiência que já tive com uma rede social. Iniciei uma loja virtual através do Instagram, onde todos os dias o Instagram me bloqueia alegando que estou usando recursos pra ganhar curtidas, onde eu NÃO UTILIZO absolutamente NADA. Desbloqueiam dps de mais de uma semana, e depois bloqueiam denovo. A conta VIVE BLOQUEADA e com isso não posso postar absolutamente nada!!! Horrível!!!!! Pior atendimento possível, pois relatamos o problema no suporte e NADA MUDA. Não dou zero estrelas por que não tem como!!!",1
"Minha conta foi banida, tipo do nada. Sendo que não violei nenhuma diretriz. Estou a quase 1 mês tentando resolver no site oficial, tentei até fazer uma nova conta e não consigo retorno.",5
"A foto pode ter a qualidade excelente, ao postar no story do Instagram pede toda qualidade! 
Espero que na próxima atualização corrija esse bug, do que adianta ter o IOS ser o aplicativo não é otimizado!",1
Meu Instagram n atualizou,1
"Criei uma conta nova e ela não tem reels, como não tem se eu ACABEI DE CRIAR.",5
"O meu intagram não dá para colocar música,",5
"Ontem (20/04/22) perdi minha conta no instagram, então criei outra. Infelizmente essa nova conta que criei, não recebeu as novas atualizações, como por exemplo, música nos stories. Peço que arrumem isso o mais rápido possível. Obrigada!",3
"Essa última atualização tem tido muitos bugs nas marcações de story… sou marcado nos stories e tem vez que não aparece a opção de repostar, ou não aparece que fui marcado, embora a pessoa coloque certinho o @ e todas funções…",1
"As fotos que tenho postado no story estão indo tudo destorcida, sem qualidade alguma !!!! Corrijam por favor !!!!",2
"Tá um lixo, a qualidade dos story tá ridícula, vc grava tá lindo, vc posta tá um lixo",4
"Demorou um tempão pra me liberarem a nova atualização e quando liberam não trazem a função de curtir stories, resolvam isso, gosto mto App, e quero fazer bom uso dele",4
"Olá,
O Instagram faz algumas atualizações legais, mas pro meu perfil não atualiza, eu não consigo usar coisas atualizadas e meu Instagram fica saturado.",3
"Deveria ter a opção de mudar a ordem das fotos das coleções depois de postadas pelo menos por um tempo (ex: 30 min), e de cortar ou redimensionar uma foto já publicada, ter reações no lugar de só curtir os posts e voltar a aparecer as pessoas que visualizaram os storys mesmo depois de 24hrs",4
"A função “use a sua” não está liberada para mim e eu já fiz de tudo para liberar, atualizei o pp, sair da minha conta a e voltei, desinstalei o aplicativo também e nada dessa função aparecer, não sei mais oque fazer. Espero que o aplicativo consiga resolver isso, a minha conta é @llisbron",3
"Meu filtros do Instagram sumiram logo após eu trocar de celular, não aparece nem opção de usar, clico no filtro de outras pessoas e ele não aparece… já atualizei o App e nada",2
"Comprei um iPhone 12 para postar stories de qualidade e o stories estão saindo pior que imagem tirada de Samsung, isso é um descaso! Vocês acabaram com o app!!!!",1
"Os meus filtros do instrumento simplesmente pararam de funcionar, já atualizei, já desinstalei e instalei novamente o app, já tentei entrar em contato com o suporte e nada resolve. Já loguei em outras contas onde o filtro deu certo, o problema é na minha conta, preciso de uma solução urgente, mas não consigo suporte com App",1
"Não sei o pq mas toda vez que solicito o código de 6 dígitos do Instagram não chega no meu e-mail, eu queria que vcs arruma-se isso não vou ficar sem minha conta",2
"Tenho iPhone 11 e na últimas semanas a qualidade das fotos no story não está boa, assim que posta a foto fica meio embasada com qualidade inferior principalmente quando coloca filtro",4
Atualizações com erros e falta de recursos em certas atualizações.,1
"Qualidade péssima dos stories, quando se adiciona qualquer tipo de gif, ou música! Poderiam atualizar algo que realmente fosse usual dentro do aplicativo e que trouxesse benefícios para aqueles que utilizam a ferramenta! A imagem fica totalmente distorcida, e perde toda a qualidade!! Por favor, arrumem logo esse problema que já vem de tempo 🙏🏻",1
O reels está travando e com o áudio atrasado,3
Eu faço as atualizações do Instagram quando ficam disponíveis mas as novas funções não são habilitadas. Estou há semanas atualizando e esperando disponibilizar essas novas funções e NADA!,1
"O sticker use a sua não funciona no meu Instagram, já fiz de tudo e entrei em contato, ninguém resolve ou me dá algum parecer . Não sei mais o que fazer , estou muito insatisfeita com isso, se eu fosse famosa já teriam resolvido rápido . Mas como sou uma pessoa qualquer pra eles, os mesmos não estão nem aí .",1
Está cortando 2s de som quando adicionamos áudio para gravar reels. Enviei msg para o suporte e não tive nenhum retorno. Iphone12,1
"Há muitos usuários tendo suas contas roubadas e por mais que façamos denúncias tanto da publicação quanto da conta, as denúncias caem num limbo de “sua denúncia está sendo analisada” e nunca já retorno. Além disso as contas roubadas continuam ativas e aplicando golpes.",5
"Interativa, ágil e moderna. Pra mim a melhor rede social!",5
Super recomendo!! App funciona super bem e fácil de usar.,5
Tenho iPhone 13 pro max atualizado (ios e ig) e os filtros não funcionam em minha conta. Tem mais de duas semanas. Voltou há 2 dias e já não funciona mais. Muito decepcionado e sem saber o que fazer.,5
"O aplicativo é ótimo, mas no meu iphone xr não da para usar filtros nem aparece opção",1
"Ao compartilhar qualquer video no storie, ele fica mudo automaticamente",5
Instagram não entrega mais aos nossos seguidores e usuários nossos trabalhos são morosos a fazer com dedicação e parou a movimentação. Prefiro o Tik Tok atualmente. A não ser que melhore por aqui. Gosto muito do Instagram mas cada dia mais complicado investir nesta ferramenta.,4
Fiz denúncia de contas que vendiam na Bio pornografia e nunca vi a equipe se aprofundar no assunto.,1
"Os efeitos não pegam no meu celular, e veja que ele é um atualizado, iOS 15.4, vou no suporte pra relatar o problema mas não envia o relatório, da falha.",3
Tá perdendo muito a qualidade das fotos nos story,3
Ultimamente tá tendo muita propaganda(postagens patrocinadas) tá chato e fora do normal,2
"Meu Instaram está com problemas. O aplicativo atualizou, mas o meu Instagram não tem as novas opções de ver estatísticas dos status, não tem a opção de selecionar mensagens. Diferente do da minha irmã que atualizou e está funcionando tudo perfeitamente.",3
"Meu Instagram não possui mais nenhum filtro , sumiram todos e não tenho nem a lupa para procurar , estou tentando relatar o problema a dias mais não consigo ….",1
Todos meus amigos tem o “curtir” stories e eu não é eu sempre atualizo e ele volta pro insta de antigamente q não tem reels e não tenho o negócio de curtir stories,1
"Com a nova atualização o Instagram está toda bagunçado, não aparece os storys de pessoas q eu sempre via, ai entro no perfil da pessoa aparece q tem storys mas não da pra visualizar, está acontecendo isso em vários. Péssimo, arrumem logo esses erros 👎🏻👎🏻👎🏻👎🏻👎🏻",1
POR QUE TIRARAM A OPÇÃO “PUBLICAÇÕES QUE VOCÊ CURTIU” ODIEII,1
"Quando resposto stories ou reels, eles são enviados sem áudio, e percebi que nao sou somente eu com esse erro",3
Os filtros não habilitam para mim e quando tento relatar o problema apresenta falha,1
Os vídeos dos Reels compartilhados nos stories saem sem som!!! Por favor resolvam isso,4
"Não sei oq é, mais quando vou posta um vídeo do Instagram mesmo, não vai o som, e n é o problema no meu e no Instagram mesmo ! Espero que melhore isso! Pq fiz de tudooo",1
Os storys até sem áudio sai ..e o bate papo não atualiza tbm 🥲por favor atualizem meu aplicativo por inteiro😭😭😭😭,5
"Hoje é dia 12/03 e desde quinta (10/03) tudo que eu reposto nos stories vai sem som (não é o erro de ""silencioso""). Enviei vários relatos de problema e nada. Não resolvem e não me respondem. - Iphone 12 Pro atualizado e App atualizado.",1
Os vídeos compartilhados não estão saindo som,1
"olha, minha conta não ta chegando as novas atualizações. só conta nova q ta tendo essas novas atualizações, arrumem isso, eh inadmissível. 😠",1
iPhone 7 Plus.. esquentando demais ao ver vídeos,5
Me sinto excluído por não ter algumas opções de ícones para inserir nos storys a cada atualização vem um ícone novo mas no meu Instagram nunca chega,2
Não consigo encontrar músicas para postar nos stories e nem usar os áudios que salvo… eles ficam na aba salvos mas quando clico para adicionar simplesmente não vai.,1
"Não gostei dessa nova versão. Na aba de interações, curtidas, elas aparecem em linha temporal de quando foram publicados os posts e não por linha temporal de qual eu curti a publicação. Poderia ter um filtro “classificar por curtidas mais recentes”.",4
"A meses q eu não consigo ver os comentários direito. Acabei de postar uma foto e quando abro ela só vejo o primeiro comentário. Os outros só aparecem na minha notificação. Mesma coisa quando me marcam em algo, só vejo e consigo responder pela notificação pq não aparece pra mim na publicação",1
App não permite que eu visualize todos comentários de uma publicação e meus comentários estão sumindo.,1
Porque a função “publicações que você curtiu” sumiu??? 😓,1
"Não consigo logar minha conta de nenhum jeito! Fica dando erro o tempo todo! Até resetei meu iPhone, e problema continua!
Desinstalei e instalei varias vezes e nada. Até mesmo através do login automático pelo Facebook NÃO VAI! Que ódio! 🤬",1
Sugiro uma funcionalidade que informe as contas que o usuário segue mas que não lhe seguem de volta. Isso evitará os caçadores de seguidores.,5
Não estou conseguindo criar uma nova conta vinculada fica dando erro arrumem isso!,5
Os posts devem voltar a ser em ordem cronológica! E PAREM de me mostrar pessoas que não sigo na timeline.,3
"Fazem 3 meses que fui bloqueado por desrespeitar as diretrizes da comunidade… mas ate hj não sei o que foi… se foi uma musica, foto da minha filha de 8 meses… sem suporte nenhum ao usuário quando da problema.",1
"A visibilidade e entrega diminuíram demais! Meu perfil tem cada vez menos curtidas, mesmo eu interagindo bastante, postando com frequência…",3
O reels buga demais muitas vezes o vídeo não fica de acordo com o áudio o video fica em camera lenta e o áudio normal enfim já atualizei ja fiz de tudo e continua,2
"Não sei o que tá acontecendo mas o reels não para de travar, os vídeos estão ficando atrasados, e as vezes quando vai editar um reels ele trava na primeira imagem e não faz nada, além de muitas vezes nem salvar o video na galeria quando coloca pra salvar.",1
"Pessimo, pois n gostei do novo estilo de escolher efeitos, preferia o velho. Não tenho mais como ver os itens Arquivadoooos!!!!",1
Nada haver terem tirado a função “publicações que curtiu” agora com essa função “gerenciar curtidas” não aparece todas as publicações na ordem que curtiu.,5
"Sentindo falta da opção de publicações curtidas. Essa nova atualização não me agradou, ele não mostra a ordem das curtidas, ele leva em consideração a data de postagem e não a da curtida. A maneira de como estava era bem melhor.",3
Não consigo encontrar os reels que curti.,1
Essa última atualização de vcs não foi legal! Minha conta só fica dando erro e todas as fotos sumiram! Qual a solução para esse problema?!!,5
Minha enquete até agora não atualiza todo mundo já atualizou a minha não 😡,5
"Passei por uma situação totalmente desnecessária por causa desse app infame! Destruidor de lar. Vou botar o Instagram na boca do sapo!
Tentei cancelar mensagens recebidas no direct e não existe essa opção em pleno 2022!
Estou muito insatisfeito com a plataforma, e com medo de chegar em casa e ficar capado... OBS: Minha mulher é baiana!",1
"Aplicativo muito bom, mas só o meu não responde as mensagens individual. Tento marcar a mensagem mas não vai, já desinstalei e instalei e não sei mais o que fazer",3
"A maioria dos vídeos do Instagram como os ao vivos SALVOS, não existe a opção do player onde eu posso pausar ou adiantar o vídeo. 😣",5
Eu sou a Thauana Souza Rodrigues e estava usando meu Instagram normalmente quando uma mensagem apareceu para confirmar se eu era um robô e minha conta foi desativada desapareceu tudo,5
"Estou tendo problemas a semanas já é não consigo nenhum retorno 
Todas vez q faço caixinha de perguntas meu Instagram trava e não faz nada mais na tela 
Aí tenho q desligar o telefone 
O problema fica somente no insta mesmo 
Todo meu telefone funciona normal",3
"Minha conta foi desativada por engano, sigo todas as diretrizes da plataforma. Estou preenchendo todos os formulários a 13 dias e não obtive resposta até agora. Não existe contato a não ser formulários automáticos e mensagens automáticas. Perdi materiais de trabalho, memórias de viagens, portfólio, contatos…. Muito difícil acessar ajuda da plataforma!",1
"os vídeos estão com áudio desregulado, o áudio sai adiantado",1
"Não sei o porque do meu engajamento está tão fraco, as pessoas estão comentando que minhas publicões não estão chegando para elas, no feed e nem storie",1
"Instagram não está entregando meu conteúdo ao mínimo de pessoas …
Tenho 189 mil seguidores e nos stories está entregando para 68 a 150 , isso é um absurdo . Peço correção desse bugue.",1
"Minha conta foi invadida, já fiz todos os procedimentos possíveis e não consigo recuperar, como poderiam me ajudar por gentileza?!",4
"Bloquearam minha conta por 7 dias alegando que eu usei aplicativo para ganhar seguidor, coisa que eu nunca fiz!!! Quando entramos em contato para tentar desblouear demoram uma eternidade para responder",1
"Não consigo entrar em minha conta, aparece “Feedback-required”",5
"O reels trava do tempo todo. O áudio e a imagem ficam dessincronizados, a imagem fica em câmera lenta.",3
Tá horrível os melhores amigos não consigo tirar ou colocar gente nova,1
"TEXTO PRO INSTA 

Olá Instagram, há semanas atrás recebi uma punição do Instagram “você não pode enviar mensagens no momento” fiquei punido por 1 dia, foi alegado que eu enviei algo que “violou as diretrizes” conferi e vi que não violei em nenhum momento. Passou uns dias tomei a punição novamente só que de 3 dias, sendo que não fiz nada, passou uns dias e agora fui punido de novo por 1 semana. 

Vocês podem conferir e removerem essa punição se virem que eu realmente não fiz nada ? Não fiz nada de errado e tô sofrendo punição, meu medo é que a próxima seja maior. Por favor me ajudem 🤍MEU user é @Baliguti",1
"O app bugou depois da atualizacao de hoje, 02/02/22",5
"Quase não desço mais o feed, tem mais propaganda do que publicações que me interessem! Virou um app poluído, perdeu o charme total. Está sendo um experiência bem desagradável.",1
"toda vez que esse app atualiza uma parte dele fica mais e mais insuportável sério, toda a estética também. a gente acostuma com um update ruim e quando a gente já não acha aquilo horrível mais vem outro update e muda TUDO DNV. uma conta minha ta com os seguidores, seguindo e publicações um em cima do outro, a loja mudou, ta tudo feio e a cada att que chega eu penso mais e mais em desistir do app. queria remover uns produtos da minha lista de desejo pq toda vez que eu ia la ficava travando muito, e agora a lista não carrega + e eu to presa com os mesmos 6 produtos sendo que eu tenho 100% de certeza que tem mais uns outros 100 pra carregar que não aparecem e não carregam de jeito nenhum",2
"Arrumem isso logooooo . Sempre que tento ouvir um vídeo não vai, fica mudo , não aumenta de jeito algum, tem que por no silencioso e voltar pra ter que ouvir alguma coisa e quando vai abaixar ou aumentar ele já fica mudo novamente!!!!",2
Tive meu perfil pessoal bloqueado (@prscrj) pelo Instagram sem nenhuma explicação e sem direito a me defender. Não publiquei nada que infringisse as regras do Instagram. Quero meu perfil de volta!,1
No meu App do Instagram não está funcionando o ícone “poste a sua”,5
"Cada dia que passa o Instagram ta pior, o engajamento de todo mundo só piora, várias mensagens direct, vídeos ou fotos não estão sendo entregue. Uma plataforma que não ajuda a ninguém a crescer na realidade só deixa cada vez mais difícil. Fora todos os bugs de seguidores e etc… 
Parem de querer ficar inventando moda nas novas atualizações e se aprofundem em concertar esses problemas porque a cada atualização só piora o app.
Tiktok se destacando cada vez mais, porque cada dia que passa o Instagram da um jeitinho de piorar.",1
"Teve um bug e eu perdi meus rascunhos do Reels. 🥲
Arrumem isso, recuperem meus vídeos.",1
"O Instagram de todo mundo já conta o recurso “use a sua”, mas por algum motivo não acontece no meu, já mudei o tipo de conta e já apaguei e baixei o app novamente!",1
"Peço a liberação da figurinha “use a sua” pois seria muito útil, e também peço a liberação para conseguir responder essas correntes no Instagram.",5
Todas as vezes que eu vou responder a caixinha de pergunta o aplicativo trava na tela e tenho que fechar ele é abrir novamente. Já atualizei o app e nada. Mais de 1 mês assim (@marthieoficial),5
"Não é possível que uma plataforma desse nível não tenha disponibilizado ainda uma opção de silenciar músicas, áudios e qualquer tipo de som, de reels, REPETITIVOS, ou até mesmo ofensivos ou de um conteúdo que os usuários não tem intenções de consumir!",2
"Por favor disponibiliza a figurinha use a sua, não aparece no meu para responder quero interagir",5
"Nem atualizando para de dar bug. Toda vez que vai enviar um story o app trava, se desinstala e instala de novo vem na versão mais antiga possível! Está péssimo 🤬",1
"É incrível como a cada atualização do app sempre surge uma nova feature terrível cada vez pior e mais me estimular a desinstalar o app, agora inventou essa de querer me mostrar o que os outros estão dando like no meu feed, terrível!! Quem eu quero ver no meu feed eu estou seguindo, se estiver afim de achar coisas novas vou no buscar e afins, não no meu feed, agora eu tenho 10 posts no feed que não fazem o mínimo sentido pra mim e preciso passar por todos eles até encontrar algum de um perfil que eu de fato estou segundo!
Péssima feature!",1
Meu Instagram está atualizado porém não consigo utilizar a função “poste sua foto com” tem várias tegs sensacional porém não consigo usar! Por favor me ajude a resolver!,1
"Não consigo impulsionar minhas postagens, é meu insta não cresce, ele fica dizendo que minha conta está desativada. Me ajude!!!",1
"Não consigo usar a figurinha “use a sua” e já desinstalei e instalei o app mais de uma vez, nada muda",1
"Meu insta ta cm bug de atraso nos vídeos. Alguém me qjuda a resolver, pleas ? 🙏😫😫",3
"Já fiz de tudo, atualizar app, procurar opções de update no próprio app, mas nada funciona para selecionar mensagens e responder assim como fazemos no WhatsApp",2
"Meu Instagram não disponibiliza a nova função “use a sua”, e quando aparece a dos meus amigos para mim em seus respectivos stories, não consigo clicar de jeito nenhum. Pressiono e pula para os próximos stories. Pesquisei bastante sobre e todos os sites me orientam para atualizar o Instagram, mas quando venho aqui no App Store, aparece apenas “abrir”, como se estivesse em sua versão mais atualizada. Já apaguei o aplicativo e baixei de novo diversas vezes, sai e entrei na cont, reiniciei o celular e nada. Aguardo retorno.",5
"Meu Instagram não atualizar as ferramentas, uso o iPhone 11 Pro Max, e simplesmente até hoje nunca usei a atualização de USE A SUA FOTO, gostaria de entender o porque que a minha conta nunca atualiza as novidades do aplicativo. Sendo que tenho mais 3 contas logadas no mesmo celular e as outras atualizam as ferramentas e a minha conta não, alguém me ajuda! 
Será que vou ter que fazer outra?",5
"eu tenho umas 2 contas no Instagram, e eu não sei o que acontece, mas uma delas está atualizada com todas as funções funcionando perfeitamente, mas a outra que é a minha conta principal está desatualizada e sem algumas das funções, e o Instagram está atualizado mas mesmo assim não resolve o problema, podem me ajudar?!",2
"Ate hj n aparece pra mim as figurinhas de opinião e trends, gostaria de saber q negocio é esse q funciona em uns e não é outros e meu celular é um 7plus",2
"Desvalorização dos instas antigos aff, te amo insta pff atualizaaaaaa o meu tio",1
"#chateado pq vários perfis estão atualizando com as novas ferramentas e o meu nada ainda, aba guias e nem nada apareceu para mim ainda, os stickers novos e meu celular é Iphone12 .",2
Não tenho add yours,1
"Não app do Instagram está atualizando, mais eu não consegui receber as novas atualizações dos stores, como resolver ?",1
"Meu insta ele n atualizou n está como os outros e é só o meu pq tenho mais de uma conta e minhas outras contas estão atualizada e só a minha principal q não, estou passando raiva já",2
Meu app está atualizado meu iPhone está na versão iOS 15 e não parece de jeito nenhum a opção “use a sua “,2
Por que diabos vocês tiraram o story por localização e nunca mais voltou????!!,5
"Aparece pra mim a opção de colocar música mas não me deixa escolher, tem só umas lá estranhas padrão e não quando vou buscar alguma não tem",1
"corrijam os inúmeros bugs que vieram com essa última atualização, pelo amor de deus!!! os videos da galeria que eu coloco efeito nos stories ficam pretos quando posto ou quando salvo no celular outra vez! está péssimo.",1
"Não consigo utilizar a ferramenta 'Poste sua foto favorita': novo sticker do Instagram. Já relatei o problemas várias vezes, mas nunca obtive resposta.",5
"Alguns vídeos do feed principalmente reels estão com o áudio adiantado ou cortado e a imagem trava e fica atrasada, péssimo. Acabo não conseguindo ver o vídeo completo por conta disso.",1
Atualizei a versão e recebo erro “feedback_required”. Não consigo abrir o app…,1
"Meu perfil não atualiza como o dos outros, vários recursos novos do instagram não estão disponíveis no meu perfil privado, mas no meu mais novo de trabalho sim, não dá para entender.",1
Eu amoooo,5
"O app é ótimo porém meus efeitos não estão carregando , o rosto fica preto , tela preta ..",2
"O Instagram tá com um bug de quando eu vou por o efeito a imagem ou bumerangue ficam preto, tipo eu salvo o bumerangue dps vou aplicar o efeito fica tudo preto isso tá insuportável.",1
"Tive a conta hackeada desde o dia 23/12 e não consigo recuperar. Os hackers e estão postando golpes diariamente na minha conta e chantageando meus amigos e não consigo suporte algum. Mandei vários e-mails pra o suporte, security tive que fazer B.O e ninguém me ajuda. Péssimo Péssimo!! Se vcs tiverem conta hackeada pode infartar pq eles não ajudam em nada. Não me responde e ainda por cima meu App não vai até a opção de vídeo selfie totalmente bugado! Quem responde ? Quem ajuda? Tem que orar até quando pra os bandidos pararem? Fora as denúncias que diariamente uma galera tá fazendo. E não derruba a conta ! Não aguento mais.",5
"Amo o Instagram, porém ando vendo uma galera usando a nova ferramenta “use a foto” nos story e o meu não tem esse opção 😭",2
"Infelizmente de uns dias pra ca nao estou conseguindo fazer alterações na minha lista de amigos próximos, tanto como remover e adicionar novas pessoas.",5
E aí Instagram?! Não irão responder por que algumas contas seguem sem atualização dos novos recursos? Palhaçada!!!!,5
App fecha sozinho,2
A cada story publicado pra responder caixa de pergunta trava e precisa reiniciar o aplicativo. Tá impossível!,1
"O Instagram não está deixando eu selecionar e nem excluir seguidores dos meu melhores amigos. Parece que tá com defeito e por mais que eu já tenha relatado esse problema para equipe, eles não resolve. Eu já desinstalei e instalei várias vezes e já atualizei, mas nada disso resolve, nem a barra de melhores amigos aparece na minha pagina!",1
"Ultimamente, o aplicativo está esquentando muito o meu smartphone. Tenho um iPhone 7, e toda vez que entro nele o celular esquenta de uma maneira que parece que vai explodir! Não sei o que acontece, se o Instagram consome muito processamento, mas é uma coisa muito séria que na minha opinião precisa ser resolvida o quanto antes!",2
"Curto muito o Instagram!! Mas, nos últimos meses, a ferramenta de stories anda um caos. Não consigo ver quem visualizou meus stories, eles aparecem fora de ordem e tbm se repetem. Por favor, consertem isso.",2
"Pena que fica dando bug de feedback required, não sei como resolver, fora isso o app e ótimo",4
"Meu perfil foi hackeado , e mesmo denunciando e os amigos também fazendo o mesmo , ainda continuam usando normalmente, vendendo as coisas e pedindo favores pelo direct aos Contatos  minha deveria ter uma forma mais rápida de bloquear a conta pelo menos , já que o histórico de atividades e totalmente diferente do que costumo postar ! Precisam melhorar na segurança",3
Não tenho a caixinha de interação “POSTE A SUA” o que houve?,3
"Meu Instagram não tem essa nova opção não Story  , gostaria de saber pq ?",2
"queria a liberação do “Use a sua” do instagram na minha conta, xz_gui meu instagram",2
"O que tá acontecendo com Instagram? Atualiza várias vezes e não tem melhoria , o boomerang ficou estranho, tá perdendo qualidade de fotos, antes não perdia, os storie do Instagram tá com qualidade péssima , e olha q minhas fotos são com iPhone é mesmo assim fica péssimo",3
pq nao consigo atualizar meu Instagram p ele responder cada direct e reagir aos directs??? So tenho a reação do coraçãozinho antiga,3
Gente como faz para ter o novo stickers da caixinha,5
"O meu perfil está sem todas as atualizações do instagram e não sei mais o que fazer... Já tentei entrar em contato com o aplicativo e nada foi feito, estou realmente desamparada! Eu trabalho com as redes sociais e não tenho reels, por exemplo... Dentre outras ferramentas. E sim, o meu aplicativo e meu celular estão atualizados, mas nada mudou na minha conta. Por favor me ajudem, estou desde 2020 tentando arrumar isso e nada acontece! Espero que me ajudem!! 
Estou sem o link nos STORIES!!!! me ajudemmmmmm",3
Não recebi atualização que possibilita usar a figurinha “POSTE SUA FOTO FAVORITA”.,3
"Meu Instagram não apareceu a nova atualização de postar fotos com aquelas tags 
😒😒😒",2
"atualiza o meu app aí, na moral 😩",5
"Tem como vocês ajeitarem o meu insta? tem funções que estão sumindo e outras que nem consigo usar, meu insta nunca teve tanto problema como tá tendo agora. Se vocês puderem resolver isso o mais rápido possível eu agradeceria dmss, pq não é a primeira vez que venho reclamar disso aqui. Concertem isso pfvr.",5
Eu não consigo responder aquela caixinhas de perguntas que agora o pessoal faz aquelas “correntes” como “poste uma foto do seu Pet”. Preciso de ajuda.,1
Todos tem funcionalidades novas e o meu sempre demora muito pra acompanhar.,3
"Ultimamente o App está horrível, está bugando demais, tem horas que certas funções desaparecem do nada, e sem falar que não estão entregando o conteúdo",3
amo o app porem a nova figurinha de “corrente de fotos nao funciona no meu celular”,5
"Horrível. Não abre no iPhone 11. iOS 15.2 
Não posta. 
Fecha do nada. 
Não abre.",1
"toda vez que clico na caixa de responder nas fotos ou vídeos de outras pessoas pra que eu possa reponder nos meus stories , não vai . Essa nova caixinha que tem como opção nos stories .",5
Já postei meu reels tem uma dia já bateu 150 curtidas porém não sai de 44 visualizações. Me ajudem o que ouve nunca aconteceu isso . Isso é ruim para meu Instagram . Viárias pessoas já comentou curtiu compartilhou mais não sai  de 44 visualizações. Várias pessoa já vou o reels e ele não sai de 44 visualizações me ajudem,5
"O app está aparecendo desatualizado pra mim além de não liberar os Sticker de ""poste sua foto favorita""",4
O aplicativo não está sendo aberto de jeito nenhum no iPhone xr. Aparece o slogan do Instagram e depois o aplicativo fecha sozinho. Problema recorrente em vários aparelhos iPhone xe após a atualização do ios 15,4
Os stories perdem a qualidade e nitidez ao publicar fotos e vídeos,5
"Não estou conseguindo acessar minha conta, só da erro.. já fiz de td e não entra😡😡",1
"Meu Instagram não tem a opção “use a sua” , seria muito importante para minha criação de conteúdo.",3
"Quando eu entro pra ver meus stories eles ficam bugados, repetidos .. isso acontece nos stories arquivados também, arrumem isso",1
Conta bloqueada sem motivo e respondi o email conforme me pediram e nao consigo nenhum suporte.,1
Gente ! Alguém me explica pq até hoje ainda não tenho o reels ? Já fiz 1 milhão de coisas para ver se ativa na minha conta . O app não fica se atualização NUNCA .é mesmo assim não ativou ainda,1
O aplicativo agora só abre quando bem quiser.,1
"Não está saindo o som das músicas que coloco nos storys,não chega pergunta nas caixinhas e fica travando a tela quando envio algum story pro público",3
O vídeo não quer reproduzir!!!! Arrumem isso !!!,2
"Maravilhoso, só tenho duas reclamações , a parte de salvar no reels que muitas vezes não salva o vídeo e storie que não carrega, só carrega quando o vídeo é feito na câmera do app instagram.",5
Os storys estao ficando tudo fora de ordem!!!! Ta pesssimo,2
"Já foi bom, agora fica dando falha todas as vezes q quero postar um story, não tá funcionando os efeitos ! Atualizei e ficou bem pior 😩",1
Bolsonaro 2022,5
"Não tenho a opção use a sua no meu Instagram, e ele está atualizado! Já desinstalei e instalei de novo e não apareceu pra mim",1
"O meu Instagram está atualizado, porém não esta com o design novo. 
Pode resolver isso, pfvr!",2
"Bom dia, até hoje no meu layout do Instagram não aparece na barra a opção do reels. O que eu faço?",1
"A caixinha de “Use sua foto” não aparece na minha conta, o Aplicativo está atualizado, mais não aparece na minha conta",5
"Eu até daria 5 estrelas, mas fiz um vídeo mó da hora pra minha mulher e quando eu fui salvar pra mandar pra ela adivinha? A música não salva junto com o vídeo vey, tá na hora de mudar isso aí né???😒",4
A nova função de repostar fotos de temas dos stories clicando em cima do de outra pessoa não funciona no meu celular. Quando clico passa pro próximo stories.,4
meu app está atualizado mas até hoje não foi liberado a função de “use a sua”,2
"O app é bom, porém na minha conta não aparece a nova figurinha que foi adicionada na atualização:(",4
"Meu aplicativo está a dias dando um erro escrito feedback_required 
Não consigo entrar na minha conta pelo App",4
"não consigo usar as funções do insta, como aquelas “caixinhas” onde tem frases prontas para utilizar nos story. 😢",1
"No iOS 15 não está funcionando bem. Os vídeos ficaram péssimos nesse novo formato, começo a assistir, depois clico pra entrar no vídeo completo e recomeça desde o início. Além disso toda vez que vou aumentar o volume pra ouvir melhor os stories o que aumenta na realidade é o volume do telefone e os stories ficam mudos. Tá tudo embananado e confuso. Péssimo depois das ultimas atualizações",1
"Queria muito poder o novo stickers que teve no instragram porém não consigo usá-lo, “usar a sua”",1
"O app está cheio de bugs, não consigo inserir fotos com o sticker “use a sua…”, e tento entrar em contato com o suporte e nunca recebo uma resposta. É inadmissível esse descaso com nós usuários.",1
"Infelizmente o App está horrível, não consigo abri-lo. Ele congela na tela da logo do meta é fecha sozinho. Tenho que tentar inúmeras vezes até ele resolver abrir por conta própria.",1
"Já foi muito bom, mas depois de tantas atualizações tem muita coisa pra ser resolvida. Por exemplo, não consigo usar a figurinha nova de jeito nenhum nem clicando na dos outros pra responder e nem consigo criar a minha. Tenho iPhone 12 pro max atualizado, instagram tbm ta atualizado e não funciona.",2
"Insta tá cortando os áudios! Corta e depois volta, resolvam pfv",1
como resolvo esse erro??? não consigo logar mais na minha conta,5
"Olá Equipe do Instagram sou proprietário do perfil @jadsonlessa_ e tive minha conta desativada por vocês há um mês e acredito que houve um engano ou erro da plataforma ao tomar tal decisão. Deixando claro que todo conteúdo produzido no meu perfil @jadsonlessa_ é totalmente bem humorístico e livre para todos os públicos e se de alguma forma violar alguma política ou diretriz da plataforma, peço desculpas! Eu gostaria que você reativasse meu perfil @jadsonlessa_ agora novamente.",1
"A nova atualização não permite mais editar os melhores amigos. Tem que ficar editando cada story, um saco",3
Não está aparecendo há opção use a sua câmera,5
"Excluíram o meu perfil profissional com 7 mil seguidores da minha empresa (farmacia) sem nenhuma notificação ou explicação. E o meu relato é um de milhares de pessoas que conheço que aconteceu a mesma coisa. Vocês tem que rever essa “política ,diretrizes e padrões) porque é completamente inadmissível o transtorno que causam nas pessoas.",1
"Não consigo realizar o login no aplicativo, somente no navegador, no aplicativo apresenta “error feedback_required” ao tentar fazer login, já no navegador consigo utilizar o instagram normalmente.",1
Meu app não tem a nova opção “crie a sua” ou me dá a possibilidade de salvar através do stories de outras pessoas. Já fiz de tudo e não resolve.,1
Muitos bugs depois da atualização,3
Atualização péssima não consigo entrar,1
"Eu amo o Instagram mas agora que mudei pro iPhone e instalei o Instagram não estou conseguindo logar, só está aparecendo “feedback_required”",1
meus storys estão ficando com uma espécie de efeito cinza e de baixíssima qualidade 😭😭😭,1
"Bugado demais, minha conta principal nunca atualiza pras coisas novas (as vezes outras contas q tenho tem coisas q a minha conta principal n tem), mesmo o app estando sempre atualizado...
Ai além disso, tem dias já que meus seguidores estão congelados em um número, e não consigo ver nem os seguidores de outras pessoas subindo, e o bug parece que tá rolando com muitas outras pessoas
Já reclamei e não resolve, ai fica difícil!!",1
Mandei vários apontamentos de que o novo recurso “use a sua” não está funcionando e nunca deram um retorno,1
Meu Instagram nunca recebe as atualizações como os outros ! Sempre meses ou semanas depois ! Decepcionante,1
"Eu estou denunciando o Instagram pois ele fica direcionando o meu perfil para contas de pornografia feminina que ficam indevidamente vendo os meus storys. 
Já mandei várias vezes denúncias dentro do próprio aplicativo e foi mesmo que nada. 
Então gostaria que esse problema fosse resolvido.",1
sinceramente o Instagram me deu um banho de água fria to tentadora entra na minha conta do Instagram só fica falando pra mim tenta depois de uns minutos por Instagram resolver isso eu trabalho com venda divulgação por resolve isso aí to desempregado to me mantendo com Instagram pow,1
"A nova função de compartilhar foto de algum momento por ex: “coloque sua foto preferida” a minha não abre, quando eu clico passa os stories. Meu id é @telesbt",2
Tá travando tudo no iOS!!! Tá literalmente horrível desde que atualizou para este versão beta!!!,1
"Simplesmente meu story parou de funcionar a função música, tentei reinstalar o app e atualizei ele, e agora não consigo logar, da esse erro “Feedback_Required”. Detalhe: to tentando reportar o bug, mas uma empresa desse tamanho não tem a capacidade de fazer um lugar pra relatar fora do próprio aplicativo, visto que eu não consigo relatar o bug pelo app porque NÃO CONSIGO LOGAR.",1
Agora quando tento entrar aparece feedback required ????? Mds arrumem isso preciso das minhas contas que uso pra trabalho…,1
"Adoro usar o App no modo escuro, porém eu gostaria de ter uma melhor aparência quando utilizo o App com o tema escuro, tipo suavizar um pouco a cor preta, colocar um tom de cinza ficaria bem melhor.",5
Pq no meu Instagram aquela postagem do “poste uma fofo…” não funciona no meu ? Já atualizei iOS e o Instagram mas ainda não fica disponível pra mim. O que devo fazer ?,3
PELO AMOR DE DEUS CONSERTEM ESSE ERRO DE TER QUE ABRIR O APLICATIVO UM MILHÃO DE VEZES PARA CONSEGUIR USAR PQP!!!,1
Nova corrente não funciona! Arrumem isso!,5
"Não consigo mais responder aqueles tickets que está todo mundo postando no story. E antes da atualização eu estava conseguindo. 
Outro dia fui postar algumas fotos em um único post, e a maioria estava com a tela preta, tive que apagar e postar de novo.",3
Não consigo entrar em outras contas sem aparecer a mensagem de ERRO FEEDBACK_REQUIRED. Trabalho com o Instagram e tá um caos.,5
"Não consigo logar na minha conta desde hoje cedo, aparece a seguinte mensagem: 
 “Feedback_required” gostaria de saber como isso pode ser resolvido.",1
"Ficou legal, mas teve muito problema para mim, por exemplo não tenho mais opção de responder a enquete sobre postar uma foto favorita ou algo assim!",5
O meu Instagram não está tendo acesso mais aquela caixinha de “poste sua foto favorito” por exemplo. No início dava e agora não consigo mais.,4
"Não consigo publicar no meu storie aquele “poste a sua foto” quando clico ele passa para o próximo stories, meu insta bugou",3
"A figurinha “use a sua” aparece para todas as contas exceto para a minha, já vinculei com Facebook, configurei idioma, atualizei, reinstalei o app e nada",2
"não consigo fzr login, fica aparecendo feedback_required",1
"Não consigo mais visualizar e nem comentar durante lives no App, não gostei dessa atualização. Não consigo resolver o problema",3
Nao aparece pra mim a função poste uma foto,3
A figurinha “use a sua”/ “add yours” não parece para mim e também não consigo responder ela em outros stories. Pq???,5
Pra mim nao apareceu ainda o novo stickers a corrente que postamos fotos e tal mas na outra conta q tenho no instagram aparece,3
"A nova rolagem do feed está tão ruim, que parece que o aplicativo está com travamento.",5
"Boa tarde, Prezado!

Infelizmente meu Instagram está com um bug. Para eu conseguir iniciar o App eu tenho que entrar de 5 a 8 vezes no App, ele mostra a tela inicial do Instagram com o logo, mas infelizmente ele não entra e fecha o aplicativo sozinho.

Já entrei em contato com a Apple, fiz todos os procedimentos e me pediram para entrar em contato com vocês.

Por gentileza, poderiam resolver meu problema?",2
"Px a maioria dos meus destaques do insta não toca a música toda vez alguns fica assim , mo putaria 😮‍💨",4
"O meu Instagram não aparece a nova função ( Use a sua ) nos storys já atualizei e também já verifiquei se tem atualização nova do software e está tudo ok, meu iPhone é o 11.",4
Meu Instagram não está abrindo após minha atualização do iOS do meu iPhone 7 Plus. Infelizmente não consigo abrir meu Instagram e tbm não consigo entrar em contato com o Instagram para resolver esse problema .,5
"Toda vez que posto algo novo nos melhores amigos as pessoas que removi voltam, toda história tenho que ficar removendo manualmente",1
Cadê a atualização da figurinha de “poste sua foto”????,1
"Faltam ferramentas na minha conta, mesmo estando atualizada! Está horrível! Baixei novamente pra ver se atualizava e voltou pra uma versão mais antiga ainda!",1
"Faz 1 mês que todos os usuários do instagram que conheço possuem o Sticker “Poste sua foto” e o meu ainda não foi liberado. 
Já tentei em outro celular, sair da conta, atualizar mil vezes, e nem atualizando vai.",4
"Não consigo responder o sticker de “poste sua foto favorita”, o clique não funciona. Pq isso acontece??? Solicito solução.",1
"Eu simplesmente tava rolando o feed e curtindo as fotos, e o Instagram me bloqueou falando que eu tava usando outro app sem ter usado nada, concertem isso",1
"Eu não consigo mais pôr nenhum vídeo nos story, fica girando e nunca carrega... não vai vídeo nenhum salvo da galeria",2
"A função nova de criar aquela caixinha que outras pessoas conseguem repostar não aparece pra mim, todo mundo tem menos eu",2
"O Instagram não tem mais entregado meu conteúdo, nem a quem tem o sino ativado, não notifica os seguidores das minhas lives. Quando as pessoas digitam meu nome na barra de pesquisa,  eu apareço por último mesmo que a pessoa me siga. Eu não recebo as atualizações do app como lembretes na postagens do feed, selos, lives remuneradas, etc, não recebo mais as atualizações do app. Meu conteúdo não é sensível e nem polêmico, mas estou numa espécie de shadowban, só que sem motivo.",1
Tenho um iPhone Xs e não estou conseguindo responder os storys e nem o “compartilhe uma foto…” de ninguém!! Consegui na primeira semana que estava disponível e agora nada.. poderiam me ajudar a solucionar o problema??,4
"Não consigo clicar em “responder” nas correntes feitas pelos outros. Clico em “responder” e nao abre nada. Como se a opção de participar da corrente nao estivesse disponível. Ja atualizei, inclusive exclui e instalei novamento o app.",5
O insta não ta prestando com varios erros e não permite q eu entre na minha conta... eo suporte nem ajuda ... eu simplesmente estou achando q ta muito ruimmm,1
"Já atualizei o meu Instagram , e mesmo assim ele não tem a opção de fazer reels 😞",2
"Meu Instagram está atualizado porém eu não consigo utilizar o sticker do poste uma foto, quando eu clico em responder ele pula para o próximo Storie 🥴",3
"Desde da primeira atualização o instagram e alguns aplicativos simplesmente pararam de abrir do nada e pra abrir tem vezes que tenho que ficar abrindo e fechando o app mais de 5 vezes e tem vezes que nem isso resolve, já exclui várias vezes e nada, espero que isso seja resolvido o mais breve possível.",1
"Precisei desinstalar e quando instalei novamente não tá querendo abrir meu e-mail de usuários! 
Eu já fiz de tudo é só da “Feedback required” 
Eu uso pra trabalho, e isso está me atrapalhando!! 
Eu amo usar o Instagram, então quando revolverem o meu problema dou a estrelas que queria está dando agora.",1
Opção photobooth não aparece para mim,1
Essa diabo fica travando e fechando do nada,1
"Atualizaram o aplicativo e não dá mais pra compartilhar publicações nos stories como antes, péssimo!!!",1
"O app insiste em ter lentidão ao longo do feed ( no início é fluido, em seguida começa a engasgar e se vai muito mais pra baixo ele crasha (tela preta e em seguida o app fecha) não consigo assim curtir todo o meu feed! 👎🏻",5
"NAO SEI PORQUE MEXERAM EM UMA COISA QUE NÃO TINHA NESCIDADE, DEIXEM IGUAL ANTES !!",1
"Não consigo reposta nenhuma coisa no meu stores, já mandei mensagem pra vcs e vcs não resolvem",1
Nao consigo acessar o reels em ambas as contas. Profissional e pessoal,5
"arrumem os stories com musica pelo amor de Deus, qualidade sai mto ruim",4
Com a nova atualização ficou muito ruim o sistema dos melhore amigos,1
"Depois da última atualização está travando e fecha do nada, não se consegue colocar vídeos e nem fotos nas stores!",1
"a antiga opção de melhores amigos era perfeita, esse novo jeito “pessoas selecionadas” ficou péssimo, não consigo editar a lista e deixar ela fixa, espero que volte a ser como antes.",1
"Ficou horrível de selecionar pessoas nesta nova atualização. Os jeito de adicionar as pessoas nos melhores amigos antes era perfeito. A opção do perfil e a do story na bolinha verde.
Agora está horrível 25/10/2021.",3
Coloca a opção dos melhores amigos novamente ao entrar no perfil da pessoa. 🙁,4
"Mesmo depois de várias outras atualizações chegarem, nunca fica disponível pra mim a atualização de temas no chat e marcar mensagens no chat, já tentei entrar em contato com o suporte mas nunca deu certo.",1
"Estou enfrentando muitas dificuldades apos essa atualização, o app era excelente só que cada vez que atualizam piora a usabilidade! Aonde está a ferramenta de editar os melhores amigos? Serio que agora é preciso alterar manualmente quem eu desejo remover ou adicionar ao circulo? Cade a opção de remover permanentemente a pessoa do círculo de melhores amigo? era tao facil!",1
"A parte de Close Friends está muito complicada!!
Muito trabalhoso ter que adicionar e tirar as pessoas sempre que formos postar algo.

Antes estava melhor, de resto, está tudo ótimo!!",3
"Toda vez que o app atualiza, muda uma configuração, cade a configuração de aditar os melhores amigos",1
"Está horrível. Do nada , meu stories não carrega mais meus vídeos do rolo de câmera. Estou há dias sem conseguir postar no stories . Favor resolver o quanto antes .",1
"Já tem mais ou menos uns 2 meses que a minha conta não tem acesso ao recurso de live e tudo que a plataforma Instagram relata é que ""Devido as publicações que infringe as diretrizes da comunidade, seu recurso esta temporariamente indisponível"" e isso já faz 2 meses. Devidos a publicações que foram excluídas por conta de ataques massivos de pessoas mal intencionadas na minha conta afim de promover o banimento da minha conta. Além da empresa nunca responder quando relato determinado problema questionando até quando o banimento irá durar a empresa não me responde. Os canais de Suporte nunca nos direciona á uma pessoa que possa nos ajudar, na verdade credito que esse canal nem exista
A ultima situação que ocorreu com a minha conta foi a retirada a partir do dia 25 de Outubro o acesso importante de figurinhas com acesso a link e a plataforma não me notificou da maneira adequada e nem me informou o motivo disso. Segundo própria plataforma a última publicação que infringiu as diretrizes da comunidade ocorreu dia 29 de Agosto e até hoje sofro sanções da plataforma por conta disso e estou sendo prejudicada. A minha conta do Instagram é a minha fonte de renda e por a plataforma não ter um algoritmo que detecte denuncias suspeitas. Posso perder minha conta. E se isso acontecer eu irei processar a plataforma.",1
Desde a última atualização não consigo postar stories em vídeo.,1
Após uma recente atualização os stories ficam em looping eterno em uma única conta… não passa para o próximo e só pula quando você clica para o próximo! HORRÍVEL!,1
Eu boto pra pesquisar a música e fica  dizendo ‘nenhum encontrado’,1
Os melhores amigos esta péssimo,1
"Minha conta é pessoal, após a atualização do ios15, não consigo buscar nenhuma música para inserir no storie. Nenhuma mesmo!",5
Voltem pros melhores amigos! Esse negócio de “pessoas selecionadas foi horrível!!!!!!!,1
Show,5
"Só da pra colocar nos stories as músicas que ja aparecem sem pesquisar, só da pra usar as opções que o app já te da quando você clica na parte de música, qualquer uma, QUALQUER uma que você pesquise NÃO aparece mais! Corrijam esse bug irritante! Grato!",1
"Depois dessa atualização dos melhores amigos ficou horrível, adicionamos as pessoas e elas não conseguem assistir, retiramos da lista e ainda conseguem assistir. HORRÍVEL",1
"A barra pesquisar não está funcionando
Não consigo mais selecionar o Close friends

Péssimas atualizações",1
"Gostaria que o close friends voltasse ao normal, pois não estou conseguindo adicionar pessoas novas permanentemente nem remover permanentemente. Foi legal a proposta de só algumas pessoas verem mas tem que ajudar isso, se for assim vai ficar trabalhoso e não vai dar pra lembrar de todos que eu quero que veja",1
"essa nova atualização de pessoas selecionadas ficou horrível, quero minha lista fixa! para todo story preciso ficar adicionando as pessoas, é péssimo, arrumem isso ficou muito ruim",1
essa nova atualização do close friends está horrível!,1
"Não consigo ver as barrinhas nos stories, e stories repete, tenho que pular para ver, faz mais de mês que no meu iphone 8 esta assim e não arrumam, único aplicativo no meu celular que volta e meia trava ou tem algúm erro.",1
"Pelo amor de Deus libera aí pra gente escolher quem fica no nosso melhores amigos do instagraaam , isso é o fimmmmmm , tem pessoa que fazem macumba pra mim e tá lá",5
Atualizei a quando clico nas configurações não aparece as opções,3
"Quero saber como faço pra resolver isso, mesmo usando o iPhone o story sai com a qualidade péssima!",1
Toda vez posto um video no storie filmando pelo insta da um erro fica carregando infinito pra pra sempre ja perdi muitos momentos bons por causa desse erro,3
"instagram ta cada vez pior, essa atualização nas configurações ta tudo branco e não aparece as opções, tbm a opção dos melhores amigos nos story",1
"Não consigo visualizar os stories automaticamente, tenho que clicar em avançar para ver o próximo. Também não consigo visualizar a quantidade de stories que foi postado pelas pessoas. Estou com esse problema há pelo menos duas semanas.",1
O App está precisando de melhorias assertivas e específicas urgente.,3
"Horrível!!!!não consigo efetuar login no Instagram, desde cedo tentando apenas da erro e nenhum suporte pra facilitar o login.",1
Péssimo essa nova atualização dão um jeito sobre os melhores amigos !,1
"Estou com um bug no meu iPhone 11 que quando eu estou gravando um vídeo no story e troco de câmera, o vídeo não carrega depois de gravado.",1
"Desde a algumas atualizações o stories ficam em loop infinito. Não avançam sozinhos mais, isso ta péssimo! Tem como arrumar?!",5
"Não consigo gravar vídeos pela câmera do Instagram, ficam em um carregamento infinito e não consigo nem enviar",1
Meus stories estao bugados ele nao avança sozinho e fica repetindo o mesmo,1
"Eu odiei a nova forma de compartilhar pelo modo
de criação e parece que só o meu tá assim! É um saco! ODIEI. Volta ao jeito normal pelo aviãozinho. 🙄",3
"Não consigo ver quem visualizou meus storys depois da nova atualização, sem falar que não estão entregando conteúdo 🤯",2
Atualizei meu iPhone pro iOS 15 e o Instagram buga todas vezes q vou gravar vídeos nos storys. fica carregando e nunca carrega o vídeo pra eu postar nos storys,1
"Meu Instagram está repetindo os status por várias vezes, ele não pula mais para o próximo sozinho, só pula se eu colocar pra pular 😞",5
"Meu direct até hoje está na versão antiga , não atualiza para o messenger.",1
"PLEASE pessoal do Instagram, voltem com os stories que passavam automaticamente. Essa nova forma não é legal!",5
Chateada que agora não posso mais compartilhar publicações em meu storie 🥺,2
cada dia que passa a plataforma fica ainda pior!!!,2
"Eu odiei a nova atualização que faz os storys se repetirem... A pessoa quer assistir um atrás do outro e tem que ficar tocando na tela para pular, se não fica repetindo. Odiei",1
"Atualização de ter que clicar pra passar story por story ficou um retrocesso, trava vídeos no meio e fica em looping se não clicar na tela. De verdade, se for pra ter essa funcionalidade, que coloquem como opcional.",1
"E segue tendo atualizações sem resolver o problema dos stories !!!!! 
Eles não passam automaticamente e ficam sem áudio caso o aparelho esteja no modo silencioso. 😠😠",1
"Quando clica pra continuar a assistir um reels ele após o tempo limite ele volta do início. Irritante.
Ios 15 lento demais..",2
Vamos corrigir os stories né!! Tá uma m&rd@ essa palhaçada de não passar pro próximo storie sozinho!! Que disponibilizar a opção então da o direito da pessoa escolher se vai ficar nesse agonia de ficar passando storie ou deixar passar normalmente!! Irritação,1
"Depois das atualizações, observei que o meu story não muda mais sozinho, ou seja, preciso estar mudando no toque! 😞",3
"Stories não passa sozinho mais, não aparecem a quantidade de stories que as pessoas postam (não aparecem os tracinhos).",1
"Odiei essa atualização onde tenho que ficar toda hora passando os stories, ou devo agradecer por me forçar a ficar cada vez mais longe das redes sociais????",1
"Péssimo a qualidade das fotos

Você compra um iPhone 12 e posta as fotos e o aplicativo transforma seu storie em uma foto de iPhone 6",1
"Uso um iPhone 11 e os stories estão travando quando vou postar. Perco vários vídeos e nada resolve. Já desinstalei, desloguei mas nada resolve",5
"Após atualizar deu um bug no story, ao gravar story e durante a gravação mudar a câmera (ex: frontal para traseira) ao finalizar a gravação o vídeo não aparece … fica carregando em um looping infinito (iPhone 7 Plus)",3
"Não consigo fazer story sem trava, todo vídeo trava, tá horrível",1
"Eu gravo o vídeo e ele só fica carregando, não posta e não salva, arrumem isso",2
"Nessas últimas atualizações eu não estou mais conseguindo gravar um vídeo e mudar a  câmera, o story fica carregando infinitamente..",4
Com essa novamente atualização o aplicativo travando os vídeos direto. Eu achava que era a conexão com a internet 🤦🏽‍♂️,2
Não Da Pra Publicar Mais As Coisas No Status Vei Que Aplicativo Mais Chato🤦🏽‍♂️🤦🏽‍♂️,1
"Essa última atualização tá com ‘bug’ nos stories, quando vou ver um vídeo no stories, ao invés de passar para o próximo stories, ele fica repetindo o mesmo desde o início!",1
"App não passa os stories automaticamente, tenho que ficar tocando na tela para que mude para o próximo stories. Alguém sabe o que pode ser?",5
Depois da atualização do iOS 15 eu filmo meu vídeo no stories e depois ele fica carregando e não reproduz. Não consigo mais postar!!! Precisam de uma atualização que corrija esse problema,1
"Depois que atualizei para o iOS15 os stories ficaram sem som no modo silencioso. Só consigo ouvir tirar o celular do modo silencioso. Precisam corrigir isso logo. É muito ruim tirar o celular do silencioso. Poderia ser como era: o celular no modo silencioso, você clicava no botão do volume (botão de aumento ou de abaixar) e o som voltava.",3
"Sempre que atualiza, aparece algum problema.. O de agora é que tá sem áudio nos stories.",3
Com a nova atualização do ios os stories só saem som quando o tira o celular do silencioso,1
"Desde que atualizou eu não consigo compartilhar nenhuma publicação no meu story. Fica difícil assim. E não consigo mais escutar o áudio dos storys, depois que atualizei pro ios15.",1
"Depois que atualizou para o iOS 15, alguns stories não dá pra ouvir o áudio quando o cel está no silencioso",3
"Para ouvir os áudios no stores tenho q tirar meu celular do modo silencioso, isso começou após a última atualização do iOS",4
"Meu App não está aparecendo a barra em cima que mostra a duração dos vídeos, fica repetindo o mesmo story, só passa para o próximo quando eu clico na tela, não está mais fazendo isso sozinho",1
Depois da última atualização gravo vídeo e não consigo ouvir quanto aumento o volume pra ver como ficou ! 😡,3
Depois da atualização para o iOS 15 o app não reproduz mais o áudio quando o cel está no modo silencioso.,1
I can’t activate the sound while watching to stories…,1
"Não está dando para ouvir som no insta, quando o iPhone está no modo silêncio. Depois que atualizou para a versão Ios 15.",5
"Essa nova atualização ficou péssima,
Tá com algum tipo de bug, pra ver os stories na minha conta, eu preciso ficar passando de um por um, porque eles não passam sozinhos,
já tentei de tudo e não vai,
Pior que é só na minha conta (já testei outras no meu celular e foi), e no meu celular, no iPad e computador fica normal,
Não entendi nada",1
"após a atualização do meu celular para o ios 15, meus stories ficaram sem som",1
"Ao ocultar a quantidade de storys que a pessoa postou é muito mais fácil perder o interesse no conteúdo, e os storys também ficam repetindo, PIOR atualização já feita por vocês, espero que voltem atrás!",1
Depois da última atualização iOS não aparece a quantidade de storys e não passa para o próximo sozinho tendo que tocar para ir para o próximo. Ficou horrível!!! Corrijam por favor!!!!,1
"JÁ ESTÁ NA HORA DE VOCÊS COLOCAREM A OPÇÃO EXCLUIR FOTOS DA SELEÇÃO DE MÚLTIPLAS FOTOS, eu tenho uma publicação com 3 fotos da opção selecionar várias no Instagram mas quero apagar somente uma foto dessa sequência! Por favor coloquem essa opção na próxima atualização!",5
"Qual o sentido de ter uma timeline com pessoas que vc segue, se a plataforma enche de “sugestões de posts”, além do monte de publis (que, pelo menos, sabemos que são pagas para aparecer)??? Até gosto de ver as sugestões, mas separadamente dos posts de quem eu sigo. Tá mais pra downgrade do que update.",1
Precisam ajeitar a função de ouvir os stories clicando no volume com o iPhone no modo silencioso,1
Péssima proposta que realizaram com a alteração da repostagem!,5
"app mt bom, passo boa parte do meu dia nele, mas os stories ta pessimo viu 😭😭 fica repetindo, nao aparece qnts stories aquela pessoa postou, perdi mt o interesse em entrar no app",4
"Arrumem os stories, não dá pra saber a quantidade de stories do usuário e ainda por cima, se você não passa tocando, ele fica em looping. Tá horrível, arrumem isso!!!",1
Já foi melhor,1
"Péssima atualização do storie…. não dá pra ver quantos vídeos e fotos têm na sequência, além disso pra ver os próximos tem que “clicar”, sendo que antes conseguia assistir sem isso! Não gostei, voltem pra versão anterior. Desse jeito perco a vontade de assistir e mexer no app.",1
"Algo está mto errado, os story estão congelados como se fossem fotos, e o reels e curtidas ficam mudando de lugar no designer do app",1
"Tem que apertar pra passar os stories, se não apertar, repete. Ficou horrível, se tem um vídeo em dois stories não passa direto, voltem com a versão anterior.",1
"Alguém por favor, pode trazer de volta à antiga forma de compartilhar os posts, porque essa atual de ir fazer todo um auê pra compartilhar qualquer coisinha tá muito chata, grata!",1
"Espero que seja só um teste em relação aos novos stories que você tem que clicar pra passar e aquela barra mostrando os stories embaixo, mas ficou esteticamente ruim e ninguém curtiu muito não… Sinto menos vontade de ver agora, com a ferramenta dessa forma, voltem ao antigo que já era útil, funcional e muito mais bonito…",1
"A nova atualização para IOS está horrível, se não passar os stores ele fica repetindo sozinho, e ainda por cima não dá pra ver quantos stores tem pra ver, arrumem isso por favor, o Instagram está ficando menos atrativo cada vez mais.",1
Pq não consigo visualizar a quantidade de story de um contato meu.,1
Os stories estão se repetindo automaticamente e a linha que identifica a quantidade de stories desapareceu.,2
Nova atualização não deixa compartilhar no story publicação já postada (do feed)😩😩 o que faço ? Como mudo isso ?,5
Já tem uns dois dias que a minha conta está com problemas em ver reels e vídeos nos storys já mandei mensagem e até agora nada.  Me ajudem pois o Instagram é a única rede social que USO. Aguardo.,4
"Se o insta tem poder de censurar as postagens, então podem ser responsabilizado pelos golpes dados na plataforma. Como Co autores! Vamos começar a processar a plataforma.",1
Estou sem acesso ao envio de stories e lives.,2
"Bom dia!
De uma hora pra outra, sumiram todas as músicas disponíveis pra colocar nos stories.
O que houve?",5
Boa noite faz 1 mês que meu angajamento caiu o Instagram não está entregando os storys por favor corrija o erro por favor meu trabalho depende disso,2
Não estou conseguindo compartilhar story ☹️☹️☹️☹️☹️☹️☹️,5
"Não consigo compartilhar postagens de quem sigo.
O que tá acontecendo.",5
"Não consigo compartilhar publicações no meu story, já relatei várias vezes ao Instagram e nada de resolução.",1
"Não consigo mais repostar nada, tiraram essa opção do meu….",1
NAO ESTÁ DANDO PARA RESPOSTAR FOTO! E essa horrível essa atualização,1
"Não estou conseguindo compartilhar posts no stories, o que está acontecendo? Por que mudaram? Ficou péssimo",1
"A nova forma de compartilhar stories é um lixo, mudaram algo que era simples e rápido.",1
"De um tempo para cá, só consigo ver os vídeos no recurso reels, mas compartilhar nos meus atores não consigo mais, o que está havendo com o App?
Conseguem resolver isso?",1
"Desde a última atualização que eu não consigo compartilhar publicações no meu stories. Eu trabalho com vendas e preciso que ajeitem isso por favor. Fora aquela figurinha que adicionaram como recompartilhamento, nada a ver isso. Não faz sentindo",5
"Vocês acabaram com o aplicativo, não consigo mais repostar stories ou publicações de ninguém. Ficou um horror essa atualização, parabéns por cagarem o app.",1
Não consigo compartilhar publicações no mu story depois da nova atualização,5
meu instagram não aparece a opção de compartilhar stores depois da atualização. Péssimo péssimo,5
"Tirem esse processo cansativo e insuportável de ter que criar um stories, ir na figurinha, escolher um post e depois compartilhar 
Horrivel demais
Quem foi que teve a ideia nada a ver??? 
Wtf",2
Minha conta foi desativada sem motivos,1
Meu insta não está compartilhando do feed nos story me ajudem,5
"Já tentei de várias formas e não aparece a função Reels no meu iPhone, já desinstalei o aplicativo e instalei novamente, atualizei, fiz outras coisas seguindo vídeos sugeridos pelo YouTube, mandei mensagem para o Instagram relatando problema é nada.",1
"que atualização foi essa? tem abrir a câmera pra adicionar alguma coisa no story, antes era melhor e mais prático, ajeita isso aí!!",1
"Uma rede social ótima de se comunicar e compartilhar bons momentos com a família amigos e PETs no meu caso ...🤩haha adoro, por meio do Instagram estou compartilhando a vida dos meus pets com muito amor e carinho ! Nos engajamos muito com o Instagram ,aplicativo muito bom e ótima qualidade! Obrigado Instagram 👏🏻😍💕",5
"Essa nova atualização horrível, para compartilhar uma publicação tem todo um processo, e está me prejudicando!!!",1
"Configurei meu cel e perdi os Código de autênticação de dois fatores e com isso não consigo entrar no meu instagram, mandei e-mail pra vocês me mandarem um código de autênticação mas vocês falam que (parece que a autênticação foi desativada) porem não foi. Peço que me mandem um código de autênticação.",2
"Tiraram minha opção de compartilhar minhas publicações nos stories! Pra que isso??? Espero que resolvam isso logo, todos que conheço estão normais, só o meu não está!",1
Não estou conseguindo adicionar publicação no story. Por favor me ajuda !!,1
ta muito ruim o engajamento pra quem é iniciante e a parte q compartilhar no story deveria ter a opção também diretamente no post,5
"Depois das ultimas atualizações, não consigo mais compartilhar publicações (minhas e de outras contas) nos meus stories.
Odiei essa atualização!
Poderiam retornar?",5
"Tenho um problema com o login, desativaram minha conta alegando que estaria usando aplicativos de dar unfollow quando eu realmente não estava! Não consigo entrar na minha conta do Instagram.",1
"mesmo ajeitando, as minhas fotos saem todas cortadas!",1
"O Instagram poderia melhorar a atualização,porque todos os dias ganho seguidores novos,e a numeração nunca almenta sempre a mesma, e erro do Instagram,concerte isso por favor",1
"Por favor arrumem esse problema que já está acontecendo cerca de 3 dias
Não aparece visualização nós story",1
"Meus stories estão sendo visualizados por várias pessoas, os números de vizualizações aparece, mas só aparecem 5 na lista de todos.",1
"Não estou conseguindo visualizar todas as pessoas que visualizam meus storys, no máximo 5",3
"Não estou conseguindo ver quem visualizou meus stories, mostra o numero, porém não mostra as pessoas",1
"Nessa última atualização, retiraram os visualizadores dos stories! Aparece a quantidade de perfis que visualizaram o conteúdo, mas não aparece quem foi. Chateada!",2
"Meu Instagram só está aparecendo as 5 primeiras visualizações há 24h. Já não pode ver outro dia, se não ver na hora também, fica complicado.",4
Já tem mais de 5 dias que meu insta parou de funcionar o Feed só tenho acesso aos Stories. Tive que fazer outro e perder mais de mil seguidores e não dão resposta de nada.,1
"Meu Instagram não está carregando feed ha 4 dias, apenas os stories. Já reiniciei meu celular , já desinstalei o app e instalei novamente, porém o erro permanece. Já acessei através do navegador e mesmo não carrega. O problema aparenta ser com a minha conta. Fico no aguardo de uma solução",5
"Não estou conseguindo atualizar meu feed …
Os stories está atualizando porém as publicações estão paradas a dois dias atrás ainda 
O que faço ? Já desinstalei e tentei várias vezes mas não volta ao normal",5
Já faz 04 dias que o meu Instagram está sem carregar o feed e até agora não consegui descobrir o motivo,1
Meu feed não está atualizando,1
"Meu instagram nao atualiza o feed,  fica hma tela preta e nao carrega nada… ja mandei msg pro suporte mais é a mesma coisa que nada, eles nao respondem e nao tentam resolver, entao é melhor nao ter suporte …. Insatisfeito com o Instagram, por isso a nota baixa",1
"Estou desde de ontem que meu feed não atualiza, está travado",1
"Meu feed não carrega fica na tela preta e não sai,já fiz de tudo e nada,vcs tem como me ajudar não quero perder minha conta",1
"Oi será que vocês podem me ajudar, já faz dois dias que o feed da minha conta não carrega já fiz de tudo para tentar concertar mais nada da certo. 
Meu nome de usuário é joaovitorsampaiof.
Se puderem me ajudar eu agradeço.",2
Com as últimas atualizações as únicas coisas que aparecem são um monte de propagandas em excesso perdeu a graça 🤦🏾‍♂️,1
Tenho um iPhone 12 e o feed simplesmente não atualiza,3
"Ontem, do nada, sumiu a capa de 4 dos meus reels mais antigos e como sempre os deixo também no feed, acabou desarmonizando todo o padrão das publicações! Fiquei extremamente chateada, porque o Instagram já é uma espécie de ferramenta de trabalho para mim na área da Literatura. Gostaria de saber o que houve, se tem como voltar ao normal ou se foi apenas um “bug” de algum tipo de atualização.",5
"Estou a mais de 2 dias com erro e nada foi feito. Fiz a reclamação sobre o caso e nada foi resolvido, até quando o erro irá persistir?",1
"eu não consigo compartilhar, eu tenho fazer uma compartilhar de forma jurássica, eu tenho que criar e depois recompartilhar. amo instagram, mais faz meses que não dá pra usar",5
Tá horrível meu Instagram não consigo seguir ninguém já tentei de tudo mais é algum problema na conta,1
O Instagram abre e fecha. Não consigo usar. Tenho que desligar e ligar o celular várias vezes até voltar a abrir.,5
"instagram changed the algorithm,this means that only 7% of your followers will be able to see your posts, and this affects everyone,pls change the algorithm!!!!",3
"a atualização dos recursos do messenger não estão funcionando para mim. diz que estou fora da área de cobertura, mas não estou, e meu aparelho está configurado para o BR onde tem este recurso!!! preciso de suporte!!!",3
"A penúltima atualização estava péssima e hj teve outra, que dizia corrigir mas não adiantou! Stories travando muito, vídeos e reels tbm!",3
"Está péssimo, quando coloco a música perde totalmente a qualidade fica extremamente borrada",1
"O Instagram veio para revolucionar, SÓ QUE NÃO ! Eles falam em ajudar os criadores de conteúdo e entregar o que o público pede, porém, no meu caso, há algum tempo tento entrar em contato, o que é IMPOSSÍVEL! Não tenho acesso a nenhuma das atualizações do aplicativo, iPhone 11, iOS 14.6, aplicativo “atualizado” e mesmo assim, não tenho reels e nem outras tantas atualizações. Como criadora de conteúdo, achei que seria uma ótima plataforma, mas tá bem ruim aqui. Sem falar na minha entrega que está horrível de uns tempos para cá, coisa que não acontecia antes de começar a criar conteúdo ! Agora só aparece promoção das publicações! Obrigada pela NÃO ajuda e O NÃO acesso a vocês Instagram !",1
O número de propagandas e perfis pagos aumentou exageradamente,5
Meu App n está abrindo estou muito chateada,1
"Instagram bloqueou minha conta ontem sem motivo NENHUM!! Eu tenho entrar aparece um aviso dizendo que estará indisponível até 26/07/2021, ou seja hoje. Eu tento informar o problema pelo aplicativo e não vai. Instagram tá perdendo a qualidade cada vez mais!",1
"Eu adoro o Instagram ,mais toda vez que eu vou entrar eu não consigo meche ,aparece “retrigimos  certas atividades para a nossa comunidade “ fala para mim esperar até o próximo dia mais está fazendo isso todo dia ,eu não consigo fazer nada",2
"Horrível, depois que atualizou eu preciso simular um story pra “recompartilhar” qualquer coisa que eu queira repostar. Não me dá mais opção de enviar do aviãozinho direto pro story",1
"Já reiniciei o celular , finalizei sessão, entrei novamente, o aplicativo só mostra “abrir” sendo que nem instalado está!",1
"Meu Instagram segue pessoas sozinho, não uso aplicativos terceiros, tenho verificação de duas etapas e já mudei a senha diversas vezes.",5
"Depois dessa ultima atualização, o app não abre mais. 
Quando toco pra abrir, ele parece que vai abrir e fecha imediatamente. 
Agora, se quero entrar na minha conta do Instagram, tenho abrir o navegador do Safari e fazer login por lá. 
Não tem como arrumar esse bug do App ?!",1
Algumas ferramentas não estão funcionando após a ultima atualização. Corrijam!!!,2
"Antes era só clicar abaixo do post e recompartilhar no story, AGORA ESTÁ TERRÍVEL, tem q voltar nos stories, abrir a aba de figurinhas, ir em recompartilhar e daí procurar o post a ser recompartilhado. Palhaçada!!! Não sei pra que mexer em algo que estava sendo tão útil e funcional.",2
Realizei a atualização e não consigo mais criar stories a partir de um post…,1
"Não aparece minha biblioteca de música.
Para que eu escolha . Fica opções carregando mais nada aparece. Ja tentei de tudo e nada",2
"Estou ha 2 dias recebendo um pop-up na tela dizendo que restringiu algumas atividades para proteger nossa comunidade. Eu clico OK e insiste em aparecer. Meu IG de negócios preciso trabalhar! Já troquei a senha, já desinstalei e nada. Alguém sabe o que posso fazer?",1
"No meu Instagram simplesmente não tem a função reels, já entrei em contato com o suporte mas nunca há retorno!!!!! Como faço???",1
"Não consigo abrir nada por aparece “bloqueamos a ação “
Não consigo fazer nada!
Ainda por cima caiu meu Instagram pessoal, onde não tinha nada de nada de proibido ou “sex…” e ainda sai a notícia NO MESMO dia que iriam permitir, então vocês desativam a conta de alguém aleatório pra depois colocar permissão em publicações +18? 
Arrumam uma coisa, pioram 10 e ainda excluem contas !",1
"O meu Instagram atualiza e não muda nada! Não chegou nada diferente, sendo que nas outras contas já chegaram.",1
"Essa nova atualização não está permitindo repostar nos stories, já reclamei para o suporte e não consertam !",2
"O que é essa nova atualização? Vídeos em IGTV, meu Deus! Estou frustrada, já vou desinstalar e vou avaliar como 0! Odiei, Instagram perderá muita audiência com isso…",1
Não consigo compartilhar mais nenhum post ou reels nos meus stories,2
Tenho duas contas abertas no aplicativo e UMA DELAS NÃO ATUALIZA!!!!! Na outra eu recebo as atualizações e melhorias instantaneamente e na outra não recebo NENHUMA.,1
"Meu parem de nós bloquear excessivamente por comentar de mais ou curtir de mais se eu não tenho nada pra fazer na vida eu quero comentar e curtir livremente , o Instagram né meu !? Me deixe fazer o que quiser desde que eu não inflija a lei ! Tá chato já parem de nós bloquear",5
"O meu instagram fica toda hora mudando de idioma(inglês), o q eu faço?",1
"Não pesquisa mais músicas pra vc postar junto com a foto nos stories, as qualidades das fotos depois q vc posta cai muito, o reels não sincroniza como vc grava, fica sempre desajustado. Péssimo",1
"Aplicativo não abre!! Estou perdendo vendas, o aplicativo não esta funcionando no meu iPhone 11!!",5
"essa nova atualização está horrível, agora não consigo mais compartilhar posts ou reels pelo ""aviãozinho de compartilhar"". Só da para compartilhar quando vou nos stories e clico em criar e lá aparece pra compartilhar as coisas que vi no feed, uma perca de tempo terrível",5
"A última atualização desatualizou meu Instagram, não consigo mais adicionar nada ao story, pela mor de Deus resolvam o problema",1
"Preciso de ajuda! Trabalho pelo instagram, com marketing digital, e toda semana que deixo de seguir ou começo a seguir novas pessoas, voces bloqueam todas as minhas contas! nao apenas a que eu estava utilizando e sim como TODAS! alem de nao me permitirem trabalhar, acredito que esteja na hora de mudar a politica. APP de lixo! SUPORTE DE LIXO!",1
Infelizmente desde sexta feira parou de funcionar ao abrir o app ele aparece o logo e minimiza,1
Tem 2 dias que o aplicativo não está abrindo,5
"sempre quando eu posto um carrossel, des de ir às 10 fotos certinhas acabam indo algumas fotos pretas, sendo q o certo era ir todas as 10 fotos.
Obrigada, agora resolvam o meu problema.",2
The new Instagram app (version from six days ago) simply doesn’t work. I click on the icon; it tries to open for half a second and then it shuts down.,1
"Olá, quero manifestar a minha insatisfação com o Instagram. Quarta feira agora exclui algumas pessoas do meu instagram( creio que tenho que esse direito), mandaram uma mensagem dizendo que minha conta foi comprometida. Uso essa conta para serviço… isso está me prejudicando é muito e não consigo recuperar, não tenho retorno. Sério estou muito chateada com Instagram, está indo de mal a pior.",5
A nova Está Horrível Não consigo mais compartilhar nada direto do aviãozinho para os stories,5
Deveriam entregar o conteúdo a todos seguidores,2
"Não aparece mais pra mim a opção de compartilhar nos meus stores, consigo enviar pros contatos mas pros stores não.
Até mesmo minhas próprias publicações não consigo desde ontem 16/07. Me ajudaaaa",4
O Instagram bloqueou minha entrada na minha própria conta. Já tentei diversas maneiras de resolver o problema e não obtive sucesso. Preciso de ajuda para recupera-la. Tinha essa conta a mais de 10 anos. Estou extremamente nervosa com isso. Sacanagem.,1
Estou bloqueada vcs podem verificar ?,5
"Me bloquearam do nada, estou sem acesso, não consigo mexer em nada e o pior, sem motivo algum!",2
"Meu aplicativo fica piscando e ao sair pra entrar fica piscando também e demora muito. 

Isso não é meu aparelho é o aplicativo. Pois só o insta fica desse jeito.",1
Fica dando falha ao carregar…,1
"Infelizmente já tive minha conta restrita duas vezes nesses últimos meses, é desagradável isso, gostaria que fosse resolvido pois tenho amigos que também foram impedidos de entrar nas suas contas pelo mesmo motivo. Fica uma situação desagradável e a recorrência vem se tornando algo chato.",5
"Meu Instagram dyinha_vasconcellos está bloqueado dês de sexta feira 09/07/21 e até agora meu problema não foi resolvido eu estava olhando site de loja pra compra e meu Instagram está a dias bloqueado quando vão resolver.
Eu não tenho acesso ao número cadastrado",1
"Meu perfil recentemente teve bloqueio por conta que quebrei uma jurisdição do Instagram, MAS COMO ASSIM? além dos perfis que tbm sigo, tão sendo bloqueados",4
"Ter critério na hora de bloquear as contas como aconteceu aqui no Brasil, bloquear perfil de homens que espancam mulher, homofóbicos, racistas, machistas!!",5
"Está todo dia bloqueando o Instagram para mim, e desbloqueia só no outro dia , deu umas 3 vezes ja !",1
"Minha conta foi bloqueada e não
Consigo resgatar com o número de contato I não lembro da senha antiga",5
"tive a minha conta desativada sem motivo aparente! sendo que foi invadida 15 dias antes da desativação, fiz a autenticação de dois fatores e ainda assim não consigo acesso. já mandei vários e-mails com um código e foto minha, para confirmar minha identidade e não tenho retorno :( muito decepcionada c a plataforma",1
"O audio as vezes funciona, e às vezes não.",5
"Minha conta foi bloqueada por que deixei de seguir apenas 50 pessoas, eu não tenho mais acesso do email que está cadastrado na conta e quando envia o link pelo SMS volta a ficar aparecendo a mesma mensagem! “Que minha conta foi comprometida” uso a conta para fins profissionais e tenho um número considerável de seguidores preciso urgente que me ajudem a recupera-la",1
"Infelizmente meus números de seguidores estão travados , não há contabilidade além dique meus posts não estão alcançando meu público como antes !!😔
Resolve isso por favor !!",1
"A entrega de conteúdo, sem explicação, baixou de forma significativa. Eu como criador de conteúdo, mesmo usando todas as ferramentas e postando conteúdos com todos formatos e muita frequência, só vejo baixar o engajamento. Infelizmente, isso é muito frustrante.",2
"Não sei oq está acontecendo, não posso colocar nenhum tipo de música nos meus stories, se não eles são publicados super embaçados (oq antes não acontecia), estou mto chateada com isso",2
O Instagram virou uma grande feira. Toda hora uma propaganda.,5
"O diferencial do aplicativo era básico e pratico; fotos e compartilhamento de fotos e a fotografia em geral, agora, está virando um serviço de streaming e a vontade de postar coisas diminuiu demais, não me sinto na mesma rede social mais",1
"Não sei se é só no meu celular, mas só  estou conseguindo ver os primeiros 6 visualizadores do meu story. Como mudo isso???",5
"A nova atualização tá horrível, não consigo ver quem visualizou meus storys. Arrumem por favor 🙏🏼🙏🏼🙏🏼",1
"Péssima atualização, não consigo mais ver todas as pessoas que visualizaram meus stories",3
"De rede social a rede comercial… Só o que vejo são 3 # e 1 anúncio, 3 # e 1 anúncio… Desse jeito, não vai durar muito, está muito chato!",1
Meu engajamento caiu 70% 👍🏽,1
A nova atualização do Insta me deixou somente cinco pessoas aparecendo no meu stories. Já houve algo parecido em uma das atualizações que independente do numero de views somente cinco apareciam. Corrijam ou perderão usuários.,1
"Meu Instagram após a atualização não mostra mais de 6 usuários que vizualizaram meu storie, apenas o número que é sempre superior a 6",5
"Não consigo ver quem visualizou meus stories, nada carrega",5
"Há dois dias houve uma atualização que me impede de ver a lista inteira de quem visualizou o stories (só exibe 5 visualizadores). Já desinstalei, reinstalei, mandei mensagem pra o suporte 1mi de vezes, e nada de resolver!",1
"Invisto um valor considerável em anúncios todos os meses e, mesmo assim, do nada, não consigo mais impulsionar nenhuma publicação. Nem pelo gerenciador, nem pelo aplicativo. Já abri chamado com os “especialistas” que estão totalmente perdidos. Me pedem os mesmos testes repetidas vezes e nada funciona.",5
"Minha conta no aplicativo não possui a opção de reels, não consigo ver e nem postar reels, algo que fico decepcionada pois preciso disso para o meu trabalho, infelizmente o aplicativo falhou nessa parte, sendo que sou a única de todos que conheço que n tem a opção do reels !! Favor arrumar isso @geotrama",1
Nao vejo mais quem viu meus stories.,2
"Eu entro no insta e ele está saindo , pra tela  inicial do meu celular",1
"Quando procuro por músicas ou cantores específicos o app volta para as opções de início! Nem do reels eu consigo usar. Não faço reel no Instagram pq não consigo usar as músicas, se eu quero postar eu tenho q fazer no tiktok e postar no Instagram! Atualizei hj e continua sem funcionar essa opção! Instagram está a cada dia pior… ainda mais pelo fato de limitar tudo de uma forma quase q impossível de mostrar o nosso trabalho pra quem nos segue! Se a pessoa me segue é pq quer ver nossas publicações e stories. Não entendo o sentido de dificultar o uso se hj o Instagram é uma ferramenta de trabalho! Daqui a pouco alguém cria outro app. Tomara 🙏🏾",4
Ele tá horrível quando eu pesquiso as música que quero não aparece e aparece umas música chata pra pro 😣,3
Somos bombardeados por postagens falaciosas; por muitas vezes eu denuncio publicações completamente mentirosas e os responsáveis pelo aplicativo simplesmente nada fazer. Parece que são rigorosos com a ‘qualidade’ da informação apenas quando lhes convém. Em todos os outros casos o $engajamento$ é mais importante.,1
A opção de Reels não aparece em meu perfil. Não tenho a aba no explorar e nem como gravar reels nos stories,1
"Após a atualização, a ferramenta de notificações não abre. Só fica “não foi possível carregar a atividade”.",1
Meu reels não está aprecendo,1
O aplicativo não tá deixando eu curtir nem comentar a foto de ninguém e tbm não tô conseguindo seguir ninguém de volta Gostaria que esse problema resolvesse. Se ele for resolvido eu faço uma avaliação melhor do apk.,2
"Estou muito chateada com o Instagram, tenho uma loja pelo instagram e eles me bloquearam por 7 dias. Não usei nenhum aplicativo para comprar seguidores ou coisa do tipo, não consigo resolver o problema e não consigo falar com eles. Agora estou sem poder trabalhar!",1
"Eu não consigo mais acessar o meu Instagram pq do nada apareceu uma mensagem de erro, resolvam isso",1
"So acho que deveria disponibilizar para você ver na versão web ou normal, quem a pessoa seguiu por ultima.",2
Meh app não atualiza todos os meus amigos estão com o App atualizado porém o meu não entra a nova versão .,1
"Gostaria de saber porque os stories que faço, do iphone xs max, ficam com a qualidade péssima. Sempre atualizo o app e não adianta.",1
"Meu Instagram não dá opção de Reels, já mandei várias mensagens ao suporto do Instagram e não tive nenhum retorno, estou muito insatisfeito.",1
"Não consigo mais reagir aos stories! Só me dá a opção de mandar gifs! 
Muito ruim!!!",5
"Ja atualizei e faz meses que não tenho a opção Reels no meu Instagram , vocês podem me explicar o pq?",5
"Aconteceu alguma coisa que não consigo mais postar reels nenhum ,resolve pfvr",4
"Nunca foi disponibilizado o rells no meu perfil desde quando criaram essa novidade, já fiz de tudo, privei minha conta, desinstalei e instalei de novo e nada do rells aparecer",1
"A última versão é péssima, especialmente porque não tem como reproduzir músicas no story que não sejam as recomendações horríveis do próprio aplicativo. Atualização mal planejada e sem sentido.",1
"A cada vez mais que passa eu estou odiando o instaram. 
Primeiro fato é que a atualização está um lixo, tento responder alguns seguidores que m manda mensagem mais nunca que carrega as mensagens, outro fato é o meu engajamento do Story que do nada aumenta e depois cai então eu já estou cansado. O Instagram só apoio e abraça aquelas pessoas grandes que tem milhares de seguidores e dinheiro agora gente humilde que está na luta todos os dias eles viram as Costa e não tá nem aí pra gente que tenta crescer na plataforma todos os dias. Mas em
Fim nada dura pra sempre o seus dias também vai chegar e eu espero muito que uma plataforma mais valorizada e com mais responsabilidade e oportunidades pra todos chegam pro Instagram acabar de vez, por que ultimamente eu só estou passando raiva, ansiedade usando esse aplicativo. E se algo de pior acontecer a culpa é do Instagram!",5
"Me diz uma coisa ? Qual a intenção de vcs ? É fazer as pessoas se matarem pra conseguirem ter engajamento o reels que era uma coisa legal vc estão novamente fazendo ficar uma coisa difícil ? 

É ridiculo isso ! É inaceitável !!! O problema é que ninguém fala ! Vocês estão tirando marcas de coisas que as pessoas gostam do ar ! 

Mano se a pessoa gosta de fumar qualquer tipo de coisa o problema é dela entreguem o conteúdo pra quem gosta !!! 

Usem exemplos do App vizinho e perguntem oq as pessoas gostam de ver !!!! 

Forma administrativa de vcs é péssima ! 

Aprendam a perguntar para o público oq eles gostam !!!",1
"Não estou conseguindo reagir aos stories como antigamente, aparecem várias figurinhas diferentes, mas elas são enviadas como msg e não como reação.",5
"Desde o começo do ano estou tendo problemas para colocar musica no story. 
Aparecem umas músicas nada haver, e quando tento pesquisar alguma música não aparece nada. Já mandei várias mensagens para o suporte, e não tive nenhuma resposta. As últimas atualizações estão sendo péssimas.",5
"As minhas reações dos stories sumiram. Não consigo reagir mais a nenhum story. Só aparece a opção de de mandar uma figurinha inbox, opções muito feias por sinal.",2
"Depois da ultima atualização os reels sumiram e os directs voltaram ao que era antes , sem opção de reagir! Se soubesse não tinha atualizado!",1
"gentee. resolviiii, o meu!! só é pressionar a foto que ai seleciona mais de uma. é a nova atualização 😭",5
"Eu usava o opção de música nos meus stores, e do nada essa função sumiu, e era uma das funções que eu mais utilizava pra fazer divulgação dos meus trabalhos, pois minha conta é profissional, já entrei em contato várias vezes com o suporte, relatando sempre o mesmo problema, mas nunca obtive nenhum retorno sobre o problema, e nem como ele poderia ser resolvido, já troquei de celular, desinstalei o aplicativo diversas vezes e não deu certo. Não sei qual outro meio de entrar em contato com o suporte do insta, então por favor, resolvam isso!",1
"Com essa última versão no IOS não consigo mais postar várias fotos no meu feed, alguém consegue me dizer qual é o problema?",5
Não dar mais para colocar sequências de fotos 😭 volta por favor 🙏🏻,5
Voltem com a opção de postar duas ou mais fotos na mesma publicação!  Por favor!,3
Por que não é mais possível postar mais de uma foto em um único post???????,3
"Gosto muito do Instagram, mas fiz uma atualização ontem (21/05/2021) e a opção de publicar várias fotos (até 10) não está mais disponível é isso mesmo?",5
Não consigo mais colocar mais de uma foto na mesma postagem,3
"E agora, como faz o carrossel? Sumiu a opção de selecionar as fotos, vídeos. Não estou gostando dessa atualização.",3
Do nada a função postagem em carrossel sumiu... isso tem me atrapalhado muito com o trabalho. Vocês precisam arrumar isso o quanto antes gente!,5
Tiraram a opção de fazer carrossel!! ⚠️⚠️⚠️ é um bug?,5
Depois que atualizou no iPhone 8 plus,1
Essa atualização está horrível. Toda hora dá erro e muitas coisas sumiram do App. Arrumem logo!!!,1
Após a atualização não consigo colocar mais de uma foto no feed,1
Não permite postar mais de uma foto no feed,1
Cadê a opção de acrescentar mais fotos no feed? Só da pra colocar uma foto por publicação! 😬,5
"Nessa ultima atulalização removeram a opção que te termitia postar mais de uma foto no mesmo poste.. voltou a ser uma por vez.. como eu usava muito esse recurso, achei que foi uma receção tirar uma ferramenta que agente usava com frequência, melhorar o que ja tem é uma coisa, mas tirar função, ai é ruim.. não gostei",1
"Não sei o que houve, mas nas últimas atualizações minhas Reações tradicionais (Palminhas e outras) sumiram. E está co
Gifs no lugar. Odiei isso é não consigo retirar. Ninguém que eu conheço está com esse problema.",1
Péssima nova atualização. Não consigo postar mais carrossel de imagens :( não sei se é um bug ou a plataforma tirou,1
"Depois que atualizou não consigo mais publicar várias fotos no feed. To conseguindo postar apenas 1 foto! Sacanagem, ao invés de melhorar, ficou horrível! Não sei se está assim só com o meu! Aff",1
Não tem mais a seleção de várias fotos no meu insta eu preciso urgentemente,5
É um problema da atualização? Muito chateada com isso. Não aparece mais a opção pra mim de selecionar várias fotos para serem postadas no feed,1
Não consigo mais colocar reações rápidas de emoji nos stories. 😭😭😭,5
"Impressionante como o Instagram é difícil para conseguir engajar e quando de fato conseguimos, os algoritmos derrubam stories e views, perco seguidores diariamente e sempre vive caindo meu engajamento (não só meu como de várias pessoas que utilizam o App e dão o mesmo feedback)",1
Tiraram as reações do instagram e colocaram só para reagir com gifts!!! HORRÍVEL!!! poderia voltar como era antes ou deixar as duas opções. As reações dos storys com gifts são horríveis demais.,1
@DiegooPessoa - Pode melhorar em algumas coisas e inclusive na velocidade quando sendo utilizado por dados móveis.,3
Nao consigo ver quem visualizou meus stories,1
meu instagram não esta mostrando quem visualizou meu story! arrumem isso.,1
"A nova atualização está horrível, não to conseguindo fazer nada no meu insta, nem atualiza o a página principal.
Agora desinstalei e instalei novamente não consigo entrar em minha conta, diz que estou desconectado da internet🤦🏾‍♂️",1
"Preciso de uma ajuda urgente, hj pela manhã meu Instagram me enviou uma msg que minha conta foi desativada @amandaamadoor. Foi alterado o e-mail e telefone cadastrado no Instagram, provavelmente foi hackeado",5
Meus story's fica travado e só destrava depois de um tempo as vizualizacao! Fica por exemplo 1 hora travado com 7 vizualizacao arruma isso,1
"O Instagram tá dando erro pra entra 
Fala que deu erro é que é pra tentar mais tarde, arrume isso por favor",3
"Que raiva , quando vou pra parte do vídeo pra reconhecer que sou uma pessoa real da erro",1
"Boa tarde, eu tive minha conta desativada sem mais, sem menos! não fiz nada que fossem contra as regras do Instagram! uso como meio de trabalho, já tentei de todas as formas entrar em contato e nunca sou respondida! muito chateada.",1
"Desativou minha conta do nada e nem se quer mandou um e-mail notificando o motivo, apenas desativou e pronto! Não consigo reativar minha conta. 😭",1
"O Instagram desativou sozinho a minha conta, nunca tinha acontecido isso! Não estou conseguindo entrar mais",1
Já tem mais ou menos 15 dias ou mais que não consigo postar músicas nos meus stories 😭😩. Quando consigo aparece só um gênero de música,5
"Voltem com a ordem cronológica pelo amor de Deus, fica aparecendo post de 2 dias atrás no meu feed e quando eu curto parece que estou stalkeando a pessoa",1
"App com bug, quando realiza pesquisa de músicas não abre nada, defeito arrumem logo",5
Simplesmente não estamos recebendo as notificações em tempo real.,1
"Eu já entrei em contato e eles não resolvem o meu problema. A minha opção de músicas tá toda estranha, aparece umas músicas Jamais vistas e não consigo achar as músicas que quero.",1
Quero resolver esse problema,1
"Tá com uns 3 meses e ainda não consigo usar, horrível essas atualizações q não resolvem nd!",5
"Apesar de todos os ajustes de notificação estarem ativados, e todas as configurações de notificação do App do Instagram também estarem ativadas, ele insiste em não me notificar, não sei mais o que fazer!",1
"Depois que atualizaram o Instagram, ficou péssimo... 
Sendo mais clara, depois que atualizei essa nova versão do direct, meu Instagram simplesmente PAROU! Não consigo fazer absolutamente NADA... 
Arrependimento de não ter confiado nos comentários rsrs 
Não atualizem galera... a chance do insta de vocês serem bloqueados são enormes tbm....",1
Odiei esse modo temporário,1
"Essa nova atualização e horrível, não consigo gravar vídeo que minha voz fica igual a de um robô 😭😭 o que eu faço ?",1
"Estou decepcionada no meu insta não aparece a opção de responder a mensagem da mesma maneira que no WhatsApp, acho uma injustiça ter só para alguns 🥺",2
no geral é bom mais NUNCA tá atualizado o de outras pessoas tá sempre uma atualização á frente do meu,1
Gostei de mais,5
"O aplicativo em si é ótimo, porém algumas de suas funções precisam de melhorias como por exemplo, eu particularmente toda vez q entro no app, tenho q baixar todos os meus efeitos q já tinha salvo novamente, como se o aplicativo reiniciasse toda vez q eu entrasse. E isso ocorre toda vez q eu entro nele.",4
"Meu aplicativo está atualizado, já instalei e desinstalei varias vezes, tenho outra conta no mesmo aplicativo do meu iPhone e o mesmo tem reels. Na outra conta não tem. 
O que faço?",1
"Estou bloqueada de usar sem motivo algum.
É minha ferramenta de trabalho e não é a primeira vez que me deixa na mão.
Fala que restringiram certas atividades para proteger nossa comunidade, sendo que não executei ação NENHUMA que levasse a isso.
Estava conversando com 2 pessoas por direct sobre ter feito exame de sangue hoje. 
Compartilhei um meme com uma amiga, fiz 2 comentários em publicações que não diziam absolutamente NADA desrespeitoso a ninguém e tentei postar um storie de lembrança com a minha irmã que já não consegui.
Isso acontece e não temos NENHUM canal a recorrer.",1
"Difícil de interpretar os ícones, e visualização complicada, tudo muito misturado e com letras pequenas.",5
Já tentei de tudo e a minha conta não ativa o reels. Peço que resolvam isso!,1
"Não consigo adicionar o reels no meu perfil, não aparece a opção de colocar ou remover da grade de perfil. Todo reels que eu posto não aparece no feed de ninguém! Já desinstalei e instalei várias vezes!",2
"Pelo amor de Deus coloquem a opção de reels na minha conta, eu não consigo assistir e nem compartilhar nenhum reels, porque não tem a opção😭😭 
@batistaa_tata",1
No meu nunca foi disponibilizado a opção de responder uma mensagem específica. Além de que vocês poderiam disponibilizar a opção de patrocinar Reels e IGTV.,3
"Do nada o número de pessoas (contas) que eu sigo mudou, e o pior que não aparece as tals pessoas que eu tô segundo... 
Resolvam o problema, por favor",1
"O instagram tá com muitos bugs ultimamente, ele não carrega os filtros e fecha sozinho as vezes arrumem isso",1
O App está péssimo não carrega mas os filtros e não está salvando mas minhas fotos e bomerangs 🤨,1
O símbolo de colocar o link nos meus stories não aparece que ódio,1
"Sem querer cliquei em “ocultar” o Reels da grade do perfil, e não consigo mais reverter isso! Bizarro, já que até itens excluídos tem como reativar. PELO AMOR DE DEUS corrijam isso!!!",1
Do nada todos meus efeitos somem e nao aparecem de forma nenhuma! Ja fechei e abri mil vezes,1
"To super decepcionada com essas últimas versões do Instagram, não sou de reclamar, mas ultimamente tá impossível 
O app fecha sozinho, apaga meus stories do nada, fica sem som do nada, as vezes entrega meu stories pra 250 pessoas e um outro storie na sequência apenas para umas 20 pessoas
Sem condições",1
"Já perdi uma conta no Instagram e até hoje não sei o porquê! Criei uma segunda conta e toda hora sou bloqueada, e continuo sem saber o porque já que não fiz nada de errado!",1
"Há 1 mês, de forma repentina não consigo mais acessar as músicas para editar meus stories. Já reclamei em vários suportes de ajuda, e não há ao menos posicionamentos sobre o ocorrido. Lamentável.",1
Depois que atualizou os efeitos nao abrem mais!,1
"Mesmo usando a última versão do Instagram, a meses nunca recebi a mudança de layout",1
Propaganda de que no chat tem vários recursos só que não funcionam ! Nenhum funciona já desinstalei e reinstalei o app mas não tem jeito. Bem frustrante!,5
"Adoro o app do instagram, mas fico chateada pois as atualizações não chegam na minha conta. Meus amigos têm várias funções legais, e na minha conta não tem nenhuma, nem mesmo a dm colorida. As mensagens personalizadas (mandar mensagem como presente, ou como foguinho, enfim...), ou responder uma mensagem específica, que nem no whatsapp. Nenhuma atualização, e isso me frustra muito, uso o instagram boa parte do meu dia e não tenho essas funções.",5
As notificações pararam de funcionar repentinamente,2
"Não sei se o problema está no ap, mas esse único app que faz isso",5
"Já atualizei meu Instagram duas vezes e ele não muda para a nova versão, não aparece o ícone do messenger e não dá pra arrastar para o lado para selecionar a mensagem que quero responder.",4
"Não consigo por músicas famosas no reels! Não posto faz um tempo, tem músicas selecionadas de artistas desconhecidos! Socorro!",1
Meu Instagram não tem Reels e também não consigo colocar músicas no status. Já tentei entrar em contato com a equipe e não respondem.,1
"Já atualizei muitas vezes o meu Instagram mas simplesmente o reels não aparece para mim na Lupa nem na câmera, não consigo repostar reels nem eu mesma criar um. Por favor, podem me ajudar com isso?",5
"O meu Instagram do nada parou de notificar, todas as configurações estão para enviar e mesmo assim não recebo.",3
"Solicito providências para a melhoria das condições de acessibilidade do instagram. Sou pessoa com deficiência visual e usuária de software leitor de telas e informo-lhes que tenho encontrado dificuldades para:

-  não consigo navegar entre os stories, o que significa que eles não são acessíveis, ou seja: não tenho acesso a eles.Importante mencionar que eles vão se alternando na tela e a interação por meio de software leitor de telas é impossível, pois, ainda que eutente  selecionar um storie, ele some antes que eu consiga tentar interagir com ele;

-  não consigo ter acesso aos stories publicados por outras pessoas;

-  não consigo acessar os stories que mencionam a minha página do instagram, ainda que eu receba direct sobre eles,  não consigo saber o que foi publicado, se escreveram algo sobre a minha página, se enviaram pros stories a minha publicação, enfim, não faço ideia  do que esteja ali, pois não é acessível através de software leitor de telas (nem o texto da publicação eu tenho acesso).

Tudo isso dificulta por demais a minha interação no instagram, já que os stories são muito vistos e essenciais para a divulgação da página.

Gostaria de  ter o direito de acesso à informação da mesma forma que as pessoas que não possuem deficiência visual. Aliás, este é meu direito e para alcança-lo faz-se necessário, tão somente, que os desenvolvedores do instagram observem as diretrizes de acessibilidade do w3c e emag Brasil, que trazem  regras básicas de desenvolvimento contemplando acessibilidade.

Isso garantiria igualdade de oportunidades e contribuiria, por certo, para aumentar o número de usuários do instagram, já que as pessoas com deficiência visual no Brasil somam 23,5 milhões de pessoas, segundo o Censo do IBGE de 2010, isso se considerarmos aquelas que declararam ter muita dificuldade para enxergar ou não enxergar de forma alguma.

Certa de poder contar com o empenho dos Senhores para a solução dos problemas apresentados, agradeço.

Daniela Ferrari Kovács

Instagram @caoguiaanjodepatas",3
Não consigo ter a atualização das reações e responder mensagem específica.,2
Surgiu no meu perfil que eu estou seguindo 60 pessoas a mais sendo que eu não conheço. O suporte dos storys são sempre desatualizados em relação aos outros. Acho que vou ter que excluir minha conta porque está bem ruim o sistema operacional do Instagram.,5
"Minha conta foi bloqueada temporariamente sendo que não houve nenhuma atividade errada, E não consigo receber o código de login por não lembrar do email que é muito antigo e por entrar direto pelo Facebook.",5
Travou. Bloqueou do nada. E pede para atualizar a identidade. Mas vem o mesmo código e remete a mesma página. Trava demais no meu iOS. Não consigo acessar nem fazer nada.,1
"Até agora eu não posso mudar a cor do messenger do insta, e meus amigos já conseguem",2
"Minhas notificações do Instagram pararam de chegar a um bom  tempo, tento resolver e até agr nada, sendo que a configuração de notificações do meu Instagram assim como o do meu celular está tudo ativado, tudo certinho. Foi super  do nada que parou parou de chegar.!",1
"Somente meus seguidores estão sumindo da minha lista completa ?
Por exemplo no perfil do meu instagram aparece 500 seguidores, porem ao contar de um por um, pela contagem só tem 250.
Tem algo de errado. 🤔",1
Não consigo responder as mensagens diretamente.,1
Meu perfil profissional não aparece a opção de colocar o WhatsApp como contato.. já o meu pessoal sim.,3
"Nunca vi o Instagram tão ruim, como está esses últimos dias. E não é o celular, é o próprio app, trava tanto, remove os filtros e não atualiza com as novas funções. Realmente está de mal a pior. Espero que ajeitem!",1
"Gostaria de saber quando vou receber a versão com integração com o Messenger, já vi várias pessoas usando com a opção de responder certa mensagem porém não recebi ainda.",5
"O Instagram me bloqueou e eu não tenho mais acesso ao e-mail e a senha, porém meu Facebook está logado com o Instagram e eu ainda tenho acesso PORÉM o Instagram não está me permitindo entrar com o Facebook.
O que eu faço? Vou perder a minha conta?",1
Impossível usar o reels e outros recursos,1
"Meu perfil não foi atualizado com a função de integrar Messenger com o Instagram, por favor resolvam o meu problema o quanto antes.",1
Mas poderia sem melhor se todas as contas tivessem a função de responder as mensagens arrastando pro lado.,5
pls,1
"Não consigo responder mesagem especifica nem colocar o direct colorido e os emojis não aparece mas , meu telefone é o 7 Plus",1
"Gostaria de saber porque eu não consigo marcar a msg no chat ou pq meu chat não é colorido, sendo q está tudo atualizado e certinho",3
Minha conta foi bloqueada e ninguém me dá um suporte não consigo entrar na conta nem por código de SMS,1
"Por mais que eu tente não consigo atualizar o aplicativo, tento e tento e não fica como está na propaganda, do modo que queria.
Tentei todas as formas e não estou conseguindo, como faço?
(sou usuário de iPhone 6s)",4
"A função de fazer reels não funciona no meu Instagram, já atualizei, uso iPhone 5, 3 contas abertas, em duas presta a função reels, só uma que não funciona, já tentei de vários formas resolver o problema, já pedi muito ajuda no Instagram mesmo, e nada!😩",1
"O Instagram bloqueou minha conta por eu ter promovido 2 publicações no perfil comercial da minha loja. Aumentou muito as impressões e automaticamente o Instagram insinuou que eu estaria comprando seguidores. 
Ao promover publicações logicamente que aumentará seguidores e impressões. Por favor verifiquem isso pois estou sem acesso, e vivo das vendas. Obrigada",5
pode desinstalar e atualizar que não fica configurações novas. iphone 8plus,1
"Todo dia é um bug novo, faz o engajamento cair e parece que é de propósito, mas ao invés de querer resolver isso, a plataforma investe em funções totalmente desnecessárias, fica difícil querer continuar assim
Quando alguém vai resolver isso ou criar uma rede social que seja realmente boa para os usuários?
Coloquei uma estrela mas merece é nenhuma",1
"O Instagram está perdendo o charme, em vez de oferecer mais recursos, coloca mais dificuldades.",5
"estou gravando stories falando e quando vou ver está com voz de robô, mesmo sem nenhum efeito, não estou conseguindo resolver. não é problema no microfone.",3
"Olá, já há dias não estou conseguindo postar conteúdo no reels. Pelo o que pesquisei, o problema maior está sendo nos IPhones 6S e SE, o que será feito para que resolvam o problema?? A mensagem que da é “tentaremos mais uma vez quando houver uma conexão maior” 
Aguardo retorno de vocês",1
"Não estou conseguindo postar nem reels nem vídeos no meu Feed 
Já mandei inúmeras mensagens para relatar o problema já desinstalei e instalei varias vezes e o problema não foi solucionado.
Eles estão fazendo pouco caso com os usuários do aplicativo, sinceramente só decepção",1
"Não tenho a função reels, já atualizei o app e o celular é nada!! Alguém ajuda aí??",3
"Olha, estou tentando participar de sorteios que pessoas postam no app Instagram, e nesses sorteios você tem que comentar bastante, e eu estou tentando participar de um, mais não estou conseguindo comentar muito porquê o instragarm fica limitando a frequência com que eu comento, isso ta insuportável já, fiquei 24 hrs sem poder comentar, hoje comentei apenas duas vezes e ja me limitaram novamente, isso ta um saco já 👎🏻👊🏻",3
"Eu amo o Instagram e diariamente meus amigos me respondem de forma específica cada mensagem do Instagram apenas arrastando pro lado e no meu não consigo, entro em várias páginas e tutoriais no YouTube para saber oque está acontecendo e não acho uma resposta clara e concreta! Peço a ajuda dos engenheiros do Instagram para que eu possa resolver esse problema!",5
"Já tem 1 mês que eu criei uma promoção , não impulsionaram e comeram meu dinheiro , depois disso travou não consigo mais promover nada , e mais agora mesmo os seguidores as publicações tudo sumiu só aparece pra mim , desinstalei o app e instalei de novo e o que aconteceu? Não to conseguindo logar em nenhuma conta mais 😩😩😩, e outra música vc não acha nada de música só as que aparece , sinceramente tá chato isso , tem tempo que to esperando meu reembolso eu dependo do Instagram pra vender minhas coisas infelizmente tá muito chato isso , muito chato mesmo já cansei disso 😔💔😭😒",1
"Alguém sabe dizer se esse problema no Reels é só a partir do iPhone 6s, ou se é por conta da nova atualização do insta?",1
"Sem nenhum motivo fica dando erro quando tento postar, não é conexão ruim, ja instalei e desinstalei várias vezes e o problema não resolve",5
"Trabalho com a internet, faço challenges e não consigo postar meus vídeos no feed do insta, qualquer tipo de vídeo, não posta, já tentei entrar em contato com a assistência do Instagram e não consegui, pfvr me ajudem!!",1
Faz 4 dias que não consigo postar nenhum vídeo. Poxa Instagram resolve esse problema por favor.,5
"Olá! Estou com um problema no meu perfil, sempre que tento fazer publicação de vídeo, ele não carrega e já vai direto pra barrinha vermelha, no próprio feed, informando que “pode ser um problema de conexão”. Porém, não há nenhum problema de conexão, sigo conseguindo postar fotos normalmente. O que posso fazer para resolver o problema? O @ da minha página é @diariodosfamosos__. 

Fico no aguardo!!!",3
Eu não consigo postar um video no feed em nenhuma conta que tenho e ta dificil ja fiz de tudo e nao vai video no feed,1
"Tô tentado postar um reels, não carrega e nem posta, ficar dizendo q vai tentar de novo",4
"o meu instagram já atualizou, mas não mudou nada! eu não tenho nenhuma configuração nova! já tentei de tudo, mas não vai! me ajudem!!!",5
"Meu perfil é comercial e não consigo postar nada nas publicações 
Ja instalei denovo e atualizei e nada
Dispositivo : IPHONE
Arrumem logo isso... tempos de pandemia já está difícil trabalhar, e a única fonte de renda estão me cortando",5
"minha conta foi bloqueada temporariamente, tento recuperar mas o número de recuperação é muito antigo e o e-mail não é meu “blackhole..@“  etc... meu username é “ze_duardo7”",1
Bom dia de um por meio desta comunicar aqui deis do dia de ontem de quarta-feira Dia 3/3/2021 não consigo fazer nenhuma postagem de vídeo ou foto no Instagram fala que está esperando uma conexão estável só que já mudei de Wi-Fi e já mudei para dados móveis retorne para o Wi-Fi e continua a mesma coisa já reinstalei o aplicativo e nada aguardo ajuda do suporte,4
"eu estou sempre acompanhando as atualizações do instagram, e não aparece o reels para mim! E quando aparece um vídeo feito pelo reels de outra pessoa, para mim aparece apenas como uma postagem normal do feed!",5
"Não consigo postar nenhum reels, aparece conexão ruim, mas é só com reels. posta qualquer coisa menos reels 😡",5
N consigo marcar a música e nem procura resolve isso logo ou terão problemas,1
"Não consigo colocar músicas nos meus storys,só tem músicas antigas tenho que desinstalar e instalar o app para atualizar,pois mesmo pesquisando músicas não aparece música nenhuma",1
"O instagram não me deu nenhum suporte até agora para que eu pudesse recuperar minha conta que foi bloqueada, pq não tenho mais acesso ao número logado, o meu celular foi roubado e perdi o número. Queria outros meios para ter minha conta de volta.",1
"Não consigo postar nenhum reels, já estou tentando a dias, mesmo com a nova atualização o problema continua",3
"Seguinte, não dá pra por perguntas no formato de músicas e nem da pra responder mensagens e nem alterar o tema do direct do Instagram",1
"Desde a última atualização que não consigo fazer nenhum tipo de post no Instagram!
Seja reels, video, fotos, quando clico em compartilhar aparece:
“OCORREU UM ERRO. TENTAREMOS MAIS UMA VEZ QUANDO A CONEXÃO ESTIVER MELHOR!” 

Sendo que a minha internet é rápida!
Corrijam isso aí!😡😡😡😡",5
"Muito chato o que está acontecendo com os stories, não consigo mais escolher uma música na pesquisa e nem colocar  vídeo no storie com foto de fundo",1
"Ter a opção de arquivar cada “Destaques” sem perder os storys selecionados. Poder arquivar e desarquivar sempre que o usuário decidir, mantendo os storys que uma vez ja foram selecionados para aquele “Destaque”
Hoje só é possível excluir para que não apareça no perfil.",5
"Na minha conta comercial eu não consigo postar nenhum vídeo mais, nunca aconteceu isso, meu celular é um iPhone, em outros dispositivos eu consigo postar, como posso resolver esse problema?",5
Quando o Instagram vai liberar o recurso de resposta específica igual ao WhatsApp para todo mundo? Pq numa conversa no direct é de suma importância...,5
"Boa noite, meu reels ainda não foi ativado, preciso que ativem por favor o mais rápido possível, aguardando retorno.

Eu até pago para meus reels aparecer, por favor me ajudem....",5
"Meu Instagram está bugado, n consigo fazer nada. Fica direto com a frase: “ Infelizmente ocorreu um erro. Tente novamente” 
Por favor espero que ajeitem pelo amor de Deus!",5
Não consigo responder mensagem no direct do Instagram,4
"Tenho um xr e até agora n atualizou as letras animas nos stories tenho amigas q tem o 6 é 7 é já estão atualizados acho isso o descaso,ver isso por favor",3
"Por qual razão meu app fica aparecendo números de notificação de direct e quando entra no app não tem nada novo, fora que quando você vai nos directs sempre aparece “infelizmente ocorreu um erro. Tente novamente”",3
To cansada de atualizar o app e o aplicativo não atualiza várias coisas novas q eu vejo no das outras pessoas,5
Depois da atualização o áudio das postagens corta na metade. Tô assistindo do nada fica mudo depois volta. Em qualquer postagem fica assim. 🥺🥺🥲🥲,4
"Gostaria muito de poder selecionar a mensagem específica para responder no chat do Instagram, qual o problema que não estou conseguindo fazer isso mais ?!",1
Não está contabilizando meu número de seguidores,1
"De novo atualização para uma versão menos favorável que a de antes, simplesmente odiei",1
"Eu entrei no meu insta e tava seguindo 600 pessoas, tipo eu nunca segui esse tanto de gnt e eu não consigo parar de seguir eles",2
Ao rodar os vídeos áudios ficam sem som,3
"Quero saber porque o reels sumiu, não aparece mais essa função.",3
Tá péssimo! Você lê as mensagens no direct e continua em negrito e a notificação como se fosse não tivesse lido!!! 😫,3
Até hj não consigo fazer a integração do insta com o messenger. Já desinstalei o app e instalei de novo e nada muda.,3
"Meu app nunca atualiza, até hoje não tenho a função de responder as mensagens do privado.",5
"Não consigo receber notificações no meu celular do Instagram, não aparece nem na opção de notificações la nas configurações",1
"Fui desinstalar o meu aplicativo, por que o meu Instagram não atualiza. Quando baixei de volta para acessar minha conta, não consigo mais entrar nela. O celular e e-mail que estão castrados, que solicito o código para entrar, fazem com que eu entre em outra conta minha só que profissional. Mas a minha pessoal nada. Já solicitei o suporte e até agora nada",5
Não aparece as notificações 🤦🏻‍♂️. Iphone 12,2
"Todos os efeitos estão dando erro no meu celular, quando escrevo algo fica distorcido...",1
Minha função de responder as conversas gato fica disponível nunca...,5
"Minha conta pessoal não atualiza, meu celular tá atualizado, o app está atualizado, mas nem reels eu tenho...",3
"Péssimo, cada dia que passa o aplicativo piora em todos os sentidos, agora não posso por músicas brasileiras",1
"Gente eu queria tanto poder organizar o feed depois da foto publicada. Qual o problema, poxa? Por favor atualizem isso para a gente poder trocar a ordem das fotos",5
Todos os vídeos do meu Instagram estão com qualidade horrível e não consigo resolver!,2
"Favor corrigir bugs das notificações, mesmo após diversas tentativas, já chequei todas as configurações e continuo sem receber notificação.",3
"Não consigo adquirir a nova forma de escrita ir aparecendo, já exclui e baixei de novo procurei mais tbm não sei opção para atualizar o aplicativo. Abri uma conta nova para minha loja e já veio essa opção, como faço pra aparecer no meu tbm!!!",5
"Estou tendo uma grande dificuldade para atualizar o Instagram. De nome está escrito que está atualizado, porém não é modificado para a versão recente. Já desinstalei e instalei várias vezes e nada, já até entrei em outros perfis pelo meu telefone e estavam atualizados, porém só o meu que não quer atualizar.",1
Meu app esta atualizado porém desde quando surgiu a atualização que criou a opção de respostas a mensagens específicas no direct no meu celular não essa opção. Já desinstalei e instalei mesmo assim não tem,5
So queria poder responder algumas mensagens específicas,4
"Notei um erro , quando você tenta visualizar seguidos os destaques . Ex: tenho dois destaques “1” e destaque “2” . Se eu clicar no destaque 1 e for para destaque 2 da um erro , eu consigo ver apenas o destaque 1 e depois eu clico 2 para ver o destaque 2. Em sequência está dando um erro.",4
"Meu Instagram naum tem meio de receber notificação, já fiz de tudo e nenhum resultado oque posso fazer ?",1
Falta algumas possibilidades de salvar vídeos!! Ele é o mais difícil de entrar se o sinal da intervenção estiver baixo !!,3
"Gosto muito do Instagram . Começou a aparecer no meu feed ,e que eu não gostei de jeito nenhum , foi aparecer sugestões para seguir algo. Gostaria que vocês retirassem isso! Se eu quiser seguir alguma coisa , sairei procurando e sigo . Isso é um saco! Não sou obrigada a ficar vendo sugestões para seguir!",5
"Obrigado pelos storys arquivados Instagram, diversas vezes salvou memórias e vidas! 👏👏🙌",5
"To a mais de 2 meses com este problema, de não receber notificações do Instagram mesmo todas elas ativadas! Poderiam corrigir por que já vi que não é só o meu que está assim !",5
"O meu Instagram não funciona dm colorida, para mudar os temas, nem letras animadas em story, está na última versão e mesmo assim continuo sem acesso a esses recursos!! não recebi suporte nenhum do instagram!!",1
"Como vocês colocam publicações sugeridas no feed, se eu quisesse ver as sugestões eu seguia. Horrível atualização de vocês.",4
"Recentemente notei que não consigo ver o feed de quem eu sigo, mas sou obrigado a ver o que ele “preparam” para mim, através de “publicações sugeridas”, de perfis que eu não sigo a sem que eu possa bloquear esta opção.",1
Não consigo usar as reações do direct e nem responder uma msg específica 🙄,5
"Minha conta não esta com todas as funcionalidades disponíveis, após as últimas atualizações itens como “Modo Cenas ou Reels” e “Responder Stores com Foto” dentre outros foram retirados do meu aparelho, um iPhone 8 Plus atualizado com última versão do iOS e última versão do Instagram. 
Percebi que está disponível um layout novo, já vi em outros aparelhos iguais ao meu, porém, no meu continua o layout antigo e sem esses recursos que antes funcionavam perfeitamente. 
Já relatei o problema antes e nada foi feito e nem sequer foi enviado algum parecer sobre o caso relatado.",1
"Sirs, the option to reply a selected message does not works good. What can I do for repair? I suggest you, please fix it. Thank you for your attention. I love this app.",5
"Inaceitável que em 2021, em um aparelho top de linha, a função reels ainda não esteja disponível. Além disso, os stories não se adaptam à tela full, ficando com bordas pretas. Isso tá incomodando bastante e limitando minha experiência no aplicativo, triste.",5
"Já tentei de todas as formas que a atualização do reels aparecesse pra mim. 
Nada, exatamente nada funciona e eu não acesso a essa função.",3
"O Instagram pra mim se tornou a melhor rede social da atualidade, mas convenhamos que precisa ser melhorado em relação a perca de qualidade da imagem das fotos/ vídeos quando posta ou faz story.",4
Não estou conseguindo atualizar...,4
Eu não consigo citar uma frase específica e responder a mesma,4
"O meu insta não tem a opção do direct colorido, o app ta atualizado e mesmo assim não da",3
"agora quando reposta um vídeo nos stories ele não da play sozinho, um lixoooooo",1
"Não está chegando nenhuma notificação do Instagram no meu celular. Como faço para resolver? Já está habilitado nos ajustes, mas não chega direct messages nem curtidas, nada, só consigo saber quando entro no aplicativo mesmo.",3
"O meu ainda está na versão antiga, não sei porque",4
O aplicativo roda liso no iOS! A função de troca de contas com dois cliques na foto é incrivelmente rápida. Só falta uma função nativa para repostar publicações na timeline (os apps terceirizados que fazem isso cobram um absurdo por algo tão simples).,4
"Engraçado, a versão atual no Instagram todo mundo tem, menos os iOS (iPhone) 🙄🙄",4
"Eu gostaria mesmo que o Instagram atualizasse o meu perfil e todas a pessoas que não tem as novas opções da nova atualização como reels, compra",2
"vejo alguns amigos citando mensagens tal como faz no whatsapp, messenger e outros. mas no meu isso não está disponível mesmo estando atualizado, qual o problema?",4
"O ios e o app estão atualizados na versão mais recente, mas o direct messenger ainda não apresenta as funções novas e o reels não carrega. A tela fica preta.",5
Meu Instagram não atualizou a versão messenger no direct. Aff,2
"Não consigo responder a uma msg específica no chat como se faz no WhatsApp, mesmo com o app atualizado",4
"Decepcionada pois no meu insta não tenho a opção de TEXTO ANIMADO(no story) e quando estou conversando com alguém pelo direct, não consigo responder uma msg específica(tipo o do WhatsApp) ARRUMEM ISSO!! Eu amo o Instagram.. e quero crescer nele.. mas até agora.. Tem sido bem difícil... e nem vou falar das vezes em que o app fechou SOZINHO enquanto eu gravava um story.. 😤",2
"Faz muito tem que não recebo notificações, já mexi em tudo, exclui e baixei de novo o app e nada, gostaria de resolver esse problema.",4
"Toda hora aparece mensagem limitando número de vezes que posso visitar perfis,o perfil trava e não abre !!!",1
"Amigos meus conseguem responder mensagens específicas e eu não, bem triste isso pq eu acho algo mt necessário",4
"Mano esse App é muito bom, passo quase 24 horas acessando ele, mas eu quero que vcs coloquem uma opção para a gente ver quem não nos segue de volta.",4
Quando vai chegar atualização de fontes para IOS?,2
"Olá, eu queria saber pq o meu instagram não é igual ao que está proposto aqui? Eu já desinstalei, instalei, procurei atualização nova e não tem e ele continua diferente do que está nas imagens da propaganda. Eu não consigo responder mensagens específicas, também não vejo essa opção de deixar o chat colorido. Queria uma resposta dos desenvolvedores se essas funções propostas não são pra todos os usuários?",5
"As vezes estou assistindo vídeos e do nada dá um corte no áudio e volta ao normal, isso é chato pq as vezes temos que ver o vídeo novamente. Outro bug é ele fechar sozinho enquanto uso.
Dêem uma olhadinha nisso aí",3
"Eu so queria pode ter reels como todo mundo...
Tenho um iPhone xr, ja atualizei meu Instagram e não aparece o reels... Ja tentei de tudo.😭",1
Não possui as mesmas configurações para todos os iphones,1
"O ícone “bolinha verde”, no canto superior direito do Iphone IOS 14, que notifica o uso das câmeras do aparelho, está ascendendo quando estou apenas visualizando o feed do App, e não estou usando nenhuma câmera. Isto me alerta sobre o uso indevido e não autorizado das câmeras do aparelho pelo App. Isso é invasão de privacidade.",1
"Estou seriamente pensando em abandonar o app depois dessa mudança. Em vez de ver o que de fato me interessa no feed, fica mostrando coisas aleatórias e um monte de propaganda. Dificulta demais o acesso aos posts de quem você segue e quer ver de verdade.",1
Toda vez que estou vendo um vídeo ou storie com som ele simplesmente para no meio do vídeo e depois volta. Não sei se está acontecendo só comigo.,2
Não gostei da nova atualização em que as pessoas reagem os storys e não vai mais para o direct,3
"meu número de pessoas seguindo está totalmente diferente do que realmente é. Já desinstalei varias vezes e nunca muda, fico achando que tem gente invadindo minha conta e segundo o povo, mas não tem ngm seguindo a mais. POR FAVOR AJEITEM",2
"Não está seguindo os contatos que começaram a me seguir, quando clico para seguir de volta, quando ele atualiza, para de seguir.",2
"NÃO CONSIGO MAIS CURTIR NADA , NÃO CONSIGO MAIS SEGUIR NINGUÉM E NÃO CONSIGO MAIS PARAR DE SEGUIR ALGUÉM , TÔ DE SACO CHEIOOOOO ARRUMEM ISSO LOGO",1
"the option to share a post in my stories is no longer appearing to me.  My account was commercial and I passed it on to personal account and it didn't help.  Can you help me with this, please?",5
"Ate hj as da letra nunca mudou já tentei e nada atualiza e muda nada pelo amor de Deus isso é complicado  em e eu estou com o iPhone 7 e nada minhas amigas já mudou e o meu nada pq , resolvam isso mds",1
"Totalmente tendencioso, e censura abusiva! Fora que censura tudo que é de valor e o que é banal tá aí livre! Em breve alguém rede social descente vai estourar sem essa censura sem fundamento e patética de vocês!",1
"Olá, quero saber porque não consigo utilizar os recursos do Messenger :( queria muito que fosse atualizado para todos",5
mesmo eu fazendo as atualizações não tenho todos os recursos novos ! não consigo responder mensagens diretas dentro da conversa do direct nem trocar a cor do walpapper .. tmb nao sai a opção de colocar as letras em movimento.. enfim muito chateada com isso,3
As músicas só aparecem as que não tem copy! Já fiz de tudo e n volta ao normal peço que revejam isso pois me causa um desconforto gigante !,3
"Essa parte de publicações sugeridas já está um saco.
O aplicativo fecha sozinho.",2
"O app simplesmente não envia nenhuma notificação, tenho um iPhone XR e não recebi nenhuma notificação do app mesmo estando com o alerta de notificação ligado.",1
"Não sei se é o de todo mundo mas o meu e o da minha amiga já te mês que não envia vídeos feitos pelo direct , sempre da erro , sempre faço notificação de erro mais vocês não resolvem o problema! Tá difícil",1
"Não consigo de jeito nenhum atualizar meu Direct, já assisti tutoriais, desinstalei e instalei de novo e nada!",1
Tanto stories quanto IGTV ou reels estão freezando do nada como se minha Internet não funcionasse direito ou fosse lenta. E eu tenho certeza que o problema não é da conexão pq todos os outros apps funcionam naturalmente!,3
"Eu queria saber porque o meu não vem com as novas funções, queria deixar o meu em modo noturno, o meu não tem aquela função de “responder” a mensagem, não tem a função de responder a mensagem com um emoji, a minha antiga conta dava para fazer isso, o meu celular é IPhone 6, por favor quem puder me ajudar, eu agradeço.",2
Já cansei de mandar reclamação em todos os lugares e de nada adianta. Eu atualizo o app e minha versão continua antiga. Os meus outros perfis de trabalho atualizam normal. Menos minha conta pessoal. O que explica? 😡,1
"No Instagram tem muitas coisas que as pessoas colocam, conteúdo inadequado para menores, já denunciei mais vcs não faz nada, tem crianças que podem ver isso é se influenciar, melhorem isso. Gosto muito do app mais dessa forma não dá pra continuar, já apareceu pra mim várias coisa que eu não estava seguindo, tomem providências...",1
"Não consigo mais por música nas fotos nem nos vídeos do stores 🤬 meu celular é um iPhone 7 Plus 
Alguém me ajuda",1
"Meu Instagram infelizmente não está atualizando, todo mundo com o insta atualizado e o meu não dá pra atualizar 🤦🏽‍♀️",2
"Cansei de tentar conectar o messenger com o instagram, já fiz de tudo e nada",1
"Infelizmente tentei de todas as formas “atualizar” meu Instagram. No app store está atualizado, mas o meu Instagram está com a página inicial desatualizada, não tem reels na página inicial, se posto reels o Instagram exclui. 😫",5
O meu é diferente kkkk tipo as mensagens ñ aparecem da mesma cor igual da foto e ñ da para responder tipo do wpp tem gente que consegue mas eu ñ 🥺,3
"Não consigo atualizar meu feed desde ontem! Aparece uma janela dizendo que estão limitando minhas ações por causa de políticas da comunidade, mas eu consigo fazer tudo, postar, curtir, comentar, só não consigo rolar a barra do feed e ver publicações novas, está travado numa mesma foto desde ontem! E eu não fiz nada de errado!!! INDIGNADA!!!",5
"Eu amo a rede Instagram, porém estão bloqueando toda hora o meu perfil, dizendo que limitaram e bla, bla, bla, poxa desse jeito fica difícil navegar pelo perfil e sem conta que não está atualizando direito toda hora tem q atualizar pra ver quem curtiu comentou ou viu os vídeos e fotos, e o gráfico tbm que não atualiza nunca, des de semana passada está como se eu ganhei 26 seguidores sendo que só ontem 17-01-21. Eu tive quase 100 seguidores novos, vamos consertar isso em e o pior que meu celular é um iPhone então bug no celular que não é 🤦🏻‍♀️",5
"O meu Instagram nao atualiza nada, nao tem letra colorida nao tem como responder mensagem, coisa chata",5
"antes o instagram era o meu aplicativo favorito, agora toda hora fica travando, não atualizando o feed, demorando para responder... o meu celular é um iphone xr e está atualizado (junto do aplicativo), não sei mais o que fazer",1
"Meu aplicativo tá atualizado e minha conta não tá atualizada. Várias pessoas já estão com a nova atualização e na minha nada mudou, só retiraram algumas funções que tinha 🤬🙄",1
quero saber pq so o meu insta q eu n consigo marcar as mensagens para serem respondidas. eu sou uma palhaça pra vc mark zukemberg 🤡🤡🤡??? eu ja atualizei e nadaaaaaaa,1
"Não bastassem as inúmeras propagandas, a repetição de anúncios também é enorme.",5
O instagram agora fica limitando o uso do meu perfil e não falam o motivo! Eu não fiz nada que viole as políticas de uso da plataforma! Isso trm ficado chato! Gostaria de uma resposta por favor pra saber o que está acontecendo,2
"O App está uma porcaria. Não carrega nem feed, nem story e quando tento fazer qualquer ação dentro do Instagram ele aparece uma mensagem pedindo pra informar que foi engano",1
"O Instagram está limitando o meu uso com frequência, não atualiza o feed nem nada. Não estou entendendo o motivo!!! Arrumem isso por favor!! Instagram só piora",1
Não aparece para atualizar o Instagram com a nova função do Messenger,1
"Já fazem 4 dias que vocês estão bloqueando minhas ações, e eu não fiz absolutamente nada pra isso acontecer. RESOLVAM ISSO!",1
"Cada nova atualização fica pior, quem nn atualizou continue sem atualizar, tá ficando cada vez mais horrível, bloqueia por tudo, proíbe comentários normais e afins, consertem isso por favor 🤬🤬🤬🤬",5
Faz uns dias que sumiu a opção modo de criação do meu story. Já apaguei e reinstalei o aplicativo mas continuo sem.,3
"Não consigo ver story, imagem embaçada",1
"5 eu só vou dar no dia que puder pausar vídeos, adiantar... E o principal deles, silenciar os stories sem ter de diminuir o volume do celular. Mais liberdade e inuitividade.",3
"Eu não estou conseguindo colocar foto de perfil, meus amigos TODOS conseguem já eu não consigo mudar minha própria foto de perfil. Não sei se é o bug mas eu não estou conseguindo. Arrumem isso por favor.",3
"UMA BOSTAAAAAA FICA APARECENDO UMA MENSAGEM AUTOMÁTICA TODA HORA - TENTE NOVAMENTE MAIS TARDE 
“limitamos a frequência com o que você pode realizar certas ações no Instagram para proteger nossa comunidade. Diga-nos se você acha que isso foi um engano” aí EMBAIXO TEM “informe-nos” “ok” 
Já cansei de clicar em informe-nos ou em ok é isso não sai de forma alguma, amo o Instagram, mas tá complicado esses avisos!",1
Até hoje não recebi as fontes novas,1
"Está péssimo em todos os sentidos, em todas as funções, principalmente pra quem trabalha com ele !! MELHOREM OU VÃO PERDER MTO",1
"Minha conta não funciona as novas atualizações, as novas fontes, as novas funções de câmera, nem os emojis para responder no direct",3
"As vezes a plataforma é um saco , bloqueia a gente por qualquer coisa sem averiguação concreta , mais no geral é bom",5
Além de não atualizar as novas ferramentas ainda saiu as que tinha! Não consigo colocar músicas e nem a temperatura nos stories,2
O áudio do reels anterior não para de reproduzir. O reels seguinte não começa por nada,1
"Depois de atualização ficou uma porcaria, não envia nada de vídeos sempre tem erros, tá travando pra caramba nem entrar direito da!",2
"O meu App do Instagram não atualizou a Aba que puxa dentro da conversa para responder a mensagem desejada, como no WhatsApp. Saco, já tentei várias vezes e nada!!!! Péssimo",5
Depois dessa atualização minhas menções não funcionam e o “pre visualização” não a ocorreu ou mudou nada minhas contas. O app é bom mas tem uns erros que acontece do nada.,1
Mano meu Instagram está tipo começa passar um vídeo no feed aí quando eu vou pra mensagem Direct fica passa o som do vídeo e quando eu vou mandar áudio ainda continua a sair o som do vídeo no áudio e quando eu vou pra câmera do Instagram fica o som do vídeo.  ver se conserta aí mano isso é muito chato eu tenho que sair da conversa lá pro feed para pausar silenciar o vídeo vai atualizar a página pra ver se consigo mandar áudio sei lá 🤦🏻‍♂️🤦🏻‍♂️🤦🏻‍♂️ meu celular é um iOS no iPhone eu não sei nos outros celulares mais no meu tá assim,5
"o aplicativo é bom,porém não está atualizado no meu celular,já desinstalei e instalei de novo pra ver se atualiza,já atualizei e não aparece nada dessa nova atualização.. chateada",5
"Nenhum dos recursos novos funcionam no meu aplicativo, achei que o problema fosse meu iOS mas nem depois de atualizar ele funcionou!! Não consigo usar o recurso de responder mensagem, nem tema e nem assistir junto",1
"Eu gostaria de saber porque mesmo depois de atualizado o meu perfil não possui todos os recursos do Instagram, os vídeos do reels de mais de 30segundos não continham nos próximos stories como em algumas contas, não consigo por foto de fundo na repostagem de publicação nos stories em uma das minhas contas, também não é possível citar mensagens da Dm, além de que em uma das minhas contas as fontes de escrita dos stories não possuem efeitos. Por que a atualização do Instagram não chega para todas as contas? Sem contar que a qualidade dos vídeos reels / stories etc estão ficando extremamente embaçadas",4
A função do mensseger está indisponível até hoje no meu Instagram,5
"Não sei o que acontece, meu Instagram não tem música até hoje, não vejo ninguém que não tenha, só eu que continuo sem música... o que está acontecendo? Alguém pode me ajudar por favor",3
"Agora vem com essa do istorie sumir em menos de 24 horas tá decaindo hein, e não tá dando pra adicionar música no storie aff Instagram me ajuda vai @euwesleyjunior deixa eu postar música",2
"Todos os aparelhos aqui de casa atualizaram pra nova versão de estar texto dos stores e só o meu não atualiza 🙄 
Já desinstalei e instalei de novo mas mesmo assim não aparece todas as opções que tem nos outros !",1
De repente não consigo mais ver minhas atividades. Já desinstalei e instalei o app duas vezes e nada. 😞,2
"Quando clico no ícone “coração” das notificações recebo a seguinte mensagem na tela “não foi possível carregar a atividade” com isso não consigo ver nenhuma notificação. Já desinstalei o app e instalei de novo, já mudei do Wi-Fi para os dados móveis e já reiniciei meu celular “IPhone Xr” e já está indo para o terceiro dia, ME AJUDEM !",2
"A pelo menos 4 meses tenho problemas na notificação o app diferente de outros aparelhos não notifica mais em nenhuma circunstância, todas as notificações estão ativadas e não existe nenhum porque do app dar esses problemas. Já relatei junto ao app o problema, desinstalei e instalei novamente para resolução do problema e nada de resolver.",2
"Bug no registro de atividades. Não carrega nada, já desinstalei e instalei um monte de vezes já.",1
Toda vez que clico para ver as minhas atividades (quem pediu para me seguir e tal) aparece uma mensagem de erro. Isso não é normal. Já desinstalei inúmeras vezes e não volta ao normal,1
"Troquei meu celular do Iphone 7 para o 11 e desde então não recebo nenhuma notificação do instagram. Já realizei todas as atualizações e formatações possíveis e, infelizmente não tive sucesso.",1
"Oi , adoro a plataforma , porem parece que minha conta é a ultima a receber as atualizações completamente, com as fonts que se mexem , a opção musica do insta , poxa vida não aguento mais ficar incompleta com a plataforma. Consertem minha conta por favor 🙏🏼 atualizem por completo",5
O meu não aparece a opção de música,3
"A cada atualização, fica pior. Cheio de bug.",1
"Eu tinha uma conta no Instagram desde 2014, até que dia 03/01/21 me causaram de estar usando aplicativos secundários pra ganhar curtidas e seguidores, uma mentira! Nunca usei esses meios, e por fim desativaram minha conta. Daí estou tentando resolver todo essa problema, mas criei outra conta no dia seguinte onde em 3 dias consegui 230 seguidores, meus amigos! Daí o Instagram fechou essa nova conta por 24hrs, e possivelmente irão desativa-la também! Quero saber a próxima desculpa agora..!? Esse aplicativo (rede social) tá ficando chato pra car****. Só espero que resolvam isso. Já estou sem paciência!!!",5
"Curto muito o insta, mas infelizmente mesmo após atualizar o app, não consigo responder uma mensagem específica no direct, tem algum procedimento a ser realizado no celular ?",5
"Já foi muito bom só que ultimamente está tendo muitos problemas. Meus filtros não funcionam, atualização chega mas não muda nada, trava muito e do nada fecha sozinho e acabo perdendo publicações.",1
Não consigo nem curtir nem seguir ninguém arruma isso por favor já mandei milhares de mensagens pra o suporte e até agora nada,5
"Depois da ultima atualização não consigo mais receber notificação do app, achei péssimo.",1
Adoro o insta!!! Mas porque não consigo responder uma mensagem específica no direct ??? 🥺😫,3
"Atualizei o app hoje e o Instagram não permite que eu uso efeitos dos stories no iPhone 5s. Até semana passada tudo funcionava. Se eu tento usar um filtro a partir de outro perfil, eu consigo. No entanto quando tento usar os efeitos a partir de um story normal de meu, não é possível.",1
"Já não consigo mais colocar música no storys, já tive essa opção é agora sumiu. E minha conta não é profissional.",5
Tava limpando as pessoas que eu sigo (muita gente que nem sei qm é e nunca via nada da pessoa) e agr não posso curtir ou seguir ninguém e aparece uma notificação falando que não posso fazer isso aaaaaa,2
"Eu utilizo o Instagram no iPhone, mas não estou conseguindo responder o direct como é feito no WhatsApp, sei que tem como responder mensagens específicas, mas no meu iPhone isso não funciona",1
Meus filtros do story não aparecem,2
Deveria poder adequar a imagem do tamanho inteiro,5
O aplicativo fez todas as atualizações e mesmo assim não está com a nova interface no meu smartphone. Continua na mesma mesmice!,5
Não consigo atualizar meu insta nem no iPhone nem no iPod,5
Amo as att mas acho que falta essa senha pra bloquear (nos iPhones) e poderia ter deixado os ícones para escolhermos,4
Já instalei e desinstalei varias vezes e a opção de música no stores não funciona 😿,5
"essa nova atualização está horrível, o aplicativo fecha sozinho do nada, faz uma semana que não consigo usar os filtros pq diz que não estava disponível no meu dispositivo mas minha amiga tem o mesmo celular que o meu e tá normal os filtros, só consigo usar os filtros quando clico nele no stories de alguém, revisem isso por favor",1
"Sem fazer nenhuma ação que viola diretrizes de segurança, o tempo todo fico com o acesso bloqueado",5
meu aplicativo parece ser o único a não ter atualizado,1
Best app ever! 5 stars,5
"Já tem alguns meses que o meu Instagram está sem efeito, diz q não é possível ter efeitos nesse dispositivo no momento.
Estou extremamente chateada com isso.",1
"O meu não está atualizando mais, Pessoas tem celulares Igual o meu e estão bem atualizados, E o meu mesma coisa...",5
"Uso sistema IOS e desde a última atualização o Instagram ficou cheio de bug.
Primeiro status de atividade fica mostrando online onde já fiz opção para não mostrar e mesmo assim desativado fica aparecendo online.
A nova forma de reação aos stories também não está legal não vejo a opção só de curtir a reação da pessoa.",1
Meu iPhone é o XR e essa atualização que está aparecendo para várias pessoas de responder a mensagem específica e de curtir com outras carinhas que não sejam apenas coração no direct não está aparecendo para mim. Já até desinstalei e instalei novamente e nada de atualizar para estes recursos que estão descritos na atualização.,1
"Não estou conseguindo utilizar os filtros nos storys, aconteceu depois que atualizei o aplicativo. Não sei se é algo do meu celular ou se é do aplicativo. Gostaria de saber. Na área dos filtros diz que está indisponível para o dispositivo.",2
Tô com problema no meu Instagram baixei o aplicativo é na hora que eu vou posta uma foto com música não aparece o aplicativo da música não sei qual o motivo já instalei já desinstalei e instalei de novo e o sinal da para por música no status não aparece por que ?,5
"Tenho dois Instagram, um pessoal e um profissional. Somente um eu consigo usar os filtros, no outro não tenho opção de colocar. Está tudo atualizado e não funciona.",5
não recebo notificações do instagram apesar de todas as configurações para tal estarem ativadas.,1
Apos a atualização dessa semana o Instagram ficou péssimo no IOS. Fica alegando que não há conexão e que não é possível carregar mensagens e o feed.,1
Quero saber pq meu direct não consegue responder a uma msg específica se meu Instagram já está atualizado.,5
"Não consigo mais colocar música nos meus storys, já desinstalei e instalei diversas vezes e nada, escolho a música a parte q eu quero e ela simplesmente não toca mais",1
"Os efeitos não carregam e nem aparecem no iPhone 6, muitas pessoas estão com esse problema, sinceramente to chateado.",1
"uso o iphone 5s e não consigo colocar os efeitos do instagram, oq faço?",2
Não está pegando os efeitos,5
"Por favor ajeitem meu app não tá aparecendo os stories é como se não existissem ,ajeitem pfvr",2
"Meu Instagram não abre o reels, já desinstalei e instalei novamente e nada de abrir a função. Já relatei esse problema várias vezes e nada de me ajudarem",2
"Desde o começo do ano meu Insta diz atualizar mas as atualizações não aparecem, não tenho a opção de apoio aos pequenos empreendedores, 30 segundo do REELS, letras diferentes, layout do Instagram atualizado...
Eu necessito dessas ferramentas.",2
"O app já foi bom, hoje nem consigo marcar alguém em uma foto, clico na foto pra marcar e não acontece absolutamente nada, decepcionada",5
"Meus filtros sumiram e não estão aparecendo, faz mais ou menos 1 semana isso, pedi para eles resolverem o bug mas não consertaram até agora, está constando que não é possivel carregar os efeitos, ja instalei e disintalei 2 vezes e NADA, espero que resolvam! ~@brunno_gouveiaa",1
Os filtros apareciam normalmente no meu Instagram. Agora diz que não é possível para esse dispositivo isso após ter atualizado.,1
"Pediu pra atualizar, atualizei e não mudou para o que vocês prometeram! E eu quero também que meu direct mude de cor que nem o dos meus amigos 😫",5
Quero novas fontes no meu aplicativo,1
"Estou a um ponto de desinstalar o app e fechar minha conta porque sinceramente é impossível usar se toda vez que você abre a câmera, assiste algum vídeo, reels, story, o aplicativo fecha sozinho. Além de perder o conteúdo que estiver fazendo, é um stress e transtorno realmente revoltante. Isso que já apaguei apps, limpei cachê, só acontece isso com o Instagram",1
"as atualizações completas nunca chegam pra mim. nunca tive a dm colorida, nem a nova ferramenta de responder a uma mensagem específica, a estética nova não chegou, muito menos as flamas na mensagem. 
uso bastante o app e quero ter todas as ferramentas. seria ótimo se disponibilizassem a mais usuários",5
os filtros dos storys no meu dispositivo sumiram e fica aparecendo uma mensagem de que não é possível usar os filtros no dispositivo no momento. sendo que há dois dias estava tudo normal,1
"Só não entendo porque vocês tiram o alcance da gente dos storis, resolvam isso por favor",4
"Nessa nova versão não consigo colocar mais os efeitos criado, fala que não é compatível com o dispositivo. 

obs: meu celular é um iphone 5s.",1
Meu app não atualiza de jeito nenhum 🤦🏾‍♀️,1
"Bom, não está aparecendo meus efeitos!!! Isso é bastante chato!🤦🏽‍♀️",4
"Nunca recebo as atualizações, meu software sempre está atualizado e ainda não tenho as mensagens coloridinhas :(",3
"Está dizendo que os filtros não estão disponíveis no meu dispositivo mais não sei pq , tenho o iPhone 6 
Em todos os celulares estão normais e os meus não estão conseguindo usar os filtros 
Resolvam isso 
sinceramente não dá 
Q raiva",1
Ja desinstalei e instalei 3 vezes e nada de pegar os filtros,2
Meu Instagram é único que não atualiza. Já tô com ódio de tanto excluir e baixar.,1
"Porque, tenho um iPhone 6 e os efeitos do insta não pegam",1
"Algumas funções do aplicativo não está funcionando, concertar isso aí por favor obrigado.",3
"Depois da atualização os filtros do iPhone 6s sumiu dizendo não estar disponível 
Corrijam",1
"Depois dessa última atualização,não tem como usar nenhum efeito",2
Desde do dia 11/12/2020 não consigo fazer fotos com os efeitos do Instagram e postar nos storys.,5
"App nunca mostra as novas atualizações, e nem tem opção de atualizar muito ruim!",3
"O que está acontecendo? Ao invés de melhorar e evoluir está no retrocesso??? Há dias está fechado sozinho! Trava nas postagens! Presta atenção, arrumem isto! Se sair uma app melhor eu mudo!",1
Não recebo notificações no iPhone. Já fiz de tudo e nada.,2
Meus efeito não estão aparecendo,1
"Após a última atualização os efeitos nos story não carrega no iPhone 6, já atualizei mas mesmo assim não volta.",1
Porquê os efeitos não estão funcionando no Iphone 6?,1
Não recebo notificações!!!!,2
"O meu Instagram não atualizou ainda, e estou impossibilitada de usar meus filtros, lamentável usar o Instagram dessa forma!",3
"Dps dessa atualização os filtros não carregam mais, só aparece que não é possível usar no meu dispositivo no momento!! 🤧",2
To a dois dias sem conseguir usar os filtros. Sumiram e ta uma ! Com a mensagem que n é possível utilizar no momento. Isso dps que atualizei o app 😪,1
"Depois da atualização, as notificações não chegam, não sou notificada de mais nada que acontece no meu perfil.",2
Uso a versão pra ios e fica sumindo os filtros. já faz 3 dias que sumiu todos e da erro na função e não solucionam,1
não tá abrindo nenhum efeito na câmera do story do iphone 6 da erro 😫,1
Sempre utilizei os efeitos do Instagram. Der repente essa semana sumiram todos e me aparece uma mensagem como: “não é possível usar os efeitos neste dispositivo neste momento.”,1
Tenho um iPhone 5s e os efeitos simplesmente não aparecem mais. O que está havendo? Por favor corrigem isso é um absurdo tirarem certas coisas só pq o modelo é antigo. Melhore Apple,1
"Do nada meus efeitos não estão mais querendo carregar! Já desinstalei, já desliguei o celular, já até apaguei foto do celular achando q era falta de espaço e nada!!!",2
"Depois da atualização, o meu aparece isso (!)
Em seguida fala que não posso usar os filtro no dispositivo que estou usando que seria iphone 6... arrumem isso",1
"Quando tento usar os efeitos do instagram aparece que “não é possível utilizar os efeitos no meu dispositivo”!! Meu celular é um iPhone 6 novo, pq isso está acontecendo!!!",2
Porque meus efeitos não está aparecendo?,2
"Não estou recebendo a notificação do Instagram de contas que eu tenho as notificações ativadas,e quando eu recebo é depois de muitas horas e as vezes até depois de 24 horas",5
A última atualização removeu os filtros dos stories dos dispositivos iPhone 6. Queria entender se foi proposital ou um bug,1
Os efeitos não querem pegar,1
"Boa noite. depois dessa última atualização, os filtros simplesmente SUMIRAM!! Aparece sempre um aviso “Não é possível carregar os efeitos” sou usuário de IOS e queria saber se vão resolver.",1
"Estava usando os filtros normalmente no meu iphone 6 e depois da ultima atualização eles sumiram e não consigo mais carregar, pra utilizar eu tenho que entrar no story de outra pessoa e abrir o o filtro dela no meu story, ajeitem esse bugg!!!!!!",1
Depois que eu baixei a ultima atualização os efeito pararam e mostra que “não é possivel usar os efeitos nesses dispositivo no momento”,3
Alguém sabe porque ele está dando bug de ficar fechando sozinho? Uso 2 dias e tenho que desinstalar e reinstalar aff,4
"É o melhor aplicativo para mim, a única coisa que deveria mudar é a forma de resposta no direct, igual já tem em outras redes a opção para copiar a mensagem e reponder mensagem por mensagem, tendo a opção de arrastar para o lado e responder tudo por ordem de conversa,  e música nos Stories",5
"Preciso de ajuda, tenho duas contas no instagram, uma pessoal e uma profissional, o instagram atualizou e só liberou novas funções pra uma dessas contas, a outr está desatualizada, o que faço?",5
"Eu tenho um iPhone XR e um amigo também tem o mesmo aparelho, no celular dele e com o aplicativo instalado na mesma versão que o meu  o Instagram meu e dele são totalmente diferentes, o Instagram dele por exemplo dá pra responder mensagem individuais dentro da conversa como qualquer outro aplicativo de mensagem enquanto o meu ainda não. Podem me explicar porque? Lembrando que meu celular está atualizado na última versão, e o aplicativo também, assim como o do meu amigo.",4
"A nova interface trouxe novas posições para os botões mais utilizados, o que tornou a experiência  do usuário menos intuitiva e mais demorada. Deveriam repensar e retornar ao modelo anterior.",1
"O App fica branco, não consigo abrir!! 😭",1
Vincular com YouTube para poder ter acesso a mais músicas,2
"Vcs usam dados muitos pesados, temos muitas dificuldades de carregar fotos tanto do feed quando nos story, vcs tem que achar um meio desses carregamentos sejam menos pesados...",2
"Eu simplesmente nn recebo notificação nenhuma, está tudo ativado mas ainda nn recebo, já desinstalei e já desativei tudo e ativei de novo mas nada resolveu.",3
app excelente mas não entrega às notificações. já olhei o celular por completo e o problema realmente é o app. (iPhone 5s),4
"Já a meses que não recebo notificação do lnstagram, resolva o problema!",1
"Sinceramente,já tentei de tudo para atualizar.Mas não atualiza e eu estou cansada disso",2
Meu Instagram depois que atualizou não aparece mais meus filtros! Não sei mais o que faço e o iOS está atualizado tb!,5
Sou criadora de conteúdo e minha conta principal não tem a ferramenta Reels... não consigo criar nenhum e não consigo assistir eles. Nem aparece a opção pra mim. Tenho 2 contas secundária que a ferramenta funciona perfeitamente. Se eu logar minha conta principal em outros celulares não aparece o reels do mesmo jeito...,1
Pq não consigo responder arrastando a mensagem igual o WhatsApp? Sendo que tá atualizado a versão mais recente.,5
"Não consigo atualizar meu Instagram de jeito nenhum, não aparece nem a nova função que é o Reels!",4
quero a integração do direct com o messenger,3
Eu fiz a atualização do IPhone nova essa 14 e simplesmente desapareceu o modo de botar música quando posto uma história no meu Instagram e no Reels também. Teoricamente era para ser melhor essa atualização e não sumir sendo que na atualização antiga funcionava. Como some assim do nada?,1
"O que vcs estão fazendo com essa rede social que era tão legal e gostosa de mexer, tá cada dia pior, mudanças sem necessidade nenhuma, esse feed q só aparece o que a gente curte. Sinceramente",5
Como deixo o direct igual a o messenger ? Varias pessoas estão conseguindo e eu não.,3
Quando eu clico no coração para ver as notificações o aplicativo trava aqui no iPhone 6,5
"O Instagram está horrível!!! Não aparece nenhum story pra mim, nem os que eu mesma postei. 
Já desinstalei varias vezes durante o dia, e nada de resolver o problema... O que que eu faço?????",1
"Essas novas mudanças não estão funcionando bem. Não consigo ver as atualizações da minha página pois quando clico no ❤️para ver comentários e curtidas, a página sai do ar. Por favor resolvam este problema pois é uma página de negócios e estou sendo prejudicada. Já reclamei 3 vzs e não obtive resposta. O feed também não atualiza e mostra sempre a mesma postagem. Obrigada",1
Horrível,5
"Infelizmente algumas coisas do meu Instagram não atualizam. Alguns exemplos são as fontes das letras, a estrutura se atualiza porém algumas funções não são inclusas.",3
Stories saindo sem som,2
"Estou tendo erro constante desde a última atualização! Não consigo verificar nenhuma marcação, comentário, etc. Toda vez que clico no coração para visualização minha página se fecha automaticamente!",2
"Por favor, concertem essa atualização, pois não está disponível os story das pessoas que sigo na barra superior da página principal do Instagram.",1
"por favor preciso muito de ajuda, minha conta (@marinasantss) está solicitando um vídeo pra confirmar que sou real, mas eu faço o vídeo como pedem e da erro.. já faz horas que estou tentando fazer e continua do mesmo jeito por favor alguém me ajuda..",1
"Virou aplicativo de compra agora? Essa atualização está horrível, não precisa de um ícone apenas de compra, patético. TÁ PIOR QUE O FACEBOOK JÁ",1
o meu insta ainda não mostra a função animada de fontes no stories!!!!,2
"O app não entrega nenhum tipo de notificação, somente quando eu realmente entro no aplicativo, mandei no suporte e não obtive nenhuma resposta, sabem como me ajudar?",1
"Ficou horrível essa atualização 
Quando estamos vendo um vídeo e precisamos abrir pra ver ele inteiro, não continua mais de onde parou. Aí temos que assistir tudo de novo porque agora tbm não dá pra passar pra frente. Horrível",2
Péssima essa última atualização! Esse reels e compras nada a ver!!!! Cada vez menos pessoal!,1
"It is really bad change the place icon we click for years to see who like our stuff, and now is a shop icon",5
"O por que dessa ultima atualização ? 
Se fico pior do que tava antes ?
Porque não FOCAM na EXPERIÊNCIA do Usuário ?

Ao invés de ficar a cada atualização mais simples ,piora a experiência !
RUIM DEMAIS !!",1
"As últimas atualizações tavam sendo bem lastimáveis, mas essa última que moveu as notificações de lugar pra botar uma seção “compras” foi de estourar a boca do balão.",1
"O app funciona corretamente, mas essa por favor; tirem essa aba de ""comprar"" e coloquem o de curtidas novamente. Por favor!",2
Formatação péssima. Horrível de mexer,1
"Os novos recursos de fontes e alguns outros não foram atualizados, criei uma conta secundária de teste e a mesma está com todos eles em ordem, e meus feedbacks nunca foram respondidos.",5
"Depois dessa atualização, ficou HORRIVELL, Não consigo mais fazer stories no iPhone com zoom, simplesmente não vai. E coloquem de volta a opção da câmera pra abrir logo pro stories",1
Infelizmente não disponibiliza a atualização para minha conta das letras diferentes no storys,1
"Sem som algum !
Já deletei e instalei 

E nada !!
Só com Instagram isto
Meu YouTube e outros aplicativos estão funcionando perfeitamente.

🤬🤬😤😤",1
"o instagram de muita gente atualiza para responder igual no whats, e no meu não",3
"Layout do aplicativo ficou confuso, muita informação é difícil de achar oque procura",5
"Era melhor ter colocado as 2 novas funções encima do que ter mudado igual era. 

Obs maioria dos celulares tela grande e coloca as funções úteis lá em cima e coisa inúteis mas facil",1
"O meu instagram atualizou tudo, menos a parte de responder uma mensagem específica no direct. (iPhone 11)",3
"Gosto muito do aplicativo, é minha rede social favorita. Porém faz uns 2 meses que parei de receber notificações do app, não recebo nenhum tipo de notificação, queria saber como poderia resolver esse problema pois já fiz de tudo, desinstale e instalei o app umas 15 vezes, ativei a notificação de todas as maneiras possíveis (tanto pelo app e pelo ajuste), e nada funcionou!",4
"Parem de tentar vender produtos e voltem pra estrutura antiga, ninguém quer ver heels, não é tiktok",1
"A atualização mais recente descontroi drasticamente a dinâmica de uso do app e nao remete ao Instagram. Ficou mais chato de usar,
Bastante confuso",1
"Estou sem receber qualquer tipo de notificação na tela bloqueada do meu iPhone há quase um ano. Já reinstalei diversas vezes o aplicativo, além de restaurar o aparelho à configuração original de fábrica, mas também não resolveu. As inúmeras mensagens que eu enviei à equipe do Instagram não foram sequer respondidas. Muito insatisfeito com essa situação e sem saber com resolver. 😤😤😤😤😤",1
"Essa última atualização está horrível! Layout podre, trocaram tudo de lugar, além de feio não tá nem um pouco funcional, péssimo!",1
"Essa nova atualização mudou toda a configuração da forma de ver publicar no Instagram e ficou horrível!!! 
Estava há anos naquele formato e era muito melhor 
Espero que seja só um teste e que voltem ao que já vinha dando certo 
Pq está péssimo",1
"Nossa!!! Esse novo layout ficou péssimo... botão pra postar la no alto, não aparecem mais as notificações no “curtidas”. Horrível!!!!!!!",1
"QUE ATUALIZAÇÃO É ESSA?!?! mano, muito ruim, eu quero que volte ao normal dnv. 🤢🤮",5
"Cada vez que fazem alguma atualização esse aplicativo consegue ficar pior!!!! Agora para fazer um stories é preciso ir lá pra adicionar, selecionar o stories ainda, pois a primeira coisa que aparece é para fazer publicações. Olha, o instagram já foi uma das melhores redes sociais, mas agora está apenas virando um lugar abarrotado de propagandas e a cada dia que passa fica pior de mexer!!!! 👎🏻👎🏻👎🏻👎🏻",1
Instagram acabou virando uma vergonha. Nova atualização só provou que essa rede social não sabe mais pra que direção seguir. Tiraram as notificações e postagem do ícone principal pra colocar Reels e ícone de COMPRAS???? Vcs vão acabar afundando a rede social.,1
"Não ficou boa não! Este modo de incentivar o reels só dificulta compartilhar outras coisas. Está bem ruim de utilizar, viu...",1
Rede social tóxica. Ridículo o que fizeram.,1
"essa atualização tá horrível, voltem para a antiga please 🥺🥺🥺🙏🏼🙏🏼🙏🏼🙏🏼",5
Péssima ideia a de trocar os botões de publicar fotos e notificações por shopping e reels. O Instagram perdeu totalmente a sua essência. Usabilidade e experiência zero.,1
mas que atualização horrorosa,1
A nova atualização é muito chata!! Não gostei,3
"Por favor, voltem a interface antiga, essa é péssima 😩",1
"eu não gostei da nova atualização,coloque a aba de pesquisa onde ela sempre foi,pf pare de inventar charminho pq ficou ruim isso,desde de já agradeço",3
"Toda vez que clico pra assistir um Reels, o video começa a tocar desde o começo, tudo de novo... Uma perde de tempo imbecil! Uma empresa dessas cometendo erros desse tipo n da pra entender",1
Que péssima atualização,2
"Tirando a parte do design horrível que ficou, câmera está com menor qualidade quando o upload é concluído... ainda tenho um iPhone 11",1
Essa atualizaçao me deixou confusa! Que layout é esse? Meus filtros sumiram todos 👎🏻👎🏻👎🏻👎🏻👎🏻👎🏻👎🏻👎🏻👎🏻,1
Simplesmente tornaram o que era simples complicado! Agora tem que percorrer um labirinto para postar as coisas.,2
essa nova atualização tá horrível🤮 delete excloi plis,1
Parabéns pela péssima atualização! Cada vez menos vontade de usar esse aplicativo... tem mais propaganda que o horário comercial da TV,1
Essa nova atualização ficou uma cachorrada 🤦🏻‍♂️,1
The app really hasn’t had an innovative idea since they stopped showing posts in chronological order and started using this terrible algorithm - that I haven’t seen ANYONE say positive things about. Now this new update completely misses the point of the entire app and is trying to shove ‘Reels’ and shopping down our throats simply to compete with Tik Tok and to make the users buy stuff and promote said stuff. Put our notifications back where they belong and focus on fixing what actually needs to be fixed.,1
"Nota 0,0",5
"gente que atualização péssima, a experiência do instagram ta cada vez pior, agora o botão principal é um botão de reels e não mais para publicação, ta parecendo o tik tok, tudo é compra, propaganda, anuncio, videozinho de tik tok",1
"Mudou a interface de dentro, ficou horrível para mexer. Feio ( aba compras no lugar das informações do seu feed )",1
"Atualização muito ruim, cada dia piorando hein...",2
Atualização 166.1 péssima....,1
"It was the worst update ever, making the app being not intuitive and confuse. It seems now a shopping app which we have many already. Instagram is following the same way Facebook did.",1
"Completamente desnecessário esse novo design. Nada a ver trocar os ícones de lugar. Fico pensando que se pra mim que sou nova e usuária assídua do app está confuso, imagina minha avó e minha mãe. Vai desistir de usar o app... por favor, retornem ao antigo posicionamento dos ícones! Ficou uma bela porcaria essa última versão.",1
"Como tá zuada essa atualização, totalmente sem graça e só piora a cada dia",2
"Horrível essa atualização, mudando as ferramentas importantes de lugar pra colocar e commerce. 😒",2
Colocar essa aba de instragram shop foi o pior update da história desse aplicativo. Se pudesse dar -5 estrelas eu daria.,1
"Pelo amor de Deus voltem com o botão de notificações para baixo de novo, a tela é grande e o dedo curto, nunca vou me acostumar",2
"Não aguento mais tanta atualização, não dá nem
Tempo de de se acostumar com a atualização anterior",2
Essa atualização está super confusa e horrível,1
"O aplicativo é ótimo, mas essa última atualização que tirou a janela onde aparece as curtidas e quem te seguiu ficou péssimo.",3
Achei muito ruim a nova versão no iPhone para achar a máquina fotográfica!! Queremos fazer stories rapidos e demora para achar e escolher a câmera... Alem da visualização de COMPRAS... Para quê ?!?!,1
"Quer virar uma espécie de mercado livre, eBay ou Amazon anunciando produtos!!!

Vou desinstalar o app, vão perder usuários, logo vai aparecer um app para acabar com Instagram como fizeram com o Facebook.",1
"Essa nova atualização ficou MUITO ruim, as pessoas não querem um aplicativo de e-commerce, uma rede social já é suficiente!!! Quero minha página de notificações de volta 🙄🙄",5
"Qual a necessidade de alterar a interface e com isso deixar a experiência do usuário pior do que já era? 
No lugar do botão de atividade colocaram um botão para mostrar COMPRAS! EU NÃO QUERO COMPRAR NADA PELO INSTAGRAM. 

Ao fazer essa alteração e colocando o botão de atividade no canto superior direito ficou péssimo a usabilidade!!!",1
"tiraram o zoom do stories, mato a planta 🤬🤬🤬",3
"Nova atualização ficou um lixo, voltem pra versão antiga.",1
"Perdeu completamente a essência do aplicativo, mudaram tudo! Horrível de mexer, sumiu várias funções.",5
"Quando você arrastava o dedo para cima ao fazer vídeos nos stories, a tela fazia um zoom. Onde foi parar isso que não tá mais funcionando???",1
"Parem de tentar fazer o Instagram ficar englobado com as outras redes sociais, tipo Facebook e WhatsApp, estão acabando com o app, já nem estou gostando de usar! Parem de fazer atualizações para deixarem os aplicativos parecidos, cada um é bom da sua maneira, Facebook nem é mais tão usado hoje em dia!",1
"Vocês mudaram tudo que deixava o Instagram legal, a interface está péssima, as principais ferramentas foram trocadas de lugar e ficou horrível, eu como usuário do Instagram desde 2012 essa foi uma das piores mudanças no App, por isso vai cada vez ser deixado de lado porque tá feio, tá chato assim",1
Meu insta não tá vindo a mensagem depois dessa atualização resolvem pfv 🖤,5
"Volta para antiga, negócio chato de loja gente. Eu não faço compra no Instagram eu curto foto e vejo receita",1
"Depois da atualização o app não mostra mais notificações de directs, curtida em foto, solicitação para seguir!!! E não mudei a configuração de nada, tudo continua “ativo” nas configurações do meu celular e do app e mesmo assim não aparece!!",1
"A cada atualização muda a interface do app, antes era bom, agora atualiza sozinho e muda a personalidade do aplicativo.",1
"Já tem 2 semanas que meu Instagram não exibe nenhuma notificação de curtidas ou quem me segue. Já abri reclame aqui, já abri suporte pelo aplicativo. Eu trabalho com minha conta e não tenho como ficar sem essas notificações. Interações de stories? Nenhuma notificação chega pra mim também. Estou tendo que apelar para ter essa funcionalidade de volta ao meu App.",5
Até hoje não consigo usar a ferramenta de responder a mensagens específicas igual ao WhatsApp...,5
"O Instagram está com congelamento apresentando problemas, porém você não consegue atualizar e acessar a nada !!! 
Atualmente só consegue acessar o Instagram pela página !!!! Precisa corrigir esses erros e bugs!!! Obrigado!!!!",5
"Minha conta foi desativada no dia 06/11/2020 por erro do Instagram, dizem que feri as diretrizes da comunidade porém minha conta é de uso pessoal, todas as postagens são fotos de viagens que fiz, preenchi um formulário e o Instagram mandou um e-mail pedindo desculpas dizendo que minha conta seria reativada porém até agora nada da minha conta voltar.",1
"Atualizou hoje e fez foi ficar horrível, no
Meu cll “iphone xs max” está dizendo q os efeitos nao podem ser usados no meu dispositivo, sendo q venho usando a varios meses, e hj deu isso! E outra que ja tem uns 5 meses que vou tentar por em conta comercial e nao posso, pq dizem q estou TEMPORARIAMENTE bloqueada para essa ação, nunca vi temporariamente ser 5 meses ou mais🤦🏻‍♀️ MELHOREM",5
"Depois da atualização desta noite, o Instagram deixou de carregar o feed, os storys; simplesmente não funciona nada. Resolvam.",4
Meu Instagram não está mais carregado depois dessa nova atualização,2
não carrega nada resolvam isso logo por favor 😟❤️,4
"O aplicativo tá muito bugado! Não envia stories,e aparece notificação de mensagem no meu direct e quando vou ver não tem nada.",4
"Agora meu Instagram para de carregar do nada, não consigo atualizar o feed e nem ver minhas mensagens. Consertem isso por favor.",1
"Tá simplesmente horrível! Meu insta sumiu todos os efeitos, quando eu marco alguém em um story a outra pessoa não consegue repostar.",1
"Seleciono para salvar stories nos arquivados mas não salva as minhas configurações. Tenho iPhone! Ligo flag para salvar, saio entro e está desligado a opção (bug)",1
"A última atualização tá uma porcaria, não dá pra ver todo mundo que começa seguir, não dá pra ver nada. LIXO!",5
"acho que depois dessa nova atualização eu não estou revendo nenhuma notificação, deve ser um erro. as notificação no meu iphone estão tudo ativado",3
"A mais de um Mês parei de receber as notificações, para quem trabalha com isso é horrível ter que ficar entrar no aplicativo toda hora",3
"Do nada minhas notificações deixou de serem exibidas na aba de atividades, no 🤍 aparece somente sugestão de contas para seguir, e o Instagram não me retornou ao problema, estou muito triste e preciso de um retorno",5
Já aconteceu com pessoas próximas também mas acabou voltando no mesmo dia as notificações de curtidas e comentário. Porém as minhas já fazem mais de uma semana que não normalizaram!,1
"já vi várias pessoas reclamando deste caso e nada de mudar. algumas contas não recebem novas funções, já outras sim. tenho três contas e cada uma é diferente da outra. umas tem novas funções, outras não e assim vai. chegou várias fontes e opções novas mas na minha conta pessoal, não apareceu nada! não entendo, melhorem isso.",1
"Tenho um iphone e do nada parei de receber todas as minhas notificações do Instagram. Já desinstalei o app, instalei novamente e nada. Não resolve de jeito nenhum. Não tá chegando nenhuma notificação pra mim. Já testei a conta em um celular androide e as notificações chegaram. Só no meu iphone que está assim. Por favor arrumem isso, desde já agradeço.",1
"Não aparece a nova atualização, e não é pq não tem no meu país, tenho amigos q tem a nova atualização, mas eu não consigo não aparece",5
"Stories por localização e hashtags não estão aparecendo mais. Arrumem isso, era super útil!!!",1
"Tenho duas contas! Uma antiga e a outra mais recente, a mais antiga não atualiza as novas atualizações do Instagram, já a nova tem todas. Como atualizo a minha conta? Sendo que o aplicativo já está atualizado, e a minha conta mais recente tem todos as atualizações",5
"Eu estava usando o aplicativo e, sem mais nem menos, saiu da minha conta e agora não consigo mais entrar. Pesquisei minha conta e simplesmente sumiu, mas meu e-mail continua vinculado a conta desaparecida. Não sei se foi excluída pelo Instagram, porque não recebi aviso nenhum, nem e-mail informando o que aconteceu nem nada. Já reportei o erro várias vezes mas não obtive resposta. Quanta assistência oferecem aos usuários, parabéns 👏",1
Pq no meu ainda não apareceu a fonte que as letras se mexem ?? Já atualizei tudo e nada ..,1
"Pela última atualização do app , agora não dá para ver mais os stories pela localização. Para quem trabalha com vendar e perfil profissional vai atrapalhar muito a divulgação do trabalho. Volta como era antes, por favor!!!",1
Pqe tiraram algo tão divertido e útil ??  Em vez de incluir funções estão começando a remover ??? Lamentável.,1
Depois da ultima atualização não consigo ver por localização as pessoas que marcaram determinado local,3
"Estou a quase dois meses sem receber qualquer tipo de notificação, já mandei inúmeras mensagens, desinstalei e nada, gostaria que esse bug fosse resolvido. Obrigada",1
"Depois da ultima atualização o ícone dos stories ficou gigante, desnecessário. Podia deixar pelo menos a opção pra gente escolher se quer grande, médio ou pequeno. Ficou horrível. Se a intenção foi surgir o desinteresse dos usuários ao acessar, deu certo!",2
"A minha conta ainda não aparece as novas fontes no story e nem consigo encaminhar uma mensagem específica no direct pra ser respondida! Já enviei várias mensagens relatando o problema, mas ZERO retorno!",1
"Meu iOS esta atualizado , a versão do insta também, já desinstalei e instalei novamente e nada muda. Gostaria de saber o porque não aparece no meu a opção de deixar o texto animado ? 
As novas letras aprecem , menos a animação",3
Não tenho as novas fontes na minha conta.,1
NÃO ESTOU RECEBENDO MENSAGENS E NEM ENVIANDO!!!,5
"No dia 06 de outubro de 2020 as 02:38 minha conta no Instagram foi desativada sem aviso prévio. Acredito que seja um engano pois nunca me passei por ninguém, era apenas um fã clube para a artista Joalin Loukamaa (_joalin). Minha conta tinha 1.700 seguidores, a conta existia a quase um ano e sempre esteve nítido que era um fã clube, nunca me passei por ninguém e nem foi minha intenção, e também peço que me respondam nos e-mails que os enviei",1
Infelizmente quando vc para de seguir varias pessoas o insta te bloqueia e vc não pode nem pública suas fts e vídeos,4
"O meu Instagram não está notificando. Já mexi em tudo. Desinstalei, instalei de novo, mexi nas configurações e não vai. Isso começou depois que fiz a atualização do meu iOS pro novo.",1
Meu Instagram não atualizou a nova fonte e já fiz de tudo,4
"Minhas configurações do aplicativo e do celular estão todas ativadas para receber notificações, porém isso já não vem acontecendo há um bom tempo e, aparentemente, sem um motivo plausível não estou recebendo as notificações do aplicativo... já entrei em contato com vocês antes e não recebi uma resposta e tampouco uma resolução do problema.",4
Já desinstalei e baixei de novo várias vezes e nada de aparecer as novas fontes para os stories.,4
Instagram não notifica nada mais depois do ios 14 e as configurações está tudo normal.Quando vão resolver isso?,2
"Já faz 3 semanas que meu instagram não me manda notificações, já mexi tanto nas configurações do aplicativo quanto do celular. Péssimo!!!!",1
Amo❤️,5
Pq a opção arrastar para responder não está funcionando?,1
"Eu não consigo nem curti, nem comentar na foto de ninguém e também não consigo seguir nem parar de seguir outras contas",1
"A Função de música não pega em minha conta comercial, nunca pegou!! Já atualizou milhares de vezes mas nunca pega! Gostaria muito de postar fotos e colocar musicar no fundo mas infelizmente o Instagram não permite.",2
Clico no aplicativo para abrir e ele fecha automaticamente. Não abre,1
"O aplicativo atualizou e agora não quer mais abrir, sempre que abro ele fecha sozinho, já desinstalei e instalei várias vezes e não abre, já reinicie o celular várias vezes e não mudou nada",1
"Quando tento abrir o instagram, ele fecha, ficou acontecendo depois que o IOS atualizou, quero usar instagram",2
"Não consigo entrar!!!!
Quando aperto no App ele sai sozinho",1
"mano eu gosto muito desse app, so que essa atualização cagou no meu celular nao ta abrindo o aplicativo ta horrivel sempre q aperto eu simplesmente sou jogado pra fora do app",1
"Clico para entrar o app fecha sozinho, já desinstalei e instalei um monte de vez e não funciona",1
"todas as vezes que tento entrar no aplicativo ele não abre, e fecha sozinho.",1
"Minhas notificações estão todas ativas, porém não chega nenhuma notificação do Instagram",5
"Estou desde terça-feira (13/10/20) com app sem funcionar, eu clico no app ele abre e fecha sozinho. Já reiniciei o iPhone, desinstalei e instalei várias vezes e não funciona!! Entrei em contato com o próprio insta e não me dão retorno! Tenho uma conta profissional e não consigo utilizar o app!! 😩",5
Meu ig tá atualizado e não aparece pra mim escrever e ficar gif,2
To cansado já dessa palhaçada pois o meu App não abri,1
O meu app parou de funcionar. Solucionem esse problema.,1
"nao estou conseguindo entrar no aplicativo no meu celular, eu clico no icone para entrar nele e volta pra tela inicial",1
"Entro no app, vou logar na minha conta, daí ele sai sozinho e n abre mais o aplicativo, um horror.",1
Tenho iPhone 8 e o aplicativo simplesmente parou de funcionar. Já instalei e desinstalei umas 50 vezes. Não abre de jeito nenhum. Nem o ícone aparece mais. No ícone fica só tipo uma folha branca. O que faço?,5
"Não estou conseguindo usar o recurso de responder uma mensagem específica no direct, nem consigo mudar a cor do bate papo, já atualizei para a versão 163.0, mas esses recursos não existem no meu aplicativo.",5
"não abre de jeito nenhum , até redefinir meu celular pensando que o problema era ele, mas o problema está no instagram!!! melhore aí né plmds",1
"já desinstalei e tentei de tudo, mas sempre que tento entrar no aplicativo ele fecha sozinho.",1
"Meu Instagram está atualizado e não aparece as mesma coisas do que o Instagram das outras pessoas! Não entendo porque o meu sempre é assim, não tem opção de responder a uma mensagem certa e nem a opção de marcar uma pessoa invisível",1
"HORRÍVEL, quando vão ajeitar isso?????",4
O meu Instagram não abre de jeito nenhum no meu celular já tem uns 3 dias que está assim oq eu faço? Já posso sentar e chorar!,5
Meu app não quer abrir 😭,1
"O meu instagram não atualiza as atualizações novas, resolvam isso!!!!!!!",1
eu abro o app e ele fecha sozinho!,1
"Depois de atualizar o App automaticamente, agora ele não abre mais no iPhone XR",1
"Após a ultima atualização meu insta não abre mais, iOS 14",1
"Já tem dois dias que eu tento abrir o aplicativo é ele não entra, só aparece uma tela branca e sai automaticamente",1
"Já desinstalei, apaguei, formatei o celular e não abre o aplicativo. Desde ontem está assim (depois da última atualização).",5
O aplicativo abre e fecha sozinho já estou cansada de apagar o App e instalar de novo,1
Atualizei o Instagram e agora ele não quer abrir de jeito nenhum!!!!! Alguém sabe como resolver?,1
"Estou cansando de abrir o aplicativo e fechar sozinho ! Eu trabalho com o Instagram eu não posso ficar sem ! E não tenho condições de comprar outro cllr , por favor me retornem !",3
App não abre no iPhone 5SE iOS 14,1
"Literalmente todo mundo que eu pergunto já tem a função reels no Instagram, apenas eu que que não tenho. Quero muito usar a função mas já fiz de tudo e não consigo. Meu iPhone é o 11 alguém mais com mesmo problema?",1
Eu visualizo a menagem no direct e mesmo assim ela fica aparecendo como não lida.,5
Não está nem abrindo. Fecha logo em seguida que tento abrir.,1
Quando vão arrumar o bug? Não quer mais funcionar. E eu necessito do aplicativo.,1
"Várias fontes estão em negrito, o nome no perfil ta bugado, enorme e justificado pra esquerda...",1
"Quando irá abrir, o aplicativo fecha sozinho.
Já reinstalei umas 10 vezes!🤦🏻‍♂️",5
"App ficou cheio de erro, não quer abrir depois da ultima atualização",5
Não consigo acessar meu Instagram,1
"Essa última atualização depois q saiu o iPhone 12 ele tá bugado fechando sozinho , eu tenho um iPhone XR por favor concertem isso",5
"boomerang, vídeos salvos na galeria não carregam pra postar no story. fica travado e não carrega! já desinstalei diversas vezes pra ver se melhorava e continua com o mesmo problema!",1
"Meu insta não quer abri, já desinstalei e instalei de novo e não abre, quando vou abrir ele fecha, estou tendo que entrar no google e mexer no insta por lá, mas qro meu insta de volta!!!!, já fiz de tudoo, achei que o problema era meu celular, mas não é 🤦‍♀️🥺",2
"Não  abre mais  , péssimo !",1
"Péssimo 
Desde ontem o aplicativo não abre 
Já desinstalei e instalei umas dez vezes ou mais, e nada😑😔
Me ajudem!! Por favor!!
2 dias que não consigo acessar",2
"Sempre usei esse app, só que esses dias ele começou a fechar , e já desinstalei e instalei de novo e mesmo assim continua ruim, não consigo entrar de jeito nenhum, já fiz de tudo. O aplicativo simplesmente não funciona mais",1
"o aplicativo está fechando sozinho toda vez que entro, corrijam isso urgentemente!",1
"Péssima atualização, não consigo entrar no meu Instagram a dois dias. Não abre o app, já desinstalei e instalei novamente e nada. Heeeeelp 😪",5
"Alguém tem alguma solução para fazer o app funcionar, pois fica abrindo e fechando.
Eu já desliguei e liguei, o aparelho várias vezes e já desinstalei o app várias vezes e não funciona. 

Alguém consegue me dar uma outra solução além dessas?",5
"Aplicativo não abre, já desinstalei, e instalei novamente, e mesmo assim não abre, resolvam por favor.",1
Resolvam esse problema,3
App nao esta abrindo ele abre e fecha ma hora,5
Faz meses que meu Instagram não notifica nenhuma notificação.,1
"Depois que atualizei, o app não entra de jeito nenhum, quando tento entrar, ele sai😑",1
Aplicativo não abre! Ta complicado viu,5
Não to conseguindo abrir o aplicativo,2
App está abrindo e fechando. iPhone 11,1
"Depois que teve uma atualização, acredito q foi pra corrigir erros , piorou !! Meu iPhone 7 não entra , fica uma tela preta e fecha já tentei várias vezes excluir dados e cachês e não volta , oque eu faço? Vou ter que trocar de celular para mencher no Instagram? Arruma isso por favor 🙏🏻😔",5
"Não consigo abrir o aplicativo do Instagram, já desinstalei e instalei novamente mas quando vou logar na conta o aplicativo se fecha sozinho e não abre mais",1
Meu Instagram não quer abrir não sei mas oq fazer 🤷🏻‍♂️,3
"Não consigo utilizar e nem entrar em contato com vcs , o App não deixa eu nem fazer login q ele fecha",1
"Meu iphone 7 não está abrindo o instagram, sempre que eu clico no app, ele aparece a logo do insta e fecha sozinho, eu queria uma posição dos desenvolvedores quanto a isso!!",2
"o aplicativo nao ta abrindo no meu iphone e em todos os outros que possuem o ios beta instalado. e eu nao consigo remover o beta, ou seja nao consigo entrar no aplicativo. conseguem resolver isso?",1
"Esse app cada dia que passa só anda regredindo, péssimo aplicativo",1
"To cansada de instala e desinstalar o app pois fica toda hora fechando do nada, não abre nem com bomba",1
Deveria ser: A versão contém erros e mais erros. Nenhuma melhoria.,1
Depois que eu atualizei pra versão 163.0 meu Instagram não abre mais ! Ódio ! Vocês estão estragando o aplicativo cada vez mais,1
"Meu Instagram bugou de uma vez, quando entro ele sai automaticamente. Por favor, me ajudem.",5
Toda atualização é isso! Fala que vai consertar bugs atualiza e fica pior!,3
"No meu caso não tenho acesso as fontes novas...
Queria saber pq?",5
MEU INSTAGRAM TÁ FECHANDO SOZINHOOO,1
"Desde que teve essa última atualização, o aplicativo nem abre no meu celular!!!",1
Não quer abrir no aplicativo.,1
"Já atualizei o aplicativo milhões de vezes e eu não tenho as letras novas no meu instagram principal, as outras contas que estão salvas no meu celular atualizaram e a principal que eu mais uso até hoje não atualizou.",3
Dps da última atualização o meu insta não entra,2
"Depois da recente atualização que fiz agora no caso hoje 12 de outubro 2020 ele não está mais entrado pra eu acessar minha rede social, eu clico e ele volta pra tela inicial do celular, resumindo estou sem Instagram .",1
"Amo o Instagram, porém cada conta tem uma função diferente, acho isso muito errado, muitas vezes eu tenho que montar o story no meu insta pessoal, salvar pra depois conseguir postar no meu perfil de trabalho.

E não aparece opção de atualização do app, porém direto alguém me manda alguma coisa e aparece a msg “use a versão mais atual do aplicativo”.",5
Por que as melhorias de design visual e etc não chegam para contas antigas?,5
"Não estou recebendo as notificações desse aplicativo a um tempo, mesmo estando ativadas e eu permitindo, já desinstalei e instalei varias vezes, e nada de voltar.",1
"TIRARAM A MINHA CONTA DO AR E NÃO FALAM SE A MINHA CONFA FOI EXCLUÍDA OU SE ESTÁ DESATIVADA SÓ FALA QUE ESTÁ EM ANÁLISE. 
UMA PALHAÇADA",1
"não sei mais o que está acontecendo eu tenho o iphone 7 e todos os filtros que tenho salvo no insta não funciona, diz que o filtro não está disponível no meu dispositivo, sendo que esses mesmos filtros eu usava já fazia tempo.",3
"Meu aparelho é um iPhone x e mesmo assim o Instagram diz que alguns filtros dos Storys não são compatíveis com aparelho, porém em aparelhos inferiores com o iPhone 7 e 8 são compatíveis ainda, gostaria que corrigissem essa limitação em aparelhos ainda atuais.",1
Meu Instagram não abre os filtros.,1
"fico triste pq meu instagram não atualizou sério, não sei pq? meu celular é um Iphone 7 e mesmo assim já desinstalei e instalei de novo e nada :(",3
"Instalei o insta 
Meu celular é o iPhone e o aplicativo tá desatualizado 
Falo isso pq sempre no iPhone as atualizações chegam primeiro",1
"Já faz um tempo q nn chegam as notificações do meu Instagram,nenhuma configuração de notificação está desativada,mas não chega,e isso dificulta MUITO minha vida",1
"Nenhum filtro que eu salvei está indo, já fiz de tudo mas está dando problema!!",1
Estragou o instagram esse negócio de não conseguir ver quem visualizou os storys dps de 24 horas!! Coloquem a ferramenta novamente por favor!! Sério,5
"Não recebo mais notificação do insta no meu iPhone, só se eu entrar no aplicativo! Consertem isso",4
As letras animadas ainda não apareceram pra mim,5
Toda vez que entro no Instagram tenho que apertar a tecla de regular o volume para poder reproduzir som!!! Mesmo o iPhone não estando no modo silencioso!!!,2
"Não consigo destacar a mensagem que quero responder em uma conversa, já fiz de tudo e não tem como... Conversei com outras pessoas que tem iPhone de outros modelos e que conseguem destacar!!!",5
"Estou tendo muitos problemas com o Instagram! Várias funções da minha conta @reconexao.natureza não estão funcionando e é meu meio de trabalho, gostaria que me dessem atenção e solução. 
Não consigo postar fotos com legendas e localização, não consigo curtir e às vezes nem postar stories. A maioria das funções da rede social parecem estar bloqueadas! 
Inclusive, tentei acessar por diferentes smartphones (iPhone 6, Xiaomi mia3, Xiaomi redmi 7), por dois computadores e também postar pelo studio creator. Todos estão tendo problemas de funcionamento e não consigo fazer postagens!",5
Os áudios no direct só saem no viva voz horrível isso perdemos a privacidade,1
"Péssimo isso de colocar em ordem aleatoria os seguidores, arruma isso logo",3
Horrível essa nova atualização. Cada dia ficando pior!!! Pode voltar a aparecer as últimas pessoas q começam a seguir a gente em primeiro lugar.,1
MEU APLICATIVO ESTÁ ATUALIZADO MAS NÃO CONSIGO COLOCAR ANIMAÇÃO NOS MEUS TEXTO DO STORES!,5
"Depôs que atualizou não tem o opção de notificações no iPhone , no aplicativo está ativado , não aparece , diz pra ativar nos ajustes porém entrar no ajustes do iPhone e insta , não aparece notificações 🥺🥺",5
Após a ultima atualização deixou de funcionar o modo de tirar foto pelos botões de aumentar e abaixar volume. Você tira apenas uma foto. Tem que fechar o insta e abrir novamente para conseguir.,3
"Minha conta pessoal contém as atualizações recentes, mas a minha conta profissional não. Já atualizei o app e software!",2
"Alguém poderia me ajudar?
Ao abrir os reels de qualquer pessoa, a música não toca automaticamente, só toca se eu clicar em baixo na música pra ela tocar separadamente do vídeo.",3
"já atualizei de tudo
e não aparece de jeito nenhum 🤦🏻‍♀️",3
"Tenho um iPhone XR e a barra onde geralmente fica o nome “Instagram” está um pouco abaixo na tela, é como se o aplicativo não ocupasse a tela toda na parte de cima, nas telas de explorar, no meu perfil, e na tela onde acompanho as curtidas.... Arrumem isso por favor!!",4
"Instagram parou de notificar!!! Já tentei de tudo que se imaginar, apaguei o aplicativo, reinstalei, redefini ajustes, assisti a vídeos no YouTube e orientações. Nada resolveu!!",1
"Bom dia! Já entrei em contato com vocês pelo suporte mas até agora não tive retorno. Eu tenho 3 contas no app e em uma delas as novas fontes já estavam habilitadas há uns 2 meses. De uns 2 meses pra cá elas sumiram, voltaram as fontes básicas de antes. Nas outras 2 contas as fontes novas continuam lá, só na minha principal que não. Gostaria de saber se vocês vão corrigir isso, porque eu uso bastante estas fontes novas pra postar e as antigas não são tão atrativas. Por favor, alguém pode me ajudar???",1
"Ta com problema no som dos stories, tem hora q buga e nao sai volume",2
"Os ícones dos story somente do meu perfil particular mudaram de tamanho, para maior, sendo que nos outros perfis continua normal! Nota zero! 👎🏼",1
Acho que seria beeeeeem útil poder editar os textos do stories depois de publicados,5
Uso duas contas em meu dispositivo. Uma tem reels disponível e a outra não,3
Minha conta não atualiza o reels,5
Ainda n está aparecendo a plataforma reels pra mim que saco !!!!! Por favor arrumem esses bug chato,5
Eu tenho deficiência visual e utilizo o VoiceOver e desde que o Instagram foi atualizado não consigo mais colocar store is ou fazer live is… O aplicativo se tornou muito inacessível para quem usa leitor de tela no iPhone!! Está horrível…😔😔😖😟,1
"Não consigo usar a ferramenta de música nos stories , não aparece na minha conta. Instagram send help",1
"Os Icones de Stories gigantes foi a nova atualização? Por favor, voltem ao normal, pq ficou bem estranho! :(",5
Notei um uso EXAGERADO da bateria ao usar o Instagram. Espero que resolvam logo.,5
"Meu aplicativo está atualizado, mas as novas fontes não foram disponibilizadas para minha conta. O que houve?",3
Desde a atualização parou de entrar na minha conta!! Fala que não existe.,1
"Não entendi qual é a do aplicativo agora, de 4 stories que eu passo pro lado, pelo menos 1 é de anúncio. A cada 5 fotos que eu desço no feed 1 é patrocinado. Lancem logo a versão premium então, prefiro pagar pra nao ver mais anúncio do que essa palhaçada que estão fazendo poluindo o aplicativo.",1
"olá instagram, eu sempre utilizo este app! muito bom, mas ontem o ícone dos story’s aumentaram, mas eu realmente não cliquei em nada! tentei pedir ajuda da opção que vocês oferecem mas eu não consegui o que eu procurei, eu quero diminuir isso! espero que possam me ajudar... fico grata!💖💖💖",5
Consumo da bateria,4
A cada atualização vem pior que nunca,1
"Mas agora parece que o Instagram não carrega, o App já foi melhor",1
"Toda vez que atualiza, vem um erro pior do que o outro. Dessa vez não carrega o feed.",1
No meu iPhone 7plus o App não atualizou com as novas fontes :/ já mandei mensagem reportando o erro mas até agora nada,1
Minha conta nunca atualiza como as outras. Vejo coisas diferentes nos instas dos meus amigos e no meu só vem aparecer meses depois!,4
Versão péssima de stories ampliados,1
"Tiraram as curtidas, tiraram a possibilidade de ver quem viu meu story’s após 24h e agora aumentaram o tamanho do story na página inicial. Parece atualização versão miopia. Talvez a solução seja vender para os antigos desenvolvedores do app de volta.",3
"Meu iPhone 8 Plus não recebe nenhum tipo de notificação mais de 3 meses, já tentei fazer de todas as formas e nada de notificação, nem direct, nem mensagem, vídeo os curtidas e comentários, nada! As notificações só aparecem quando entramos no aplicativo!
Arrumes isso por favor!!!!",5
As chamadas/ anúncio de storie estão gigantes. Só aparece 3 stories na tela inicial de tão grande que estão aquelas bolotas. Melhorem esses bugs please!,2
"Minha conta não tá dando pra mencionar mensagens no direct, o que eu faço ?",3
"Meus filtros do Instagram não estão carregando, meu celular é o IPHONE 7 plus, já desinstalei, já apaguei o app e nada, alguém me ajuda ?",5
"Meu app não atualiza. Últimas atualizações que permitem alterar a fonte das letras no story não aparecem pra mim. Fiz um teste em outra com no meu celular e deu certo, na minha conta não. Alguém poderia ajudar?",2
"Já é a quarta ou quinta vez que o aplicativo está me proibindo de curtir, comentar e, principalmente, de publicar fotos e vídeos, utilizando como justificativa que eu estou usando aplicativos terceiros para ganhar curtidas e seguidores. Se vocês analisarem meu perfil saberão exatamente onde eu logo minha conta e eu não uso nenhum aplicativo com essa finalidade. No primeiro bloqueio eu usava um aplicativo para análise de conta, para ver quem parava de me seguir, dentre outros. Tanto que nesse aplicativo nem tinha opção de ganhar seguidores ou curtidas. Além disso, o próprio Instagram está prejudicando meu engajamento para me punir por algo que eu não fiz, diminuindo o alcance das minhas publicações e dos meus stories. Isso me deixa extremamente insatisfeito com a plataforma.",1
"Ridículo, minha conta foi bloqueada temporariamente por motivo nenhum E eu não tenho o número nem o e-mail que estavam na conta. Vou perder uma conta que tinha há anos, RIDICULOS",1
"Infelizmente atualizei ontem e depois disso não consigo postar no story. Fiz a segunda atualização nesse minuto na esperança de que tivessem corrigido o problema, mas continua fechando o app qdo tento postar no story.",1
"Não estou conseguindo tirar foto e compartilhar as publicações,o aplicativo simplesmente fecha sozinho sem eu ter clicado em nada :(",1
"Por vezes você está vendo as postagens e quando alterna entre aplicativos, ao voltar não ouve mais o áudio. Tem que sair do aplicativo e recomeçar.",1
"Meu aplicativo não chega nenhum tipo de notificação, já desinstalei diversas vezes e o problema não resolve.. e as configurações de notificações estão todos corretas no app e no aparelho 
Por favor me deem uma solução",5
O aplicativo fecha sozinho quando eu tiro alguma foto no aplicativo ele fecha sozinho e não consigo tirar foto,1
"Está dando bug no iPhone , não apresenta som automaticamente nem aumentando o volume na lateral nos posts globais .",3
"Meu Instagram atualizou, porém ainda não aparece todas as funções novas",5
"Eu fiz a nova atualização e parece que bloqueou minhas publicações em stories. Não consigo de jeito nenhum postar alguma coisa. Sai da tela sem nem deixar eu concluir é isso está me prejudicando, já que uso meus Insta Stories pra divulgar meus post de skin care !! 
Por favor me ajudem",3
"O suporte do insta não me deu um retorno sobre esse caso. Eu simplesmente não consigo mais entrar no meu perfil porque eles não enviam o código de autenticação de dois fatores para o meu celular 😭😭 tenho a senha e login, mas não consigo acessar o perfil! Já tentei entrar em contato de todas as formas, mas sem retorno. Perdi o acesso a mais de um mês já!",1
"O Instagram é uma das melhores redes sociais que tem, mas ultimamente eu não estou conseguindo receber nenhuma notificação, verifiquei as configurações, ajustes e está tudo normal. É um problema no aplicativo mesmo!!",5
"Há mais de meses que não estou revendo notificações nenhuma do Instagram...
Já não sei mais oque faço tudo até ativado e mesmo assim sigo sem receber notificação!",1
"Estão surgindo algumas páginas no Instagram com conteúdo violento. Animais sendo mortos, crianças sofrendo bullying e violências pesadíssimas! Ao denunciar as páginas, o App informa que as torturas não ferem as diretrizes da plataforma.",1
"Não recebo nenhuma notificação no iPhoneX. Já vi vários outros usuários reclamando a mesma coisa. Todas as configurações estão ativadas tanto no aplicativo como no aparelho. Apenas carrega mensagens, curtidas, novas amizades, etc, quando abre o aplicativo.",3
"Já faz meses que estou sem receber quaisquer notificações do aplicativo mesmo estando tudo ativo. Tanto no celular quando no app. Só consigo ver algo se estou com o App aberto. Já desinstalei, reiniciei o celular diversas vezes e não volta. 
Mandei diversos e-mails pelo Instagram e nunca recebo resposta! 0 paciência pra isso, que saco!",5
"Não estou recebendo notificação do Instagram no meu iPhone 8 Plus a um bom tempo, faço a reclamação e nada se resolve...
E esse problema não está acontecendo só comigo não vejo muitas reclamações por causa da notificação do Instagram.",5
"Algumas atualizações surgem pra alguns celulares e para outros não, algumas funções com problema, e o tal de fixar algo no vídeo sempre atrapalha na hora de editar story.",1
"Alguém também está com problemas nos filtros? Ficam eternamente carregando mas não carregam nunca, então desinstalei e instalei de novo, os filtros funcionam um pouco e logo voltam a ficar carregando, chateada demais!",2
"Ola, gostaria de relatar que o instagram não está funcionando na hora de enviar notificações para mim quando estou fora dele, ativei as notificações, verifiquei tudo e está tudo correto, mas ele não me manda nenhum tipo de notificação, meu celular e o Iphone 7, da marca Apple. Desde já agradeço se possível resolver esse problema.",4
"Gosto demais do app, mas essa atualização do feed ficou ruim. Mesmo que eu já tenha visto tudo/ todas as postagens quero que fique cronológico(funciona muito melhor), e não ah já vi e aparece sugestão de postagem. Se eu quiser ver sugestões eu vou pro explorar.
Outra coisa, cuidado pra vcs não transformarem demais o app pra quem trabalha, ta começando a ficar chato de olhar o insta e tudo é propagando e divulgação.",5
Essa última atualização ficou péssimo. Não gostei mtt desse formato em que aparece “isso é tudo”,3
Os filtros deixaram de funcionar.,2
"Tenho muito seguidores, mas as vezes queria saber se uma pessoa específica visualizou meu storie, o que não é possível! Vocês poderiam fazer uma lupa nos stories, para a pessoa poder procurar se uma pessoa específica visualizou!",2
Minhas notificações não chegam,1
"Não recebo notificações de Dm, curtidas, solicitações.

Somente quando entro no App que consigo ver, notificação push e com som não existe",1
"Não consigo mais usar nenhum filtro na minha conta do Instagram, só fica carregando. Já tentei de tudo",5
depois que atualizei os filtros não funcionam mais no meu celular (5s) por favor arrumem isso,3
"Custam a liberar as novas ferramentas pra todo mundo, não sei qual o critério que usam pra selecionar as pessoas que teriam direito.. mais nem todo mundo consegue ter acesso",1
"Meu Instagram está péssimo, já tem mais de meses que eu não estou recebendo as notificações do aplicativo. Realmente não sei o que está acontecendo",1
"Gente preciso de ajuda, não estou conseguindo realizar uma função no meu Instagram e a central não me responde, já mandei várias mensagem pedindo ajuda e nada, pelo amor de Deus me ajudem.",1
O meu não recebeu ainda a nova atualização,1
eu quero ver meu feed não um bando de propaganda inutil muito menos « posts sugeridos » PESSIMA atualizacao,1
"New time line hides your friends older posts to give home to ad based unknown people.

Terrible experience.",1
O Instagram está sempre piorando. As atualizações só servem para deixar a timeline mais poluída. Vá para o TikTok e Twitter. Bem melhor que as empresas golpistas do Zuckemberg,1
"Nao aparece as notificações, somente quando abre o app. Ja fiz todas atualizações possíveis, ja fui nos ajustes de notificação, e não aparece.",5
Após a ultima atualização minha timeline ficou extremamente poluída com postagens de quem não sigo e nem desejo ver. Esta funcionalidade deveria ser possível de desabilitar pelo usuário.,1
"Ficou horrível essa de aparecer postagens de insta aleatórios no meu feed e ter que clicar pra ver as postagens mais antigas de quem sigo. Só quero ver de quem sigo, ficam querendo impulsionar postagens aleatorias.",1
Ficou péssima essa atualização de publicações sugeridas. Às vezes quero rolar o feed pra ver as publicações do dia q não conseguir ver abrindo rapidinho e não está como antes,5
Vocês deveriam liberar o nome de uma conta já excluída para outras pessoas usarem!! Isso é um absurdo!! Não sou a única que quero isso e é frustrante que vocês não fazem nada a respeito.,2
"Essa nova atualização é péssima, tem apenas 3 publicações novas no Instagram, para ver as antigas é maior burocracia e ainda fica aparecendo publicações sugeridas, péssimo",1
Poderia colocar uma opção de tirar a visualização do direct.,5
"Inventaram de colocar um monte de páginas sugeridas pra aparecer no Feed.
Cadê as publicações????? Agora tem que clicar pra v as publicações que a gente segue, e de páginas que não seguimos fica no Feed.
Isso tá muito chato. Tirem isso!!!!!
Um horror!!!
Já basta as páginas patrocinadas!!!!!!",2
Tá ficando péssimo com tantos anúncios,2
cabeleleila leila,5
"Câmera preta quando muda para frontal, cheio de bug",3
Realmente está difícil de usar. Publicações que jantassem pelo menos 10 vezes ficam retornando entre novas publicações. Quando vão corrigir isso?,1
O meu esta dando muito erro! Toda vez que abro a câmera pra gravar um story fica preta a tela e tenho que fechar e abrir o aplicativo de novo!,2
Tenho iPhone 8 Plus e não consigo ter acesso ao reels na minha conta.,3
Muita censura por nada! Muito comercial! Muita burocracia! Tá ficando ruim igual o facebook.,1
"Inventaram de colocar umas ""Publicações sugeridas"" no feed, não bastando a aba ""explore"", e agora você, simplesmente, perde as publicações de quem realmente interessa. Pelo amor de Deus, Markizinho... PARA de fazer porcaria! Beijinhos.",1
"A cada 1000 publicidades vejo uma ou outra postagem de quem eu sigo. Inferno. Cada dia que passa esse app desde ladeira abaixo. Vai chegar um dia que vão cobrar pra não ver publicidades, biscoiteiros e o diabo a quatro.",1
Última versão deu um bug na escolha dos gifs no stories!,4
"Ultima atualização deixou o aplicativo HORRIVEL. Não aprece publicações de pessoas que sigo, somente anuncios e perfis sugeridos que eu NÃO quero vee",1
Quando vou ver as pessoas que eu sigo da erro e eu não consigo ver ninguém!!!!,1
"O Instagram é a minha rede social favorita, gostaria de saber se tenho como conseguir as atualizações mais recentes...",5
"Não estou conseguindo abrir o app, já tentei desinstalar mas também não consigo, preciso de ajuda",1
"Eu não quero ver publicações sugeridas na minha timeline!!!
Só quero ver conteúdo das pessoas que eu sigo!!!
O lugar de publicações sugeridas é na aba de pesquisa, não na timeline!
Pra que fizeram essa atualização que ninguém pediu?!",1
Cheio de bug. Tapete do snapchat,1
"Aplicativo sempre foi muito bom, mas nas últimas três versões tem travado muito. 
Principalmente para fotos e uso de filtros. 😔
Muito ruim não poder aplicar os filtros nas fotos da galeria tbm.",3
"não da mais pra responder os stories com foto pu video, muio ruim, era uma função ótima e tiraram sem motivo nenhum",1
"ficou muito ruim essa atualização, antes era bem mais prático de usar, agora ficou bem estranho",2
"Está ficando com muito anuncio e recomendação de conteúdo, aplicativo está ficando chato.",1
Essa versão trouxe muitas propagandas e não consigo inativar caso não seja um a um e nunca termina. Deveria ter opção de querer ou não anúncios . Até pelo política de privacidade que recebo algo sem ter autorizado .,1
"Bom, mas devia ter senha pra abrir o app",3
"Adoro a proposta do instagram mas essa última atualização foi péssima. Voltem ao anterior, não quero essas sugestões no meu feed, quero seguir vendo as coisas antigas.",1
Eu amo esse App sério! Mas ele está atrasando minha vida!!! Meu Instagram pessoal atualizou bonitinho.. mas o Instagram de trabalha não atualiza por nada!!! Não consigo postar nada com música sem contar que os cliente me marcam e não consigo respostar!!! Por favor arrumem isso 🙏🏾🙏🏾 ele é minha ferramenta de trabalho preciso demais 😭🙏🏾,4
"Muitos bugs no aplicativo, erros constantes",1
Eu botão de responder histories com foto sempre some! Muito chato isso,1
deveria voltar a dar pra responder storie com foto,4
Até hoje meu app não atualizou pra versão que tem as novas fontes nos stories. Deveriam liberar logo pra todos!,2
"Essa porcaria de publicações sugeridas que vocês colocaram no meio da timeline, ficou horrível. Às vezes nem vi tudo o que apareceu no meu feed das pessoas e empresas que EU ESCOLHI SEGUIR e não consigo mais ver, porque entram as publicações sugeridas e um scroll imenso. Péssima atualização, ficou horrível. Não quero sugestões de perfis, quero ver o conteúdo de quem EU ESCOLHI acompanhar. Ao invés de melhorarem a experiência do cliente, pioraram lindamente.",2
"Meu insta não está atualizando para nova versão, que podemos clicar nas mensagens e ter varias opções para reagir.",1
"Tirem essa opção de publicações sugeridas, era melhor o feed só com as publicações de contas que seguimos.",1
Removam essa funcionalidade nova ou disponibilizem a função para desativar!!,2
"Com essa última atualização parou de aparecer as pessoas que você segue, só aparece o número mesmo e não carrega quando você abre",5
"A atualização do direct ficou horrível, as cores atrapalham na visualização",1
A cada 3 fotos aparece uma propaganda irrelevante. Não vejo a hora de lançarem outro App de mídia social para não precisar usar mais esse Instagram.,1
"Srs, boa tarde
Estamos com problemas vários para utilizar os recursos do Instagram:
1) ausência de música no Stories,m;
2) sem publicação de texto no feed;
3) não conseguimos seguir, marcar,
Responder e curtir outros seguidores",5
"Após a atualização, uma propaganda atrás da outra. Ficou péssimo!",1
Só queria tirar essas “publicações sugeridas” 🤬,1
A nova atualização ficou muito ruim!,2
#justiçapormariferrer,1
Meu instagram atualizou ontem e não consigo mais ver history de ninguém. Só aparece quando as pessoas estão ao vivo. O meu próprio history eu não estou visualizando.,5
Minha conta sempre demora uma eternidade para atualizar as novidades. Dessa vez não tenho as fontes novas nem fontes em movimento. Sofri com isso quando apareceu as enquetes. Demorou meses para aparecer na minha conta. Tenho outra conta que eu administro que atualiza normal. A minha particular não atualiza. Aff n é o celular. Tenho um iPhone 11,1
Não dá pra ver quem viu os story,3
"Meu iPhone é um xs Max, ja redefinir os ajustes e mesmo assim não chega notificação. E não é só no meu, no iPhone 8 Plus e nem no 11 de conhecidos também não está chegando notificações do Instagram.",2
"Faz meses que reclamo no insta sobre as notificações que não chegam no meu celular e eu já fiz de todo, já testei em outro aparelho e o problema realmente é minha conta. Vocês nunca vão resolver meu problema?",2
Essa última atualização deixou muito difícil o uso. A lupa de pesquisa deve ficar na parte de baixo acessível aos telefones com telas grandes e não escondida lá no topo.,1
"Que atualização foi essa que a tela fica preta e fecha a todo momento?! Impossível de usar! Por favor, quanto tempo mais ficará sem solução?",1
"Fui logar uma segunda conta no Instagram e o aplicativo fechou de repente e não abre mais. Já exclui e instalei diversas vezes mas ainda não consigo entrar. Não sei o que fazer. Meu celular é o iPhone XR, como faço pra corrigir esse problema? Mesmo com as novas atualizações ainda não consigo abrir o app!",1
Travando muito depois da ultima atualização!! Não consigo trocar foto de perfil e nem stores.,1
"Faz 3 meses que não chegam mais notificações do Instagram no meu celular, já tentei de tudo, não sei mais o que fazer!",5
"Horrível atualização, não da pra ver a primeira foto do feed por causa das duas fileiras, péssima",1
"O app é bom mas essa nova atualização é muitoooo ruim, eu não consigo mais pausar o vídeo, o vídeo para do nada e dai tenho que passar para baixo e voltar para o vídeo pasta ele prosseguir e não consigo mais aumentar o volume enquanto estou vendo qualquer vídeo, PELA MOR DE DEUS VOLTA COM UMA ATUALIZAÇÃO QUE ARRUME ISSO!",5
o meu celular não está atualizando,5
"Eu não consigo atualizar o meu Instagram, quero muito utilizar a nova função de responder mensagens no direct, porém não está atualizando",3
Detestei a última atualização,5
Essa atualização ficou horrível!!!!! Você praticante OBRIGA o usuário a clicar e ver os reels! Não sou obrigada a assistir essa cópia barata do tiktok. Melhora Mark Zuckerberg,1
Horrível essa versão do Rells no lugar da lupa,5
"Meu instagram não atualiza as fontes, já desinstalei e reinstalei, mas as novas fontes não aparecem!",5
"Ficou horrível esse Reels no lugar de pesquisar, atualização simplesmente ridícula!!",1
odiei a atualização que tirou o Explorar e botou uma aba só pra Reels que ninguém gosta tanto... atrapalha muito na hora de pesquisar,3
Como assim tiraram o explorar?? Não faz o menor sentido tirar uma parte que é tão necessária para diversas contas!,3
Poderia ter uma atualização  que permitisse apagar fotos que foram postadas  em conjunto que na hora de editar tivesse a opção de remover uma da coleção.,4
"Péssimo aplicativo, já reclamei várias vezes que não estou recebendo notificações do aplicativo e eles não resolvem. 
Está tudo ativado no Instagram, nas configurações do celular, já desinstalei, instalei novamente, reiniciei o celular, mas não consigo receber notificações 😠",1
"Restringem minhas atividades de curtir, comentar, e publicar com conteúdo sem nenhuma explicação óbvia.",5
meu deus meu insta não atualiza que ódio,2
"Poderiam permitir que a gente movimente as fotos, assim evitaria de ter que apagar ou arquivar  e deixar um feed bonitinho",5
"Horrível a nova atualização que trocaram o botão do “Explorar”  pelo “reels”... Eu não quero ver reels, ficou muito ruim clicar no explorar la em cima.. estão acabando com o app, daqui um dia vai estar igual ao Facebook...",1
O lugar da lupa de pesquisa não ficou legal seria interessante deixar o reels emcima e a lupa embaixo,1
Melhor aplicativo para rede social,5
"A nova atualização de fontes nos stories não está aparecendo pra mim! Já desinstalei, instalei novamente e nada! Alguém me explica?",2
O app tá fechando sozinho do nada.,3
"o aplicativo está apresentando um bug muito grave, ele não está mostrando quem os meus seguidores e demais pessoas estão seguindo. eu não consigo visualizar queme eu sigo!!! é um absurdo",2
"Deixem o Reels só na página do reels mesmo, agora a gente compartilha e fica no perfil, não ficou legal, fica muita coisa repetida 😩",5
Não estou recebendo notificações do Instagram faz tempo quero sabe o por que ??? Quero um retorno,2
A última atualização não permite mais que o Instagram abra no iPhone.,5
"Tragam o formato de letra forte de volta, era o melhorrrrr 😩",5
Tento atualizar meu feed já tem um dia e não tive sucesso! Corrijam isso.,2
"Meu Instagram não atualiza, não tenho a opção cenas e também não tenho a opção de reels, nada que chega o meu Instagram atualiza, o que posso fazer para resolver isso??? Não acho justo a minha versão diz que já atualizou erros mas quando entro no Instagram continua a mesma coisa, atualizou pra todos menos pra mim, façam alguma coisa pra resolver isso! Obrigada",5
"Essas novas fontes são horríveis, a última fonte n pode mais colocar uma barra por trás, tem q ficar aql ngc feio com 3 fundos, e a clássica n fica mais transparente o fundo, ajeitem isso plmds home🤢",4
"As novas fontes são muito feias e muito estranhas, ninguém está gostando, parece que são falsificadas ou algo assim, ficou muitoo ruim mesmo, feias demais, tragam as fontes antigas de volta e o app dica 10/10.",3
"gente, se vcs querem atualizar o insta e colocar as novas fontes de boa, mas pq mexeu na fonte “forte/strong”?! mds, eu amava ela do jeito anterior, da versão anterior. 
espero que nas próximas atualizações vocês corrijam isso, grata.",5
Porque o meu não atualizou as fontes dos stories?,5
"o app em si é muito bom, só que em alguns celulares não aparece o reels e não tem como atualizar porque a atualização não chega, se alguém me manda da pra ver, sou que eu não consigo visualizar pelo meu celular",4
"As notificações do App não aparecem no meu celular. Só vejo que mandaram uma mensagem usando entro no Instagram, sendo que todas as notificações estão permitidas. Já até desinstalei e instalei o App de novo e esse problema continua",2
"Poderia fazer uma atualização, que assim que chegasse uma mensagem no Direct,   que avisasse tocando ou vibrando para a pessoa ver a notificação",4
"Eu adoro o aplicativo, mas já faz meses que não chega notificação pra mim de nada.",2
"Meu insta não tem as novas fontes.
Como faço?",3
"Meu Instagram não recebeu a atualização, mesmo eu atualizando o app, o software.",1
Podiam voltar com as outras reações além do coração nas mensagens do direct...,2
"Depois da atualização do Instagram os storys ficam péssimos, a imagem trava e o som continua e não é problema com a minha internet",2
Quando tento tirar uma foto ou gravar um vídeo com algum filtro nos stories o app simplesmente trava e fecha,2
"Amo o Instagram, mas o reels não aparece para ser utilizado em minha conta. Já mandei diversas mensagens de ajuda, mas nunca fui respondida. Gostaria de uma solução.",3
"Não sei o que tá acontecendo, mas meu Instagram atualiza mais não muda nada. Vários Instagram com atualizações diferentes, já atualizei o software, inclusive é iPhone 7, tenho amigas que tem o 6 e tá tão diferente 🥺😭",5
Não chega às novas fontes para mim :(,5
"Está péssimo, tirando as curtidas, vizualizações dos stories, o que aconteceu? Muita gente usa o Instagram como forma de trabalho! E infelizmente está atrapalhando demais, após essa nova atualização! Por favor, voltem ao normal.",1
"Eu sou bem antiga no Instagram, e estou ficando decepcionada, não consigo atualizar, só perco seguidores, não consigo gravar com cenas, revejam isso por favor que ninguém merece passo o tempo todo me desgastando para trabalhar e o Instagram não ajuda 😣",5
"não entendo pq o sistema do isntagram não habilita novas fontes para todos os usuários... além de parar de entregar o conteúdo, agora mais essa palhaçada",3
"Cenas não funciona na minha versão já atualizei tudo e nada, ainda vejo pessoas utilizando..",2
"Recursos novos não estão sendo atualizados, mesmo com o aplicativo atualizado no Apple Store. Tais como: letras novas nos stores, ferramentas novas dos stores. Engajamento muito baixo, mais baixo do que esperado. 

Solicito a total reforma da minha conta, para poder voltar a criar conteúdo com interações com meus seguidores.

Obrigado 

Att: @fylemon_97",2
Arrumem isso!!! Não consigo mais abrir o app pois ele fecha sozinho,1
"O app é bom como todos sabemos, porém vem apresentando problemas ao abrir a câmera, sendo necessário abrir e fechar o app. E de uns tempos pra cá, ao virar a câmera, a imagem fica distorcida. Corrijam isso, por favor.",3
"Bom dia ! 

Já relatei este problema mais de uma vez , estou berando aos 2k de seguidores e minhas postagens alcança umas 30 contas no máximo 50 , então fico muito chateado com isso , pois não uso o Instagram apenas como mais um aplicativo!",1
Meu aplicativo não atualizou para a versão com novas fontes 🤧,1
Simplesmente a imagem fica distorcida. Ridículo!,1
"Fez meses que tento logar mas SEMPRE aparece “Ocorreu um erro. Tente novamente mais tarde.” Alguém sabe como prosseguir? Consigo entrar pelo navegador, mas pelo app não.",1
"Limitam demais o alcance das publicações, muito comércio, fugiu demais do que era após se unir ao Facebook. Lamentável",5
"Não chega notificação nenhuma no iPhone 11 e no XR. Configurações do app e nos “ajustes” estão padronizadas habilitando as notificações, mas não chega.",3
"Tiraram os stories de destaque do explorar e substituíram pelo reels, ficou péssimo.
Além de no feed agora aparecer postagens de páginas que nem sigo em vez das postagens antigas, um saco ter que ficar trocando pra ver quem eu realmente sigo.",3
"Tenho um Iphone 7, tem 4 meses que não notifica ABSOLUTAMENTE NADA. Já fiz de tudo, desentalei o app umas 5 vezes, reiniciei o celular. Já fui nas notificações tanto do app como do celular. E NADAAA!! Me ajudemmm!!",1
Acho q passou da hora de otimizarem pra gente conseguir usar o app de monitoramento de seguidores sem ser bloqueado né,2
Já atualizei diversas vezes e nada.,1
Não estou conseguindo desbloquear minha conta era pra ter desbloqueado hoje e até agora nada,1
"O aplicativo no IOS 13 não abre. Já desinstalei e instalei 3x. Funciona um tempo e depois para. Corrijam isso, por favor 🙏🏻😩",5
"Ficam bloqueando minha conta sem motivo algum, dificil trabalhar desse jeito.",1
"JÁ MANDEI VÁRIAS MENSAGENS PRA EQUIPE DO INSTAGRAM E ATÉ HOJE NAO TIVE RESPOSTAS OU SOLUÇÃO. EU PRECISO MUITO DE UTILIZAR A FERRAMENTA E ELA NÃO ESTÁ DISPONÍVEL PRA MIM, E É SÓ NESSA MINHA CONTA EMPRESARIAL. JÁ DESINSTALEI E REINSTALEI O APLICATIVO, JÁ ATUALIZEI, JÁ FIZ LOG OUT E LOG IN E NADA. ISSO É UM DESCASO COM O USUÁRIO, O INSTAGRAM DEVERIA SER MAIS SOLÍCITO COM OS SEUS CLIENTES. EU ESPERO QUE SEJA SOLUCIONADO, MAS É COM MUITA DOR NO CORAÇÃO QUE DIGO QUE ESTOU DECEPCIONADA COM A PLATAFORMA.",2
É ótimo o Instagram porém está tendo um problema de não conseguir comenta várias vezes rapidamente e fica te impossibilitando por horas e péssimo,5
"O Instagram deveria melhorar, na questão de comentários, toda vez a gente comenta muito, é bloqueado! Quem participa de sorteio fica difícil de ganha",2
modo noturno 🥺🙏🏻,5
"Tive minha conta desativada por motivo nenhum. Não me explicaram o porquê de terem feito isso. Tenho a conta há mais de 8 anos, com várias fotos e contatos importantes para mim. Vocês não tem um suporte, um e-mail de contato para resolver esse tipo de questão. Vocês não me enviaram um e-mail, ou me deram alguma solução, apenas desativaram e acabou.",1
"Estou triste, pois o Instagram atualizou e no meu ainda não consigo ter acesso as fontes novas. Estou com o iOS 13.5.1 e as fontes novas ainda não aparecem, podiam resolver isso o mais rápido possível!",1
"Embora todas as configurações de notificações estejam ativadas, tanto do iPhone como do App (verifiquei todas as configurações antes de comentar) não recebo nenhuma notificação fora do App. Já reinstalei diversas vezes e o problema continua.",5
"Desativei uma vez as notificações do meu Instagram e agora não consigo mais reativar de forma alguma, já fiz de tudo, já assisti vídeos explicativos, já mexi nas configurações do IOS, na própria configuração do Instagram e nada. E agora? O que eu faço?",4
"Gente meu aplicativo não está funcionando. Não consigo entrar no insta. Fica dando erro.
Meu telefone é um iPhone 7 , não estava chegando notificação para mim. Peguei e exclui o aplicativo, agr não dá para entrar mais. Aparece uma mensagem assim: OCORREU UM ERRO COM A SUA SOLICITAÇÃO. Alguém mais com esse problema? Me digam no Whatsap 38998846283",5
"Não consigo usar o reel, não tem a opção de atualizar",5
"O Instagram está dando problema mensalmente, a casa atualização é um problema novo.  Meus efeitos estão sumindo, eu salvo eles e eles desaparecem.",1
"estou tendo problemas para curtir, comentar e principalmente colocar legendas nas minhas postagens.  escrevo com legendas, mas não aparece depois da postagem. não estou entendendo o motivo , se for um erro por favor peço que avaliem.. espero um retorno do que esta acontecendo ou correçao do bug. desde ja obrigado🙏🏻",1
"Coloquem uma opção de ver quem parou de te seguir, tens uns aplicativos próprios para isso, mais tem muitos celulares que não tem memória para baixar, coloquem essa opção",4
Tem que tirar essa limitação de frequência tá estragando o aplicativo,2
"as notificações do app não aparecem, mesmo com tudo já permitido, não aparecem as notificações.",4
"Queria saber o que está acontecendo com o app, simplesmente parou de aparecer as notificações e não tem nem a opção de habilitar.",2
J atualizei meu app umas três vezes e até hoje não atualizou as fontes de letra. O meu é iPhone 7plus. De mais alguém não tá atualizando?,2
"Depois da ultima atualização, perdi recursos, como: reals, cenas e marcar parceria paga com parceiros. Meus Instagram ficou como se eu tivesse a acabado de criar a conta, sem recurso nenhum. Tudo básico.",1
"O meu Instagram não aparece as novas ferramentas. Já o atualizei, e nada. 
Entrei em outras contas e todas estacam com as novas ferramentas, menos o meu.
Já reclamei pelo o próprio aplicativo, mas nenhuma resposta. O que fazer agora?",5
Gente n consigo entrar no meu perfil por favor arrumar!,3
"Estou tendo problemas ao acessar o app pelo celular, diz q ocorreu um erro sempre que coloco minha conta, porém no navegador funciona normalmente",3
"A função “MÚSICA” do meu Instagram não está funcionando. Já reinstalei o app, já mandei msg para o suporte e nada. Se o problema for resolvido, volto e atualizo a minha avaliação.",1
Gostaria de saber o motivo por meu Instagram já ter atualizado e as novas fontes não entraram no story,3
"Não consigo fazer login através do app , somente pela web ... o que está acontecendo ?",5
"Instagram é um ótimo aplicativo, sou apaixonada!!!",5
"Sempre quando entro no meu perfil o Instagram trava e tenho que reiniciar o app, por favor melhorem isso!!",3
"Há mais de 24hs não consigo entrar em nenhuma conta através do app do Instagram. E percebi que várias pessoas também estão com problema. O que está acontecendo?? Quando irão arrumar este erro? 
Obrigada",5
"Faz mais de 10 meses que meu Instagram está bugado, entra e sai atualização e fica na mesma. Não consigo seguir ngm. As vezes da pra seguir uma pessoa, aí depois de 3 meses segue mais uma. Tá horrível isso.",5
"Já atualizei o IOS assim como já atualizei o app e não tenho a função reels, o pior é que a função “Cenas” não aparece mais !!!!!",5
"Não consigo desativar a minha conta temporariamente.

Recebi o e-mail do Instagram com instruções para “relatar um problema > algo não está funcionando” realizei o procedimento pedido e detalhado com todas informações necessárias, porém não obtive sucesso, não consegui desativar minha conta. 

Hoje fiz novamente outra tentativa para desativar a minha conta e nada de conseguir, apenas aparece a mesma mensagem para tentar outro dia, que aliás, essa mensagem apareceu em todas tentativas (sem sucesso) de desativação “só é possível desativar sua conta uma vez por semana.Tente novamente dentro de alguns dias.”

Por favor, desejo uma solução para minha reclamação e solicitação. Se possível que alguma equipe técnica da empresa entre em contato comigo ou faça algum reparo na minha conta para que eu possa realizar a desativação temporária.

Nunca tive problemas desse tipo com a empresa Instagram e por isso estou muito desapontada, já que sempre estive muito satisfeita com todos os serviços, porém agora que estou precisando, não estou tendo o suporte técnico necessário, espero e desejo que possam resolver.

Estou no aguardo da resposta e da solução, por favor!",1
eu tentei atualizar mas não deu e pior agora sumio a cena,2
"eu n tenho as fontes novas e nem o reels nem o cenas, Q ODIO",1
Eu não tenho o reels!,1
Após a última atualização varias funções não estão funcionando. Não consigo usar os filtros do Stories e nem mesmo a  música funciona.,5
Não dá pra ver quem visualizou o story depois de 24. Coloque as novas publicações em ordem cronológica.,3
"A mais de meses que não consigo colocar músicas nos meus storys, isso vem me irritando no aplicativo que já reclamei várias vezes e eles ainda não resolveram 😓",1
"quase todos tem as fontes novas e não está chegando para mim, atualizo o meu celular e o instagram toda hora mas mesmo assim ainda não chega.",3
"Minha conta ultimamente não está atualizando para os novos recursos. Acredito que seja problema pois logo com as contas dos meus clientes e eles já possuem atualizações, como o rells.",1
"Não chega de jeito nenhum notificação fora do app. Só quando entro no aplicativo já fiz de tudo já até redefini os ajustes do celular, reinstalei o app umas 20 vezes e nada. me prejudicando demais ! corrijam isso logo! Fora que meu instagram está atualizado, e não tem as novas fontes",5
Praticamente de todos perfis atualizou as novas fontes e no meu ainda não 😞,1
"Recentemente foi instalada uma nova atualização contendo a função Reels, e eu cheguei a vê-la pelo celular do meu esposo, mas para mim simplesmente não atualiza isso. Já atualizei o app, desinstalei e instalei novamente. Desloguei e liguei dnv e nada acontece. Trabalho com essa plataforma e infelizmente o Instagram me barra numa atualização assim? Lamentável",1
Poderia liberar para todo mundo o negócio de colocar o link/url e poder puxar pra ir direto... ao conteúdo. injusto só ter a partir de uma quantidade de seguidores.(no snapchat tem essa função sem precisar de um limite d seguidor) poderia ter também a opção de mover a foto no feed dps de postado caso queira organizar o feed.,1
"Não consigo utilizar novas ferramentas do story, como adicionar fotos da galeria na aba onde ficam os gifs, localização,temperatura, etc.",3
Desde o mês passado não recebo mais notificações do instagram (mesmo com as notificações ativadas). Pra saber se recebi direct só quando estou com o app aberto. Bem complicado!,3
Porque no menu reles não aparece a opção de música e no meus Storys tbm,5
Não funciono a inserção de música nos Stories! Decepcionado 😕,5
"Já testei de tudo, mas simplesmente não tenho as opções de utilizar stories com música ou mesmo no reels. Adoro o App, mas estou pensando em deixar de usar por não ter todos os recursos disponíveis.",4
"Só queria minha atualização, pra ter letras diferentes, mas pelo visto está difícil.",4
Nao consigo colocar musica!,1
"Quase 2 anos usando a função música, hoje me deparo que ela sumiu, eu produzo conteúdo como vou fazer agora?",1
"A última atualização, para algumas contas comerciais, não está fazendo a contagem corretamente de alcance e reações de postagens e stories e por causa disso diminui o engajamento drasticamente e perde a maior parte do público que acompanha!",1
"Achei ruim, não atualiza e não tenho as fontes novas. Queria saber como não tenho fontes mas tenho o recurso novo do reels",1
Anúncios a cada 2 stories e agora o feed com esse lixo de publicações sugeridas. NÃO APARECE PUBLICAÇÃO DE QUEM EU SIGO,1
"Há quase um ano não recebo notificações , está tudo ativado tanto no celular quanto no Instagram . Já mandei mensagem para o suporte do Instagram e nunca tive um retorno",1
Não estou recebendo notificações do aplicativo,1
"Todo mundo tem coisas novas no Instagram! Desde perguntas anônimas a letras diferentes. E eu não tenho NADA. 
Nem a opção de por música no outro Instagram que tenho. 
Está deixando a desejar. Parabéns Instagram",3
"Simplesmente não consigo logar na minha conta, fica dando uma mensagem que ocorreu um erro com minha solicitação, sendo que meu login e senha estão corretos",1
"Volta com a fonte Forte e a parte de trás grifada do jeito que era, agora tá muito ruim e feio daquele jeito",2
"VIM SÓ PRA AGRADECER!!!
Obrigada por terem ajustado os stories e a gente pode escolher o efeito e depois ter a liberdade de escolher entre “Normal, Boomerang, Ao vivo, etc”. 
Facilitou nossas vidas 346% kk 🥰",5
"Não está aparecendo todas as opções de alinhamentos dos textos nos meus stories, já atualizei, reinstalei o app e nada foi resolvido! Vocês precisam corrigir esse erro!",5
Por favor podem me explicar porque meu Instagram não tem a opção cenas ? Eu sempre atualizado e nada.,5
"No meu não aparece as novas opções de fontes e em outros aparelhos de linhas anteriores aparecem, resolvam isso 🙄",1
"Pena que muitas funções como: letras diferentes, fixar comentários, reagir a mensagem com emojis além de coração, e essas coisas... Estão disponíveis para algumas pessoas e não para todas.",4
"Minha conta principal não atualiza as novas funções do story (cenas e fontes). 
Tenho uma conta secundária onde funciona tudo normal. 
Exclui a conta que eu tinha como principal por não ter uma resposta do suporte, então fiz outra conta que a princípio tinha todas funções ok, quando terminei a confirmação do novo perfil estás mesmas funções já não existiam mais. 
Meu IOS é o mais recente e é compatível com as atualizações. 
O que fazer agora?",5
"Tenho duas contas no Instagram e nenhuma delas recebe atualizações como apoio pequenos negócios, nem agradeço, nem fique em casa, e nem fontes diferentes.",5
"Não consigo atualizar meu Instagram, não quer aparecer a nova ferramenta do story o cenas agora é o Reels. O que eu faço???",5
"Faz um mês que toda vez que vou no meu próprio perfil, o aplicativo trava com a tela preta!  Já desinstalei e instalei varias vezes e não resolve. Jtodas as atualizações foram feitas e não adiantou nada! Preciso de ajuda
Socorro!",5
Iphone 11 pro max ios 13.5 não funciona notificações push :/,2
"Mesmo com a função de habitar notificações eu não recebo com o aparelho bloqueado, isso no iPhone 7 Plus.
Já desinstalei e instalei o App e nada. 
Estou com a última versão do iOS e o Instagram é o único App que não aparece notificação pra mim.",1
"Quando sai do aplicativo e entra de novo a câmera fica preta, não funciona",5
"O meu insta não está recebendo notificação, já fui em ajuste no celular e no próprio app, e está tudo ativo",5
"A função “ocultar categoria” do perfil não está funcionando. Sem qualquer aviso prévio, foi alterada a sigilosidade da informação e não retorna mais para o modo oculto.",5
"A opção de exibir rótulo de categoria não está funcionando, está ativada mesmo quando oculta",1
"Sempre mantive a categoria do meu perfil oculta e após essa atualização, simplesmente o Instagram colocou sozinho!!! Mesmo estando a opção para ficar oculto, NÃO FUNCIONA! POR FAVOR ARRUMEM ISSO! QUERO COMO ESTAVA ANTES!!!",1
A categoria não está oculta vc entra na opção é não funciona e quando migra pra pessoal ainda fica lá a categoria 🤦🏽‍♂️,1
"Eu queria muito que aparecesse p mim, já atualizei e nada... 🥺",5
Já desinstalei Ene vezes depois da ultima atualização vive dando tela preta quando tento acessar meu conteúdo.Não consigo ver o conteúdo direito.,1
Uma boa rede social mas agora passou a ficar uma tela preta. O app não funciona mais,1
"Minha câmera para funcionar tenho que fechar todos os aplicativos, porque senão não funciona. Já liguei para Apple e o problema é com o App do Instagram! Minha câmera está perfeita do aparelho. Ela abre perfeitamente em outros aplicativos, somente no Instagram que está dando esse problema.",5
"O aplicativo tá travando a câmera, diversas vezes quando irei gravar um storie ele trava a câmera, sendo que o celular funciona normalmente.",5
"Olá, não estou conseguindo tirar o rótulo de categoria de exibição do meu perfil.",3
Meu stores não atualizou as fontes 🤬,5
Não consigo ocultar a minha categoria da bio!,1
a opção “ocultar categoria” não está funcionando mais!!! não consigo ocultar..,4
Tá horrível depois da ultima atualização não tem como ocultar do perfil o tipo da conta,1
"Gostaria de saber, pq minhas fontes não mudaram ainda ??? Já atualizei e nada,",5
"De uns meses para cá o insta está tendo diversos bugs.
-Primeiro, minha foto live do iPhone não vira mais Boomerang nos storys. 
-Segundo, até anteontem aparecia a opção de layout no story, hoje não aparece mais (eu possuindo o app instalado)
-Terceiro, ainda não atualizaram para a versão que possuo as novas fontes, para iOS apenas os novos foram atualizado!
-quarto, Instagram está se tornando um app horrível!",1
"Depois dessa atualização, toda vez que eu clico no perfil dá tela preta e a unica opção é fechar o app. Eu não sou a única pessoa reclamando desse erro",5
"Toda vez que tento entrar no meu perfil a tela fica preta, não sei mais o que fazer.",1
"To vendo diversas pessoas com funções novas, tipo as novas fontes para stories, mas sempre sou a última a receber.",2
O app é mto bom mas tá com erro quando abro meu perfil minha tela fica totalmente preta,3
"Muito bom, mas a única coisa ruim é que quando vou entrar no meu perfil, a tela fica toda preta, como concerto ?",4
"Sempre que eu clico pra ir no meu perfil a tela fica toda preta, eu tenho que sair e fechar o App, só consigo ir no meu perfil ultimamente quando o Instagram quer 🤬",1
"não consigo abrir meu perfil !!!! 
na desinstalei varias e nada se alguem souber",5
Desde a ultima atualização ñ da para ver a sua página de perfil a tela fica preta...verifiquem,1
"Sabemos que estamos passando por um momentos atípico, devido a pandemia mtas pessoas estão usando o Instagram, mas eu queria entender o motivo de tantas mudanças na plataforma se eles não tem suporte para o usuário!
Meu perfil está péssimo, se ganho 3 seguidores, outros 5 desaparecem misteriosamente, já perdi quase 5 mil seguidores nesse bug, uso meu Instagram para vendas, tenho loja e estou sendo prejudicada dia após dia! 
Faço campanha patrocinados que não servem de nada, pq o perfil não cresce, você vai no suporte não te solução.
você tem que rezar para não ser o escolhido da vez pra ser perseguido por esse robô que bloqueia td! Injusto demais, deveria tirar a plataforma do ar já que não podem dar um suporte para tds igualmente!",5
Quando entro no meu insta consigo ver tudo menos o meu perfil fica tudo preto e quanto entro pelo de minha mãe no meu fica dando erro🤦🤦🤦,4
"Quando tento entrar no meu perfi fica tudo tudo preto , já tentei desinstalar e instalar mais nada melhora , continua do mesmo jeito , preciso que vocês melhorem, pra me poder usar ..",2
"O app está com mal funcionamento, não abre o feed, fica tudo escuro e trava",5
"Não estou conseguindo entrar no meu feed , a tela fica toda preta e o app trava já faz 1 semana",1
"Não consigo entra no meu perfil,pra nd fica preto na hora que entro que raiva,fico instalando e desinstalando direto pra ver se dá",2
Na câmera podia ter a opção de contagem regressiva pra tirar a foto!!!,5
O App está muito problemático toda vez que tento acessar eu perfil pelo App ele fica todo preto e não abre nada. E não resolve nada desinstalar e reinstalar ele fica mesma coisa não sei pra fazer atualização se não resolvem isso.,1
Eu não consigo ver a minha própria conta pq tudo fica preto,5
Meu Instagram nao tem a atualização de cenas. Mesmo atualizado o app e o ios.,5
"O app é muito bom, mas não estou conseguindo entrar no meu perfil.",4
"Ao clicar no ícone do aplicativo , onde acessa as fotos do usuário, no meu IPhone XR a tela fica preta!",5
Depois dessa nova atualização nada mais funciona👎🏼,1
"Não estou conseguindo entrar no meu perfil!!! Mexo no Instagram todo normalmente, notificação, conversas, status e feed. Mas quando clico meu meu perfil a tela fica TODA PRETA e não entra de jeito nenhum, me ajudem",1
Minhas informação de publicação sumiram .,5
"tenho duas contas no instragram e em uma delas nao consigo postar publicações no meu story, por favor corrijam isso",1
"Desde a versão 140.0 não consigo mais alternar entre as minhas contas, entrar nas configurações, ferramentas privacidade, pois quando toco no ícone que agora nem aparece mais a foto, a tela fica completamente preta, já fiz reinstalação várias vezes e não resolveu. IPhone 7 plus",5
"Nos últimos o meu insta está muito bugado, principalmente stories. Tá travando, as vezes pulo um stories mas continua com o áudio do stories de outra pessoa, e tá aparecendo falha na tela do nada (tipo uns riscos verdes quando celular tá queimando sla). Estou bastante preocupada com esse último problema pq achei que fosse do celular, mas só aparece isso nos stories do insta e os outros apps tá tudo ok. Meu celular é o iPhone 11, com pouco tempo de uso e tenho bastante cuidado com ele.",5
"Depois da ultima atualização, os aparelhos IOS,estão travando muito e sai da tela sozinhos.",3
Travando muito,4
"Depois da última atualização com o ios 12.4.7 meu Instagram sai sozinho, é travando direto ! CONCERTEM",1
"Eu uso muito o Instagram mas ele bloqueia a minha ação o tempo todo, daí eu não posso comentar e nem falar por direct! Já reclamei mas eles nem viram, quando você relata o problema eles nem dão bola! Poxa um app que eu uso toda hora e tem esse defeito! É muito chato",3
"O Instagram te bloqueia você não pode fazer comentários,curti e nem seguir ninguém! To mais de uma semana bloqueada",2
"Muito show, melhor app rede social.

Agora qdo vou na minha página, a tela tá fica do toda preta ? É só cmg isso?",5
"Eu não consigo repostar, imagens/vídeos nos meus storys e isso só acontece em 1 conta minha, em todas as outras isso funciona normalmente.",2
"antes eu pegava +1k de views no stories e agora so pego 300 é 1k de pessoas era tudo ativo, instagram esta segurando minhas views n mandando para ninguem assim me prejudicando",3
The screen gets black when I try accessing my profile. I already updated the app.,5
"Acredito ser uma dificuldade para todos os usuários que tenham iPhone. Já perguntei para diversas pessoas e todas informaram que é um erro que acontece. 

Vc apaga as msgs no direct e na mesma hora volta a conversa !

Resolve isso aí !!!",5
Não consigo alterar minha foto de perfil e está  dando erro.,3
"Quando eu clico no botão “perfil” no canto inferior direito, a minha tela fica preta! E eu já fiz de tudo para tentar resolver o problema, mas nunca resolve!",1
"O Instagram faz muitos bloqueios desnecessários, eu comentei 5 vezes e fui bloqueada por dias!",5
Não chega notificações e nem na minha barra de atividade mostra quem curtiu minhas fotos,1
"coloquem menos dias para editar o nome, estou tendo problemas com isso",2
"O app depois da ultima atualização está ficando com a tela preta, tenho dois perfis quando vou abrir o outro o app fica com a tela escura e não abre!!!!????",5
"Apago os chats do direct e quando fecha o app e abre novamente o chat ja deletado volta como se não tivesse excluído, já está ficando chato esse erro. Melhorem o app.",1
"Péssimo, burocracia pra desativar conta, O PIOR SUPORTE ao usuário, não adianta denunciar nada, mais se preocupam em restringir conteúdos irrelevantes a realmente combater atividades ilícitas e imorais dentro da rede social, um lixo",1
"Arruma o bug, o Instagram fica preto do nada",1
"O Instagram está cada vez pior, vc está sendo bloqueado a cada vez que vc comenta 3x horrível",1
Não consigo ir na minha página do perfil fica tudo preto,1
"Toda vez que entro na parte do meu perfil a tela do meu celular fica preta, e ainda não foi atualizado...",3
"Não consigo mudar foto do perfil
Não consigo sair de uma conta 
Não sei mais o que fazer",3
"Para qual motivo a opção de curtir a própria foto existe? Sem sentido!
Deveria retirar na próxima atualização",4
"Tá horrível, a câmera direto travando. Não atualizou a versão nova ainda.",1
"Sempre que clico, a tela fica preta. Já atualizei o app e o IOS do meu aparelho e o erro continua.",5
Meu perfil não parece já faz um mês tenho coisas salvas nele que uso pra trabalho mas não consigo ter acesso estou bem frustado ...,5
"Instagram é a rede social que mais uso, porém de um tempo pra cá não consigo repostar publicações no meu stories, mesmo que sejam minhas e isso acaba me atrapalhando, já notifiquei pelo app e até agora não tive retorno. Espero que me ajudem a solucionar o problema, obrigada!",5
"Após a ultima atualização feita em maio de 2020, não se consegue abrir a aba em que aparece o perfil do usuário e nem as configurações. no iphone 6s Plus a tela fica preta quando se seleciona a primeira opção no canto inferior direito da tela principal.",3
"O app era ótimo mas agora está travando absurdamente, principalmente na hora de assistir videos. Também está tirando a qualidade das fotos principalmente nos stories, chega estar ridículo. E a função de criar cenas não chegou ainda para todos, pelo menos não para mim, e todas as pessoas que conheço que usam o iPhone já possuem esse recurso, já relatei erro diversas vezes e nunca obtive resposta. Vou dar três estrelas pq gosto muito da plataforma mas precisam dar mais atenção aos seus usuários comuns e não apenas aos digitais influencers.",3
"Toda vez que clico no meu perfil, a tela fica preta, tenho que fechar o App e abrir de novo para que ele volte ao normal.",5
A camera para postar storie as vezes não funciona e o app trava. Meu celular é um iPhone Xs Max com a ultima versao do iOS. Tenho que fechar o app e abrir de novo pra camera funcionar pra fazer storie.,4
"Pessoas com deficiência visual não estão conseguindo utilizar o app com leitor de tela, por favor revejam essa atualização e consertem o erro.",5
"Hoje saiu uma nova versão que axei que iria corrigir o erro que está no meu Instagram, porém continuou o erro, não consigo entrar nas minhas configurações ao clicar na minha foto de perfil a tela fica toda preta e não acessa, como faço para corrigir isso?",3
"Após as últimas atualizações, quando clico no botão “meu perfil” a tela fica preta. Só consigo acessar meu perfil por menções ou fotos que fui marcado. Ja reiniciei, reinstalei e ate resetei o celular e nada resolve.",2
Os vídeos que eu gravo para os stories o áudio não tá saindo,1
"Além de remover o número de curtidas e vizualizações de vídeos, também removeram o número de visualizações dos story’s... sem falar da injustiça de se a pessoa seguir muitas pessoas ou curtir muitas publicações a conta bloqueia e chega a durar semanas pra voltar.. vocês podem melhorar, o instagram já foi melhor...
O facebook tá superando essa redo, nunca aconteceu algo do tipo.",1
Corrigiam o bug que está dando App do Instagram quando você tentar abrir a aba de configuração. A tela fica preta e tem que fechar o aplicativo novamente,2
"Ao entrar na câmera o app trava em uma tela preta em muitos momento, sendo necessário fechar o aplicativo e o abrir novamente para que a câmera funcione.
Meu aparelho é um IPhone 7 Plus.",5
Eh bom porém não estou conseguindo seguir ngm de volta e ngm resolver nd,3
"Esse negócio de ver quem tirou print vai diminuir o tanto de gente que usa o insta, que coisa ridícula maninha, tira isso, ninguém quer não, meme: Ela acaba com a própria rede social. 💁🏾‍♂️
  Sério não precisa ficar criando coisa nova não, tá bom do jeito que tá, se mudar muito estraga, aprende com o twitter flor.",5
Não consigo trocar minha foto de perfil😢 corrijam isso por favor,4
Nossa que nojo dessa notificação de “curtiu a mensagem que você enviou” não dá para silenciar essa trosso🤬🤬🤬🤬🤬,1
"Quando eu clico para ir pro perfil, fica com a tela preta. POR FAVOR ARRUMEM ISSO! Está uma PORCARIA! usuário: @monteiromarilia
Alô, @instagram! Por favor, arrumem o perfil!
Toda vez que eu marco alguém no storie, a pessoa não consegue vê e nem repostar! CONSERTEM O APP! Tá horrível isso.",1
"Assim que clico no meu perfil, o App fica todo preto.",1
Não está apagando as conversa no direct!,5
"Quando tento vê o meu feed ele fica um tela preta, ta horrível isso dar pra vê o feeed e os stores das outra pessoas mas do meu não",5
"O aplicativo está apresentando muitos bugs. Por favor, arrumem isso. O aplicativo é ótimo mas está sendo estragado por isso. Mal funcionamento.",5
"O aplicativo é ótimo, mas depois da ultima atualização ele não para de travar, principalmente na hora de fazer boomerang, ele trava e sai do aplicativo imediatamente e já tentei desinstalar e instalar mas continua a mesma coisa. Por favor resolver isso",1
"Nunca tinha o que reclamar do aplicativo, mas de uns dias pra cá, não estou mais recebendo notificações quando estou fora do aplicativo. 
Não recebo notificações de novas mensagens, curtidas de publicações, lives ou até mesmo quando ativo o sino para receber aviso sobre publicações de outras pessoas. As notificações são mostradas somente quando o aplicativo está aberto e isso aconteceu faz uns 5 dias. Eu já desinstalei e instalei o aplicativo, reiniciei o celular, tentei entrar em contato e não obtive resposta. Todas as notificações estão ativadas, tanto do aplicativo, quanto do celular e mesmo assim não estou recebendo. Não sei mais o que fazer. Obrigada.",1
PFV NÃO DEIXEM AS PESSOAS VEREM QUEM PRINTOU OS STORYS,5
Uso a mais ou menos uns 2 anos amo demais super fácil de mecher  porém na minha conta pública na parte de exibição de perfil fica com uma opção do COVID-19 oque atrapalha muito,5
"Estou com problema para entrar na tela do perfil, escurece sempre que tento entrar",5
Queria saber pq o meu Instagram não atualiza ... varias coisas bacanas e no meu não pega tipo opção música ou essa agora de ajudar empresas o meu não dá opção ... e olhe que já tenho mais de 10k  posto regularmente eu realmente não entendo,5
"Não estou conseguindo baixar o Instagram no meu IPhone 7, alguém pode me ajudar?",3
Quando abro meu perfil a tela fica preta!,5
"Tem um tempo que eu não consigo compartilhar publicações nos stories. Já tentei de tudo, fui nas configurações do instagram e do meu próprio celular, mas nada aconteceu.",3
"Já tem um tempo em que sumiu o ícone “compartilhar publicação em seu storie” do meu instagram. Já fiz de tudo. Desinstalei, instalei de novo, atualizei, relatei problema, falei no app e até agora NADA. Não aguento mais não ter nenhuma resposta e ajuste do aplicativo sobre essa questão.",1
"Está com vários bugs, quando uma conta minha é bloqueada de algo todas são somente no meu aparelho.. Além dos bloqueios por algo que não fiz, super injusto, tá péssimo!!!",1
"O Instagram está com erro que até agora não resolveram, quando clico no último botão da barra inferior, onde entro na minha conta e nas configurações , fica tudo preto e não consigo mais mexer em nada",1
Meu Instagram ficou com a tela branca do nada e não abre mais de jeito nenhum,1
Tela fica preta ao acessar meu perfil.,5
"Após esta última atualização, o APP não está abrindo.",4
"Depois de ontem, meu perfil do insta não está funcionando, toda vez q clico a tela fica escura e tenho q fechar o App. As demais coisas estão funcionando normalmente, por isso deixo aq minha reclamação e isso é só no meu Instagram!!!!",3
"Meu perfil não está carregando, quando tento acessá-lo simplesmente trava o app e tenho que fechá-lo e abrir novamente. Triste a situação",1
"O app é super fácil e interessante, mas ocupa muita memória da boneca. Espero que nas próximas atualizações isso seja reduzido para uma melhor experiência.",5
"Desde segunda feira o meu perfil não está carregando todas as fotos nem a dos perfis que sigo,já apaguei o app e baixei novamente e nada muda 😒😒",1
"não consigo editar foto de perfil, biografia e  não consigo confirmar meu número nem mesmo pelo computador. Não está chegando notificação nenhuma e já se faz meses!!!! Eu já relatei o problema varias vezes no próprio Instagram e ate hoje nada! Tentei fazer de tudo, desativei a conta, desinstalei o app, vi vídeos no youtube tentando achar uma maneira de “consertar” mas mesmo assim estou sem resposta! Entrei em contato com o Instagram e não obtive resposta alguma e nem resolveu meu problema!!! Estão deixando muito a desejar",1
"No meu celular que é um iPhone 6s, eu entro no app mais só consigo entrar no feed, quando entro no perfil a tela fica preta.
Porque os desenvolvedores não respondem",2
"Desde outubro do ano passado não consigo publicações do feed no meu story (nem as minhas próprias publicações), apenas vídeos do IGTV. Já reportei varias vezes pra central e nada, já atualizei o aplicativo, tentei entrar na minha conta por outro dispositivo e não resolve. Instagram já foi melhor, não adianta nada ter um design super bacana se não resolve porcaria nenhuma de problema dos usuários.",2
Não consigo compartilhar fotos do feed nos stories e não aparece algumas opções de coisas para colocar nos stories,2
"Meu Instagram apresenta bugs e demora entrar as atualizações. Não consigo gravar vídeos maiores nos stories até hoje e nem fazer pergunta para me responderem em forma de música. Já reclamei com o suporte, mas não adiantou nada.",1
"Olá, a minha conta apresenta óbice ao adicionar uma publicação do feed ao storie. Por favor, corrijam.",1
"Não consigo mais compartilhar publicações(de perfis públicos) nos meus stories faz umas duas semanas, sendo que já atualizei o aplicativo. Poderiam me ajudar?",2
"Criei uma conta nova, e não tem opção de compartilhar algum feed no stories, entrei em outro aparelho e está aparecendo normal!! ARRUMEM ESSE BUG",5
Não me envia notificações quando estou fora do aplicativo. Sempre tenho que entrar pra ver se chegou mensagem ou novos seguidores,2
"Depois da ultima atualização minha conta está em dia sim, dia não dando erro de ação bloqueada. Me impede de curtir, comentar, seguir e deixar de seguir as pessoas",5
Amei o App mas n estou com todas as informações ao entrar ent acho bom colocarem mais informações. Eu tb acho importante colocarem mais opções de contas ao vc pesquisar,3
"gosto muito da plataforma mas o meu instagram está bugado, não aparece a figurinha em casa pra mim, ja atualizei, reinstalei e nada",3
Pow maior palhaçada isso de bloqueio ! To participando de sorteio e Instagram tem que me bloquear e demoram muito para desbloquear tinha que rever isso aí.,2
Como faço para ter a função compartilhar nos stories. Já desinstalei varias vezes e não aparece esta função. O que devo fazer?! Obrigada,5
"eu não consigo compartilhar as fotos nos stories, e fica me bloqueando toda hora, não posso fazer mais nada, não posso nem curtir fts, e preciso esperar horas pra voltar ao normal, e tbm preciso desinstalar e instalar duas vezes por dia, por favor concertem isso, muito obrigada",1
"Não consigo acessar o perfil, o celular fica com a tela preta",3
Infelizmente estão só atualizando e piorando o aplicativo! As fotos perdem totalmente a qualidade e o story só está com falhas!!,1
"O suporte do App é terrível, já enviei várias vezes reclamações sobre um erro na minha conta, e nunca obtive resposta !!!!",1
A função no meu iPhone 7 Plus de compartilhar o feed no story não está aparecendo. Queria que resolvessem.,5
"Estou com minha página bloqueada, fui informada que estaria vinculado a app para receber curtidas, porém não houve essa situação. Preciso de solução urgente!",5
"Eu não consigo achar isso normal! Sorrateiramente o Instagram permitiu postagem de anúncios. E cada vez mais tem aumentado o número de anúncios que vemos entre as postagens. Vai chegar o dia que vamos ver só anúncios? Eu estou cansado e acho isso muito tóxico pois sou bombardeado diariamente com anúncios de itens que não preciso e não fazem a mínima diferença em minha vida. E não adianta quererem personalizar meu anúncio, eu simplesmente não vou gastar meu dinheiro.",1
devia ter a opção de depois de postar mais de uma foto e poder apagar uma das fotos depois,5
Instagram já faz parte da vida kkkk mas gasta muita muita memória com os dados,4
"App bloqueando atividade sem motivo!!! Não consigo usar nenhuma ferramenta do aplicativo... por favor, concertem!",5
"O meu Instagram não quer entrar , eu já reiniciei o celular , já fechei a aba e tentei de novo, já exclui o aplicativo e baixei de novo e mesmo assim ele não entra. Eu clico nele pra entrar ele aparece carregando e depois sai da aba 🤦🏻‍♀️🤦🏻‍♀️🤦🏻‍♀️",1
"Instagram já foi muito melhor, agora com esses bloqueio temporários que ocorrem devido deixar de seguir pessoas, ou seguir em em grande quantidade está acabando com a qualidade do aplicativo!!!!",1
"Meu Instagram não está mandando notificações tem como arrumar esse problema por favor faz muito tempo isso já, ou libera uma nova atualização do Instagram",5
O Instagram fica me bloqueado toda hora arruma isso,1
Depois que fiz a atualização hoje o aplicativo não está abrindo mais,1
Péssimo me bloqueou de postar as coisas pq acham q eu to usando app para ganhar seguidores .. e Isso  não é verdade,1
"Não consigo receber notificações de nada!!!! Direct, fotos e curtidas a 3 meses",5
"Lixo,o Instagram me bloqueou de seguir e curtir as fotos das pessoas,arrumem isso logo",5
"Minha conta não estar mostrando quem curtiu e quem comentou, quando entra nessa opção tala que a ação foi bloqueada temporariamente, gente resolvam isso. Por favor!",4
"Eu amo o insta, mas agora nesses últimos meses a função de adicionar publicação no storie simplesmente SUMIU da minha conta e de algumas pessoas! Precisa ser resolvido",3
Já fazem dias que tento acessar o ícone do meu perfil e a tela fica preta e não volta ao normal... Meu iPhone é um XR. Espero que arrumem logo... Pq tá chato isso!!!,1
"Nessa ultima atualização quando eu clico no meu perfil fica em tela preta, não consigo ver meus itens arquivos ou configurações do meu perfil, está péssimo!",1
"A atualização de cenas não está aparecendo na minha conta, porém quando entro em outra conta no mesmo celular, essa atualização aparece!!!  Como eu posso resolver esse problema??!",2
"A cada 3 stories 1 é propaganda, vocês vão virar os joguinhos da vodoo que só são legais off-line, agora imagine o instagram off-line",1
Tem 2 meses que não recebo notificações do Instagram e não consigo colocar musica nos stories já desistalei o insta 2 vezes,5
"Não sei porque, mais não tá dando pra postar nada, diz que minha conta tá temporariamente bloqueada, não posto nada, não curto nada, e nem tem como postar meus vídeos lá....
Me ajudem aqui, diz que eu to fazendo não sei oque pra ganhar seguidores, algo assim",5
O número de visualizações do meu stories sumiu. Resolvam isso por favor!!!,1
"A última atualização travou o número dos stories.
Chega a 1.000 views e para. Ou as vezes chega a um determinado número e para também.
Isso em poucos minutos após postar. 
Ou seja, para quem precisa mostrar resultados, é uma grande falha.",2
Não chega notificação meu iPhone como arrumar ??,5
Volta a opção de Live virar boomerang no story pleaseeeee! #oqueébomnaosetira,5
"De repente meu Instagram não tem mais opção de compartilhar feeds públicos no meu storie. Arrumem isso logo. Já atualizei o aplicativo, já desinstalei e instalei e continua desse jeito! O que houve ?",5
Boa noite! Hoje quando fui compartilhar um post no story essa função havia desaparecido... atualizei o app e não adiantou nada. Gostaria que solucionassem.,1
Na última versão sumiu a opção de compartilhar as publicações como história.,1
"Não estou conseguindo postar nenhuma publicação de uma página nos stories, o que devo fazer?",5
"Depois da ultima atualização sumiram várias funções do meu Instagram, incluindo o compartilhamento de publicações do feed no story.",5
"Eu tenho uma conta de engajas e Tals e eu fui bloqueada de comentar, e editar as minhas postagem e eu tenho pessoas para responder e publicações para encerrar",1
Versão 136 bugada. Não dá pra compartilhar publicação nos Stories.,3
"No meu insta ele n tem o efeito cenas e nem a opção de colocar música p reagir na hora, só dá para colocar a música depois q eu faço o vídeo",5
"Não estou conseguindo compartilhar publicações nos meus storys, já perguntei a varias pessoas e o deles estão funcionando!! Concertem essa falha, pelo amor de Deus!!",4
Só ficou horrível para deixar de seguir pessoas porque antes era só um toque igual para seguir pessoas! Podia mudar isso!,4
"Meu Instagram ainda está sem a opção de “ cenas “.
Já atualizei para última versão é mesmo assim, não foi habilitado.",3
"Depois dessa última atualização, não estou conseguindo assistir lives!",1
"Não temos mais a opção de gravar 10 stories de uma vez só, adicionem novamente! Essa opção era muito útil, agora são somente 5 ou 1 storie para se gravar seguidos",5
"a função “reverse” é boa, coloquem-na de volta",4
Só queria quando vocês vão tira esta função no Brasil q ninguém pode vê as curtidas?,5
Mas tenho uma reclamação a fazer. Quando vou fazer publicar storie eu não consigo colocar música. Não aparece esse opção para mim. Gostaria de saber por que isso acontece.,5
Não estou recebendo nenhuma notificação do aplicativo pelo ios no iphone 8 plus. Trabalho com app e tenho perdido de fechar negócios por causa desse problema!,5
Meus stories não tem opção música. Já enviei reclamação mas não obtenho retorno.,5
"Já faz pra mais de 60 dias que não consigo compartilhar nada no meus stories devido o sumiço da opção “adicionar isto a seu stories”.
Gostaria de uma solução conta é empresarial.
Já pedi ajuda ao suporte não tive retorno
Procurei na internet e nada de solução.",1
"Sempre amei o Instagram! No entanto agora fiz uma conta comercial no qual o Instagram me bloqueia de adicionar pessoas, realizar postagens e etc. A gente faz uma conta comercial para fins de trabalho e o Instagram faz essa sacanagem!",5
"Já atualizei várias vezes e no Instagram da empresa não aparece a opção para colocar música no story, não sei mais o que fazer",5
Vou da uma estrela pois não envia notificação no meu celular um iPhone 8plus,5
Ja atualizei o Instagram e o meu IOS e nada do Instagram resolver abrir.,5
"Estou tendo problema ao gravar stories. Só consigo gravar apenas 4 stories seguidos e, já para de gravar, ou então, apaga os anteriores, enquanto continuo gravando.",3
Não está aparecendo pra mim já desinstalei e nada acontece como faço ??,5
"Não consigo assistir a transmissões ao vivo, stories e publicações no feed travando. Já verifiquei com a minha operadora, fizeram visita técnica, Apple também verificou aparelho e todos solicitaram contato com o Instagram, pois o problema ocorre apenas neste aplicativo.",1
O aplicativo é muito bom só que fica pedindo pra mudar de senha todo hora assim que entro no app,5
"Quando aperto a câmera ele fecha sozinho. Já desinstalei 3 vezes e nada muda, mas de resto o app é excelente. Esperando a próxima atualização para arrumar o erro.",5
"Quando tento tirar uma foto na câmera dos story meu Instagram fecha. Já reinstalei o Instagram, reiniciei meu dispositivo IOS e  não resolveu nada!!",5
Bugs nos stories que continuam rosa mesmo depois de visualizados,5
"Tá horrível, não posse tirar nem fotos na câmera do instagram!!!
ele sai do aplicativo por ele mesmo!!!",1
"A plataforma ta com muitos erros, triste isso",1
O app sai sozinho quando tiro foto no direct,1
"O app, abre e fecha e não consigo acessar minha conta, do meu iPhone 6, já desinstalei o Instagram e reiniciei tb o iPhone , atualizei o sistema, mas o bug continua, como devo fazer, me ajudem . Grato Sylvia",1
Após a atualização não consigo gravar nem tirar fotos nos stories,5
"Vou tirar foto pelo aplicativo e ele fecha  
Concertem isso",1
"Está dando muitos bugs no chat de conversa, há mensagens que aparecem como enviadas mas a pessoa não recebe e vice versa!!! Sem contar que em alguns celulares há uma edição diferente, a qual o meu não atualiza!!! Arrumem, por favor.",1
O aplicativo fecha automaticamente ao ser Acessado,1
No meu celular ele não atualiza 😪,1
O app fica fechando sozinho !!!,1
"Aaff a câmera do meu story parou de funcionar no meu iPhone, por favor ajeitar isso.",1
"Assim q coloco para fazer um story o App fecha sozinho, arrumem pfv",3
Não consigo compartilhar publicações no meu story.,1
"Toda hora que eu vou gravar ou tirar foto pelo story sai do Instagram, poderiam arrumar isso por favor?",5
App é bom mas devem corrigir esse problema pfv,5
"Quando entro na camera e aperto em tirar foto, o app fecha, isso so aconteceu dps da ultima atualizaçao ridiculo dmais pqp",1
"Não tenho esse modo em minha conta 
E qualquer um q entra com suas contas no meu App,no meu celular tem o modo cenas 
Eu não quero excluir para ter 
E já atualizei mil vezes o Instagram 
Nenhuma solução",5
Meu aplicativo do Instagram não tem a opção de indicar uma música no story,1
"Meu Instagram resolveu não tirar ft, não é problema na câmera do meu celular pois a câmera está funcionando perfeitamente em outros aplicativos.",2
"Meu celular é um iPhone 7, estou com problemas na câmera do app, toda vez que eu coloco na câmera (boomer ou algo do tipo) e clico pra bater a foto o aplicativo fecha...",5
App fecha sozinho toda hora,5
App está fechando ao tirar uma foto pela câmera do mesmo,1
"Atualizei o aplicativo e agr  não abre mais, pra que colocar atualização se quando vai abrir não abre",1
"No iPhone 7plus, não consigo tirar foto e nem filmar, o aplicativo fecha. Já faz uma semana, mesmo excluindo e baixando.",1
Está saindo sozinho do Instagram quando vou tirar fotos. Já não estou aguentando mais isso!,5
"Aperto para tirar foto, aplicativo fecha",5
"Não consigo assistir lives
Preciso de ajuda pra resolver",5
toda vez que aperto pra tirar foto na câmera do instagram o app fecha. concertem isso logo,1
"Eu vou fazer vídeos, tirar foto ou até mesmo boomerang e o app fecha sozinho",2
"Depois dessa última atualização 
N consigo mais tirar ft no Instagram 
Quando aperto pra tirar ft o aplicativo fecha",1
"Toda vez que tento tirar uma foto, gravar vídeos... o app simplesmente fecha.",1
Atualizou e não da mais pra tirar foto,1
não consigo tirar fotos no instagram que ele fica saindo automaticamente😠😠,1
"Fiz a atualização hj e deu alguns bugs, entrei no meu Instagram e estava olhando os stories do
Nada me direcionaram pra uma página onde eu tinha que ficar mudando a senha muitas vezes e não resolvia e também depois fui voltar ao meu feed e ver as
Últimas postagens não voltava sempre me jogava pra essa página onde eu tinha que mudar a senha, resumo so consigo visualizar as
Notificações pela barra e quando entro me direciona pra essa aba continuamente dizendo para alterar a senha de novo!
Corrijam esse erro por favor!",5
Rede social que mais cresce e com ótimo conteúdo @vemprajeri / @jericoacoara,5
Não funciona no meu app a parte de compartilhar uma publicação nos stories,5
"Ótimo app, eu particularmente amo! Porém não consigo repostar algumas publicações nos meus stories, exceto IGTV. Estou ciente que não acontece apenas comigo, então isso deveria ser analisado e concertado, pois muitos estão deixando o aplicativo por esses mínimos detalhes. Mais atenção, por favor!",4
"O instagram é um ótimo aplicativo, muito útil porém o meu instagram não está compartilhando as coisas do feed nos storys e eu não consigo atualizar e não tenho resposta sobre este problema",4
Não é compatível com o VoiceOver,1
"Infelizmente já atualizei e até agora não consigo compartilhar nada no meu stories. Vejo que muitas pessoas também estão com o mesmo erro, lamentável.",1
"A alguns meses parou de aparecer a notificação do nada de todas as minhas contas, já ativei todas notificações do celular possível e nada.",1
"Não presta, um lixo de aplicativo🤬",1
"Não recebo as notificações, só quando abro o app. Ps: o iPhone e o app estão configurados para receber todas as notificações.",1
Não estou recebendo as notificações no meu celular mesmo estando “ativo” para receber as notificações,1
"Sério, já atualizei, mexi em configurações e nada.
O de todo mundo compartilha, MENOS O MEU.",5
Não recebo notificações,3
atualizei e parou de chegar notificações,1
"It’s been a while already that my app stopped notifying me by sounds and visually. It’s not either tingling or showing the red circle with the number of notifications on my iPhone SE. I’ve already tried to reinstall it and also reset the notification settings, but nothing changed.",5
Estou a meses sem conseguir compartilhar publicações no stories e nunca recebo uma resposta do porque disso.,1
"Tenho um iPhone XS Max e não recebo nenhuma notificação de nenhuma das minhas duas contas, mas pelo iPad recebo, por favor resolvam isso!",1
Não consigo adicionar publicações de outros no meu stories depois que troquei de celular,5
"Eu amo o insta, mas alguns dos videos estão bugando... ficando com tela branca e rodando apenas o áudio",5
"Tem alguns dias que o Instagram não notifica mais direct pra mim agora não notifica mais nada, tudo bugado",4
"Meu App não está notificando. Não recebo nenhuma notificado das atividades que deveriam ser notificadas (mensagens diretas, likes e outros) 

Todas as configurações de notificação já estão ativas, tanto nas configurações dentro do App como no central de notificação do meu aparelho celular. (iPhone 8 plus ios 13). 

Alguém pode me ajudar?",1
"Olha vai fazer cerca de uns 3 a 4 dias que os stories que são em vídeo, eles não rodam, eles simplesmente travam e você só ouve a voz, outros vídeos do feed ficam escuros e você só ouve a voz. 
Já tentei sair da conta e entrar de novo e nada de resolver já vim ver se tem atualização pra instalar e também não tem. Está impossível ver os stories",1
Os stories estão congelando e outros ficam com a tela branca.,1
"Hoje, depois de atualizar o app para a última versão fui usar a câmera e está toda embaçada, com a imagem tremida, e faz um barulhinho próximo a câmera. Sendo que em todos os outros aplicativos e no app da câmera do iOS está funcionando normalmente.",5
"Não consigo ver muitos vídeos no aplicativo nessa ultima atualização, fica branco o video e só da o som, não sei o que acontece.",3
"Ao aumentar o volume dentro de um story a barra de volume do iOS 13.3.1 da uma tampada na foto de perfil da pessoa! Tirem aquela barra, coloquem um volume mais discreto.... como era antes no iOS 12!!! Também a problema de desempenho na hora de abrir o direct.. a animação está engasgando!!!",3
"Estou a 1 semana esperando posição de vocês pelo suporte do aplicativo e nada. 
Meu Instagram fica deslogando e dando mensagem que tenho um programa não compatível instalado a ele. Só que não tenho nenhum programa vinculado a minha conta. 
Todas as vezes eu mudo a senha como o pedido (já foram mais de 15 vezes) e sempre ocorre a mesma coisa novamente. 
Agora estou sem acesso porque diz que minha senha antiga está incorreta e quando peço nova senha diz que meu número de telefone está incorreto (?) sendo que tenho a autenticação de 2 fatores que não está servindo para nada. 
Estou sem acesso a minha conta e ela é muito importante para mim. 
Aguardo uma posição o quanto antes.",1
Faz alguns dias que os vídeos do feed e alguns vídeos nos stories que estão travando não consigo assistir quase nenhum!!!! Por favorrrr arrumem issooooo!!!,1
"Faz 3 dias que estou tentando entrar na minha conta e fica dando erro de solicitação, não consigo entrar de forma alguma, nem redefinindo senha, nem com link, NADA.
Concertem isso!!!",1
"Não estou conseguindo logar pois estou com problemas com código, já reportei e sem nenhuma resposta !!! 
Espero que o suporte me ajude !!!",1
Ta terrivel gente pelo amor de deus ajeitem isso!!! Qualidade 0,1
"Vários vídeos são bloqueados por “direitos autorais”,e o pior é que a explicação que dão não tem nada a ver com o vídeo.",5
Não foca e nem consigo gravar nada .,1
"App simplesmente parou de sinalizar quando tenho alguma notificação, já entrei em contato diversas vezes e nenhum retorno! Todas minhas notificações estão ativas e mesmo assim não recebo nada!",1
Não aparece a opção de música no meus stories do Instagram,3
"Não dá pra gravar story com música e filtro ao mesmo tempo, antes dava.",3
"Eu não consigo acessar meu Instagram , estou com ódio imortal de vocês . Estou tendo q entrar por outro smartphone ou até mesmo pelo Google , seus inúteis !",1
Não dá pra seguir e desseguir as pessoas e nem curtir fotos,1
"já fazem meses que não consigo compartilhar posts nem meus, nem de outras pessoas no meu stories! a função simplesmente desapareceu!!!",2
Hoje dia 15/02/2020 meu perfil do Instagram está apresentando falhas e solicitação de que eu mude de senha toda hora alegando que eu compartilhei minha senha com alguém app de seguidores porém eu não faço o uso desse tipo de app e estou cansada de mudar tanto de senha,1
"Por favor !!concertem esse Instagram, por que muitas pessoas usam pra trabalho, aí esse entra e sai dele não tem como “nós trabalhar.., usem a cabeça de vocês pra volta como era antes , porque ele agora tá uma porcaria !!!",5
"O aplicativo no geral atende as necessidades, porém não consigo compartilhar vídeos, fotos ou repostar publicações publicas no storie",5
"Nunca vi uma coisa dessa, bloqueia sozinho, essa porcaria, tira isso do ar",1
"Desde a última atualização, não consigo abrir o aplicativo.",1
"Depois da última atualização eu não consigo ficar nem 5 mim no insta porque ele sai, vive fechando a aba, janela dele e voltando pra tela inicial do celular. Corrijam isso 👍🏻",1
O Instagram bloqueou de ver as curtidas das fotos sem motivo algum! Está cheio de bugs e bloqueios toda hora! Horrível,1
Agora não posso postar mais vídeos sobre que vejo . Que tudo agora da direito autoral . Afinal que frescura . Sempre produzi meus vídeos com dvds originais que comprei .  Dps que essa carniça de app foi comprado . Ficou pior . 🖕🏻👎🏻,1
Não consigo compartilhar publicações do feed em meu stories.,1
Entao o negocio e seguinte todo stories q vou grava ta bugando igual bomerang travando tudo quando consigo salva um video ele trava todo caixinhas de pergunta o pessoal manda uma pergunta nao tem como responder a caixinha some nao da pra grava melhorem isso pelo amor de deus precisamos de uma qualidade boa e solucao nao so atualização que nao tem resultado melhor nem existir atualizacao que nao presta depois que o facebook comprou o instagram e o WhatsApp  nunca mais prestou so bugando melhorem isso sem condições! Obrigada dinada,5
"Estou bloqueada no Instagram, me acusam de uso de serviço externo para ganhar seguidores, sendo que NUNCA fiz isso!!! Por favor, gostaria que me desbloqueassem",1
"Hoje quando fui abrir meu Instagram fui curtir uma foto e apareceu a mensagem ‘’ação bloqueada ‘’ .Eu não estou conseguindo fazer nada por exemplo curtir fotos e vídeos , seguir pessoas ,deixar de seguir e etc . Preciso urgente de ajuda pois estou bloqueado , e não estou conseguindo utilizar meu App.",3
"O aplicativo me bloqueou pela centésima vez
Com a mensagem que estou vendendo curtidas
Toda hora tenho que mudar de senha, desinstalar o aplicativo não está resolvendo
Quando instalo novamente já está bloqueado",5
Me bloquearam a semanas já,1
Deveriam colocar uma maneira de privar também as gotos que são pública das no feed para algumas pessoas,1
"Minha conta foi desativada e reativada no outro dia pelo próprio Instagram. 
Porém, não consigo entrar na conta pelos dispositivos que eu já possuía (iPhone 7 plus e iPad)
Consigo acessar por outros telefones e pelo computador.
Quero conseguir acessar pelo meu.

User: @corona_matheus

Att, 
Matheus Corona Patricio.",1
Isso me deixa mega insatisfeito,5
Há algum tempo que não recebo notificação no instagram e nas configurações de notificação do iphone não aparece o app,1
"Melhore as correções por favor 
Meu insta sai o tempo todo",1
A versão que atualizou hoje ta travando o insta,1
"Na minha conta não está disponível a opção de passar imagens do feed para o story, queria saber como resolver!!",2
"Bloquearam um perfil de criação de conteúdo.  
Que movimenta o app ... e já está bloqueado a dias.  Um app mundial gigante igual ao Instagram deveria ter mais respeito... @dicadomadruga agradece.  E aguardamos um posição",1
"GENTE PELO AMOR DE DEUS ARRUMEM ISSO, meu Stories não tá gravando em sequência no iPhone 8 Plus",5
Um dos erros mas chatos que tem e que eu não consigo mas entra no meu Instagram pelo app já to mas de 7 meses sem entrar pelo app me ajudem ou der um jeito nesse errado horrível 🤦🏻‍♀️,1
"Horrível o aplicativo fica dando erro do solicitação e não consigo acessar, só consigo pelo Safari. 
Muito triste isso",1
"Todas as vezes que atualiza, o meu app perde o “direito” de compartilhar as publicações de outra pessoa! Afff!",2
"Os algoritmos do instagram está um loucura, apartir de certas curtidas e comentários é bloqueada a ação 🤦🏽‍♀️
Por favor melhorem isso, me dar uma dor de cabeça ralada",1
Não consigo respostas às marcação,1
"Não consigo colocar musicas no stories, pq ???",5
"Não consigo fazer vídeos continuados, já fiz todas as atualizações e não vai.",3
O meu não atualiza,1
Eu uso duas contas no mesmo aparelho e em uma delas a opção de “Compartilhar publicação ao story” desapareceu do nada e as configurações das duas contas estão idênticas ! Como resolvo o problema ??,5
"Depois da atualização não consigo mais colocar música nos stories, o q houve???",5
Não consigo colocar músicas nos stories!,1
"Não consigo acessar meu instagram, não entra!!! Horrível",5
"Eu atualizei o app ,o meu iPhone ,tentei achar instruções de como atualizar a música no story tentei no suporte do Instagram e tmbm não achei a solução! Alguém pode me ajudar?",3
"Pena que no meu storie não consigo colocar músicas, ja atualizei fiz de tudo mais nao tem jeito 😞😞😞😞",5
"instagram está totalmente ficando chato de mexer,não pode curtir e nem seguir demais,e nem comentar que já te bloqueiam por dias!!! assim fica difícil continuar com o app.
qualquer coisinha estão bloqueando de qualquer coisa,PAREM COM ISSO!!!!",1
"Eu fui temporariamente bloqueado de executar alguma ações como ( curtir , comentar , compartilhar) qualquer tipo de post , não cometi nada de errado e gostaria de ser desbloqueado imediatamente!!! Obrigado",1
"O video fica em branco, só ouço o som, resolvam isso por favor",2
"Todas as notificações push up estão ativas, nos ajustes do celular também está tudo ativo mas não recebo nenhuma notificação quando estou fora do aplicativo, apenas quando ele está aberto em uso.",1
"As atualizações demoram muito pra chegar, não tem a opção de eu escolher “música” no Instagram, tudo chegou muito depois enquetes, perguntas, marcação, acho q o app poderia melhorar muito isso pois, tem contas q demoram pra chegar a atualização",5
Atualizei e não tenho música nos stories. Muito chato isso.,5
Muita propaganda,5
E-mail enviado ao suporte não me é respondido. Estou sem acesso ao meu perfil.,1
"Um saco isso de tudo o Instagram bloquear , não se pode fazer nada que bloqueia eu em .. passei 7 dias sem conseguir fazer absolutamente nada . E agora já tá em
2 dias que não consigo comentar nada . 
Bora dar um jeito nisso né Instagram !!!!!",5
"Na minha conta não consiga fazer respost de nada , nem nos stories nem no feed já exclui a conta já exclui o App e baixei de novo e nada",4
O app perdeu a função de música do nada. Eu tinha essa opção disponível e de repente desapareceu. Meu iPhone 6s. Arrumem isso logo por gentileza,1
Meu aplicativo não atualizou a função música nós stores. iPhone iOS 13.3,1
Não consigo repostar publicações no stories 😔,1
"No iPhone 7 não recebo notificação, nas configurações do aparelho não tem a opção de notificação.",3
Vou no perfil das pessoa e fica tudo em branco com a mensagem de falha ao atualizar o feed de qualquer pessoa !,2
Não consigo compartilhar publicações no meus story,5
"Alguns recursos dos stories não funcionam no meu iPhone X, como música por exemplo!",4
"Quando tento usar os filtros nos storys diz que não é possível usar esse efeito no seu dispositivo, meu app está atualizado e eu celular tbm, oq pode ser??",1
Gostaria de uma ajuda,1
"Sempre que tento entrar pelo App em qualquer conta aparece a seguinte mensagem: 
“Erro. Ocorreu um problema com a sua solicitação” 
Estou usando o Instagram Web, mas a plataforma web é horrível. Gostaria que resolvessem o problema.",1
"Assim que abro meu story o app automaticamente da um zoom horrível, e dai eu preciso colocar um filtro para voltar ao normal, fora isso o problema persiste.",5
Meu Instagram está em inglês e não consigo mudar o idioma ! Por favor resolvam !,5
"Oi meu nome é Raysa Katelem porque no meu Instagram não d pra usar música,quero gravar vídeos com música resolva por favor",1
Não consigo gravar mais de 1 storie,1
"A única coisa que não estou gostando é que a cada atualização se perde algo, como por exemplo: a sequência dos “Seguidores” que estão misturados, tanto os nossos quanto dos outros e tiraram a aba “Seguindo” na aba do “Coração”.",3
3 estrelas pois vc não pode virar foto e nem maximizar no status ... irritante isso,5
Pior versão impedindo as pessoas de seguirem amigos bloqueando de postar fotos tá péssimo odiei,1
acabou de completar 24h que eu estou sem instagram e nada de uma solução...,1
Olha vocês tem que trocar as PSI desse APP porque está insuportável.,1
"Olá boa tarde!,desde quando o insta deu um bugui o insta não funciona mais no meu celular baixa e abre e tudo mais só que quando coloco minha conta diz que está com problema sendo minha conta ou de outra pessoa já instalei e desinstalei e continua com o mesmo problema,to bem triste😔",1
"Não estou conseguindo deixar em portugues mesmo usando a opção de alterar do instagram , problema persiste a dias nem com atualizaçao esta resolvendo!",1
"Fiz um anúncio, demorou muito tempo pra ser cobrado, e quando veio a fatura, veio com valor 4x mais caro !!! Tentei resolver e não conseguir respostas .",5
"Instagram cada dia pior, cheio de bug toda vez que entro passo 10 min mexendo o app fecha e diz que minha conta foi comprometida! Um bug eterno perdi minha última conta assim ano passado resolvam isso eu já To 48 hrs sem entrar no isnta pra vê se resolve",1
"Estou tendo uma péssima experiência com o meu perfil chica_my_aussie. Não consigo acessar a caixa de mensagens. Fica como se tivesse eternamente carregando. 
Escrevi diversas vezes pelo reportar um problema. Nunca tive nenhum tipo de retorno e nem se suporte. 
Um BUG especificamente nessa conta e que o Instagram não resolve. 
As pessoas me escrevem e não consigo saber quem escreveu e nem acessar as msgs!",1
"Do nada bloqueou minha conta mesmo sem eu violar as regras do Instagram, arrumem isso pq tá um lixo",1
"Não está publicandi no Feed está dizendo que eu tenho que ter uma conexão melhor sendo que minha internet é de 10Megas é meu telefone é de última geração.
Conseguem consertar isso!
Eu trabalho com publicidade paga no face e Instagram mereço respeito!",5
"Não recebo notificação! Resolvam, até pensei que era meu iPhone só que não é.",5
O app tem bloqueado usuários indiscriminadamente que nem estão violando as diretrizes. Precisam melhorar esse monitoramento para não prejudicar outras contas!,2
"App sempre atualizado, mas até o momento ainda não tem disponível a opção de música no story.",1
Aparece que eu não posso curtir as fotos até “2020/02/06”😡,1
"Super gostava do App até eu ter um IPod e não consegui instalar o App nele,o App perdeu todo o crédito comigo estou mega chateada 😡😡",1
"não consigo postar nenhum story com a função música, fica carregando eternamente com a tela toda preta e eu já n aguento mais. já desinstalei e instalei dnv o app mas n funciona. EU TO COM ESSE PROBLEMA há pelo menos 6 semanas 🤦🏻‍♂️🤦🏻‍♂️🤦🏻‍♂️😡😡",1
Atualizou e agora mudou o idioma para inglês. Não sendo possível voltar para o português(Brasil).,1
"Aplicativo com problema na atualização em background no iOS 13, não envia notificações.",1
quero uma resposta,1
"Desde quando lançou a opção de músicas nos Stories do instagram, o mesmo ainda não liberou pra mim.",1
"Não tou entendendo pq meu Instagram tá bloqueado ainda , quero meu insta de voltar por favor",1
"O Instagram está pior do que nunca, o alcance está baixíssimo, tiraram áudio dos history, obrigado aos envolvidos vocês estão conseguindo acabar com essa plataforma!",1
Não consigo postar nenhuma foto depois da ultima atualização!,1
"O Instagram bloqueou minhas ações, alegando que estou usando apps para conseguir mais seguidores e curtidas. Eu não uso esse tipo de aplicativo, e já fiz muitas reclamações para o Instagram para arrumar isso e não deu em nada. Hoje é a véspera do meu aniversário, e não consigo curtir nenhuma publicação, comentar e nem seguir ou deixar de seguir pessoas. Gostaria muito que isso fosse arrumado logo.",2
"O app no meu telefone (iPhone 11, iOS 13.3) desde as 11hrs da manhã de hoje não dura aberto. Simplesmente o app encerra com 1min ou menos de uso. O erro apareceu quando eu fui add um story em meu perfil.

Já desinstalei e reinstalei, mas o problema persiste. Algo errado com o app hoje?",5
The video quality of the Instagram camera on the iPhone 11 is absurdly horrible. Please fix the compression method.  Even videos taken with iPhone 6 are better.,1
Muito ruim! O feed não atualiza e não é possível alterar idioma!,1
Sou a única pessoa que conheço que não tem a opção de pôr música nos stories.,1
"Há muito tempo não aparece a opção de compartilhar uma publicação no meu story (clicando naquele ícone de “aviãozinho” embaixo das fotos). Já tentei todo o tipo de configuração, e testei em diferentes fotos e perfis. Não conheço nenhum outro amigo que tenha tido o mesmo problema, e já enviei para a Central de Suporte do Instagram pedindo pela resolução do problema, mas nunca obtive resposta. Fico imensamente chateada com a falta de apoio da equipe com problemas de configurações como esse.",1
"Não estou revendo notificações do instagram em meu celular, já enviei mensagem ao suporte de ajuda, e nunca obtive resposta. Ja formatei o celular, já apaguei o aplicativo e instalei novamente e nada adianta.",5
Temos uma conta empresarial com 162k e ao abrir ele fecha sozinho! Começou ocorrer há poucos dias. Precisam resolver pois somos conta business e pagamos mídia,1
"O aplicativo está horrível depois da ultima atualização, nao para de travar e camera mais ainda...",5
Funciona normal mas logo para de carregar fotos e vídeos e stories qdo está no Wi-Fi. Quando fica no 3g carrega. O mesmo está acontecendo com o Facebook. Não é o meu Wi-Fi pq é só no meu celular que isso acontece. Nos de outras pessoas funciona normal. É a minha versão.,1
Aplicativo sem um pingo de segurança e sempre dando erro,1
"Com o novo iPhone 11 pro Max percebi que o Instagram trava muito ao gravar stories com a câmera frontal, mando msg para o aplicativo na barra ajuda e eles não respondem, não dão nenhum suporte é muito menos resolveram meu problema, o celular funciona perfeitamente, realmente é só com aplicativo que isso ocorre. Decepcionada com isso, já que o Instagram nos últimos tempo tornou meu App preferido, porém agora... poxa!",1
Não sei pq tiraram a opção de música dos meus stories do meu app e de todas as outras contas logada no meu celular. Essas atualizações nunca funcionaram de forma positiva p mim.,5
"Olá, meu Instagram está pedindo para eu redefinir minha senha, porém ele é conectado com o Facebook e, quando eu ponho a senha do Facebook, diz que a senha antiga está incorreta.
Então eu aperto em “esqueci minha senha” e eles me mandam um link para minhas mensagens do celular e, esse link me leva novamente na página de redefinir senha... vira um ciclo e não recebo nada para ajudar a regatar a minha antiga senha!",1
"Eu acho o mínimo darem uma explicação para esses bloqueios sem sentido.
O aplicativo está a cada dia pior !
Vivo sendo bloqueada. Não posso deixar de seguir ou seguir pessoas, curtir, comentar .... absolutamente nada!
E nem mesmo uma resposta eu tenho!

As mesmas mensagens que nem recebidas são.
Mais uma vez bloqueada.
Ridículas atualizações e bloqueios sem sentido!",1
"O aplicativo do Instagram não loga em nenhuma conta no meu celular. Da um “erro, ocorreu um problema com a sua solicitação.” Já fiz de tudo, desinstalei o app, formatei o celular, desliguei e liguei o celular, vi vários vídeos no YouTube, e somente no aplicativo do meu celular não entra. Se eu tentar com outro celular, entra normal, no meu notebook entra normal. Pela página da internet do meu celular também entra normal. Somente pelo aplicativo do Instagram não entra, de nenhum jeito...",5
Worse and worse. We use it because its a monopole and as a brand we have to be there! But its an awful app. Crashes all the time!,1
"O app precisa melhorar , ultimamente tenho tido problemas com minha conta , e acabei perdendo o acesso , e até agora nenhum posicionamento foi dado acerca do desativamento do meu ig , triste !",5
"Página de acesso bugada, Sempre aparecendo a mesma coisa ao digitar a senha, ((OCORREU UM PROBLEMA, TENTE NOVAMENTE)), já tentei de todas as formas e sempre  mesmo erro!! e esta tudo correto, e-mail ... telefone, e sinceramente não tem suporte, pois o mesmo só tem dúvidas, e não onde fazer perguntar ou mesmo relatar o problema quando não está conseguindo acessar!",1
"O insta era ótimo, ver fotos dos amigos, em ordem cronológica, agora só fica aparecendo propaganda, páginas de besteira e nem as fotos dos meus amigos consigo ver mais",3
"Tinha um iphone SE e todos conseguiam fazer stories continuos e eu não, achei q era o celular, comprei um iphone novo e mesmo assim nao consigo fazer stories continuos e as outras pessoas, normalmente. Como pode??",5
Qual a razão de nao permitirem gravar vídeos com áudio do ambiente? estou bem decepcionado.,5
"Estou passando por problemas no aplicativo a mais de um mês. O único lugar de suporte para ajuda, é mandando um texto, porém já mandei umas 20 mensagens de ajuda. E não estou tento retorno. Eu não consigo alterar minhas configurações, aparece erro, toda vez que quero mudar meus dados pessoais. Não sei mais o que fazer, e preciso resolver isso. Me ajudem!",1
TÁ UMA MERDAAAAA,5
"Desde do ano passado as atualizações do app não estão sendo tão eficaz, na hora postar fotos no story; aparece só a foto, não aparece o gif, ora não aparece a frase colocada na foto. Se fosse para colocar uma foto não seria no story, seria um post... Francamente essas atualizações ultimamente não estão ajudando em nada !!",2
Está ruim de mais não atualiza as coisas só as mesmas postagem e some as pesquisa q agnte faz e está tudo em inglês arrumem urgente,1
"Era perfeito, mas agora depois da ultima atualização meus stories não são visualizados por ninguém. É como se eu não tivesse postado nada, depois que rolo a tela para atualizar, aparece mas sem nenhuma visualização.",5
Melhorem esse negócio dos destaques pela mor de Deus não dá para colocar fotos sem ter que postar e ridículos isso.,3
"O Instagram está passando por bugs. Quando você tenta ver quem curtiu suas postagens ou ver quem curtiu as postagens no feed de alguém, aparece a frase “não foi possível carregar usuários”. Precisa verificar este problema que já faz dias que persiste.",5
"Desde o começo desse mês tive problemas para postar stories em um destaque já existente. Nao sei se tem alguma relação, mas foi logo após eu usar pela primeira vez o recurso de “melhores amigos” que passei a nao conseguir postar absolutamente nada no destaque existente, porém os stories de 24h estão funcionando normalmente. Se for um problema no meu celular me notifiquem por favor, uso um iphone 5s e nunca tinha tido problemas com o Instagram. Se for um problema no sistema do app arrumem por favor, meu dia a dia está nesse aplicativo! 
Obrigada pela atenção e aguardo resposta.",3
"Não consigo utilizar a função de música, já reportei várias vezes e nunca me deram um retorno",1
"Estou bloqueada faz 2 semanas não posso seguir ninguém, uso meu Instagram para trabalho. Alguém pode resolve isso ?",3
parem de tirar a qualidade das fotos do feed!!!!,1
Estou insatisfeita com o app pis não consigo logar nenhuma conta pelo app,1
"Já não é de hoje que toda hora o Instagram pede para mim mudar minha senha toda vez eu mudo e mesmo assim depois de alguns minutos pede para mudar novamente, queria saber o porque disso ? Da última vez fui e mandei um e-mail e até então acho que resolveram mais voltou novamente, quero uma solução!",4
Depois da atualização n esta funcionando!,5
"Já faz 19 dias que n consigo entrar na minha conta n consigo sempre da erro ao entrar entá uma porcaria essas atualizações! Espero que vc resolvam esses erros que está acontecendo ao entrar no Instagram!
Preciso de entona minha conta",1
Oi meu Instagram não está colocando música nos storys enquanto eu vejo muita gente colocando! Como eu faço essa atualização?,5
Fui bloqueado porque deixei de seguir várias pessoas. 1 semana bloqueado. Abri várias reclamações na opção ajuda e sequer respondem. Hoje a data limite de bloqueio e ainda não desbloquearam.,1
"Um absurdo ser bloqueado sem nenhuma razão!
Eu fui fazer uma limpa nos perfis que sigo, deixando de seguir quem não me interessa mais, resultado: 7 dias de punição sem poder fazer nada na minha conta! Publicar, curtir, seguir, deixar de seguir, comentar!
Isso é um absurdo! Sem serviço de automação nenhum! Apenas EU, mexendo na MINHA conta! E esse robô inútil definiu que EU é quem era um robô! Utilizo minha rede social de forma sadia, promovendo meu trabalho e divulgando informações relevantes, e agora estou impossibilitado de postar!
Obrigado, mais uma vez instagram! Vocês se superam!
Nota zero!",1
"Eu amo o Instagram, minha rede social preferida, mas infelizmente estou tendo problemas com a função ""Cenas"".
Na minha conta oficial (a pessoal) a função não aparece, mas quando entro em outra conta (pelo mesmo dispositivo) ela aparece.
Já desinstalei e instalei, saí e entrei na conta e nada de Cenas no meu perfil principal.
Não sei o que fazer, gostaria muito de usar essa função.",3
"FUI Bloquado de for injusta, Apenas por ter parado de seguir pessoas que eu não queria mais ter no Instagram, Aplicativo tem que melhora muito ainda 👎🏻👎🏻👎🏻",1
Várias vezes já reportei o erro do meu app não consigo repostar publicações em meus histories mas não tive nenhuma resposta,5
"Ñ sei se é só comigo. Ñ consigo mais verificar quem curtiu minhas fotos, nem isso o Instagram está deixando. O Facebook comprou o insta para estragar tudo...., acaba com isso. Está ficando chato usar algo que vocês mesmo colocaram, e tiram o sentido. Então o melhor é deixar o insta somente para postar fotos e tira de uma vez o poder das pessoas curtirem..., etc, pq ñ está mais fazendo sentido, ñ para nós.",5
"Infelizmente o aplicativo tem momentos que bloqueia “temporariamente” a ação de curtir posts e justifica que o perfil do próprio usa aplicativos para obter seguidores, que não é permitido dentre as regras do app, MESMO NÃO TENDO NENHUM DESSES APLICATIVOS MENCIONADO PARA TAL “AJUDA POPULAR” EM SEU TELEFONE E INFORMANDO MÚLTIPLAS VEZES ESTE ERRO AO PRÓPRIO INSTAGRAM!!! 
O bloqueio temporário é prolongado à um tempo muito longo e não é corrigido (quase um mês informando esse erro, reportando MAIS de 20 vezes ao dia); Compreendo o motivo de bloqueio e suas regras dentro do aplicativo, mas se o perfil não usa tais apps para adquirir seguidores extras, não existe justificativa plausível para tal bloqueio. 
Obviamente, sem mencionar este problema, o aplicativo Instagram é perfeito e 5 estrelas.",4
"Ate hoje não tenho a função de música habilitada nos stories. 
O app está atualizado, porém o ícone não aparece.",1
Nao sei o de vocês o meu insta depois da atualização ele está em inglês e não consigo mudar.,5
"Estamos em 01/2020 e até hoje o Facebook.inc não desenvolveu uma versão do instagram exclusivamente para o iPad. Uma vergonha. Gostaria de saber, se o app terá uma versão para iPad.",1
Meu app sempre q entro ele sai sozinho eu não consigo publicar storys,1
"Toda vez que entro, ele fecha de uma vez🤬",1
"meus filtros antigos, usados nos stories sumiram e agora nao aparecem mais como opção quando vou tirar uma foto no story",5
"Até hj não arrumaram o bug q n permite o compartilhamento de publicações de outras contas no meu próprio story! Já não aguento mais, mt frustrante querer compartilhar algo no dia a dia e não poder!!",1
"Toda os dias chega uma mensagem dizendo que minha conta está comprometida, mudo a senha várias vezes, porém não adianta nada, já fiz duas contas do Instagram e continua do mesmo jeito... tem gente que ganha dinheiro com Instagram e passa pelo o mesmo problema uma vergonha !",5
A opção de transformar live photos em boomerang nos stories não tá mais funcionando,5
"Meu Instagram não entra de jeito nenhum, todas as vezes que tento entrar da erro de solicitação. Já desinstalei e instalei um milhão de vezes e ngm me responde no suporte. Triste pq eu amo o insta mas to trocando pelo Twitter pq ele me expulsou !",2
Não consigo compartilhar publicações nos meus stories. Me ajudem pfvr.,1
porque tiraram a opção do boomerang pra vídeos que eu já tenho salvo na galeria?,1
"Queria entender por que eu não consigo recompartilhar nenhuma publicação no meu story, consegui uma vez pra nunca mais",4
Não consigo fazer compartilhamento de feed no meu stores!,2
Para que tiraram a opção de usar o bomeramg com o live photo ?? Não entendo .,1
Quando coloca gif nos stories o texto some!,2
"O feed carrega e continua mostrando publicações antigas, resolvam isso urgente!",2
Meu app está branco e não consigo abrir o Instagram,1
"Depois da ultima atualização, a parte dos histories ficou péssima, muitos bugs e erros!",1
"Aplicativo ficou em inglês e é impossível mudar. Não consigo repostar stories, não consigo salvar. Pior aplicativo!",1
O Instagram está em outro idioma e não consigo alterar além disso não está salvando fotos ou vídeos.,1
"O Instagram enviou código de verificação mas não estou conseguindo acessar o código, já mandei várias mensagens pedindo ajuda e nada de respostas. Por favor me ajudem.",5
"Boa tarde, não consigo compartilhar no meu stories minhas próprias postagens do Feed é tão pouco dos meus amigos.",5
Fica dando erro (ocorreu um problema com a sua solicitação) quando eu vou logar 😔,3
"Meu Instagram não atualiza e não notifica nada em meu celular (iPhone 7). Já fiz de tudo e nada da jeito ... 
me ajudem aí, por favor!",5
Suporte não resolve problemas com facilidade,5
"Meu Instagram não está funcionando, toda hora que entro ele funciona um pouco e logo sai pedindo alterações de senha. Já editei tantas vezes que eu não sei mais o que fazer e não consigo acessar!!",1
"Estava usando o instagram normalmente, quando recebo uma mensagem falando Infelizmente ocorreu um erro. Tente novamente e fui desconectada. Tento fazer o login e a mensagem se repete juntamente com outra Challenge Requered.
Já alterei a senha, e mesmo assim não consigo entrar.",1
"Tu não pode fazer nada que é bloqueado, o feed é apagado, uma empresa desse porte com erros grotescos e frescuras absurdas, insta só é bom pra quem tem perfil verificado, deve ser isso, tomar lá no uC de vocês!!!!",1
"Tenho um iPhone 8. Comprei tem um mês. iOS atualizada e tudo. Não é possível que ele não consiga rodar esse app. Trava constantemente. Principalmente quando estou testando filtros. Vou ter que passar a usar no Safari, que é bem mais confiável.",1
"Tem uma semana que não to recebendo as notificações, se chega mensagem pra eu saber que chegou, tenho que ficar entranhado no aplicativo.....",4
"Não estou conseguindo acessar minha conta pelo app. Da um erro dizendo que “ocorreu um erro problema com sua solicitação “ só consigo acesso pelo safari, meu cel é iphone 6s 😓",2
Não consigo adicionar nenhuma publicação no meu stories!! Nem publicação minha nem de outras pessoas. Mesmo a conta sendo aberta. Me ajudem por favor !,3
Não estou coseguindo entra pós toda conta q eu coloco aparece ocorreu um problema na sua solicitação,5
"Gostaria de fazer uma reclamação. Toda vez q vou sair do Instagram e impossível entrar dnv pois aparece “ocorreu um erro com a sua solicitação” mesmo q eu acerte a senha,tente entrar pelo face,enviando código,TODAS AS FORMAS.",1
"eu realmente AMO o aplicativo, POREM ele me bloqueou de seguir as pessoas, comentar ou até mesmo curtir as publicações! já mandei mensagem pedindo para concertarem e falaram que a data para voltar era ontem, porém ainda não voltou!!!!!!",2
Essa nova atualização está com “bugs” os stories não são publicados se não tiver com o App aberto!,1
Não consigo mudar o idioma para português no iPhone 8,1
Estou tendo problemas para logar e não esta sendo resolvido. A equipe do Instagram podia ser melhor para poder ajudar os usuários do aplicativo...,1
Meu app depois que atualizou ficou em inglês e agora não consigo mais salvar os vídeos. Resolvam isso por favor,1
Lixo.,5
Meu celular está na línguagem em inglês e eu não consigo mudar para português.,5
"Tem uns 2 meses que eu estou com um problema de notificação, eu não recebo notificações de solicitações para me seguir, nem de quem começou a me seguir, não chega notificação de like e nem de direct. Eu ja verifiquei nas configurações se havia desabilitado algo, mas não, está tudo ativado, nos ajustes do iPhone e no Instagram também.",1
Da noite pro dia o APP alterou o idioma impossibilitado de alterar.,3
Nao esta sendo possivel salvar as stories ! Esta dando a mensagem “ nao foi possivel salvar”,5
Não consigo receber as notificações,5
Não está em português,5
"Depois a ultima atualização vieram vários problemas. Entre eles, nao consigo repostar um storie em que fui marcada, n carrega. Quando minimizo o app ele perde oq estava aberto, as vezes as mídias não são enviadas por direct. Além do mais está em inglês.",1
"Estou com um probleminha no IOS. 
Geralmente marco amigos e outros em publicações, e ninguém recebe a notificação de que foi marcado, ou seja quando eu quero compartilhar um momento, uma foto, ou somente para meus amigos verem o porque eu marquei. Ninguém consegue. Bug? Ninguém reparou isso ainda. Help!",1
Já atualizei mil vezes e nada de aparecer a opção de repostar coisas do feed no story. Ficaria grato se arrumarem isso.,1
Estou perdendo minhas contas no Instagram mesmo sabendo os dados de recuperação inadmissível isso.,5
"não tenho conseguido repostar publicações na story, quando eu clico o aviãozinho não tem a opção de publicar aquele post no story como costumava ser. o app tá atualizado e o ios tb",3
"Desde ontem (22/12), por volta das 20h30, não consigo logar na minha conta. Aparece a mensagem “Ajude-nos a confirmar que esta conta é sua” e, ao clicar no link, sou redirecionada para uma página com orientações para quem perdeu o acesso ao e-mail e telefone cadastrados, o que não é meu caso. Tenho acesso ao e-mail e celular cadastrados e sei minha senha, mas não consigo entrar mesmo assim. Já redefini minha senha várias vezes e, ao tentar logar com a senha nova, a mesma mensagem aparece.",5
Não consigo entra do nada está parecendo essa msg que não vai para lugar algum e não consigo resolver,5
"Desde ontem não consigo acessar meu Instagram, eles precisam corrigir esse erro, milhares de pessoas não estão conseguindo acessar suas contas",1
"Não consigo acessar o meu Instagram, fica dando confirme sua identidade e não entra",1
Não consigo acessar mais a minha conta!,5
"Desde ontem não consigo acessar minha conta. Diz para eu confirmar que a conta é minha mas não dão nenhuma opção para resolver. Tenho senha, e-mail e telefone atualizados e nada resolve! Já vi que é um problema de muita gente, cadê a solução? Tem gente que está a dias assim!!",1
"App está péssimo, muita dificuldade para entrar, o próprio aplicativo fica nos bloqueando ao entrar e pedindo coisas que não são possíveis",1
"Eu entro no app e aparece: ""Ajude-nos a confirmar que esta conta é sua. Para proteger sua conta, você precisa solicitar ajuda para entrar.""",1
"Muitos casos, inclusive comigo de ocorrer uma falha na segurança e pedir pra confirmar que a conta é sua, dizem que o código foi enviado pro seu e-mail, porém não foi e vc fica sem ter o que fazer pra recuperar sua conta, já tá na hora de arrumar isso e “ devolver “ as pessoas suas contas.",1
"O aplicativo retirou meu perfil do ar, que absurdo!",5
"Fui desconectada e agora nao consigo fazer o login! Ja troquei a senha, tentei login pelo link do email e codigo por sms mas nada funciona! Ao tentar o login pelo facebook aparece “ challenge_required” e com o login e senha aparece que preciso clicar em obter ajuda para provar que a conta é minha, no entanto nao há solucao .",1
"Não consigo acessar minha conta no Instagram. Estão solicitando a confirmação de que a conta é minha, mas só dão opção de obter ajuda. Estou com problemas de acesso à minha conta desde sexta 19/11 Antes, o aplicativo travava e solicitavam a alteração de senha diversas vezes. E agora não consigo logar de forma alguma. Já desinstalei e reinstalei o aplicativo e nada resolve.",5
Tá enviando um codigo pra um e-mail que eu não tenho acesso perdi meu três Instagram alguém me ajuda,5
"Não consigo conectar minha conta. Aparece a mensagem: ajude-nos a confirmar que essa conta é sua. Tenho a senha, tenho acesso ao e-mail e ao número de telefone, mas aparece essa mensagem",1
"Não consigo mais entrar no insta, mesmo
Mostrando que e-mail, telefone são meus!",5
A última atualização está bugando alguns controles do app,4
"O app estava funcionando normalmente, de repente quando fui abrir, apareceu uma tela escrito: ""Ajude-nos a confirmar que esta conta é sua. Para proteger sua conta, você precisa solicitar ajuda para entrar"", com um botão que direcionava pra uma outra tela e que não resolvia o meu problema. Alterei minha senha várias vezes e nada. No Twitter, vi outros relatos deste mesmo problema, o que sugere que é um bug.",1
"Meu Instagram pede pra eu confirmar a conta, porém não é a que eles mandam para mim. Gostaria que corrigissem",1
Perdi o acesso à conta e não consigo mais acessar,1
Simplesmente não consigo entrar no meu perfil mais não sei o que fazer mais.,5
"Estão pedindo para confirmar minha identidade da minha conta do Instagram mas enviaram o código para um e-mail antigo meu que não tenho acesso mais a senha , enviei dois e-mails para o Instagram relatando o problema e pedindo um retorno para enviarem o código para meu e-mail novo porém não foi respondida !! Preciso entrar na minha conta e não tenho retorno nenhum do Instagram.",1
"Gente responsável pelo Instagram, está acontecendo do próprio Instagram mudar o e-mail que está no Instagram e pede pra confirmar para um e-mail que no caso não é o meio. Isso faz com que eu possa perder a minha conta. Arrumem isso pelo amor de Deus",5
"Não estou conseguindo acessar minha conta. Ela simplesmente parou. Por favor, me ajude!",1
"Preciso de ajuda urgente, o aplicativo está pedindo a conformação da minha conta por e-mail mas eu não tenho mais acesso ao e-mail, não lembro o login.. não tenho como confirmar, alguém pode me ajudar ?",5
"Meu Instagram depois da atualização,só trava e sai do aplicativo sozinho! Nunca aconteceu isso, espero que arrumem é um ótimo aplicativo. Obrigada",5
"O meu Instagram pede pra mudar senha direto desde ontem. Não consigo entrar no feed, fazer nada. Me ajudem",2
"Tenho um iPhone 6 e o app fica fechando a todo momento, sem motivo aparente. As vezes de abrir e abrir o espaço de comentar uma foto ele fecha. Absurdo isso sendo que AS VEZES ele fecha usando filtros. O celular comporta o app mas isso deve ser conspiração do facebook com a apple. CAPITALISMO REINA.",5
"Minha conta foi desativada com o Instagram alegando que eu não cumpri os diretrizes da comunidade e usei aplicativo para ganho de seguidor e aplicativo, e eu jamais fiz isso! 
Estou sem Instagram funcionando direito a semanas, todo dia pedindo para mudar a senha inúmeras vezes e agora parou de funcionar de vez...
Peço que por favor, solucionem o problema na minha conta!!",5
"I use instagram a lot, but this is the worst era of this app! I don’t know how you guys control your security system but it’s not good! I simply unfollow some inative accounts weeks ago, and then the app blocked me! This alone is already a terrible service, but you know? There’s more. I waited until 12/19, that’s when the app said that I’ll be unblocked, you know what? I’m still blocked. That’s something for you guys to be shamed off, the security system of this app is trash. I already reported some accounts that don’t follow your rules and they got nothing but me, for unfollow some inative accounts, got blocked and still even after the data that YOUR APP said to me. And this is not only me, my friends and accounts that I follow already passed for the same. Thanks for this horrible experience, instagram.",1
"Não consigo curtir nenhum publicação, nem seguir nenhuma conta. Ja reclamei e não obtive nenhuma resposta",5
"Recebi uma mensagem pedindo para confirmar minha conta através de um código que estava sendo enviado para o meu e-mail, porém esse e-mail não é o mesmo que está cadastrado atualmente, é um e-mail antigo, até mesmo tentei entrar na conta por meio desse e-mail que diz estar cadastrado porém diz que não existe nenhum conta com esse e-mail cadastrado, por isso não vejo motivo para que esse código esteja sendo enviado para um e-mail que nem ao menos consta como cadastrado em alguma conta. 

Vocês me enviaram um e-mail pedindo uma foto minha segurando uma folha com o código que vocês enviaram por e-mail, além do meu nome é nome de usuário, e não me retornaram. 

Gostaria que que vocês pudessem resolver meu problema o mais rápido possível, uma vez que não posso ficar sem o acesso a minha conta, e seria injusto criar outra conta, desta forma perdendo todo o conteúdo da minha atual como mensagens, publicações postadas e salvas, além dos meus seguidores por um erro claramente cometido por vocês. Li que em caso do e-mail ter sido digitado errado, ou não conseguir ter acesso a conta não existe outra opção a não ser perder a conta, porém este claramente não é o meu caso uma vez que recebo mensagens no meu e-mail atualmente cadastrado, até mesmo troquei a senha recentemente por meio dele.

Peço também que vocês reconsiderem esses códigos, afinal como pude perceber está acontecendo com muitas pessoas.",1
"Meu Instagram está dando conta corrompida falando que eu estou usando aplicativo pra ganhar curtida e seguidor, sendo que não estou usando nada e fica aparecendo isso toda hora, diz pra eu mudar minha senha e nunca para de aparecer, não aguento mais trocar de senha TODA HORA! me ajuda",1
Meu cell eh um iPhone 7 Plus e não pega a opção da música aff,5
"Desinstalei o app no meu iPhone pq estava com mau funcionamento. Depois baixei novamente e não consegui mais logar. Já tentei de todas as formas, não liga mais. Só abre agora pelo navegador. Horrível!",2
Faz tempo que tento mudar de Ingles pra Portugues (brasil) e não consigo 😡😡,1
"Ja dizia o ditado, aquele que quer fazer tudo não fica bom em nada. Desde que a plataforma foi comprada pelo facebook a quantidade de bugs só cresce. Da até preguiça fazer uma postagem de tão ruim que a experiência do usuário.",2
Meu aplicativo não tem a opção fazer storie com música 😭,5
"Estou a mais de uma semana com o meu Instagram em inglês, e já tentei de todas as formas possíveis por em português, e não deu, além de não está conseguindo salvar nenhum story meu no rolo de câmera, a cada atualização um problema novo, poxa Instagram....",2
Estão tendo problemas ao entrar no meu Instagram! Não consigo fazer o login.,5
Estou com problemas com a minha conta. Já tentei contato mas o máximo que fazem é uma mensagem automática. Um app desse porte deveria ter algum tipo de suporte já que lida com dados pessoais de seus usuários.,1
"Cada atualização fica pior , ou não funciona os filtros, as mensagem duplicam , você apaga as mensagens elas voltam e não consegue mais excluir!!
Péssimo",5
"Não consigo compartilhar posts nos meus stories, arrumem isso!!!",4
Está bem difícil faze login ultimamente. Já fiquei mais de 24h sem poder entrar. Aparece uma mensagem de erro; “ ajude-nos a confirmar que está conta és sua”. Mesmo com códigos enviados para celular e e-mail o Instagram não permite o login. Horrível!,1
Eu não consigo abrir o insta alguém me ajuda pf,5
"O app estava bom até esses dias quando não consegui mais mandar bombinha, agora só tem as opções temporário ou permanente, como concerto?",3
"Saiu da minha conta e não consigo mais acessar ! 
O suporta não da assistência nem retorno !",1
"Eu tenho um perfil profissional e não estou conseguindo acessar! Ele vai apenas para o perfil pessoal ! Ja tentei a opção de “esqueci a senha” mas ele volta para meu perfil pessoal!!
Preciso acessar o perfil da minha empresa! 😡😡😘",1
Mais de 10 vezes já atualizei a senha e continuo bloqueada para acessar minha conta!! Inclusive já esqueci uma das senhas e tive que restaurar tudo! SOS,5
"O Instagram está pedindo  código que chega no celular com o número de telefone, o número que está lá é o meu, mas a mensagem não chega e não estou conseguindo entrar",5
"Não estou gostando desse método que a gente não pode curtir muitas coisas, comentar muitas coisas, seguir muitas pessoas, uai se tudo que for fazer demais vocês bloquearem ninguém vai poder fazer mais nada, então pra que tem a opção de curtir e comentar e seguir as pessoas então? Já que tem quantidade de coisas que você pode fazer, deveria deixar isso a critério de cada um faz o que bem entender do seu Instagram em questão disso!",5
"Estou sendo bloqueada de curtir publicações e seguir contas, não uso nenhum tipo de aplicativo que viola as diretrizes do Instagram.",1
Às vezes minha conta simplesmente bloqueia é demora d+ pra voltar,4
"Minha conta pessoal @jack_olliveeira foi comprometida não estou conseguindo entra, a senha toda hora pedir para alterar ! Preciso de ajuda! Jack_olliveeira",4
"Tenho um problema que não consigo acessar nenhuma conta no meu celular há mais de dois meses, já mandei email para o suporte e nenhuma resposta, indignante!!!😡😡😡😡",1
"Olá , gostaria de dizer que adoro o aplicativo
Mas tenho problemas a mais de 6 meses com a utilização dele
Em meu celular não consigo entrar em qualquer conta
Sempre aparece um aviso de ocorreu um problema com a sua solicitação 
Mas nunca ouve nenhuma melhora nisso
Adoraria poder voltar a usar o aplicativo o mais rápido possível
Grato pelo retorno 
Instagram 
@kabrito_jrm",5
Minha conta foi invadida. Estou a três dias tentando entrar no aplicativo e nenhuma orientação funciona.,5
Não consigo ver quem eu sigo e quem as pessoas seguem,5
"Eu Não consigo acessar a minha conta, sempre da erro, nem me cadastrar em uma nova!",5
"Meu app está sem funcionar há 3 meses! Já restaurei o telefone, desinstalei o app, fiz tudo o que era possível! Essa é uma reclamação recorrente aqui, por diversas pessoas.",1
Porfavor me ajudem thierrysaraujo,1
"Atualização só pioram o app, não carrega o feed, não muda o idioma, demora a abrir o app e fecha sozinho. Horrível 🤬",1
Não consigo acessar minha conta já faz vários dias. Aparece Erro de rede desconhecido.,1
"O meu Instagram já está a três dias mandando eu mudar a minha senha repetidas vezes, está falando que eu estou dando a minha senha para outras pessoas para conseguir curtidas e isso não é verdade, já mandei várias mensagens pedindo pra eles ajeitarem isso é nada acontece.",1
Não entra na minha conta e nem de outras pessoas. Preciso de ajuda,1
"não estou conseguindo logar minha conta pelo meu celular, sei minha senha e meu email, consigo logar em outros dispositivos menos neste que estou agora, sempre aparece “erro ao solicitar login” por favor arrumem, não posso ficar sem acesso a minha conta!",1
Não consigo entrar de forma alguma na minha conta,1
"O Instagram é um ótimo aplicativo, na Atualização dele poderia vir com a opção “LEMBRANÇAS” igual ao Facebook para recordarmos as fotos que postamos a tempos atrás!! Tirando isso é um show de aplicativo.",5
Há dias não consigo entrar no Instagram. Sempre aparece uma mensagem - ERRO Challenge Required ..,5
"Depois que eu atualizei ele ficou dando erro e nao entra na minha conta mais 
Ele sempre faz isso",2
"Nao estou conseguindo fazer meu login, nem pelo facebook ta entrando",5
"Parece que depois dessa ultima atualização, meu Instagram tá bulgado. Tá dando erro.",5
"Meu insta amanheceu super estranho, aí sai da conta e não consigo logar! Tenho 5 contas e não consigo entrar em nenhuma.",1
"Não estou conseguindo logar, diz que tem um erro.",1
"arrumem logo, já não é a primeira vez que não consigo acessar e dizem para “tentar novamente “ e nunca funciona !!!",5
"Infelizmente não estou conseguindo acessar meu Instagram, pois com internet (dados móveis ou Wi-Fi ele não está prestando) meu aplicativo não está nem querendo abrir .",5
Insta com erro,1
"Não estou conseguindo fazer login em minha conta e nem em qualquer outra, peço que resolvam urgentemente.",5
"Não sei oq aconteceu antes e atualizar estava tudo correto, mas após isso, meu Instagram estava em inglês, então resolvi excluir e baixar de novo e então não entra mais no meu Instagram",1
"Nos últimos minutos o meu Instagram começou dar erro na feed ou outras coisas também, e agora eu sai pra ver se tava bugado e não consigo mais entrar",1
"Não consigo logar, atualizei ele agora é não consigo mais entrar, o que está acontecendo?  
Preciso do Instagram para trabalho",1
No meu iPhone 6 qualquer link patrocinado aberto não dá pra fechar no “x”. Tenho que fechar o app pra poder navegar.,5
"Meu instragam tava todo bugado, saí e fui logar de novo, e agora tá dando erro! Não entra por nada.",1
"Meu Instagram não faz o login e diz que “ocorreu um erro com sua solicitação”. Cada vez que tem uma atualização, ao invés de corrigir erros, se criam mais. Obrigado Instagram por ser uma porcaria quando mais se precisa do app.",3
"Instagram tá cada dia pior, quando ganho seguidores ele não contabiliza. Já é a segunda vez em menos de duas semanas que me bloqueiam pelo simples fato deu curtir e comentar fotos do meu feed! Feed sem lógica alguma, mostrando de novo foto de 1 ou 2 dias atrás. Uma rede social que era a minha favorita tá indo pro lixo",1
"Tem alguns efeitos no boomerang que estão dando problema, ou o boomerang fica lento ou fica meio embaçado",5
"Music Stories não funciona pra mim, sempre atualizado e não está disponível! 😔😏",1
"Desde a última atualização (ontem) meu aplicativo está duplicando os stories, eu consigo ver eles mas logo depois mostra novamente como se eu não tivesse visto já. E quando vou gravar algum stories o aplicativo fecha na hora. Por favor arrumem isso!!!",1
Consome tudoooooo,1
a câmera do meu instagram não tá funcionando,1
O Instagram deveria ter a opção de traduzir nos comentários,5
"Minha conta desde hoje de manhã não está abrindo, coloco login e senha e ele da senha errada, já tentei mudar a senha e ele nao aceite meu e-mail, não aceita meu número de telefone, estou desesperada querendo uma solução",2
Quando uso abre um anúncio e não da pra volta. Tenho um iPhone XR,2
"A propaganda do App está muito ruim, fica abrindo uma caixa de diálogo sem que que você queira e na maioria das vezes você não consegue fechar apertando o X no canto superior esquerdo, sendo necessário finalizar o aplicativo.",1
"De ontem para hoje, vem aparecendo anúncios de vendas, que sempre que toco, mesmo rolando o feed, o anúncio abre e mesmo existindo um botão para fechar, este não funciona... Sou obrigado e fechar o aplicativo e fechar de novo...",4
"Ultimamente está acontecendo muito de eu estar olhando o feed e do nada eu passo por uma propaganda que mesmo eu não entrando nela, ela abre, me mostra uma lista de produtos com preço, toca música (que não consigo desativar) e não consigo fechar a propaganda no ‘X’. Tenho que desistir do feed, fechar o app novamente e navegar novamente até onde eu já estava olhando. Arrumem isso que está horrível",1
NÃO CONSIGO ENTRAR NO MEU INSTA A DIAS!!! FICA DANDO ERRO DE SOLICITAÇÃO CORRIGE ISSO PELO AMOR DE DEUS,5
Mas poderia ter a função para apagar apenas uma foto da postagem múltipla,4
Instagram poderia criar contas verificadas para perfis de pessoas comuns. Poderia ser um selo verde pra diferenciar do selo azul. Seria algo do tipo enviar uma foto segurando a identidade semelhante ao que umas operadoras de cartão de crédito fazem. Acabaria com os fakes de traria uma novidade para o Instagram.,4
"Faz dois dias que o meu Instagram não tá funcionando direito, já pediu pra trocar a senha pelo menos umas 20 vezes de ontem pra hoje, dizendo que eu compartilhei a minha senha com um serviço pra ajudar a obter mais curtidas ou seguidores e eu nunca fiz isso. Já deu pra perceber que é um erro no aplicativo, já mandei mensagem pro suporte e até agora não fizeram nada, preciso de uma solução.",1
"Não consigo entrar no meu Instagram tem 2 dias já estou sem paciência, já mudei senha, e-mail, várias vezes não consigo entrar no meu instagram pelo o aplicativo no iPhone!",5
É UM ABSURDO ISSO QUE ESTÁ ACONTECENDO. EU JÁ TENHO UMA SEMANA SEM CONSEGUIR CONECTAR EM NENHUM INSTAGRAM NO MEU CELULAR. DIZENDO QUE ESTÁ COM ESSE ERRO. CONSERTEM ISSO COM URGÊNCIA.,1
"Pfv da pra ajeitar O meu não está pegando!!! 
Vai fazer 3 semanas,estou desesperadaaaa 
Pfvvvv

Estou de saco cheio com essas coisa 
Meu Instagram,o aplicativo não está pegando 
De um jeito pfv",5
"Tem muitas falhas , minhas fotos não são visualizadas por quase ninguém , tem fotos que tem varias visualização e tem outras não, e porque eu não tem a opção de música no stories,",5
Vocês podem fazer o favor de concertar esse problema de conta comprometida,5
"Lixo de atualização!!! Não consigo entrar na minha conta, pois toda hora pede pra trocar a senha e nenhum suporte pra isso",1
O aplicativo tá fechando sozinho do nada ele fecha 😪,5
"Depois da ultima atualização mudou a linguagem para inglês, não consigo mudar para o português, não consigo baixar story para o celular🙄
Arrumem isso por favor!",1
"O Instagram já foi bom um dia, já foi uma rede social viciante! Hoje em dia, a cada atualização dele, aparece um bug diferente, estou a uma semana sem poder usar o meu Instagram, porque cada vez que entro no aplicativo ele sai automaticamente sozinho! Já relatei varias vezes o erro no aplicativo e nada se resolveu, estou pensando seriamente em desativar minha conta, porque não é possível uma usuária fixa que nem eu, não ter um retorno de vocês! Por isso deixo aqui a minha indignação e não recomendo até não serem feitos reparos dignos para uso! Até lá, está um total caos, um lixo!",1
Não consigo compartilhar publicação nos stores,1
Meu iPhone 6s sumiu a opção de colocar  música do meu Story. É defeito no meu celular ?! Porque já fiz de tudo e não aparece... sendo que tinha essa função e do nada sumiu...,5
É somente o meu perfil que não está atualizando nada? Abro o Instagram e aparece as mesmas coisas? Visualizo os story de algumas pessoas diversas vezes pq não atualiza que eu já visualizei! O que tá acontecendo???,1
"Depois da atualização minhas msg dão erro , meus vídeos não postam , tudo mudou ! Queria que voltasse a ser como antes !",1
Instagram está se resumindo só em propaganda.,1
Perderam a mão! A cada três fotos um post patrocinado,1
"Não consigo abrir mais meu Instagram no aplicativo, diz que ocorreu um erro com minha solicitação! Já tentei fazer de tudo e nada resolve esse erro! Me ajudem por favor, estou sem abrir meu Instagram a dias no aplicativo! Eu amo o Instagram, mas estou triste porque estou com esse problema :(",1
"O app é bom e funciona muito bem no meu celular, mas depois que eu troquei de aparelho, não consigo mais postar publicações no meu story, a não ser vídeos do igtv (troquei do moto G5s plus para o iPhone 8 Plus) 
Ps: na outra conta que tem aberta é possível postar, só na principal -que é a minha- não é possível 😢",2
"Eu entro para ver Qm me segue, mas não aparece...",1
"Não gostei da aba atividade prefiro a forma antiga, que tinha Seguindo/ você",1
"Entro no app do Instagram e tento ver as pessoas que estou seguindo, porém aparece uma mensagem de erro. Tem solução?",1
Meu app está sempre atualizado e eu não tenho a opção que compartilhar nenhuma publicação nos meus stories. Quando procuro uma solução sou informado que algumas contas não tem as funções lançadas recentemente mas que serão liberadas gradualmente para todas as contas. Acontece que esse recurso não é nada recente e o Instagram não me permite compartilhar nada ! Um absurdo!,2
Só ta faltando uma versão pro ipad. O facebook já tem.,5
"Pessimo, bloqueando a pessoa por qualquer coisa.",1
Não posso seguir um grupo de amigos que o insta me bloqueia! 🤦🏻‍♀️,1
Fica pedindo para mim trocar a senha direto,1
Não sei por que não consigo por música nos stories não da essa opção de música,1
"Aplicativo do instagram no meu celular não envia mais notificações quando estou fora do aplicativo, mesmo estando com o iOS atualizado e sempre atualizar o aplicativo quando necessário!!!! Arruma esse bug porque conversando com outras pessoas, não é só no meu celular que esse bug aconteceu!!!",5
"Ontem quando foi lançada a nova ferramenta do instagram, meu celular já atualizou e já possui a ferramenta. 
Mas logo após, o APP inteiro ficou em inglês! 🤔 
Não sei se fui a única pessoa que aconteceu isso, mas não foi configuração minha sempre usei na linguagem Português, estou entrando toda hora aqui no app store pra ver se saiu uma atualização de correção de bugs e erros, mas até agora nada! 
Por gentileza verifiquem essa situação chata, possa ser que eu tenha sido a única ou não!",1
"Era bom que tivesse a opção do fundo escuro, os olhos agradecem !",4
Toda vez que eu vou gravar stories a tela congela e só fica a câmera nela... Péssimo,3
Atualizem essa poha tá travando não consigo ver as coisas a internet top aqui vejo YouTube em hd e o Instagram travando não abre as coisas,5
"O aplicativo é maravilhoso, mas minha conta está bloqueada há uma semana ou quase e não consigo seguir, curtir ou comentar nada de ninguém ! Já passou do prazo de desbloqueio, desbloqueiem minha conta por favor !!!!",5
"Adoro o aplicativo, porém a atualização de postar publicações direto no story não funcionou no meu celular. Não sei se é meu celular ou a atualização do Instagram, mas tive que desinstalar e instalar de novo pra ver se funciona.",2
"Preciso de ajustem isso , não consigo curtir , comentar e nem seguir outras publicações.",1
"Não consigo repostar nada que me marcam, nen salvar vídeos dos stories, o app tá todo bugado não atualiza status e sempre que tento repostar o aplicativo fecha na minha cara 😡",5
Aparece que. “Ocorreu um erro na Solicitação”   O que eu faço?????  Toda vez que vou logar minha conta,5
"Gostaria de saber por que não tem mais a opção de editar comentários caso eu erre? Tenho que apagar todas as vezes para comentar novamente. E algumas vezes ocorre de não salvar vídeos e fotos, registrados no mesmo. Melhorem isso. Desde já obrigada!",4
"Desde que atualizei o aplicativo a umas 3 versões atrás, não consigo mais sincronizar a minha agenda com o Instagram, agora só me sugerem perfis de famosos
Deveriam resolver isso, deixando como era antes",3
"A cada atualização de retirada de funções que já existiam, perde a qualidade!!!!!! Estou esperando o lançamento de outra rede social, pq essa já está indo para o caminho de falência !!",1
Tiraram a opção de ver a atividade e curtidas das outras pessoas,1
"Olá, bom dia. 
Antes de tudo resaltó que não sou nenhum famoso e nem rica. Pq acho que se fosse já teria sido resolvido. Cansei de mandar e-mail para o suporte e nas questões de texto nada se encaixa com o que está acontecendo. Queria entender. 

Entretanto, ao tentar reativa-la não obtive êxito. Tentei de todas as maneiras - via aplicativo, web, e-mail, porém sem sucesso. 

Pelo aplicativo aparece a seguinte mensagem ""ERRO - Ocorreu um problema com a sua solicitação""

Pela web aparece a seguinte mensagem ""Não foi possível se conectar ao Instagram. Verifique se você está conectado à Internet e tente novamente."" 

Por fim, quando solicito o e-mail para logar diretamente, recebo com as instruções, contudo ao clicar no link para acesso aparece nova mensagem. sequer consigo criar nova conta com o mesmo e-mail e login.",2
"Desativei minha conta temporariamente, após 24 Hr não quer entrar, está dando erro na solicitação!",1
"“Ocorreu um erro com a sua solicitação.”
Esse erro está aparecendo pra mim há alguns dias, não consigo acessar minha conta principal.",1
"Baixei o aplicativo e não consigo entrar em minha conta...
Só aparece o recado que Houve um Erro em minha solicitação...
Alguém pode me ajudar???",1
fica só aparecendo “ocorreu um erro de solicitação”!,1
desativei minha conta e simplesmente não consigo ativar novamente!!! já tentei muitas vezes é sempre recebo uma mensagem erro!,1
"Usuário jhennycorreia_ Desativei minha conta do Instagram temporariamente pela noite do dia 01/112019 mas ao tentar reativar no dia seguinte pela tarde do dia 02/11/2018 não consegui realizar a ativação e entrar normalmente na minha conta. Eu não excluí minha conta , optei por desativar temporariamente , ainda selecionando a opção preciso apenas dar um tempo no formulário de desativação. Entretanto até o momento não consigo reativar, seja pelo site ou pelo aplicativo, após dezenas de tentativas e utilizando todos os recursos de ajuda disponíveis. Simplesmente não funciona a mensagem quando tento logar é erro, ocorreu um problema com sua solicitação. Por gentileza gostaria que este problema fosse solucionado. Diz também que não estou conectada a internet pra tentar novamente, porém eu tenho conexão e toda vez que tento entrar na conta ou reativar aparece uma mensagem de erro meu usuário é jhennycorreia_ possuo 1900 seguidores e tenho fotos no meu perfil pelo amor de Deus resolvam este problema eu quero entrar na minha conta!!",1
Não carrega,1
Ja entrei em contato várias vezes relatando o problema e não tive nenhuma resposta!,1
Nao faz login em nenhum Instagram no meu celular.,1
"Muito bom, entretenimento garantido",5
Bom instrutivo,5
Tem muitos conteúdos bons,5
"Excelente APP, o melhor que uso",5
Excelente,5
muito. bom. super. recomendo. usar,5
IsadoraPinheiro,5
"Horrível, baniu todas minhas contas e qualquer uma que eu crio",1
Até o momento está ótimo 🥰,5
Muito bom,4
Poderia ser melhor se tirasse os anúncios,5
Muito boa,5
Muito bom posto muita coisa 😀,5
Maravilhoso,5
"NuncA tive problema com esse app, mas ultimamente está travando, não consigo abrir , nem recebo notificação, tenho que ficar reiniciando meu aparelho para as mensagens chegar, enquanto os outros app funcionam normalmente, o Instagram não funciona, complicado, quero usar o aplicativo, porém não posso por que estar travando.",2
Adoro e uso com elevada frequência mas apresenta vários bugs que levam a falha nas postagens nos stories e com o APP atualizado,4
Oxi,1
Queroo a versão nova 😞😞😞 que chato,5
Boa .,5
Muito mídia kk,5
É bem legal,5
"O APP é ótimo, mas o problema são os ""checadores"" .",2
Amei ❣️❣️ Tudo de bom.,5
Bom aplicativo.,5
"Estou sem acesso ao meu insta a 10 dias, não entendo porque fui banida sem ter violado as regras.. preciso muito do acesso a ele.. 😢",5
Lixo,1
bom,5
"Eu tava por aí, andando na minha bike, e no meu pezinho tinha um tênis da Nike, eu olhei pro lado e vi um..",5
Ótimo,5
Divertido e prático. Ideal para inovações de projetos e ideias!,5
Amei essa aplicação,5
"Muito bom gente, usemm",5
Uma estrela na questão da privacidade.,1
Maravilhoso esse Instagram,5
"Intagram por favor ,resolva meu problema volte ao normal quero seguir pessoas e mudar meu usuário!!!",1
Ótimo,5
Eu amo,5
Oi tudo bem,5
O aplicativo é ótimo excelente o trabalho que eles fizeram pra esse aplicativo continuem fazendo um ótimo trabalho,4
Jaaja vilto,5
Legal,5
"Muito bom e completo para meu uso, sou atleta, baixa aí se cadastra e me segue lá @guiliveirabjj",5
Eu amo o aplicativo,5
Top,5
Muito bom 👍,5
Ótimo,5
Aplicativo 10/10 🥰🤩😍,5
Muito legal legal,5
"O aplicativo em si tava muito bom mas agora no começo de 2025 começou falar muito de política, já está ficando chato , percebi que as pessoas no br e obcecadas por politica chegando a tratar mas umas às outras .",1
Amo o Instagram 💓,5
Maravilhosooooo,5
"Tá muito ruim ,qual quer coisa já e ban por coisas desnecessária",1
Nenhuma,5
Muito bom,5
E bom,5
Amei o APP,5
Eu gostei demais abaixe,5
Ótimo,5
E um bom aplicativo,5
"Instagram, se vocês mudarem os destaques para esse novo modelo ( horrível ) eu mudarei a quantidade de estrelas, na moral, vocês não estão vendo o que vocês estão fazendo não é? Já não basta tirar os efeitos, que com certeza vai deixar só o de cachorro, arco-íris essas coisas que ninguém mais usa, na moral vamos melhorar isso ae",1
Muito bom,5
Eu amei 🤝,5
Gostei muito do aplicativo muito bom👍,5
Perfeito,5
"É uma boa ferramenta de comunicação, com muitas abordagens comunicativas.",5
"Está apresentando bugs na hora de seguir pessoas, muito estranho, e também o Meta AI não chegou para todos",4
Me devolve minha conta😭😭😭😭😭,5
TOP 100000000000,5
JOGO DE OTARIO HORRIVEL TODA VEZ QUE APOSTO NA ROLETA EU PERDO JOGO MUITO RUIM E VOU FICAR SEM JOGAR POR UM TEMPO,1
Muito boa!..,5
E lindo intagram,5
Não corresponde às minhas espequitivas,4
"Nova política de uso permite discurso de ódio contra minorias. Excesso de conteúdo promovido. Vídeos em autoplay (incluindo propagandas) consomem a franquia de dados muito rápido, sem opção para desativar. Notificações atrasadas ou que nem chegam. Integração forçada com o Facebook, mesmo desativando.",1
Muito bom esse APP tem muita coisa pra fazer,5
Legal,5
Da umas bugada chata mas dá pra usar kkkk,4
Lindo,5
É bom demais não tenho nenhuma reclamação é excelente todas as minhas fotos encaixaram .,5
Como todos já conhece o insta já sabe do que eu estou falando então já baixar aí o seu Instagram 🫡,5
perfeito,5
O Instagram e muito bom demais menina 😍,5
"E dentu, me dá meu verificado",5
Muito bom mesmo,5
Estou gostando mas as vezes some a barra para solicitar os gifs,4
Amoo,5
Bom,5
Tá mal pq tiraram o apelido do modo la,5
Muito bom,5
Porque sim,5
Muito bom,4
Mudou suas políticas sem respeitar a soberania do meu país. Além de abrir espaço para crimes e dar voz a discursos perigosos e imorais.,1
É muito bom,5
Craque,5
Muito bom não trava pra mim e o melhor aplicativo,5
Muito bommm,5
Muito bom e um site muito legal mesmo recomendo muito esse aplicativo e demais mesmo gente recomendo ☺️ então estalar aí e bora ci falar @_Lucas_xox_ segue lá 🤙👌,5
"Eu era muito fã desse app, mas já é a segunda vez que o Instagram apaga minha conta sem motivo aparente só derruba minha conta com minhas fotos e lembranças de pessoas que não estão mais aqui 😭 é agora nem mais as fotos tenho por causa de vocês.por esse motivo vou dá nota 0 para o Instagram.",5
Aplicativo é ótimo mas minha conta nunca atualiza isso e casca fi,3
"Muito legal,ótimo quero ver mais famosos",5
NAO GOSTEI QUE MINHA CONTA ESTA PEDINDO CODIGO DR CONFIRMACAO POREM O CODIGO NUNCA CHEGA R MINHA CONTA TEM 7K DE SEGUIDORES CONQUISTADO POSTANDO VIDEO PFVF DEM UM ATEMCAO AQUI,1
Muito bom app gostei muito,5
Incrível,5
Muito legal,5
Bom.,5
Quero atualizar o Instagram,5
Muito legal,5
Muito bom mais no meu cllr nao pega efeitos,5
Brabo😎,5
"Horrível, não consigo acessar a minha conta, está dando senha incorreta mesmo estando certa, já faz dois meses e não fizeram NADA!!",1
"Tem que melhorar nas chamadas de vídeo!no mais o app é muito bom, ótimo entreterimento...",4
Bom,5
"comecei usar o Instagram em 2018, tive boas experiências mas ultimamente do nada minha conta foi banida sem motivo algum ""fugindo dos padrões"", em seguida criei outra conta em menos de 1 hora foi banida novamente, e está em um ciclo toda vez que crio uma conta é banida ou não consigo acessá-la.",1
"Muito bom eu adoro o Instagram, é um aplicativo e podemos tanto ver vídeo como gravar e tbm se comunicar,criar conteúdos etc....... Muito bom e recomendo para todos aqueles que não o conhecem😄",5
Incrível esse app gostei mt 👏,5
Boa noite minha conta do Instagram não tá funcionando desde cedo por favor mim ajudem a resolver o problema 🥺🙏,5
O melhor APP,5
Maravilhoso 😍,5
Muito bom jesus ama vocês,5
muito bom 🤙💖,5
não tenho palavras para descrever o quão eu amo o Instagram🥹❤️‍🩹. a͟s͟s͟i͟n͟a͟d͟o͟: 𝔥𝔢𝔩𝔬𝔦𝔰𝔞 𝔳𝔦𝔱𝔬𝔯𝔦𝔞 𝖌𝖎𝖆𝖈𝖔𝖒𝖔𝖓𝖎 𝖉𝖊 𝖆𝖌𝖔𝖘𝖙𝖎𝖓𝖎.,5
"Amo, só triste com essa palhaçada que quere retirar os efeitos.",5
Muito bom amei,5
MELHOR APP QUE TEM NOS ÚLTIMOS TEMPOS 🙅❤️🔛,5
"Péssimas diretrizes, uma falta de noção esse app",1
Horrível essa bct,1
Ultimamente está travando muito,2
Desgraça de Instagram ficar banindo conta,1
Pika,5
"Não estou entendendo do pq tirarem tds os apps da meta, como instagram, Facebook whatsapp, mais eu indico mt o instagram uso ele desde 2022 e nunca tive problemas com o app, e sim já aconteceu deu perder a conta mais por esquecimento da senha e n da para recuperar, fora isso ele e perfeito",4
Mn ele e muuuuitoooo bom e o melhor app q eu já tive eu já tô até viciada nisso,5
E o menho app do brasil eu ja a romei namorada,5
Ótimo,5
Um bom passa tempo,5
"Cueizy cara cueizy, sliced",5
Excelente app,5
E ótimo adorei ☺️.,5
"Ruim, a segurança desse APP é muito ruim eu não consigo nem criar uma conta por causa disso",1
Não consigo apagar ele do meu celular,1
Muito top,5
Bom,5
Eu amei o Instagram é um aplicativo maravilhoso,5
Ótimo aplicativo..,5
Tô participando hoje adorei,5
Maravilhoso,5
não permitiu que eu olhasse a foto que me enviaram travou,1
Muito bom,5
Ruim,1
Melhor app de TDS,5
Legal Recomendo muito,5
Sensacional,5
Gosto muito dessa rede social porque me dá liberdade para eu me expressar e falar um que sinto,5
Me amaro no Instagram,5
"O insta é ideal pra quem gosta de postar storys e compartilhar fotos no feed usando efeitos. Os filtros e efeitos é que tornam o insta mais agradável pra usar, pq todos já acostumaram ter o App com efeitos incríveis pra suas fotos ficarem divertidas",5
Bom,5
Ótimo mais as vezes banem as contas por um divergência leve comparada a outros usuários do app,5
E bom demais,5
Mt bom,5
Era uma boa rede social até que,1
Muito bom.,5
"Olo insta... eu boto meu nome aí quando eu confirmo no vai, aí vou pesquisar o nome que coloquei pra ver se tem alguma pessoa usado e não tem, vocês têm que aceita os nome de usuário curto, tô cansado de deixa o meu grande e com números no meio 🤢🤢",5
Relevantes etc... Kkkkkkkk é nada muito especial e senhoritas senhores senhoras é muito muito mesmo kkkkk 👑🥃🚬🕯️ ahummm 🔥 hum 🕛 ahummm Olá etc...,5
Bom,5
"Gosto muito dos recursos atuais do app, a minha única indignação é sobre essa atualização nos destaques que estão falando que vão fazer e a retirada dos filtros, achei as ideias horríveis e não recomendaria!",4
Não está funcionando eu não consigo criar uma conta nova,1
Muito legal pra você conversar e conhecer novas pessoas e fazer novas amizades,5
"Muitas novidades, muito legal obrigado por tudo que o Instagram inova incrível 💞🥰🤩🥳💯",5
Não tô conseguindo curti e nem sequer ninguém minha conta é r10zs,3
Muito bom,5
Ótimo 👍,5
Ótimo,5
O Instagram é um aplicativo muito bom por conta que você faz várias amizades tem filtros e você vê vídeos que te deixam bem feliz,5
O meu tá bugando aff,4
daora.,5
E muito legal e dá para fazer dançinhas,5
"Meu Instagram demora um ano pra atualizar smp, vcs podiam mudar isso?!!",3
Muito bom,5
E muito sus i não parece confiável,1
O Instagram é ótimo tirando os bugs nos storys e os efeitos que serão tirados,4
Otimo,5
Gostei muito ótimo desempenho muito avançado,5
muito bom ❤️,4
Tive uma boa esperiencia não largo mão mais kkk,5
Não que atualizar,5
Otimo para trabalho,5
Nao vai Instagram,1
"Preconceito em 2024? Quando é o mês do orgulho lgbt você vem com filtro, bandeirinha, propaganda e um monte de coisa pra ganhar dinheiro em cima. No resto do ano é visto como doença? Espero que mudem a conduta pois além de isso ser CRIME, o instagram está cada dia pior com um monte de propaganda e erros no login e criação de contas. Não temos nada a perder.",1
Legal demais,5
Ameiiiiii,5
Ótimo,5
Bom demais,5
quando o zuckerberg parar d mamar o trump eu coloco 4 estrelas,1
não sei usar,4
Muito boa otima,5
Não consigo criar uma conta nova peço ajuda por favor,5
Amo muito meu Instagram! 💕,5
Muito bom,4
😎💪,5
Amei,5
"Muito ruim, o app ele banir as contas sem motivo",1
Muito bom,5
Esse Instagram não tá deixando eu seguir ninguém a 5 dias e nem curti nada de ninguém a 2 dias!!!,2
"Muito bom, da para passar o dia. É otimo😚",5
É um app muito bom e acho ele muito util,5
"Eu gostaria de saber pq meu Instagram não está carregando os gifs quando eu abro os comentários, alguém poderia me ajudar?",3
Muito bom mesmo,5
Muito bom cará,5
"Já vai fazer dias que estou tentando por meu Instagram e não estou conseguindo o Instagram está ficando muito ruim e olha que eu tenho ele a anos, não estou conseguindo criar conta não estou conseguindo entrar na minha conta msm a senha estando certa e muito mais problemas",1
Gostei muitoooo,5
Top,5
Amooo muito,5
O Instagram é muito bom mais ultimamente as novas atualizações não estão boas e o público não está gostando da retirada dos filtros e nem que vão mudar os destaques de lugar,3
Usem é muito bom,5
"Excelente app, top de mais👍",5
Excelente APP,5
Ótimo,5
"Super show o melhor app de rede social, mas tem algo que eu detesto, esse app NÃO TEM NADA PRA RESTRINGIR, QUALQUER COISA QUE TU PESQUISA VAI APARECER COISAS INAPROPRIADAS! COLOQUEM UMA RESTRIÇÃO DESSAS COISAS",4
"O insta está fazendo várias atualizações absurdas tipo: vai tirar os filtros vão remover os destaques etc eu recomendo não abaixar, o insta vai perder para o tiktok ninguém estão gostando das atualizações o insta vai perder muitas pessoas que usa a plataforma e o tiktok vai sair ganhando, eu só estou dando uma estrela pq o insta já foi melhor que isso??",1
E otimo,5
Meu celular e um S23 e o instagram por dia trava mais de 10x quando ve status. Ai aparece erro no aplicativo,1
Sim vc já ando de dinossauro vc nunca baixou o lnstagram,5
Muito bom mesmo,4
Gosto do app❤️,5
Muito bom,5
Eu gosto muito das apostagem do Instagram mas fico esperta também das coisas que vejo e não e real,5
"O Apple e muito bom,para conversar com os amigos",5
Maravilhoso esse app,5
"O Instagram da um lixo, as pessoas não podem mais criar contas por causa de restrições mesmo depois de muito tempo ainda sim a pessoa não consegue criar contas",1
Ótima,5
"É um bom aplicativo. Mas sinto que o meu perfil e minhas publicações não são muito entregues as outras pessoas, eu interago muito no app e seria bom ter um pouco mais de valorização!!",4
Meta é uma vergonha e o Instagram sem moderação será a máquina de ódio perfeita.,1
Muito bom recomendo para todos,5
O app do Instagram é maravilhoso e super inteligente e moderno.,5
Muito bom,5
Uma desgraça ❤️,1
Tem atualizacão q atrapalha,2
Gosto muito do insta pq não tem outro igual posso assistir videos e converssar com meus amigos,5
É muito bom eu acho de conversar com as pessoas,5
Apenas perfeito,5
Ok😍😍😍😍🤩🤩,5
Muito bom o aplicativos,5
Muito bom só deveria incentivar mais os iniciantes,4
Muito bom,5
Muito importante na atualidade protege nossos dados e permite a interação entre amigos e possuiu posts e assuntos muito interessantes,5
Pq tá saindo do Instagram sozinho,4
muito bom,4
muito bom,5
Cd meu negócio de apelidos???😭😭😭,4
E bom gosto de usar muito essa rede social!.,5
Excelente Prestativo Essencial...,5
Muito bom,5
App muito bom,5
Excelente.,5
Excelente aplicativo. Sensacional. Parabéns pelo aplicativo. Top da galáxia. Parabéns,5
"App ta horrível vive derrubando minhas contas tem que arrumar esse negócio aí se não, não compensa não em da um jeito aí fazendo um favor esse app costumava ser melhor em desempenho agora vive dando problema",1
Boa,5
Muito bom o aplicativo eu amei,5
Aplicativo maravilhoso,4
Otimo,5
muito bom um aplicativo que não enjoa,5
ANA Tercia político Costa,5
Porque vcs foram mexer nos destaques? Era tão bonito 💔💔,4
Meu insta n quer mas dar para entra en outra conta pq ?,1
Excelente maravilhoso,5
Muito bom,5
O aplicativo e ótimo eu amo💙,5
Eu gosto muito dele pois faço storys vejo story de outras pessoas e faço postagens diárias,5
Muito bom,5
"Sem verificação das fakenews. Nota zero. Aos poucos, saio dele.",1
E muito bom ese APP recomendo,5
Boa,5
"Um ótimo app, com boas atualizações e com funcionamento incrível ✨, recomendaria muito ...",5
Ótimo,5
Bom,5
"Muito bom, buga as vezes se não estiver atualizado, mas entrega bem oq oferece.",5
Gosto muito só acho que deveria ter mais músicas brasileiras disponíveis e também poderia ter menos bugs,5
Muito bom,5
"Muito bom, mais as vezes quando abro o Instagram, aparece um aviso ""Instagram não está respondendo""",5
Otimo,5
🤙🤙,5
Muito bom,5
Muito bom!!!,5
Recife é bom você pode usar conversar com várias pessoas 👥,5
Top,5
está maravilhoso amando o Instagram como sempre,5
o meu eu não consigo deixar escuro mais vale as 5🌟,5
TA UM LIXO VC NAO CONSEGUE COLOCAR SUA CONTA ANTIGA E NEM CRIAR CONTA NOVA NAO RECOMENDO!!!,1
Muito útil!,5
Instagram avaliação do app...,5
Bommmmmmmmm demais esse app serve pra muita coisa,5
Top Top,5
A rede social está ameaçando acabar com toda a política de checagem de fake news e permitindo classificar pessoas LGBTQIAP+ como doentes.,1
Good,5
"Sério isso,que o dono das maiores rede social classifica a comunidade LGBTQIA+ como povo doente metal,sendo que as pessoas que mais utiliza a rede são pessoas da comunidade.que decepção jamais esperaria isso vindo de vocês 🤢🤮.",1
Muito bom.,5
Odoreiiiiiii!!!!!,5
Muito bom amoooo,5
Não deveriam ter tirado os destaques!,1
"Gosto do app e de suas ferramentas e da sua simplicidade e entendimento para fazer postagens de reels , feed e storys.",5
"Muito bom de conversar com os seus amigo , posso colar nomes e Apelidos no bate papo",5
❤️🥂,5
Muito bom recomendo,5
Esse istagram ele e bacana,1
Odiei o meu excluíram meus dados e não consegui criar mais contas por isso odiei,1
"melhor plataforma. Na minha opinião, perfeito 🤌🏻",5
"Péssimo, suspenderam minha conta sem motivo, e não deixam eu fazer outra conta, racistas preconceituosos.",1
Adexi 2025,1
Aplicativo muito acessível pra divulgar nosso trabalho,5
Giey,1
Otimo,5
Muito bom,5
Muito bom e legal,5
Camila vitora,5
Ótimo maravilhoso,5
Amoooooo❤️❤️❤️❤️,5
Satisfatório,5
Meu Instagram desapareceu pra mim ..não abre nada. Tá dando erro inesperado,1
As ligações não são tão boas,3
Legal,1
Espero que meus vídeos sejao reconhecido tenho muitos vídeo publicados,5
Bom,5
Não dar para eu colocar apelido no meu machoo,3
E divo,5
ótimo,5
"Bom de mais, só que tem uma que eu não gostei!! Que a nova atualização de 2025 o app é perfeito do jeito que é,mais vai ficar chato tira os destaques de um momento inesquecível!!",4
"Depois da última atualização o app congela a imagem nos stories e só é possivel ouvir os sons do feed, mas a imagem não muda!",1
Muito bom mais queria que entregasse mais os meus vídeos,5
Muito bom gostei muito,5
"O app é muito bom,mais o problemas e que eu não consigo seguir ninguém de volta ou quando eu uero seguir não segui",3
App ótimo 👍,5
O ano é 2025 e estou aqui dês de 2016 ... Sigo amando cada vez mais o Instagram 😍,5
Muito bom,5
O melhor apk,5
Gosto bastante!,5
Maravilhoso,5
Muito bom,5
Os,5
Não estou conseguindo entrar na minha conta,5
Bom,5
"Instagram continua ruim. Simplismente todas as publicações( story, reels, etc.) estão com áudio atrasado e travando ao longo de todo vídeo. Por favor resolvam.",1
Muito bom,5
Gooooolod,5
Ótimo,5
"Obrigado Mark por ajudar a acabar com a tirania da esquerda judiciária no Brasil ! USUARIOS DO INSTA , O BRASIL ESTA SOB CENSURA JUDICIARIA E A LIBERDADE DE EXPRESSAO ESTA SENDO COLOCADA EM XEQUE , SOB SUPOSTOS ATAQUES A DEMOCRACIA , EXISTENTE NA MENTALIDADE APENAS DOS QUE SE AGARRAM A CULTURA O WOKE.",5
E ótimo,5
Um ótimo momento para informações e entretenimento,5
O melhor,5
Nao consiger entra no epp,1
É um aplicativo muito bom recomendo muito!!,1
Ótima experiência,5
Muito bom. Precisa d mais conteúdos d figurinhas diferentes.,4
Muito boa,5
App muito ruin posta coisa sosinho desinstalei e posto mais mais mais é hoje estou sendo zoado sendo que não fui eu que fiz cambada de fdp,1
Estou tendo problemas ao selecionar um gift ou figurinha na hora de postar os stories . Gostaria de entender o porquê ? Já atualizei o app e até agora nada . As figuras não aparecem mais,3
"Fui restringida do Instagram do meu marido já faz 4 dias não fiz nada , e até agora não voltou bora ver isso aiii né Instagram ?",2
Bom pra ****,5
Muito bom o app,5
Simplesmente perfeito 😍,5
Muito bom,5
Satisfeito.,5
Excelente,5
Tinha uma conta e por bug do Instagram ela parou de functionae e n me. Lembro a palavra passe,2
"Tá péssimo, o código enviado pelo próprio Instagram não funciona. Eu digito a senha CORRETA e consta como se estivesse errada",1
Bom,5
Ferramenta de trabalho e entretenimento.,5
Desativa a conta de publicidade e não informa o motivo. Não responde reclamação.,1
Bom,5
"O meu app favorito, perfeito",5
Sla,5
o aplicativo exclui a conta dos outros sem você fazer nada,1
O Instagram é um aplicativo bom para ver vídeo,5
Amoooo,5
Excelente,5
Não gostei demoro muito a parte do login não tava aceitando meu número e minha conta.😠😡,1
Não sei o que dizer,4
Muito bom eu recomendo,5
É muito bom,4
"Bom demais, ajuda muito na divulgação do meu negocio,uma excelente ferramenta de divulgação.",5
👍,1
😍💞,5
Muito daora esse app,5
"Desrespeito as pessoas LGBTs, uma vergonha tratando o povo brasileiro como lixo . Eu recomendo todos LGBTs colocarem no Reclame Aqui um pedido de reclamação e também no site do consumidor. Discriminação contra usuários é crime contra o código de defesa do consumidor.",1
É muito bom,5
Maravilhosa,5
Muito bom,5
Perfeito maravilhoso 😍😍😍😍,5
Muito bom videos muitos engrançado e eu falo que muito bom recomedo muito,5
Um ótimo passatempo fazer nova amizade 👌,5
Um ótimo rede social com os melhores vídeos e adoro postar vídeos no aplicativo,5
Uso o Instagram a muito tempo e agora que troquei de celular ele não tava colocando música na nota então decidi atualiza-lo. Eu gosto MT desse app,5
🐵👊🥃,5
Top,5
Muito top,5
Pq meu Instagram nn tá atualizado,3
Parabéns a todos envolvidos!!!,5
Aplicativo excelente! Só não gaste a sua vida nele.,5
Muito prestativo ✨♾️,5
rayan,4
Apk bom,4
"Estou tendo que dar uma péssima nota, eu não consigo entrar em minha conta e não consigo falar com o suporte...",3
Melhor plataforma de inteiramento social.,5
Instagram a gente compartilha e ver histórias que inspiram,5
Amo 😍,5
DEVOLVE OS FILTROS INSTAGRAM😡😤💀👿🤬👺,5
Ameii,5
"Amo , não consigo passar um dia sem entra",5
Muito bom,5
eu gostei muito parabéns pra quem desenvolveu muito bom estou gostando muito.,5
"❤ ama, muito top, só uma sugestão, poderia ter opção de salvar os vídeos com músicas do jeito que fazemos eles ,pra compartilhar",5
Muito bom mesmo,5
Ótimo,5
Eu gostei muito do instagram,5
"Não consigo acessar meu Instagram diz que ocorreu um erro inesperado, ajeitem logo.",1
otima,5
Muito bom,5
Muito top as vezes ele buga mas fora isso muito bom,5
É um aplicativo ótimo porém está com bugs como por exemplo a hora do direct está errada quando mando uma mensagem agora da como enviada a 1 hora,5
Muito bom eu adoro,5
As lives estão bugando toda hora. As vozes das pessoas ficam lenta e grossa. E não é problema na internet.,4
"comprime as imagens no Android, aplicativo elitista",1
Muito bom,5
Amooo,5
Ótimo app,5
Uma experiência magnífica da alta tecnologia. Interação e novas experiências com pessoas do mundo inteiro.,5
E uma porcaria eu postei algo no meus story e ñ apareceu lixo,1
a melhor ferramenta de comunicação.,5
Muito bom,5
Muito bom o app Melhor app q eu já vi,5
Ele e ótimo ele me ajudou muito eu e meus primos queria jogar nos 3 a um tinha whatsapp e o outro tinha Instagram aí eu tinha os dois aí uma chamada não desligou deu para ele se falar deu para eu falar com eles o Instagram é ótimo recomendo muito,5
Ótimo app 🌹,5
Eu amo esse aplicativo dá para fazer várias coisas,5
Muito bom. Sem conta que tem vários opções amei de mais 💋💋,5
muito bom mesmo!!!!!!!!!!!!!!!,5
muito bom 10,5
Muito bom,5
Amei esse aplicativo muito bom para as pessoas que gosto de rir muito porque tem muitos efeitos legais e engraçados,5
"Estou com problema em meu aparelho após a atualização do aplicativo. Está apresentando bug ao fazer a gravação de vídeo. Somente no instagram está aparecendo esse problema , já desinstalei e instalei e ainda permanece o erro.",1
"Bom só, aparece muito anúncios isso se torna chato",4
"Vou avaliar este aplicativo mais tenho que dizer que eu só posto vídeos e mais nada, eu não utilizo de nada a mais do que postar vídeos e só. Então simplesmente pegue minhas informações escritas aqui e jogue no lixo, Por que não há nada de interessante.",5
ótima,5
Eu não estou conseguindo por o código de acesso à minha conta. E refiz o processo diversas vezes,1
"Horrivel, meu celular tá bugado até agora. Eu fui posta um reels e o Audio ficou bugando e quando eu saí do app o audio continuou. Eu até desliguei o celular e o audio continuou. So parou por que eu desinstalei o instagram. O reels nem carregou todo. Ficou mas de 30 minutos e não saiu de 90%. Eu nunca odiei tanto um bug, Espero que vocês consertem. é isso! Por favor, melhorem",1
Muito bom mas às vezes buga tudo e a gente não consegue fazer nada,4
Notas bugando atualmente,5
Tá Ótimo,5
"Essa, de tirar os destaques de bolinha e os filtros é péssimo! Ta todo mundo odiando. Tanta coisa boa para melhorar, aí fazem piorar",2
Fica desativado mais tá bom,3
É maravilhoso esse app,5
Muito bom 😸😌,1
muito bom,5
Muito bom mesmo,5
Nao consigo fazer comentários,1
Um dos melhores aplicativos problema do aplicativo é só militante de esquerda que não deixa você escrever nada fora isso é um aplicativo muito bom,5
"APP ótimo,recomendo 👍",5
Por que baniram minha conta sem motivo nenhum,2
Jko💚💝,4
👍👍💏⚘,5
Muito bom,5
"Instagram tá ficando podre, vão remover efeito, destaques.",1
Ótimo simplesmente maravilhoso 😍,5
Ótimo,5
Todas as conta q eu crio são suspensas não sei o pq,4
Muito bom,5
Um aplicativo muito bom,5
Amei a nova atualização do insta,5
melhor aplicativo,5
Daora,5
Gostei muito ta me ajudando a publicar as minhas artes😀,5
um ótimo aplicativo para compartilhar lembranças momentos especiais adorei esse aplicativo,5
"Poderiam mudar a opção de quando estivermos assistindo um reels qualquer ao clicar para visitar o perfil do criador ir direto àquele vídeo e não ao início da página do criador. Esse ponto ajudará bastante a reter a audiência quando os videostiverem parte 1 parte 2 por exemplo, além de ser mais fácil para localizar os que tenham datas próximas, como está hoje ao clicar no perfil do criador quando ele tem mais centenas de publicações daí você se perde não encontra a sequência e desiste e assistir.",4
Top,4
Otimo,5
Único defeito que impede de eu dar 5 estrelas é que os apelidos sumiram do nada,4
"Não consigo acessar, pois pede para eu cadastrar meu numero, só que para isso preeciso de um código que nunca chega.",1
Esse app e perfeito! O único problema e que vão tirar os filtros:(,5
E muito bom eu amei 🫶🏼,5
Amo a simplicidade de ajudar pessoas através do meu Instagram,5
"4 porque ele tem um bug que ele fica dizendo que não sei oque que só no dia tal, arrumem isso!",4
Muito bom cada dia atualiza e as atualizações são ótimas um aplicativo ótimo para se comunicar e postar a sua vida pode postar conteúdo e também pode crescer nesse aplicativo tanto empresarialmente tanto pessoalmente é ótimo,5
"É bom, mas tem que tomar cuidado em relação ao tempo que fica exposto, se não vc perde seu dia de trabalho nessa rolagem infinita . Usem com responsabilidade",4
👍 🦸‍♂️ bom,5
Mt bom,5
"É um bom app, mas tem sido atualizado muito para o empreendedorismo.",4
É o melhor aplicativo é muito bom bate-papo é o melhor de todos e também é bom o aplicativo se tivesse 10000 Estrelas eu daria 10000 estrelas 😁,5
Ótimo aplicativo,5
mt bom,5
Muito boa,5
Excelente,5
O Instagram é muito bom eu recomendo para qualquer um seja feliz vai com Instagram.,5
Ótimo primeira vez que eu tô usando muito ótimo,5
Interessante,4
Gostei muito do instagran,5
Travando,4
Otimo,5
"O registo de momentos que compartilhamos ficam muito mais interessantes de se ver com o toque dessa rede, pois aqui tudo pode ficar mais bonito!",5
"Ta ótimo,Muito bom,sem reclamações",5
Meu diário 🥰,5
Gostei do aplicativo achei útil,5
👍🤠👍,5
gente eu gente hru8r,1
Muito bom,5
Patrocina nós aí Instagram ★,5
Amo o Instagram,5
Muito bom,5
o Instagram não tem efeitos e ele trava demais as músicas se repetem enquanto eu estou fazendo vídeo,1
👍,5
Incrível perfeito Melhor app que já usei,5
Top,5
"como assim tirar os destaques, enlouqueceram?",1
Massaaaaaaaa,5
Um dos melhores apps super recomendo!,5
Gosto bastante do Instagram mais vão tirar os filtros isso não é legal,1
Amei essa atualização,5
Simplesmente cinema,5
bom,4
Gostaria ter saúde mais,5
Muito bom,5
Otimo cara,5
E bom muito vale a pena,5
Zurckebeg libertário? agr sim eu apóio,5
Ótimas,5
Excelente,5
Muito bom🫶🏼🥰❤️❤️,5
Deveria vim com conta,1
Iper bom,5
E maravilhoso consigo falar com todos meus familiares e amigos,5
Muito bom,5
"A aba de recuperação de conta está com bug, arrumem isso!!",1
Meu aplicativo favorito,5
Mto bom o APP,5
Minha conta foi banida,1
Está sendo boa,5
Muito bom,5
Adoro amo o Instagram e bom de mas,5
Amo amo,5
Eu amo ele mais minha mãe não deixa eu ter😔,2
Não está aparecendo a opção apelidos pra mim e tbm não consigo editar o apelidos já dados como faço pra essa opção apelidos voltar queria que esse bug fosse resolvido imediatamente,1
"Ótimo aplicativo, uns dos melhores.",5
Muito bom esse app,5
Meu único problema com Instagram é que eu tenho mais de uma conta conectada e nessas outras contas eu posso ver os comentários dos stories mas na minha conta principal não já tentei atualizar não deu e agora tô dizendo que desinstalar e instalar de novo para ver se eu consigo ver os comentários dos stories pela minha conta principal,4
"Gente sabe aquele negócio do sportfy que vc responde as perguntas e ganha dinheiro? Ent é mentira tá fiz gastei 19,90 na taxa de segurança e não ganhei nada neih reembolsaram nada *é fraude* esse app ""Instagram"" que divulga uma farsa dessas QRO MEU DINHEIRO DE VOLTA!!!!!",3
Maravilhosa!,5
MT bom para conhecer pessoas,5
Esse aplicativo me permitiu expandir meus negócios e alcance de minha empresa obrigado!,5
O app é muito bom ajuda a gente conheçe novas pessoas eu gosto muito do Instagram pra mim é 5 estrelas,5
"De todos os apps que eu tenho esse é oq eu mais uso!,Pois é muito bom pra fazer um pouco de tudo,mais tem vez que eu vou tentar publicar um story e acaba não publicando!,Fora isso app excelente 😊",4
Ótimo 👍❤,5
Instagram por favor não tira os filtros,5
"Gosto muito, minha distração.",5
Boa,5
Gente sigam @bymagaldiebooks,5
Muito bom 👍,4
Top,5
Demais mais,5
Muito bom,4
Recomendo. É um óptimo aplicativo.,5
"Dá umas travadas na conclusao do arquivo, mas no geral é bom... Agora em 2025 essa rede se mostra um péssimo lugar para se entreter.",2
Belo app,5
Bomf,5
"Parem com essas atualizações, os destaques já tão perfeitos assim em bolinhas no perfil, SE MUDAR VAI FICAR HORRÍVEL PPRT",3
Bom,5
Legal🤙🤪,5
"Não consigo marcar uma mensagem para responder diretamente, e nem reagir com um emoji diferente, tive que usar o instagram lite pra isso e ainda sim o aplicativo é pior e falta muito pra melhorar",4
"Instagram é um app bom, porém tem muitos bugs! Um deles é que sumiu de repente a função de colocar música na bio. Já mandei 3 vezes para o central de relatar os problemas e não resolveram nada!!! E isso só aconteceu na minha conta principal. Só queria que resolvessem isso e prestassem mais atenção no central de ajuda ! Mas tirando isso, o Instagram é um App excelente💕 Apenas queria mudar a música da minha bio e que voltasse ao normal. E vi que isso acontece muito com outras pessoas!",2
🔥,5
bom,5
Cadê a atualização?,3
"Trocaram os icons de pesquisa e mensagem do sítio, matem se devs.",1
"Adoro meu instagram, sempre postando. 😍😍😍😍",5
Top mas quero atualizar,5
Legal,5
Ótimo 🥰,5
Top 😎👍,5
"Por ser muito utilizado e também conhecido, pensem que não precisaria ser avaliado por seus usuários. Mas já que é preciso, 5 ⭐️⭐️⭐️⭐️⭐️ eu creio que seja pouco para um meio de comunicação tão procurado no momento. Muito legal 👍... 🫶 Show de ⚽️... Valeu 😍...",5
Aplicativo é ótimo .,5
O Instagram nos dão retorno ótimo,5
E bom de mais,5
Esse sim eu diria que é um melhor aplicativo pra mandar os conteúdos e partilhar vídeos,4
"Muito bom, sem bugs, nada a melhorar, Ótimo app",5
"O Instagram já foi bom. Agora com essas diretrizes do governo, ficou horrível!!! Detestei ja",1
Ótimo,4
Cada vez mais o Instagram fica brigado,1
Incrível,5
Muito discurso de ódio,1
E bom,5
Muito bom,5
"Bom mas as vezes, quando queremos publicar algo interfere na imagem, som ou na reprodução de vídeos",4
"Não tirem os destaques e nem os efeitos, por favor. Vai ficar horroroso.",3
É o melhor aplicativo de todos,5
Bom👍,5
"o algoritmo é bom, mas as vezes ainda restringe",5
Bom de mais,5
👨🏻‍💻🚀,5
Muito bom 👍,5
Akolljl,5
Perfeito 👏,5
Amo demais ter a vivência de compartilhar minha vida no Instagram diariamente ❤️❤️❤️❤️,5
Legal,5
Muito bom mesmo,5
"Gosto muito do Instagram,uso ele faz muito tempo, mas tem uma coisinha que eu queria... Queria q o Instagram tivesse a opção de editar a publicação (mas já tem isso) mas o que eu mais queria é que ele editasse as músicas das publicações ou também mudar as músicas, por favor coloquem essa opção preciso mudar as minhas músicas 🥹🙏🏼",5
Uso a favor dos conteúdos que amo e super indico como melhor rede social.,5
Muito bom recomendo,5
MDS é a melhor coisa do mundoooo,5
Chave,5
"Porque parou de apelidar? Quero que volte a função de apelidar, era incrível. #voltaapelidos",2
Não gostei muito pois meu perfil não está dando de curti e seguir as pessoas,1
I dont like zuckenchato,1
Muito bom🥰,5
"Excelente plataforma,pra trabalho e de interação,ainda na sei mexer nela 💯% mas até onde eu sei e muito boa parabéns♥️💚💙💛 Instagran",5
"é ótimo, mas ficaria melhor com meus filtros de novo😭",4
É muito bom,5
Trava um pouco e tem bastante golpe mas de resto e um ótimo aplicativo com bons conteúdos .,4
Muito bom 😍,5
❤️,5
Muito bom,5
experiência ótima.,5
Bom q pode fazer tudo real,5
"O Instagram é muito legal nunca usei aplicativo melhor ,obg pela experiência Instagram",5
Facil uso,5
Eu não sei quantas estrelas eu dou mas vou tirar o frio tu aí eu acho que eu não vou dar nenhum né,5
Muito bom consigo gravar meus vlogs e meus arrume-se comigo,5
Incrível,5
Muito bom,5
Ótimo e sempre atualizando,5
Amooo,5
Bom,5
Muito bom legal de mais,5
Eu adoro o instagram,5
Top de +,5
Huyty,5
Maravilhosa...espetacular!,5
"Muito bom, o ruim é que não tem como editar uma mensagem",5
Gostei muito dos apps e gosto muito de conversar com machos e também sou do job,5
Amei,5
App muito bom,5
Está péssimo. Diversas vezes no dia tenho que reiniciar o aparelho porque o instagran trava.,3
"LAMENTÁVEL,BANINDO MINHAS CONTAS POR NADA.",1
Melhor app,5
Bom. Embora não entrega os meus conteúdo é bom.,4
Baixe e se surpreenda 😘,5
Muito boa,5
"App perfeitamenten rapido, facil de utilizar e tem varias ferramentas que ajudam o usuario a usar o app com frequencia e facilidade",5
Legal,5
Gosto dele so para min curti mesmo,1
Amo esse app o melhor,5
Excelente para compartilhar momentos especiais com a família e amigos!,5
Bom,4
"Um lixo de aplicativo,que até criando conta nova, é excluída sem ao menos entrar nela Lixo lixo lixo",1
"Muito ruin ,tbm tão tirando as melhores música, fica só travando",1
E muito bom,5
App muito bom,5
Bom,5
"Pra mim o insta tá horrível, eu não consigo fixar ninguém, não aparece o botão dos apelidos dos bate-papos, eu tento trocar o tema e só fica o tema padrão, e ficou assim pq eu desinstalei e instalei denovo pra ver se melhorava e só piorou tudo, arrumem isso",3
"Eu até agora eu não sei o porque o instagram cancelou a minha conta.. não me mandaram uma mensagem dizendo no que especificamente eu fiz de errado, falaram que vou contra as regras, contra regras do que? Eu só reposto alguns vídeos do instagram mesmo e vídeos meus que fasso dia a dia, e comento alguns postes de pessoas, nada desrespeitoso com as pessoas..eu queria que o instagram me explicaçe o que fiz de errado..agora fiz outro instagram aí me limitaram a mandar solicitação de amizade a pessoas",2
Muito bom,5
A melhor rede social pra vc divulgar seus conteudos,5
Ameii o insta,5
Muito bom,5
E muitoooo bom mais as vezes das um bugue tipo liga pra alguém sozinho mais mesmo assim e bom,4
"Uma vez a conta com autenticação de dois fatores, não está sendo possível recupera-la, a opção seria por selfie, mas o app não ativa a tirada de fotos, fiz o procedimento pelo Facebook e funcionou.",1
Meu Instagram não atualizar porque?,5
Sem dúvida o Intragram é muito bom ñ trava é fácil de mexer ñ tenho oque reclamar gostei muito recomendo à todos ❤nota 10❤,5
Muito bom,5
Melhor app,5
Muito bom dá para você postar suas coisas normalmente que ele não fica te incomodando muito bom pode instalar no seu aplicativo,5
Incrível 👍,5
E bom mais pode melhorar,4
Satisfeita,3
Kemilly,5
O Instagram é uma das melhores redes sociais.,5
Maravilhoso!!💞,5
Bom demais,5
Muito bom recomendo baixar,5
Gostei muito,5
Esse app e otimo,5
Melhor aplicativo que foi inventado,5
Ferramenta maravilhosa 🤝🏼,5
Ótimo,5
Gosto muito do Instagram,5
Ola Instagram vc è ótimo muito obrigado,5
Amo,5
Ótimo 😊😊,5
Amo esse aplicativo,5
Estou amando minha experiência tô quase virando blogeira,5
Olá boa tarde. Hoje eu fui tentar acessar minha conta do instagram que eu entrava usando o meu Facebook mas eu não consegui acessar. Estava pedindo pra criar uma conta nova então eu criei. Gostaria de saber oque aconteceu com minha conta antiga e o motivo de eu não conseguir ter acesso a ela.,5
"Esta péssimo, trava toda hora",1
O APP é MT bom !!,1
Ótimo pra conversar com as pessoas,5
Nao estou conseguindo assistir os videos pois n carrega na minha for you🥲,3
Muito bug,1
APP ótimo.,5
"Instagram é um app maravilhoso, muito usado, e muito bom, vc pode explorar diversas coisas, passar tempo no reels, compartilhar seus momentos e usar sem dificuldades",4
É um bom aplicativo para comunicação 👍🏻,5
Boa,5
Legal de mais,5
Instagram eu quero te falar uma coisa no começo quando nos criamos uma conta me explica porque pra mim vc no recomendou coisa ruim pelo amor de deus,1
Lindos que não 6048,5
o Instagram tá bom só falta colocarem algumas coisas como por exemplo ver quem visitou seu perfil,3
Ótimo 💥,5
excelente💫💫💫💫💫.,5
"Já estamos em 2025 e o Instagram com essa idiotice de tirar os efeitos,e se pelo menos eles colocassem efeitos compatíveis com o que temos recentemente seria até aceitável,mais nem isso não fazem. Os efeitos que vão substituir os q temos sO horríveis e muito mal feito",3
"Muito bom,melhor coisa q inventaram",5
Não estou conseguindo mexer no Instagram perdi muitas contas por causa disso e devia melhorar muito por causa disso gosto muito de mecher no Instagram por que me comunico com as pessoas neste app e precisava muito mecher pois amanhã e meu aniversário e queria mandar os convites por que e minha única forma de comunicar com as pessoas e não tá nada bom isso e espero que melhore de verdade e já deixei meu recado espero que ousam oq eu estou falando tchau que eu tenha um bom atendimento depois disso,2
Muito boa rede social 👏👏👏,5
Esse app e maravilhoso!! Mas se tirar os filtros msm ele vai ficar ruim😤,5
You're done with fact checking.,1
Aplicativo top. Porem se perder o acesso a conta for tentar fazer reconhecimento facial fica tela branca ou preta perdi uma conta mo burocracia,4
amo,5
"Perdi minha conta queria muito recuperar não tenho mais acesso ao gmail nem o telefone também esqueci a senha e não estou conseguindo entra, tiraram as opções fáceis de entra",1
Boa.preciso estar mais habilitada,5
Muto bom,5
"Eu uso muito insta, tenho conta a anos. Mas desde que teve atualização no recurso ""sua vez"" eu não consigo usar, toda vez que tento da erro, já fiz de tudo pra conseguir usar, já reportei erro e nada de conseguir e era uma ferramenta que eu gostava.",3
Boa,3
Bom ! Porém tem horas que dá bug no Instagram 😂,4
Eu amo esse App 😍,5
Aplicativo que permite discurso de ódio e propaganda neonazista. Bom pra criminosos se comunicarem e pessimo para pessoas boas e integras,1
N estou conseguindo seguir as pessoas!,1
Tão dando suspensão direto,1
Ótimo,5
"App muito bom, só acho que poderia ter uma função de desativar quem pode ver o que você curte",4
Ruim,1
Top dos tops,5
Um aplicativo ótimo vc pode se comunicar com outras pessoas 👥 maravilhoso n tenho nem q falar nota 1000000000000000/10❤️,5
Perfeito mas tem pessoas muito desrrespeitosas,4
Luanasilva,5
Muito bom,5
App Mt bom só que as vezes eu não consigo criar conta parece que o a conta foi suspensa pelo Instagram sendo que fasso TD certo,4
Amoooo,5
Top,5
Muito bom,1
baniram a minha conta sem eu ter feito nada e não tem como recuperar,1
Muito bom,5
"Adoro, só não gostei que vão tirar os filtros 🙄",5
"Instagram esta muito ruim, bloqueia comentarios que nao possuem nada ofensivo. E deixa gente com discurso de ódio a vontade. O Zuckerberg é um censurador, e só está tentando acobertar crimes de extremistas de direita.",1
Sem expetiencia nenhuma,5
Amo ❤️❤️,5
"1. Varios bugs, tipo muito mesmo. 2. O foco do app é sugar o tempo da sua vida. 3. Nunca vi um app pedir gmail, número e foto do seu rosto para criar uma simples conta. 4. Desnecessário. Se for para assistir video, eu uso YouTube, se for para conversar, eu uso o Whatsapp. Não vicie nisso se quiser viver de verdade.",1
Ótima,5
"app é bom , não trava e nem nada. Mas 1 ou 2 vezes por mês eu tenho que mudar a senha do meu insta , por causa que do nada começa a dizer que a senha está incorreta , sendo que esta salva e copiada !",3
"mt bom, eu gosto bastante, só achei meio difícil de aprender a ussar",4
Essa nova atualização q ainda está para vir de tirar os destaques é simplesmente horrendo,1
Fica dando uns bug,3
Amei,5
Se tirarem a moderação saio sem dó fake news não é liberdade de expressão,1
o Instagram e muito ruim,1
"Este apicativo mui bom, amo😍😍😍",5
Muito bom,5
"Tenho excelentes experiências com conteúdos e vídeos maravilhosos e notícias do Brasil e do mundo, estão de parabéns toda equipe em geral. Deus continue abençoando nossas vidas e que alcance mais e mais pessoas com os conteúdos maravilhosos que possamos vê-los e até mesmo acrescentar para nosso crescimento.",5
De grande ajuda no mundo digital .,5
Maravilhosa,5
Amo esse instagram ❤️‍🩹❤️‍🩹,5
Aplicativo muitooo bom usem,5
Achei ótimo.gostei muito do atendimento muito respeito.e caridade,5
"Mestre de obras civil ,edificaçães",5
achei muito legal o app tem como compartilhar fts vídeos momentos do dia a dia achei interessante,5
Muito bommmm,5
Ótima,5
App incrível amo passar horas no insta,5
Tô gostando muito do Instagram,5
Fica dando bug direto,1
Boa,5
Esse aplicativo é muito bom mesmo qmooo,5
"A censura tá insuportável, espero que ainda isto melhore assunto de esquerda liberado de direita leva blok",2
Interativo.,5
O aplicativo está fechando ao realizar chamada de vídeo. Estou usando a última atualização disponível para o dia 10/01/2025 Galaxy S23 (Atualizado),1
Se o Instagram meter q os destaques fiquem nos feeds eu desinstalo e vou pro snapchat,4
Essa empresa meta é ridícula,1
Muita segurança estão de parabéns,5
Nem dá para instalar 😠😠😠😠,1
O Instagram é muito bom,5
Muito top demais parabéns Instagram você merece tudo de bom,5
Top,5
Muito bom,5
"Eu amo Instagram, pq dar de conversa com os amigos, e fazer várias outras coisas ,não e verdade. O Instagram e muito divertido para postar coisas tabom , e recebe curtidas. E postas coisas nos storys, reels,e muito maism instale o Instagram que vc vai se divertir",5
Maravilhoso,5
Esse whatsapp e bom,5
Muito bom não tem lq reclamar,5
Muita bom,5
Muito útil ❤️,5
Crr meNorz Silva,5
"Mehor aplicativo , amei ...",5
"Muito bom, nunca tive problema",4
Muito bom,5
Não posso comentar nada que sou bloqueado estamos vivendo uma censura ou estamos em uma democracia,1
"Deixem os destaques do jeito que estão, se a gente quisesse no feed, a gente postava.",1
Ótimo,5
Muito bom e fácil de usar,5
Aplicativo muito bom ruimkkk ruim,5
E app e bom mais vai ser rim quando tira os efeitos ele q deixa nois homem mais bonitos,5
"Perdi o meu número de celular que fazia verificação por SMS pra entrar no Instagram e agora não consigo mais entrar no meu Instagram pois não tenho como receber o código, como faço pra recuperar meu Instagram? Tem algum suporte ou número para falar com alguém do Instagram? Eu sei o e-mail e a senha porém quando entro precisa de um código que chega via SMS e não tenho mais o número . Aguardo resposta",5
"Bom demais u aí,",5
Eu uso pra trabalhar,5
Ótimo,5
Não está postando minhas fotos no story.,3
"É muito bom, mas eu acho q a plataforma deveria entregar os conteúdos pra mais pessoas",5
Suporte péssimo.,4
Ótimo 😊,5
Muito bom,5
Bom de mais slk,5
"Acho que o instagram está passando dos limites tipo “tirar os filtros” está banidos as contas, conhece muitas pessoas que as suas contas estão sendo banidas sem fazer nada, estão limitando as contas de seguirem pessoas, e está travando muito. Por favor ajeitem isso antes que piore.",1
Atualizei e agora está totalmente bugado,3
Ótimo,5
Adorooo estar nesse app interagindo com as demais pessoas.,5
Sla,5
Bom mais tem muita gente que não sabe como usar 🙄,5
Muito bom o Instagram sério mesmo,5
Um aplicativo maravilhoso,5
"O Instagram é perfeito uma plataforma perfeita e ótima,mais o problema é que os filtros do instagram vão sair de ar no dia 14/10/2025. Mais fora isso é perfeito.",5
"Tá ficando cada vez mais difícil postar ou encontrar conteúdo que respeite gosto e opinião individual. Só pode postar coisas que agrade a"" esquerda "" Nem carabina de pressão posso postar. E não tem como recorrer da forma correta. Tá ficando chato.",2
Só que não consigo mexer porque tem que bota um código,4
Muito bom,5
"Bom d+, vida longa Mark Zuckerberg",5
Uso o instagram pra trabalhar e é muito bom,5
Ótima,5
O melhor app,5
tô cansado já eu até daria 5 estrelas mas NN dá pq eu crio uma conta NN posto ND só cv's com meus amigos aí no outro dia a conta e suspensa e quando eu vou fazer a apelação NN dá slk tô cansado melhora isso pfvr e um app que eu uso diariamente e toda vês e isso eu já criei 26 conta só essa semana,1
MUITO BOM FALEI COM OS MEUS AMIGOS,3
👍,5
Ótima,5
Esse app é excelente da para conversar assistir e ect ameii,5
Excelente ferramenta de comunicação como as pessoas.,5
Muito bom tem como fazer postage e falar com pessoas proximas,5
Dono do ista não tire nossos efeitos eu teinploro pfvr n tire nosso nenê eu vou more sem eles😮‍💨,5
muito bom,5
"Aplicativo horrível, já faz um tempo que vem acontecendo uma coisa comigo,minha conta foi suspensa por pornografia, sendo que não estava fazendo isso, quando mandei apelação eles falaram que em 2 dias eles dariam notícia, já se passaram 4 dias e não recebi notícia nenhuma, e todas as contas que estou criando estão sendo suspensas, e quando faço apelação delas não recebo notícia, queria que o Instagram corrigisse esse bug porque já esta ficando chato.",1
Muito bom 👍,5
"Depois da última atualização aparece sempre a mensagem ""dificuldade de configurar em português "". Isto se repete com frequência. No mais, o APP é bem legal O app tem melhorado, agora ainda mais com a expectativa de parar da luxação de saco do governo brasileiro e aderindo a ""liberdade das expressões"" de forma mais objetiva.",5
Ótimo,5
Acho a APP muito legal,4
Show,5
Excelente,5
O insta tá travando muito quando eu posto vídeo precisa melhorar a qualidade deixar um pouco mais alta,5
Excelente qualidade,5
Aplicativo pessoas que é da minha família escondido também,4
Melhor aplicativo do mundo 😍😍😍😍😍😍,5
Melhor app,5
É ótimo,5
Boa,5
Bom demais,5
Melhor opção de divulgação. Excelente visualização,5
Top,5
"Aí eu gostei, mais eu não consigo criar mais uma conta, tipo eu tenho só uma, pq o Instagram não deixa eu criar uma reserva 🙄",2
Maravilhosos,5
O melhor aplicativo,5
"Últimamete o Instagram está horrível, to quase deixando de usar só passo raiva com esse app ele não salva vídeos a maioria das vezes tento postar algo no storys e super difícil não vai eu posto umas 5 vezes pra uma postagem da certo ,fica só dando erro em tudo q a gente vai fazer ,e não só eu mais já ouvi de muitas pessoas que o Instagram tá ruim de mecher que está dando muito erro .. se continuar assim vai perdee um monte de usuários ..lixo.",1
Muito bom usar o app!,4
Eu amo Instagram,5
Muito bom 😊,5
Aplicativo está horrível está removendo várias contas do ar sem motivo isso aconteceu comigo 2 vezes e com meus amigos também.,1
muito bom ....uma ótima ferramenta de venda.,5
Esse app e o melhor que tem recomendo muito,4
"Amei o app mto bom,tem efeitos maravilhosos,etc!😍❤️",5
"Ótimo app, porém tô tentando criar uma nova conta a dias e sempre diz que tá invalido. Tentei vincular essa a conta a minha original e não carrega, tentei colocar meu número de telefone e diz que esta invalido, criei um novo email e sempre diz que o código está invalido, sendo que é o mesmo código que recebi por email! Resumindo, não consigo criar uma nova conta, mesmo fazendo tudo certinho, e isso deixa a minha experiência no Instagram a desejar, por favor consertem isso!!",3
Muito satisfatório,5
O aplicativo não tá carregando,5
Top,5
Top,5
Curioso,5
Muito top,5
"O story demora muito pra carregar ....as vezes tá aparecendo para as outras pessoas mas pra mim não, e as vezes acaba postando duas vezes o mesmo story , tá todo bugado....",3
O Instagram é incrível muito bom para conhecer novas pessoas,5
Maravilhoso,5
Eu gosto muito de interagir com pessoas e postar meus conteúdos também me faz feliz.,4
Nunca me causou problemas.,5
"O ruim é só os golpes que aparece,e as propagandas enganosas",5
amei O app super recomendo,5
Rádios Metropolitana sp,5
esse app e muito bom👏!,5
"Aplicativo é eficaz e clássico, recomendo",5
Ótimo,5
Eu acho que deve melhorar muito,2
É o melhor de todos,5
"App ruim!!! O feed só fica carregando como se a internet estivesse ruim, mas não está. Aplicativo sem fluidez e sempre com a mesma aparência. Ganha uma estrela, porque não tem como dar zero.",1
Excelente app parabéns!!,5
𝕄𝕦𝕚𝕥𝕠𝕠𝕠𝕠 𝕓𝕠𝕞❤️❤️,5
Muito bom 😸,5
Muito bom,5
Muito bom mesmo 😌,5
Aplicativo é bom,1
Exelente,5
Muito bom,5
"Muito bom, ótimo",5
Muito n tem oq falar e muito bom n é muito pesado esse aplicativo é ótimo,5
"Um APP muito bom, porém tem grandes partes que dificultam o acesso como. Se o celular estiver quebrado, não tem como deitar a tela para escrever",3
Ótimo,5
Que mer de aplicativo é esse? Eu estou tentando colocar uma música no meu perfil e ela não fica.,2
Só posso dizer que é realmente o melhor,5
Muito bom,5
"Instagram está horrível, quando vc quer sair de um story ele simplesmente! Isso é horrível",1
Minha conta foi suspensa definitivamente e eu não entendo o porquê. Já tentei criar outras e as suspensa do mesmo jeito,1
Eu quero saber mais,1
"Ótimo, passo o dia todo no Instagram ❤️",5
é muito bom posso até fala com os meus amigos e é muito útil achei muito bom é legal,5
Estagiando c confiança do Donizete.kk,4
Muito bom mais tiraram a atualização de colocar músicas na nota por isso 4 estrelas mais e muito bom os efeitos tudo muito bom maravilhoso,4
E muito bom,5
É muito bom,5
O Instagram e um ótimo app não tenho o que reclamar,5
Muito bom está me ajudando muito principalmente com meus conteúdos,5
Muito bom esse aplicativo amei ele,5
O APP é muito bom. Mas é claro que tirando essa atualizações bestas que sinceramente não é bom. Ao invés de fazer atualização besta que não serve pra nada faz algo MELHOR do que isso. Algo que todo mundo goste porque Se continuar assim muita gente vai deixar de usar o Instagram falo por mim. Mas enfim ele é muito bom de se usar. Mas tratem de melhorar ele logo.🤨,4
Está sendo incrível me trás muito retorno obrigada,5
Parou de funcionar,1
Um lixo.,1
Liberdade de expressão já!!!!!,5
Ótima!,3
E bom,5
Muito bom,5
Muito bom,5
Muito bom!!!,5
Ele é bom mais o problema que ele está dando ba em todo mundo!!!,2
"não tenho nada a dizer instagram é muito bom, e espero que continuem assim❤",5
Bom demais,5
Muitos parabéns,5
"Minha conta foi hackeada, como faço para recuperar?",1
Muito bom esse aplicativo,5
Muito bom adoro usar o aplicativo pra fazer postages e rels,5
Estou brincando é muito bom,5
Amri 🙌🏻🌸🌸🌸,5
Muito bom,4
"O app é muito bom, mas devia ter uma pasta em cada perfil colocando ali apenas as lives que passaram. Por exemplo: Tal artista fez uma live, maravilha, mas eu perdi, é só entrar no perfil desse artista que teria essa pasta de lives que ele fez. Só uma ideia mesmo, mas seria bastante útil",5
Ótimo,5
Boa,5
"Muito bom tanto o Instagram em sim ,tanto no efeito 🥰",5
Amo vcs,5
Muito bom,5
bom,5
Muito bom 👍,5
Não está funcionando corretamente,3
N sei,3
Muito bom e muito legal,5
Muito bom,5
ÓTIMO eu amo esse app,5
Bom,5
MT bom,5
Muito bom 5 estrela,5
Eu acho muito mais para estalar o aplicativo demorar muito mais tirando isso e muito bom sim,5
Amo usar o Instagram !,5
Não sei o que fazer mas todas as contas que eu estou fazendo está sendo suspensa queria saber o motivo não aguento mais ficar sem Instagram,2
Legal,5
"É bom, eu gosto!",5
😍😍😍optimo,5
Muito Bão,5
Bom,4
Legal,5
"Até agora amando... Experiência única!!!! Pra alcançar Clientes rápido, esse é o app",5
"O insta é um app interativo, dinâmico e atualizado, mas precisa deixar um pouco de lado essa cousa de querer lucrar a todo custo, pois eu vejo muitas publicações que não condiz com o app e muitas vezes ao meu ver, são ilegais, mas que por dar lucro, são permitidos, mesmo com as denúncias feitas pelos usuários deste app. Já vi publicações boas vcs retirarem e falarem que a postagem fugiu das regras da comunidade e nós alertam e avisam que podemos até perder o acesso devido a isso. Vamos ver isso.",4
Recomendo a todos dupe bom,5
Muito bom,5
Ótimo app atualizações valem muito apena a gente percebe na hora as mudanças de mais obrigado Instagram por não atualizarem só pra almenta os Mb,5
😁,5
"App muito bom , excelente",5
Não tô conseguindo entrar no aplicativo 😞,2
"Não tem app melhor que o Instagram, SLC muito bom",5
Discriminação contra o ser humano,1
Muito bom super recomendo pra todos mundo,5
Bom,3
Mto bommm esse App... amo dmais... continuo a dizer ... é o melhor !!! Amooo❤️❤️❤️,1
Só não quero que apague meus vídeos,5
"Suspenderam minha conta, não sei por que AGR não consigo acessar mais nada da minha conta, vocês poderiam me ajudar a reativar minha conta?",1
𝕄𝕖𝕦 𝕒𝕡𝕝𝕚𝕔𝕒𝕥𝕚𝕧𝕠 𝕡𝕒𝕣𝕠𝕦 𝕕𝕖 𝕗𝕦𝕟𝕔𝕚𝕠𝕟𝕒𝕣 𝕡𝕢 𝕖𝕦 𝕥𝕣𝕠𝕢𝕦𝕖𝕚 𝕕𝕖 𝕔𝕠𝕟𝕥𝕒 𝕖 𝕟ã𝕠 𝕔𝕠𝕟𝕤𝕚𝕘𝕠 𝕒𝕔𝕖𝕤𝕤𝕒𝕣 𝕟𝕖𝕞 𝕦𝕞 𝕟𝕖𝕞 𝕠 𝕠𝕦𝕥𝕣𝕠,2
O Instagram até que e bom mais utimamente tá com muitos bugs tipo as pessoas seguem aí quando vamos seguir de novo de que nossos negócios foi bloqueado que é pra tenta mais tarde entao isso tá ficando muito chato eu peço pra vocês da base do Instagram resolve isso por favor,1
Perfeito!,5
"O app é ótimo, só que não tô conseguindo fixar mais de um comentário.😕",4
Muito bom,5
Instagram tava mendingando 5 estrelas então eu dei 5 estrelas :-:,5
(2016) Tudo de bom! ♡ (2019) Três anos depois.... Continuo achando tudo de bom! ♡ (2025) Continuo amando! ♡,5
E um otimo app muito bom😊,5
Otima ferramenta de marketing para seu negócio,5
Muito bom msm gostei nem palavras com um App desse e muito bom msm,5
Melhor APP de tpdos,5
App maravilhoso.,5
Terrível,2
Gosto muito pq dá pra conversar com os amigos criar grupo mandar emojis muito bom,5
Bom,5
Aplicativo 👍,5
excelente,5
Ótimo,5
Ótimo demais,5
Quero desinstalar não deixam porquê obrigado,1
AQUI VEJO VÁRIOS VÍDEOS INTERESSANTES,5
"Só enche o saco,coisa de desocupado",1
Muito bom mesmo 😃,5
Perfeito melhor aplicativo 🤍🤘,5
Uau q aplicativo bom,5
Não estou conseguindo fazer uma conta pois diz que a página não está disponível.,2
Simplesmente não estou conseguindo acessar a minha conta do Instagram.,1
"Hoje tentei logar de um outro cel e simplesmente não consigo pq diz que não tem nenhuma conta com o nome ,tento procurar minha conta por e-mail,número de celular e da erro...",1
Muito Bom,5
Eu amo ❤️❤️❤️,5
"Está Ser O Máximo, Apesar De Ser Um Pouco Complexo, Mais Com Tempo Hei De Me Adaptar Melhor🤝",2
Gosto!,5
Eu amei,5
Maravilhoso,5
Legal mas meu Instagram não está dando para baixar,2
"O Instagram é o APP q sempre uso, ele é ótimo!",5
"Perdi o acesso a minha conta do Instagram e só depois que a pessoa já tinha trocado meu email e senha recebi um aviso Não tive suporte nenhum nem uma ajuda sequer do Instagram. Quando tentei recupera minha senha meu perfil do Instagram foi deletado. Descaso total, já é a segunda vez que isso acontece. Não pretendo mais fazer uma conta. Um lixo esse aplicativo. Qualquer um pode chegar e rouba suas informações e o Instagram não faz nada. 💩💩",1
Muito bom,5
Ótimo,5
Horrível essa prr se apaga os destaques os storys some só volta dos de 2 dia fica FD tá um lix0 esse Instagram,1
Muito boa top recomendo,5
