review,rating
"I’ve used Uber for a long period of time and it’s worked for me.  However on 2 recent occasions I’ve been hit with a fine for allegedly not being at the pick up points to meet the drivers.  The first time was a few weeks ago at LAX. I was in fact standing directly in front (within 24”)of the LAX international departures pick up point that I’d specified when booking. There were plenty of parking spots at this meeting point. However I discovered the driver had parked 20 metres away behind SUVs and I couldn’t see him in the throng. Uber hit me with a fee for not being on location !!  The 2nd time was a few days later in Canberra. The driver come to the opposite side of the pick up point on an 8 lane boulevard and parked.   I couldn’t see him or cross because of trees and traffic.  So I got hit with a $10 fee for not being at the pick up point.  It seems this is being used as a top up device by Uber and/or drivers to cream additional money from customers.  Beware !!  

Theres just been a 3rd time. Rajesh the driver stopped a good 30 to 40 metres short of the pick up point. I had to walk through the traffic at night to find him. I told him this politely, his response was hostile and arrogant and he rated me down in the customer rating system.  This is either a scam or the technology doesn’t work or some drivers are wilfully passive aggressive. I guess we will never know which.",5
"Fabulous especially when in a town or country you are not familiar with so that you don’t feel you are ripped off by taxis ‘negotiating’ (telling you an outrageous price because they know you are a tourist) because you can’t speak the language - instead the app is the same worldwide. 

Only have had one bad experience when Uber driver refused the fare after accepting because she realised the fare was to the airport and didn’t want to pay the toll in Melbourne yet I would be paying as the customer. She waited and wanted me to cancel and I said no but I was charged a cancellation fee for not showing up - Uber help via the form was very helpful and reversed it as they could see via the app that I waited and immediately requested another Uber once the other one cancelled. I believe there is a help line which I will use immediately if ever this happens again. Thankful I left plenty of time to go to the airport and there were lots of Ubers…the next driver said it is a common thing to have issues with driving to the airport but he said it really shouldn’t be as he has always had a return ride from the Uber waiting area at the airport. This has not put me off and I have used Uber in many countries.",5
"I have had problems with purchasing Uber Gift Vouchers and trying to create a new account to then be able to  access my purchased gift vouchers credit,

The system would accept the gift vouchers but I could not initiate a ride  (credit Acknowledged by Uber & copy receipts of purchase submitted to Uber) after a week of receiving, what I believe generic responses & run around! A week later & after being put through many time wasting hoops by a supposed support system (you cannot talk to anyone in Australia to try & navigate through the issues with the app) - you are then asked to submit personal information through a NON SECURE PLATFORM  certain information  from specific info from your  credit card & Photo ID’s with no idea  who, what & why they are indenting to do with this information??
At the end of the day, Uber is holding $500 Australia gift vouchers of my money purchased in good faith &  I cannot access to initiate a Uber ride unless I supposedly put my personal identity at great risk to supply them what they want (possibly another hoop) through a platform that is not secure or encrypted! 
Be very aware people! & be aware of my experience with the app & gift vouchers!",5
"Uber needs to be tougher on drivers. Had a driver last week confirm he picked me up while I was still waiting at the pick up zone and I could see on the map he never came anywhere near me. I watched on the map as he drove down the road, ended the trip nowhere near the drop off and I was charged the full amount for the trip! Put in a request for a refund but that takes 7-10 business days to go back into the account. Surely if Uber tracks both driver and passenger locations it should be pretty obvious that he left me stranded. Then today I tried to get a ride, waited 15 minutes for someone to accept the ride only to cancel a few minutes later. Once you accept a job you should finish it unless there’s an emergency, and in that case they shouldn’t be able to accept another offer for a time. This app used to be a great alternative to overpriced, scammy taxis but now they’re just as bad and nearly as expensive, pulling all the same bull that taxi drivers do.

Update: still cancelling. Taking an hour to get a ride. Got cancelled on 4 times with ridiculous wait times and still costing me $45 to get to work. If you get cancelled on more than twice you should be prioritised, driver should have to contact to cancel and you should get a heavy discount. I’m just trying to get to work and lazy drivers are going to cost me my job in that case I will sue for lost income. Fix this app.",1
"Uber was once a reliable and convenient service that I used with great satisfaction. The ease of booking and the consistently excellent service made it my go-to choice for transportation. However, I regret to say that the quality has deteriorated significantly over time. These days, booking an Uber has become an exercise in frustration. More often than not, my rides are canceled, and I find myself waiting for extended periods before finally securing a trip—usually by the third attempt. This level of unreliability is incredibly disappointing and has led me to seek alternative transportation options. The introduction of UberPet was something I initially welcomed, as it seemed like a great solution for traveling with my furry companions. However, I've experienced similar issues with this service as well. Rides are frequently canceled, making the entire concept of UberPet feel pointless. It's disheartening to see a service that was once a shining example of convenience and efficiency fall so far from grace. Uber needs to take urgent steps to address these concerns and regain the trust of its customers. The decline in service quality and the unreliability of both regular Uber rides and UberPet has led me to stop using the platform altogether. I hope that Uber recognizes these issues and works towards the improvements necessary to restore its reputation as a reliable and convenient mode of transportation.",1
"Guess what, Uber is manually controlling trip requests now, that means the closest driver do not get the trip from the closest passenger requesting, passengers would have experienced that, that they often don’t get the closest driver. Price surge on Saturday and Sunday mornings are not due to high demand, but due to the lack of drivers in the area, (Drivers normally work Friday and Saturday nights till mornings then go home for rest, Uber sees that there’s not many drivers left in the city, Uber surge the area they want to, to get drivers and make the passengers pay for it, that’s why surge disappears when driver makes it to surge area, once Uber knows there’s enough drivers in that area, Uber make the surge disappear, you as a driver see surge is gone and left waiting for hours without getting any trip but you don’t wanna go home, ever wonder why? I will leave it to you. 
Now for the passengers; there are always more drivers available in the area than the trip requests made by passengers in that area, yes any time anywhere, you as passenger are paying more for nothing. I have to be honest Uber does not do this all the time, but at least 80 % of the time. There’s so many other tricks they play like geo fencing, constantly sharing your data etc, As a human being i had to share some of their tricks, you want cheaper rides but constantly giving away your freedom, your future and your kids, just like once upon a time the bankers fooled us and now we are stuck.",1
"I don’t like how I planned on going to work and I tried to get an Uber but my card declined but I had money in it , it was honestly so stressful needing transport ASAP to get to work on time but there was some problem with my card apparently. The problem was so terrible that it wouldn’t let me get a ride , I tried contacting Uber support on facebook and they couldn’t fix it either . Firstly I tried logging into my Uber account by putting in my number and it said my account was disabled, I couldn’t log into my account so I decided to log into my friends accounts and add a payment method of my card and tried to get a ride and some issue came up saying “ oops, something went wrong. VISA-1234: Your payment method is invalid, please update your billing settings”. This was the time when I needed Uber urgently and it wouldn’t work . I even added my friend’s card to my account to see if that payment method would work and still, the same issue came up saying “oops something went wrong”. Like I really needed to use Uber and it wouldn’t work it was so stressful I literally lost a 10 hour shift tonight because Uber wasn’t working for me. Anyways I need my account to work because I love Uber and my past trips were always on time and quick so I would really love for the staff to fix this problem immediately so that I can happily use Uber whenever I need quick transport, thanks from Sarah.",2
Sorry Garry but you are there to provide a service to the paying customer. It is not a social interaction unless they want it. People ride Uber or Taxi to save time and to get things done in the trip they can’t do on a train. If they want to talk the whole way to their friend it is their choice as the customer. I acknowledge it may seem rude and I myself would not behave in this way but not everyone has manners. I’m a driver also. I follow the lead my customers provide when getting into the vehicle. If they chat I chat also but always keep it professional. I was an Uber passenger in May and on a long journey home and welcomed the chat from the friendly young driver until he became unprofessional and my trip in the front seat was uncomfortable and upsetting as he spoke inappropriately to me a passenger who could have easily been his mother. My son would not have been happy if I told him what he said. I live alone and he knew this because he cunningly asked in what seemed like passing time when he was scoping my domestic situation. He had my address and offered to come back some time for an experience with what he said “a beautiful older woman “. My work had paid for the Uber home otherwise I would have gotten out. It’s drivers like this and experiences like this that cause passengers to keep to themselves.,2
"Until today I have had only fairly positive experiences with this service. Ok the quality of the car, music and conversation may vary but it’s been a fairly smooth process to date.

Then today I book a car who is 2 mins away, drives straight past me ( ok that can happen) but when he realises he turns the corner ( all I have to do is cross the road to get to him) and rather than wait or call he does a u-turn ends up in a situation where he can’t then turn right where he needs to, I call him to say I can see you stay there I’ll cross the road but he tells me he’s going around the block and he ends up exactly where he was before unable to turn right. I explain if he stays where he is I’ll come to him. But know he again tries to go around the block with a few extra detours this time and he ends up 15 mins away. So after 18 mins he cancels the pick up and I get charged $10 cancellation fee.

Yes, I can claim it back, but I should never have been charged this fee in the first place. I’m the one who should have received the $10 for the inconvenience of a total 30 min pick up time when the car I initially booked was 2 mins away.",5
"Very disappointed with the way Uber has hidden the surge pricing now. It used to be very clear what the surge amount was and you had the opportunity to accept or decline it. Now it’s built into the fare estimate which is ok if you know how much the basic fare would be and can calculate how much the surge amount is to then decide if it’s reasonable value or not. When it’s especially NOT ok is when you don’t know what the basic fare should be (eg. visitor or tourist not familiar with distances in a new place) and you just have to accept the fare even if it’s a high surge amount.
I understand the business logic in having surge pricing but I don’t like the way it’s being hidden instead of being clearly displayed like it used to be. Drivers don’t seem happy with the way it’s going either. 
Uber was a fantastic idea and still can be if they stop being deceitful and greedy to their clients and their drivers. Please Uber, put the surge pricing back in a prominent place on the app like it used to be. Aussies (especially) don’t like being tricked or cheated and we’ll change to other transport options if you keep doing it the way you are.",4
"I take the same trip home-work and work-home. I pay Apple Pay and it shows one price. Even with no traffic some drivers add some unplanned $5-$7 for the trip. Uber should show exact price and punish the drivers who only think how to get some extra money from customers. If one price shown, should be the price. Same trip, same no traffic at 5am in the morning and some “honest” drivers add additional money, some of the drivers not. The problem is I can’t report it. There is no customer support when drivers charge extra. Technically there is support, but no one is able to submit anything. It’s always 404 mistake and no page. Is it fraud or how else to explain? It must be an option tho report drivers who charge extra money from nothing. They probably add extra traffic when there is no traffic, etc. Uber don’t care about the customers. Why do you allow to charge extra money over the first payment? Why don’t you have customer support. There is no working email to contact customer support. There is no working customer support on the web site. Anyone, please, google customer support email or any other methods to contact anyone from Uber. Good luck. Error 404 will be on your screen.",3
"I requested a ride after visiting the Hellenic Club. Having confirmed what seemed to be the usual HC pickup point , I was informed that the driver would arrive in 1 minute. However, after 2 minutes there was no sign of a car with the correct plate, and the map appeared to indicate a point outside the HC car park, so I left the pp to try to find the car. After 5 minutes of walking, the pp appeared to have changed back to the main HC entrance, but when I got back there there was still no car. I was then informed that the car had left. 
Previously I had a similar experience at my home address when I informed the driver that I was now unable to take the journey when he pulled up. I noticed that the car remained outside my house for a further 5 minutes before driving off; presumably to claim $10 for having to wait. This sort of behaviour is dishonest, and brings Uber into disrepute. 
For a pp like the HC, using a phone to book as most must do, the notification by map only and confirmation is insufficient, and needs to be enhanced by a description:”at main HC entrance” or similar. Staff at the HC confirmed it was common for some drivers to refuse to enter the car park, and to insist on a pp outside the car park entrance. This behaviour leaves a very sour taste in the mouth, and needs to be improved!",1
"Last time my driver made a dangerous drop off without fully ready to brake, and turned out he almost released the brake while i was still walking one of my feet out of the car. It was pretty unexpected stop I would say. And the customer service unlike DiDi, didn’t ask for any apologies initially and didn’t positively admit their mistakes or give a coupon like DiDi which impressed me a bit.
This time the driver didn’t even read the updated drop off destination, and he dropped me to the opposite street which made me walked extra 5 mins to the destination I wanted. He insisted that it was the right one, and I can see the fee already raised another 5$ due to new fee changed by time. But the drop off location was still wrong the same one. When I reached out to customer service this night earlier after I received bank notification that another Uber ride fee is pending…?????? Like a couple of hours later? Who gave you the right to use my bank transfer? It’s not even an hour after the ride. It’s not my responsibility to do wrong drop off ok. And when I reached out just now, one of them called GAURAV simply ignored my feedback and my photos of bank transfer, and my broken skin after falling because the drop off was not safe when walking into pedestrian way. Omg the training was a thing.",1
"It was good. Sometimes it’s the better transportation option. But nowadays since the prices have doubled at certain times due to ‘increase in demand’ a taxi is better or even the bus. Just annoyed that from where I am it use to be around $30 to the city but cos it doubles I now would have to pay approx. $70. The taxi’s don’t even charge that much. Just disappointing that this was supposed to be a better alternative but I have to make it my absolute LAST option if I absolutely cannot find any other means of transportation, even then I don’t think I’d still be desperate enough to use Uber anymore. 

The amount of times I’ve had to cancelled trips because drivers would stay in the same position for 20 mins with no movement to my location. I understand they may be caught up, but I have places to be and 20 mins waiting WITHOUT knowning if they’ll come is ridiculous and I can’t even get refund because it has to be cancelled within 5 mins. I’M SORRY for not knowing that would happen 🙄. 

The next thing is the fact THEY DON’T look for drivers NEARBY! All my requests have been given to drivers 15-20mins AWAY from me so I’d have no choice but to wait or CANCEL only to request again but have THE SAME PROBLEM AGAIN BECAUSE THE DRIVER ACCEPTS IT AGAIN SO I’M HAVING TO STILL PAY A HUGE SUM OF THE CANCELLATION FEE!",1
"I tried to speak to Uber multiple times about fixing my account as it was not splitting fairs. They gave me a list of things todo, all of which I did and then was told there was no issue with my account. Surprise surprise, when I go to order an Uber it fails to split with the people selected. I asked them to look into it and refund the ride as they had not fixed the issue in the first place. When getting a response through their “help” line, I kept on being told that it was my error and I could not retroactively split a fair, which is exactly not what I had done as you cannot do that. The fair alike all the other times before failed to split whilst in the ride. It was as if no one was even reading the messages I sent them, more an automated response picking up on key words. When I called the hotline they pretty much told me to hang up they cannot help I have to use the app despite not no one actually reading the messages. I was then told if I wanted help by a person go to the green hub, which I would have to pay to get there myself and go in office hours. To me it was a simple fix refund the fair and reset the account, but they obviously aim to give you the run around so you forget. Well OLA has been downloaded.",2
"Today we were told I am banned from the app with no more response due to the following incident. The driver has had 0 consequences so beware!! We ordered an Uber home when I asked to pull over as I felt ill. The driver declined until my partner insisted. Despite being asked to leave with full fare paid the driver did not and demanded cash from my partner saying I was sick in the car which I wasn’t. Uber sent me his pics and there is no evidence of this, despite this paid the 80$. The driver threatened to call police but did not, he called another driver and they both yelled at my partner for cash until we both left. We caught a second Uber home without incident. The next day we were told I was banned as the driver said my partner assaulted him physically according to Uber which is completely untrue. We reported the false accusation to police and provided Uber with the report number. Didn’t matter to Uber banned any way with no consequences to their driver. Horrible driver, horrible customer service. We are not the type of people to do this to a driver and are considering taking this to the ombudsman. We are also considering taking the driver up court over his false allocations and fees. In my opinion this company has no regard for its regular customers and no support if you get into trouble!",1
"I use (used) Uber a lot. I’m always running from one meeting to the next, and I’m never home so I request Ubers every day. In the past 3 months, I have only encountered BAD EXPERIENCES with Uber.
Uber drivers who keep calling you and messaging you to find out where you’re going so they can cancel the trip (and no punishment for their poor behaviour), drivers who are rude and lack of cars in CBD MELBOURNE. What an awful experience for anyone who uses your services on a daily basis.
Then there is NO SUPPORT NUMBER to speak with when your drivers are treating us like garbage. Where is the support? An email? Emails that you NEVER hear from them. Where is the system where drivers get penalised for cancelling a trip after 2 minutes, or when we’ve been waiting for 10 minutes and they cancel on you? How about reenforcing punishments on that?
I used to be a massive Uber fan. You guys have seen A LOT of my money, but quality in Melbourne has DEFINITELY gone worse. A LOT worse. I have downloaded 3 other car services and you guys won’t be seeing my penny anytime soon.
Get your drivers and your services to have a better standard. Get a better “support system” for the customers, because there’s a lot to protect the drivers but not a lot the people who are keeping this company open and running, us customers.",1
"I had a ride from home to work. The driver was talking to someone over the phone the whole time, even when I greeted him, he did not responded. The ride was still carried on. He dropped me off at my destination but still took my trip away (did not clock me off). I did not realised it after a while. When I looked at my phone again, my trip was still continuing (was at a random place) which I had to cancel the trip as I did not know what to do. After that, i was charged a cancellation fee which made me file in a dispute to Uber help. However, my account was locked after that. At this point, someone from uber called me and explained that the driver filed a complaint that I had a inappropriate behaviour and touching. I tried to explain that I always sit on the back seat, and why would I do that while was on the way to work. Besides, how can a young international girl student do that? I would never think of that. After receiving some emails that saying they are reviewing on my case, they sent me the final email said do not contact uber again. Are you serious right now? On what evidences, you accused me on doing that behaviour and believed whatever the driver said, not me? I am truly upset about the way you handle the situation.",1
"Uber driver accepted trip, when I contact him he says it’s too far and requests to do a cash transaction or to give him a huge tip. I actually checked the trip earlier and got an estimate of $160. I was first charged $245 and then an extra $49 was taken off my account without my permission. It was midnight and I didn’t even know how to do that. Uber driver was very rude and I had to beg to still do the trip. By the time I convinced the driver to just stick to the task and price my parents had lost their wifi connection and were at the passenger pick up. The uber guy then told me it had to be the uber pickup. He then got angry that I had been waisting his time and that I would need to pay extra. With me almost in tears as my father’s got Alzheimer’s and is not easy to travel with I begged the uber guy to go where I said my parents were waiting for him. He eventually did this and found them. If he hadn’t have waisted time to try and cancel the drive and do it in cash and complain about my address I would’ve been able to tell my parents where to go. I think it is disgusting to be treated like this when I pay $85 more than initial estimate and gave a $20 tip.",1
"I always schedule my trips ahead of time so that I don’t have to wait to see if an Uber is near by. Have had multiple problems with Uber but today was the absolute tipping point for me! I scheduled a ride and the screen in front of me said $9-$11 for the trip coming up. After the ride was over I get a charge of $29 to my bank! A surcharge! I was never informed of this surcharge before the ride reached my house because if I did I never would have got in! The ride only took 8 minutes! And to make matters worse uber won’t rectify that surcharge! If you say a ride is $9-$11 keep it at that price you said it was going to cost or actually let us know how much it would really be! Totally misleading and completely ripped off. And just the day before I had a ride with a driver who was checking his phone whenever it went off, barely looking where he was going and almost got us into a car crash! Do you know what Uber said? “We’re sorry that made you feel unsafe” are you kidding? Not even reimbursed for the reckless driving of this person they allow other people to get in the car with! Unbelievable Uber. You’ve really lost your high standing stature and customer service. Appalling.",1
Last Saturday night I ordered and Uber to pick me up in Park Street MOONEE Ponds The drive came 10 minutes later which was good but he drove straight past me dinner U-turn drove straight past me again and stopped at the road I tried to Hayley and down couldn’t so I started walking towards him It took me A few seconds to walk up the street by this time he took off and I couldn’t do anything about it. So this annoyed me I had to arrange another Uber who came within 10 minutes and pick me up that is very good but the problem is you charge me $10 for someone I had to walk up the street for and took off on me so I am not very happy I think yellow cabs is the option for me again the night was Saturday 20 April 2019 approximately 10 o’clock at night not 100% on the time but if you check your logs I am pretty sure you can find it to cat came to the same address designated to CROWN Casino I hope you look into this because I feel cheated STEPHEN BORRACCINO thank you,5
"Some how the street I was heading it didn’t show up on the Uber app map so I just put the suburb and as soon as I was in the car told the driver that, and to not to worry because I knew where I was going so I will indicate the way while we where in Brookvale. At least he new that suburb to go but to my surprise, next block he was going to turn right which I kindly said please continue straight, I have no idea why the GPS is showing you that way and he reply very angrily if I new where I was going or not? because he’s GPS was showing other thing, to what I calmly reply yes, I told you so when I was in, and then he try to turn left to the other line in order to go straight, he did not see a car coming and we almost crashed, so he got even more agitated, hit the dash board with his hands, very hard and I was seating next to him as I had to sit there as his car has only 2 doors, so being so close to him, seeing him so angry and hitting the dash it really got me scared! Kept my calm, kept giving the directions and thank God it was closed! I’ve couldn’t survive a long trip with him being angrily and hitting the dash board and Who knows what else! Have used Uber 3 times know, first 2 times got very nice and kind drivers, but this one pathetic!",1
"When trying to order a car from myself, partner and pup, my card was decline on multiple accounts. Thinking this was just an overdue fee, I paid it, card being successfully charged. So therefore I thought problem solved ! Much to my disappointment, I was still unable to use my card. Trying to go around this issue and make it work, I went to the store and bought $175 worth of gift cards in hopes to avoid an more time wasting as I had been battling for over an hour to figure this out. Even after getting the credit on my account, I was denied the ability to book a ride. So in a desperate cry I called my friend and borrowed her card details to see if it was just my card being banned (as it wouldn’t work on my partners account either) but alas, this didn’t work either and I had to give in after 3 hours, leave my pup behind, run late to my partners parents birthday party, go with a different driving service and waste $175 to not be able to catch an Uber. I’m so extremely disappointed and would’ve called a customer helpline but they don’t have one and only offer assistance to their drivers. I’m so outraged and expect better from such a big and well known company.",1
Haven’t even opened Uber app in a months but had an Uber driver pinpoint my exact location and try to coax me into car. He showed me my information onscreen for a booking . After saying I wasn’t the right person & getting the hell out of there thought it was very odd he took off & not wait for the right person if it was a genuine booking . Tried to report to Uber who told me to contact their special police operations unit especially set up for Uber Australia which of course doesn’t exist. Then told me I could only confirm activity against my account if police here put a report request into the Netherlands! Claimed they where in Australia but calling me from numbers routed through Paris. Seems pretty obvious with other information best not to disclose here that it appears Uber are trying to make sure they don’t loose money on their 20% off if they don’t arrive in 5 minutes campaign by stalking customers locations 24/7 overriding their own location settings based on typical trend start/end trip locations. Sure you’ll get an Uber in 5mins because seems Uber are tracking you’re every move with cars lurking & watching you to be right there if you book a ride!!! Creeeeepy.,1
So the other day I bought a ride that was $35 but when I scheduled this ride they came early they came 10 minutes early when I scheduled it for 820 they came at 8:10 we didn’t leave the house till 820 because we scheduled this ride for a certain time for purpose and then when we went out to ride our Uber he charged us $42 for weight time fees when we were in the car but 820 as our schedule ride was supposed to be so I texted over and asked Uber for a refund they said they gave me a refund but I haven’t been given a refund so they’re lying this is so unprofessional and I’m not happy they obviously don’t communicate and this is just very frustrating because I have a set amount of money for an Uber for it to change price when I’m out of the Uber this should not be ok and not happen I understand that some people do take a while to get in the Uber but in this case we scheduled our ride at 8:20 we got in our ride at 8:20 though it’s the Ubers fault for coming early on our scheduled ride we told him to come at a certain time not 10 minutes early so that should not be our fault and we should not be charged for that he shouldn’t of came early.,1
This is so disturbing By uber Im a driver and driving rideshare is my full time job as everyone started suffering during this Coronavirus pandemic as a uber driver due to lack of jobs and risk factor I also started suffering but without I needed to keep doing what I can because of my family present health conditions and couldn’t find another job ASAP...the worst part comes now as many uber drivers requested uber to lower down their commission rates just during this pandemic in reply everyone got robotic and helpless answers were given by uber but during the same time uber was trying to make drivers to only drive for them in sydney by giving 5% commission which we brisbane drivers begging and I got to know to by by some Sydney uber driver posts in facebook or else I could never know that after beign with uber for 4years now I hate uber with my whole heart but still couldn’t avoid driving for only reason no other rideshare company in the market have major share of jobs like uber.....fyi uber offered help if the driver manages to contract coronary ...so technically I need to find someone who has this virus...so that I can feed my family for 2weeks without any worries,1
"If I could give negative stars I would, a full negative 5. With a help menu that is incomplete, backwards, loops on itself and is anything but helpful and orders that can just disappear out of the history, never be delivered, make you wait 30 mins thinking your order is on the way only for it to mysteriously cancel and then disappear except from your bank records where it’s still logged but the money definitely disappeared as well. More then once has Uber eats let me down with food and that is one thing you don’t mess with. A persons food. Now I am hungry and angry and broke because I chose to pay the inflated prices and fees found on the app to get my food delivered to save time while I worked. Instead it’s left me hungry, with no money, and no way to work out what the hell happened to my food or my money. Not good enough. Lucky for Uber it’s only an online app, unlucky for the local store that has become entangled in this web of deceit, I know where it is. Avoid unless you like wasting excessive amounts of time for deliveries, money on fees and artificially enhanced prices, and taking chances as to whether you will even get your meal at all.",1
"To legally cover their back, regardless of where the passenger is waiting, Uber will be showing the nearest legally allowed stop as the pickup points. Will not update the customer of this, to keep their goodwill. Will not update the driver either. Driver will be waiting elsewhere causing frustration and cancellation at the customers cost, because the driver has did his part. If the driver manage to resolve the issue, and found the right location to pickup, then anything going wrong, Uber is covered, and all will fall back on the driver for making his own call. So customers, be careful when you make the booking. Make sure you are manually dragging the pin in the map to the point you are waiting, so that the driver can find you. And Uber will allow that, because Uber didn’t suggested the driver to pickup from a location which not legally sanctioned, but it was the customer who did it.",4
"Uber has been great. But the new hidden price surges feel deceptive. It asks you to know how much you’d be willing to pay to get from point A to B rather than being transparent about their base rates. When there’s a surge, you won’t know about it unless you travel that route often. When you go to query it through the app, the process is made as discouraging as possible. 

It’s a shame that a company that built itself on great technology and transparency has changed its model to increase their profits. I hear the argument about dynamic pricing being commonplace, like with airline companies. But the refreshing thing about Uber was that they didn’t go for that model. It felt like more of a Co-op than a company. Please return your transparency over prices.

Update: I received a reply from the developers about dynamic prices being fair. I am not arguing their fairness - just how Uber chooses to communicate when there is a surcharge. The old way of seeing the surcharge before agreeing to it was more transparent to the consumer than the current hidden practice.",3
"Upon using Uber Parcel Driver to pick up a parcel for me. Some how in the process, driver  picked up an expensive rare item and was on the way back to me with the parcel. As driver decided not to comply with regulation and procedures . As driver approaching to my place on my street stating she’ was here. I who live on ground floor no more than 10metre to get to the front /outside.. as j rushed out .. there were no car to be seen . Look every where for the driver but no where to seen . I couldnt ring driver as driver already press job complete. Frantically trying to make contact .. but with no luck to be seen. Upon making contact with uber help / suport. Explaining what has happening to only get multiple different answer and or respond to  my situation which indicate to me that the drive has kept the parcel and lied about the deliver. To cut the it short .. still waiting for uber respond and rectify this matter. As its the third day and they still hadnt found my parcel . So careful with using uber drivers for your parcel pick up or delivering your items/parcel. Not happy as i now will get advise from Consumers affair and ombudsman to take on this matter .
Good luck",1
"I have been with Uber for around 4 years and in most cases have good services. However, I met bad things and fraud at the beginning of this year. Here is what happened and hope everyone who read it take extra care, I come back from my trip overseas and request a Uber at the international airport Sydney, and then one driver accepted my order. After I waited for around 3 mins, the order became complete and charge me 8/9 dollars( I don’t remember the exact amount, but it charge me the minimum charge). What the hell! I don’t even see the car coming then the app already told me it completed and charged. I was so shocked, and go to the app to dispute and find nothing to do. There is no choice to report this kind of creepy and disgusting fraud of driver. The only fee I can dispute is canceled fee not the normal trip cost.  After that it takes me months to get back confidence in Uber and believe that most of the drivers are decent. And more importantly, I really hope Uber can pay attention for this kind of unusual trip which play tricks with customers and the Uber platform. I guess the driver must use some cheating program or scam.",2
"This problem would have never happened with a local taxi service. Don’t bother with Uber. To dispute an unnecessary fee, Uber will take the fee from the driver who is not to blame. My issue is with Uber, not the driver but Uber will not accept this complaint from me. For years I’ve used Uber to take my cat to the vet. I’ve never had an issue with my trips. Without warning Uber apparently introduced “Uber Pet” which I have never heard of. My driver saw me and refused my cat carrier, which is fine, but it’s unfair to charge me a cancellation fee (cancelled at my driver’s request) when I was not forewarned a SMALL CAT CARRIER that’s equivalent to A HANDBAG is not allowed in a normal Uber car. But I can’t dispute this fee because Uber guilts me by forcing me to take money from my driver. My driver is not to blame, but I was forced to cancel by my driver and I shouldn’t be punished for that, because I didn’t know I need to book a specific car for a small cat carrier! I am not hauling a large dog in anybody’s car. This is a manipulative tactic by Uber to overcharge me, and I can’t afford this kind of service. I’m going to use local taxis from now on.",1
"I have had problems with purchasing Uber Gift Vouchers and trying to create a new account to then be able to  access my purchased gift vouchers credit,

The system would accept the gift vouchers but I could not initiate a ride  (credit Acknowledged by Uber & copy receipts of purchase submitted to Uber) after a week of receiving, what I believe generic responses & run around! A week later & after being put through many time wasting hoops by a supposed support system (you cannot talk to anyone in Australia to try & navigate through the issues with the app) - you are then asked to submit personal information through a NON SECURE PLATFORM  certain information  from specific info from your  credit card & Photo ID’s with no idea  who, what & why they are indenting to do with this information??
At the end of the day, Uber is holding $500 Australia gift vouchers of my money purchased in good faith &  I cannot access to initiate a Uber ride unless I supposedly put my personal identity at great risk to supply them what they want (possibly another hoop) through a platform that is not secure or encrypted! 
Be very aware people! & be aware of my experience with the app & gift vouchers!",1
"I’ve just started using Uber and I’ve rather enjoyed riding with Uber. I use it a lot because I ever since I moved houses I haven’t been able to use the bus to go out with my friends, because the nearest bus stop is 3 kilometres away, so I moved onto Uber and it makes my parents life so much easier because they’re very busy people and can’t take me out on the time. However, suddenly one of my dad’s credit card has been declined. I didn’t see that out of the ordinary because my dad tends to forget to pay his bills so I used his other credit card. The next day neither of them are working. My dad then pays his bills and says the credit should be working however it still isn’t working. This is really frustrating because there are times when I really needed Uber and it hasn’t worked. I looked at the reviews and this has happened to other people before. I’ve tried deleting the app and I reinstalled but it still hasn’t worked. I tried deleting the credit card so I re enter the credit card but it says I can’t delete my only method of payment but I have 2 credit cards on my account. Please get this fixed soon",1
"Got uber 2 years ago and had 2 trips within the first month I got it. Trips were fine, nothing happened and suddenly my payment was 'declined' on the app. It had 'removed' my CVV from my card and wouldn't let me change/delete that certain card, even if I added more cards. I deactivated my account and it said if I don't log in for 30 days it would be completely deleted. Waited 2 months just to be sure and logged in and it remembered all my details and card- despite deactivating the account! I had reached out to customer service before deactivating and after , and have had 0 help at all. It is an issue with the app as I have no trouble ordering on the website, you would expect after 2 years they'd fix this problem. It's highly inconvenient not to be able to use the app and after attempts of contacting customer service they do not help at all. I know other people who have experienced the same issue and have received no help from uber. Really horrible customer service, and their overall service has gone downhill. Won't be using uber anymore, along with many let down customers.",1
"I used Uber for the first time while attending (ironically) the Consumer Law Summit. I used Uber to get to appointments and to the conference on several occasions throughout the week. All the drivers were terrific. But! 😡😡 On Saturday morning I needed to head to the airport. The Uber driver (I have his name) approached the hotel, slowed down and then sped off! Then I got a message saying my job had been cancelled! I didn’t know what was going on. I booked another Uber. This driver did stop and assisted me with my bags. He was excellent and very apologetic when I told him what had happened. I have since been informed that some drivers do not like going to the airport and the first driver probably sped off because he saw my bags! 
This is really disappointing. Uber’s legal counsel spoke at the Consumer Law Summit and I was impressed at the efforts Uber are making to enhance its services and benefit consumers. Actions by rogue drivers who want to pick and choose destinations undermine the company’s reputation. It is also of concern as getting to the airport on time is (for obvious reasons) crucial and a driver cancelling a job in this way is just not on.",1
"I’ve been a long time user of Uber, and have spent more money than I’d like to admit. I always used the app under the impression that it gave the drivers some accountability long absent in the cab drivers of my city who I have come to despise. However when I found my phone stolen by a driver, who openly picked up the phone, grew hostile to my partner when asked for any time of pickup, ignored all further calls and disconnected my phone so it couldn’t be tracked. Uber was honesty less than useless and it took police involvement to bring the whole issue to an end, the company basically operates on an “oh well you signed the terms and conditions” basis and I have no doubt Adele will not be punished further. Additional whilst not necessarily Ubers fault, the drivers are consistently creepy and invasive with questions and actions to female passengers and rarely seem to face any consequences. For female riders I recommend using Shebah or for that matter any service provider that offers some kind of actual punishment for a culture of harassment amongst drivers.",1
"* I put in a street address and drivers often arrive on the other side of the street and turn on the meter with no intention to arrive at the pickup address. (That’s ok unless you are on a busy main road)
* I choose an address on Brunswick st but then the driver decides the pickup is the entry on a side street because your tracking system shows the street address unit entry is on a side street. If I plug in an address that is where I would like to be picked up from (not the side street)
* Twice I’ve ordered a Uber in the city at 380 Queen st which has a loading area... the driver drops off another rider on eagle street then doesn’t pick me up on queen street, I call and they say they are coming .... but what they do on their end is probably say I’m a no-show or another issue which results in cancelling the trip which I get a cancellation fee for. I am courteous to the driver and I certainly never yell.  My Uber app locks up so I can’t use it so whatever they are doing locks me out. I’m there without a way home and a locked app.",3
"Extremely, extremely disgusted with an experience I had with a driver and the customer support services. My drop off location was somewhere I go almost everyday, I know all the routes going there, I’m very acquainted with the area. My uber driver took a route that was absolutely outrageous, I had mentioned to him about how late I was and regardless, he continued to take a route that made me want to scream because it was insane, we were going in circles and I was so angry. When we arrived to the destination, I told him my destination was just in front, but he drove right past and turned onto another street, and made me an additional 10 minutes late to the 15 minutes he had already delayed me by. I ended up arriving 25 minutes later than what it would at that time of day, and would have been much better off with public transport. To top it all off, when I expressed my horrible experience, uber sent a response that was Obviously prewritten or computer generated because it literally had nothing to do with what I had complained about. Absolutely horrible.",1
"I’ve had this app for years and in the last 6 months I have been charged repeatedly for “Uber pass” which I never signed up for. I repeatedly attempted to contact customer service to fix this issue however only on one occasion did they refund me for only one of the 8  charges they have fraudulently put on my card. They told me they would “end my membership” even though I had never subscribed and my subscription was not shown anywhere, but again I would then be charged again and again. Customer service is terrible and your only way to communicate is through bots with automated responses that are often irrelevant to the issue at hand. I had to go to the extent of deleting my account on both Uber and Uber Eats in hopes that I no longer get charged. Not only this but I never actually even received any perks from this “subscription”, despite the $80 odd that I was charged (which as a broke uni student actually makes a difference). I never even use Uber/Uber eats often enough to see any benefits even if there was some.",1
"I booked a trip and was confirmed that a driver will be there in 6 min, than 5 min suddenly 8 min and after all this waiting time I was advised driver can not come please try again! I did and the same extended waiting time happened again ! Finally After 16 min I got a message that the driver had arrived! Only I could not see any one at the confirmed pick up point and apparently the driver left not being able to find me!  Each time i was changed $ 7 cancellation fee!! I called Über  Not sharing; the confirmed arrival time  of 5 min extended to 10 min! I had a medical treatment appointment at 3 pm! I started to call for a ride st 2:21 and finally arrived at 3;3o ! I had to pay the full fare and had only 15 min treatment left of a 45 minute treatment costing me $ 80.— 
I aspect that all the charges will be refunded to me and by right I should get the paid 30 min. Treatment refunded as well !!",5
"I recently had a challenging night when I accidentally caught the wrong train due to delay and realised too late after the route diverged. Stranded at 1:15 am with no return train (last train was at 1:13 am) and facing a 3-hour wait with no immediate bus service available. Make thing more worse, there were no open restrooms for an urgent natural emergency.

In my desperate search for transportation, I compared prices with other services and Uber stood out with the reasonable fare. To my amazement, Uber gave discounts making the ride absolutely free at $0.0!

Uber’s service not only saved me from frustrating situation but also made it stress-free with their affordable and generous pricing at late night. This experience truly exceeded my expectations, and I’m incredibly grateful of their service. Highly recommended!!",5
"Peter Ubered me to Melbourne International as I have as flying out to San Francisco 🇺🇸.  There was massive traffic congestion on ring road & surrounding roads 😱. Long story short I was almost certain I’d miss my flight and felt beyond anxious. Peter remained calm, engaged me in much needed conversation, confident I’d make my flight, so reassuring due which I’m very grateful. We finally arrive d at Terminal, he grabbed my bag, I ran to checking in where they were closing the flight. I went please nooooo!  Fortunately staff took pity on me, maybe they just wanted to me to stop ugly crying. Anyway Peter was 100% correct “of course they’ll let you on”. I landed in San Fran a few hours ago & about to fly up to Seattle. All thanks to you Peter for never giving up on me. Best Uber driver and human ever. Huge hugs to you, and all the very best to you and your family.  PS. Get that Tesla",5
"First of all I’d like to say thank you to the creator of Uber, brilliant Idea sorry to the taxi drivers, but I hope that Taxis will understand that Humans are alway evolving and hopefully they can adapt to it.
I’ve never had a problem with a getting an Uber and much appreciation for making it easy that we can ride sometimes even thou we don’t have the funds and you can pay later when you get it, on behalf of people that can’t save money like myself we Thank you and also a thank you to all Drivers who put themselves out here getting the chance to go where we need to go and safe I thank you  leaving your love ones at home and take a risk by being on the road and picking up strangers again Thank you and stay blessed.",5
"So, I have been using the Uber application in Australia since a year now. Uber pool feature was added and I was using it till the last 1-2 months. Somehow, my app doesn’t show the option of Uber Pool, while all my friends have this option available for them. They have the latest version of the app as well but somehow it doesn’t show. Honestly, it really disappointing that I’m somehow being discriminated here. I was so happy with Uber and then suddenly this happens. It is very upsetting as well as frustrating. Even if we look fares wise, it is not fair that I have to pay minimum amount which is normal rates, while other people have the option of Pool and have to pay lesser than normal.  I’m sorry but just for this reason I’m not happy with the Uber. Looking at the past, Uber has helped me .. so I wouldn’t just focus on negatives and give 1 star but yes a 3 star is what I’m feeling about the Uber after seeing the app failures.",3
"I generally find uber drivers a good alternative to TaxiCabs. The app has a few features I’d like improved though. When rating a driver 4 stars the app gives a pop up asking what went wrong, I think 4/5 is a good rating without being great, nothing would have to go wrong to get a 4/5, it feels like uber are trying to push riders to always give a 5 star rating which makes the rating system pretty flawed. If you just want to know if the experience was good or bad you could have a yes/no closed question. 

The other thing I do not like is a feature that was removed - when the price is presented it used to show me if that was a surge price which was helpful, if I really need to be somewhere I can accept the surge and travel at that time, or if I have some time up my sleeve I can wait til later where more drivers are available. Now it’s unclear if I might be better to wait. I fee removing the surge notification is a big step backwards. 

Overall I really like uber as a service, but the app frustrates me.",2
"I have used uber for work only on an almost daily basis for about a year. This means that I had to keep my uber ride receipts to receive the money back from the government as well as having proof to my employer for ever taking these rides. 

When I logged into the uber app from a new phone however the app would first not let me sign in at all. After I could finally contact someone about this struggle I received an Email in which uber stated that I had two accounts running at the same time which is why they deleted one and erased the complete ride history of the other. 

Now this might have been the case as I have had several email accounts and phone numbers and moved overseas in the past years. But I am certain that I was using the same uber account for the past 3 years of my life. So it was really unnecessary (and expensive) to delete anything off the active account. I sent uber another Mail regarding this issue but it was unanswered. I lost a lot of money because of this stupid app and there is no phone number one can regard to....",1
"After using Uber very frequently with no issues or complaints, I could no longer book rides as the app said “Payment Method Unavailable”. We deleted the card off the app, and re-entered it, with no luck. The same message appears every time we try to book a ride - the rest of my family use their own separate accounts but we all use the same card, and none of our accounts work and we are always given the same message. 
Adding a different card made no difference, it still said “Payment Method Unavailable”, when there was nothing wrong with either card. 
After contacting Uber, we were advised to deactivate the accounts, and leave them for a month - then try again. After the month, there were no changes made, and the same message was showing up. Customer service is terrible and there were no effective changes made. 
No longer using Uber due to this issue, and have found much better alternatives, that actually work. 
Would not recommend Uber to anyone and will never use it again.",1
"Used to feel so happy using Uber, these days I feel a tad of dread and uncertainty. Uber used to be my go to ride share app. But now I’m regularly paying cancellation fees when drivers are far/slow/non responsive, and im often missing travel connections because of unprofessionalism of the drivers or drivers cancelling and I am then left in the lurch. Its becoming more and more unreliable. I really don’t like leaving negative reviews but this is becoming such a persistent issue! I lost a whole hour of my time due to a missed connection last week, and they charged me cancellation fees for slow drivers (refunded after I had to *manually* write to them) but then gave no concern for the missed connection and proceeded to charge me anyway for the ride that did not get me to my destination on time when I had left PLENTY of time to get there. So frustrating Uber! Actively looking at other options for my rides and will tell all my friends and network when I’ve made the move.",2
"Very unhappy with Uber driver today, requested an Uber and when I accepted the ride he was 3 minutes away, 4 minutes later I could see driver driving away from where I had dropped the pin for pick up, two minutes later driver was driving in circles still showing 5 minutes away, without coming any closer to me, at the end I had to cancel the trip myself as I was getting late to my appointment and driver was showing 8 minutes away by that point, I wouldn’t have accepted the ride if he was going to be that long! I hope you can reimburse me for the cancellation fee as I don’t think it was my fault that driver got confused and was driving further and further away! 
Managed to get another Uber driver straight after I cancelled the first one and everything was ok but extremely disappointed with the first situation. Not giving up on Uber though, we can all get better!",3
"I generally have positive experiences however there have been a couple of time where I have felt unsafe. I am a woman who often travels alone at tonight and getting an Uber is often a safer option, or so thought. Tonight I booked an Uber. I messaged the driver to confirm my pick up location. The driver went to the opposite side of the road a block away from where I was. He made ME find him. He was very unwilling to come to me. Stupidly I still got in his car. He immediately abused me and berated me for him not being able to do a u turn to take me in the direction I wanted to go. I felt safe. I demanded he pull over and let me out. He screamed abuse at me. I got out and I was charged $10! I contacted Uber immediately and spoke of the situation and asked for a refund as I am or paying money to a man who abused me and could not fulfill his professional duty! I am still waiting to hear back from Uber! This is something that us insetting, I should get an immediate response in situations where a passenger feels unsafe. I should also get a refund as paying for abuse is unacceptable.",1
"I took an Uber with my family after arriving to our holiday destination a few days ago. We took the Uber to our hotel and once we arrived I got out of the car and helped my elderly grandmother carry hers and mine suitcases up to the hotel room, upon arrival I remembered I had left my backpack carrying all of my valuables (Money, Passport, ID, credit cards, etc) on the front passenger seat. By the time I raced down stairs the Uber driver had already driven off. 

I have submitted multiple ‘lost’ item requests and have emailed support numerous times but have NOT received any help at all. The victims of these crimes need a way of accessing some of the drivers details to take to the police when it is necessary.

Due to the automatic $20 fee for the driver returning lost items. They (The Driver) just decide that it is much more profitable keeping the victims money and other items rather than returning them. Because Uber doesn’t allow the rider to contact the driver I can not even offer them a reward. 

Ps. The bag was in the front of the car next to the driver so you can’t ‘miss it’.
-For anyone curious:
Location: Sydney, Australia
Driver: SARDAR
Ethnicity: ASIAN/ INDIAN 
Car: Grey Toyota Corolla
Number Plate Started with: ESI or EIS (can’t quite remember)",4
"Uber caused me to miss a very important meeting which ultimately cost me hundreds of not thousands of dollars overall. To make matters worse, They didn’t even refund me the full fare, and then they publicly messaged me on social media implying they were going to fix the issue through PM, but they didn’t. They were just trying to save face. 
Be very careful with this company, if it’s just a ride home after a night out, you might be fine, if the Uber driver doesn’t falsely charge you a $200 fee for getting their car dirty, but for anything that’s on a strict time limit, I would never trust Uber again. Stick to yellow cabs for the important things. They’re much more punctual. There is barely much of a price difference now anyway. I much prefer yellow cabs. The Uber app drains your battery so badly, and the drivers sometimes are so bad and will take the longest route or get lost or try to sell you into their pyramid scheme. I’m over it. Too many bad experiences, battery drainage, lost money, missed appointments, and bad drivers and terrible support.",1
"I accidentally left my AirPod case in the backseat, and I soon reported the lost item on the Uber app. I could see the case moving with the driver’s car through FindMy. I tried using the “call driver” function multiple times, but it didn’t work. The call wasn’t completed, saying that the phone number was not registered in my Uber account, which is not true. I had to wait more than 24 hours for Uber to give me a notification saying that the driver didn’t find my item and to be more careful the next time. I know exactly where my case is. It has been at the same address (probably the driver’s house) since that night, but I can’t reach out to him or anyone from Uber. They don’t have a customer service line in Brazil anymore, which leaves you with an extremely unhelpful app and no solution. Uber doesn’t provide any assistance to customers, and if your driver doesn’t want to return your item, it is your problem. Well done, Uber.",1
Ok if you ever get a driver that doesn't cancel. In brisbane constantly get drivers that cancel. Got into an Uber today and driver was like i need to go south and you are going north expecting me to cancel for him. He eventually cancelled then the fare was 20% more expensive plus i had to wait who knows how much longer. Another time i had ubers take fares then cancel after about 5 minutes constantly. Or worse yet the app times out trying to find drivers cause there arent any and it takes money for the full fare. I once had it take 3 times the fee for me to get home and provided me no drivers. You do eventually get the money back but it takes time (days to weeks) and reporting the issue to uber is useless cause they dont care. Uber is not worth your time anymore there is no support and people driving for them dont care. Better off using public transport or a taxi.,2
"Unfortunately I was sick in the car when I was about to be dropped off. My husband cleaned the mess but the Uber driver had taken pictures before my husband had cleaned. He did not take pictures after the clean-up, only to be hit with an extra $150 . Can not justify this cost!!!!I know people have been charged between $40-$80 for being sick inside an Uber car. I was not offered a vomit bag(which most drivers carry), he did not not offer to stop the car , so I could be sick outside the car, we were not rude , but very compliant & apollogetic. It was just an unfortunate accident beyond my control. Instead the driver was so rude and aggressive in the manner he took up this. All he was saying was “you will pay me $150 for this, whilst taking photos of the vomitus” which my husband cleaned after all. I feel there is no justification to charging such a high end penalty of $150 , for something I had no control over, and also after making an effort to put it right (cleaned-up)!!!!",1
"I Had been using uber as a customer since the very first day it went live in Australia and loved it in the beginning. Nowadays they take more and more from the drivers, not even paying them their fair wage even when the App is charging double for peak (meaning they don’t see any of the extra charge profits). It is unsustainable for anybody to use, although the popularity of it is what’s keeping it afloat with the assistance of mainstream advertising. 

The fact they have no reward system for either parties is disappointing and I have not and will not use it ever again. If you want to save your Money, literally use any other driver App where they pay their drivers fairly and you’ll even get a reward for using their services often (didi for example)

The creators and ceos behind this app have too much money flowing which came at the cost of unappreciated workers. You may have made some positive changes to the laws surrounding everyday people driving, but it’s time to move over for better companies.",1
This app used to be better re navigation. I can’t understand why recently drivers’ apps seem to be taking me in completely the wrong direction and even drivers are recently commenting on this issue. Several drivers have told me they now use google maps instead of the uber app due to this problem. The “add or change” section is confusing and should be changed to make it clear whether you are adding a stop in the middle of a trip or tacking an extra one on at the end as it is not clear and some drivers can’t help as they don’t know how to do it. Some drivers tell me not to bother adding a destination but to only list my first destination in the app and then when we are almost there simply change to the final destination to ensue it is accurate. Uber really needs to change this as the two addresses can be listed in the wrong sequence. It makes me want to find a competitor to use instead of uber.,2
"The other day I booked an Uber, it never came and the driver canceled it later. I thought it was bc smth came up and the driver need to cancel the trip which is totally fine, but later I got charged $7 for letting the driver waited too long although the car never came?! I called the support team and they said they mainly support the driver and will send my enquiry to the customer support team, later in the day that team emailed me with a link that
 I need to submit an enquiry by myself although the driver team said they sent my problem to the customer team already (?). Anyway I filled it, days later I suddenly about the problem and go checked my bank acc, still got charged $7!! I don’t have time to complain further since I got other things to do, doesn’t mean I’m not mad.

Please make a customer service phone number that call customer back, I’m using Uber Australia. Thank you.",2
"Literally the hardest thing trying to get help through the app and website. The fact that you only get real help (a number to call) if you’re a diamond rider is beyond atrocious and predatory. They waste your time by not telling you this up-front when you call the number…how hard is it to just hide the number if the rider isn’t a diamond member? No - you just had to use it as an opportunity to try to upsell. Which product manager or “growth hacker” thought this was a good idea? Stupid.

Chat is virtually non-existent and the steps (read: hurdles) they put you through only to be landed on a generic help article makes you want to give up. If you need help that doesn’t fit their categories (which are generally useless for the most urgent topics) good luck because you’ll be stuck in an infinite loop of going between articles and landing on the same generic page over and over again.

At least with the Taxi industry you could call support.",1
"I’ve used this app for several years, though only with perseverance for the last year - in Australia the service has got more expensive with far less actual good service. The timing predictions are rarely accurate, and there is a pattern of drivers cancelling trips over and over (I understand where this happens because they’re stuck in traffic, but mostly it occurs because they consider the trip isn’t worth their time). I’ve been factoring in 20 minutes of ‘wasted time’ when ordering - but that now often isn’t enough of a wasted time buffer, and I’ll end up being late. Will, reluctantly, look to other drive share apps.",5
Driver when asked why he had not turned off when he was supposed to just simply stated that he had forgotten and then took a long route around and had to turn around via another longer route. Of course then charged us double the amount. When I complained to Uber they upheld the charge. On the way back that evening another Uber driver tried to turn into the city so he could charge extra but my husband noticed and asked why he was trying to turn into city and told him to just carry on straight which turned out much cheaper than on way to the same destination earlier in evening. At a table of 20 people that evening everyone that had used Uber had a tale about how their driver had tried to take them via the middle of the city to up the charge. Do Uber drivers really think that people are all stupid and that they deliberately forget to take turn offs when on route to destinations?,1
"Ridiculous customer support. No phone service as they want to “streamline” communication through emails only. My account was hacked and they won’t even allow me to removed my credit card details. They were just sitting there for the cyber-criminals to see and use. At my request they finally deactivated my account (24hrs later), and are now requiring photographs of both sides of all my credit cards, my phone bill, photo id, device type and model, operating system and app version. I wish they would do more than provide they’re disappointing generic response “our rider’s experience is vitally important to us. Drop us a line and we’ll connect.” How about you just call me or better yet, delete my account? I can’t get away from these guys quick enough, but unfortunately they won’t let me.",3
"Yesterday I had a driver that logged a very different trip to what I had. I watched him on the app drive around for an extra 12mins after he dropped me off. I contacted Uber to report this and got a pathetic refund.  I have since tried several times to get a correct charge/refund for this 3minute trip I took and still not happy with what I’m being charged. 
So much of a hassle to even sort issues because you can’t simply reply to an email, you have to keep going back into the app and use very limited options to log any complaint/response.
How can a trip that is 3 mins  (1.8km) cost a lot more than a 7 min (4.7km) trip cost $3 more? The charge is unacceptable after the original quote being $8-10. 
Considering the false trip details given by the driver I expect to be paying the minimum charge if not a full refund for the back and forth contact with uber to try sort this issue!
I also expect a review to be done on the driver for logging such an extended distance! I realise he didn’t expect me to be watching the app waiting to see the charge and has probably gotten away with this many times with prior customers who are in a rush and too busy to check their charges. Extremely dodgy behaviour!
I am extremely unhappy with the service received all round and in future if I am located in an area that uses Ola I will be choosing that service over Uber!",1
"I didn't cancel the Uber driver did my wife was waiting to be picked up and when he never arrived I clicked on the Uber app it said the driver cancelled the job and I then had to reorder. I don't think it's fair to charge me for a trip the driver cancelled and he never tried calling me or said anything. My wife called me after waiting more than 15 minutes and nobody arrived   I am otherwise very happy with the Uber service and I don't even have a bad comment about the driver who cancelled for whatever reason   I did have to turn off my location cause Uber kept trying to send me the car instead of letting me choose a pick up address. THAT MIGHT BE ONE THING YOU CAN IMPROVE BUT VERY MINOR ISSUE ,The driver never showed up and waited he just cancelled my wife was out front waiting??
Yours sincerely Michael Ogden",4
"I book Uber from home to airport and the Uber literally pass through my home and I had called Uber driver as well he didn’t pick up and canceled the trip and charge me 
And same thing happened with airport pick up with Uber.
Uber guy called me and I told him my location which was wrong according to him when he was literally 1 or 2 mins away from me and charged me and I even told him if I am in a wrong pick up position can you please come and pick me as I can still wait and pay for waiting time as well.

I told him to come and pick me up from T2 departures as I can still wait for him and I can pay for wait time but he was insisting that T2 location was not for his customer which means I was not his customer but he charged me for $10 a strip cancellation fee, about which I am really not satisfied and when I told him to come and pick me up he said I will have to wait 15 mins but he was away from me for 1-2 mins, which was not ethical and a way to treat customer.",1
"I travel a lot for business and so often go to the same hotels and locations. Uber app is so intuitive and retains great data that I just need to look at the shortlist of where I’ve been hit that and get the Uber.  vehicles always super,  clean drivers always very responsive to my needs and request and overall I feel like I’m being chauffeured driven. I just  had the bad experience of attempting to get a taxi at Perth Airport T4 - the taxi was dirty on the outside, the driver was not a person I would normally trust and he actually refused my fair because it was wasn’t far enough. And was rude in his language to me.  Uber is number one in personal transport. Thank you",5
"The app itself is ok. The directions are not always the best for drivers. When trying to get support for the app, there is no way of speaking to a person or a support team and the FAQs do not always have the answer. 

One gripe I have is the rating system. I pride myself on being a courteous and friendly passenger. I had a perfect history and then one day, a driver selected my request for pick up and then decided to cancel it. No issues there. These things happen. But it then showed up as a ride in which they needed to rate me as a passenger. My rating dropped to the point that I realised they must have given me 1 star for THEM cancelling my trip! 
Trying to get this reviewed as this affected my rating. 
I don’t expect the anonymity to be removed (I like that it is anonymous) but there should be a way for a rating to be reviewed. This must be especially hard for drivers!",2
"On average you can expect to not receive 1 in 5 orders. This is pretty bad considering that as a delivery person you don’t really need an education to do the job and they still stuff it up.
Service from Uber is pretty bad as well. It is very difficult to get your complaints looked at. I had two orders this week that did not arrive. That is 2/2 orders in one week a 100% stuff-up. And i still got charged.

The problem is that most delivery drivers are foreign and either can’t identify the street or houses or they cannot be stuffed looking around and it seems that the app doesn’t allow for the delivery person to communicate. Other issues is that you pay before the order is confirmed. What proof is there that the order was received? 
Maybe the GPS system and old maps is an issue. I don’t know but if there is a 1/10 chance that you don’t get your order or in my case, 1/1 then the service is not worth it.",1
"No matter what Uber does to improve consumer experience it’s drivers and the culture within embedded by Uber let’s it down. While the new pick system at airport was great with ping and first come driver gets the job, today I experienced yet another cunning driver cancelling the job after accepting the pin from me and quickly cancelling the job for leaning the drop was nearby Hillside from airport where the earnings were modest. Drivers keep doing these cancellations as all want long distance fare and near distance consumers suffer. I am used to getting 3 cancellations before someone accepting the job. If Uber cares for consumers then they must punish such drivers by taking them one week off the road.",5
"I recently used Uber for an 8 km trip and was shocked to be charged almost $40. This fare is outrageously expensive and far from reasonable for such a short distance. To make matters worse, I reached out to their help and support service to request a refund or clarification, but I received no meaningful assistance.

The entire experience feels like a scam targeting customers with inflated fares and leaving them helpless when trying to resolve issues. Uber’s lack of accountability and transparency is deeply disappointing. I will seriously reconsider using their services in the future. Avoid if you value fair pricing and proper customer support!

PS- Consider this as a negative 5 stars.",5
"Just had in the CBD of Melbourne two drivers take our trip, and then cancel and stiff us five minutes later. How about you guys as a company sort your business out, and your drivers, to honour their acceptance of a job.
I will be moving across to the tradition of the good old Taxi service and help them rebuild their business’ now we start to see the true colors and respect you have for your customers.
I have been an Uber customer for 12 months, used your service on limited occasions, but on all those occasions have had your drivers accept a job, and then cancel after a number of minutes.
How about you provide a feature in your App for us to negatively rate your no show drivers under a new category, “Number of times they have cancelled a job”
I’m sure that will keep them somewhat respectful when that information is public.",2
"I’ve recently requested to delete my account and have started to count down past 30 days to remove this on my phone.

You do not regulate your drivers from practicing longhaul; and take longer than 24 hours to respond to emails. Reviews online of how poor your GPS system is - and how there is a loophole that’s its always set to use the fastest route (even if it’s also the most expensive with tolls).  After my recent experience, the qualification of POOR ROUTE used by driver is reviewed subjectively by the Uber employee reviewing..... an additional 3 minutes travel time is FACTUALLY better, than being charged 25% tolls. I was refunded 3% but the time wasted and the surprise in the outcome that the driver CAN choose the route and you pay is ludicrous.... it’s not a bus route. It’s a ride service. I have better chances arguing with a taxi driver than Uber at this stage.",2
"Look, uber in itself is great. What isn't great, however, is the fact that a) drivers don't actually care about picking passengers up from specified locations nor do they care about getting us home (they're more than happy to cancel our trip if the fare isn't high enough for them - and before people get on their high horses about 'people needing to earn money', I think we need to have a little think about WHY people use rideshares rather than public transport late at night by themselves) and b) sharing my trip with one of my contacts doesn't actually do anything. I shared my trip with my partner and he didn't receive any notification or prompt to track my trip. What's the point in having safety features in the app if they don't work or it isn't clear on how to activate them in a discreet way.",3
I've had instances where I wait for the cab  for 10 mins and just as the driver is reaching the pickup point he stops 60 meters away and cancels the trip and app starts looking for new driver. In another instance the driver kept driving in the wrong direction instead of pickup point and waiting time increased from 5 to 18mins in till I cancelled. In both cases I tried calling the drivers multiple times but they did not receive the call. There is no way to contact Uber about this issue as the trips have preselected options for feedback and no option to type. Best is to avoid this and use only if there’s so alternative option like Ola or DiDi.,5
"There was a problem with my Dad’s and my account, due to me losing my phone and replacing it with my Dad’s old one. I had change the phone number and apple ID to my own and there were no other problems with the transfer, apart from the uber account. So I had to sign out and login again. There is no login option. You must create a new account with an email and phone number. I only use one email and I only have one phone so when I tried to make a new account the email adress and phone number wouldn’t register. I have been very frustrated for the past half hour and the website link that they provided helped in no way shape or form. I’m very disappointed.",5
"Have been using Uber for years and generally works fine. However driver practices have highlighted a big gap in the app. Just had a driver accept a ride, waited 10mins for him only to actually see him drive past me! Tried using the app to call and message him, but with no response. He ends up turning back and going further and further away from me. I try to cancel as I’m already now late having wasted a further 15mins trying to contact him and realise I can only cancel if I accept a $10 charge! No option to cancel and report the driver! Sure I can claim a refund, but why should I have to pay up front when the driver is at fault? Have screenshots of chat and will be reporting him! App doesn’t help in such cases when things aren’t going smoothly. Please consider the non-happy path in your app.",3
"I ordered an Uber trip yesterday and then driver who took the trip came but sat a good distance from the pickup point and looked like he was talking to/ arguing with someone on the phone. When I finally decided to just walk to the car and go to get in, the driver started yelling and abusing me telling me to get out of the car because he could refuse any trip he wanted. 
Extremely, disrespectful and unprofessional behaviour from the driver then when I contacted Uber about it, they refused to help me get to the bottom of it. They said they gave me a refund for the trip and I told them that the money wasn’t the important thing. It was the fact the the driver shouldn’t be driving for Uber and they should’ve taken him offline immediately but they make it so hard to get customer service, so the driver gets to go on their merry way, while the driver is left with a sour taste in their mouth!",1
"I respect all rideshare drivers, they do hardwork, they have personal problem going on but still try to be nice to people and sometime have to face rude passengers  
but i have very bad experience recently, 
first thing are they allowed to talk on phone on entire trip??? And very rude when asked to drop on the correct address, accusing that i put the wrong address in a rude tone, seriously people come home from work with lot of stress from work specially working amid this covid is  another level stress specially for health professionals, m not blaming all but just these one person, because of him m deleting this uber app, never using again, i better use other rideshare app no matter how expensive it is, we dont use uber because we dont have money to buy car, or never seen car in entire life, 
i hope not to meet this person ever again in my life, and hope people wont get treated like that. 
BE NICE TO PEOPLE",1
"Ordered uber from Dominos on Christmas Eve at 9:22 well before they closed at 10pm. After waiting over an hour and ringing the establishment with no answer except one time it picked up and I head the lady scream out ""no don't answer it !"" Then went to message holding service. I decided to jog up and see what was going on. All the staff were inside eating away and the door was locked. They told me they were closed and after showing them my order he looked at his screen and said oh yeah we missed it . No apology and rude attitude. After convincing him he was in the wrong he decide to make my order after screaming at another customer on the phone saying ""we are f.....ING closed!"" I couldn't believe it ! All the staff were carrying on smoking directly outside the door even the cooks in their blue food handling gloves. I got passed my order rudely with no apology . I didn't eat it as fear of them having done something to it . Will never go back.",1
"I joined Uber because our taxi industry was milking the market and not improving their service. Uber came along with an innovative, user friendly interface and drivers that are invested in providing a great service in clean cars. Uber price was cheaper than taxi but that was an added benefit rather than the main sell. 

It’s disappointing now to have dodo and ola pushing in on basis of price only. Price is just 1 of many kpi and I show loyalty to Uber for being the 1st. 
The down side is the drivers earn more with Dudu so they are not so loyal. Uber might need to share a little more of the fare to keep drivers invested - keep the service “ the most convenient, most reliable and reward the drivers that give their best” cheers.",5
Our driver was meant to arrive in about 5 minutes after we booked a ride. 20 minutes later we were still waiting. I contacted the driver and said this was unsatisfactory and we wanted to cancel the booking. In order to do this we had to incur a cost of $10 which was totally unacceptable. The driver encouraged me to pay the $10 and seek a refund from Uber which I was not prepared to do. He didn’t want to cancel the booking himself because he would have to go to the back of the line. Ultimately we were charged $10 even though I didn’t cancel the booking. I tried to phone Uber - but customers can’t do this. I won’t use Uber again. Other customers beware.,5
"We were given safety message from the driver Maureen before pick up to stay in a safe area .Then when we approached received a message ‘have my lights flashing ‘ . This made our pick up quick as Disney California easy .
End of a long 12 hour day, 20+ cars in the pick up area on Harbour Boulevard all trying to get pick up . Appreciate the extra care and effort taken . And then on entry was offered water snacks candy and wipes . Definitely recommend Maureen as gave us an amazing Disney Uber experience . First in class , if I could give her 100 star rating I would .
Wish everyone could get picked by this amazing Driver , 🏰 Thanks Maureen ,",5
"Hi Uber
I had an unusually long wait on 17/4 from home to Townsville Airport. The Ap showed only one car moving in my general area. 
Returning home on 25/4 I dialled up the Ap and then immediately cancelled the ride because it was showing a 35 minute wait at the Airport for my home. Again only one car was showing up in my general area. I caught a taxi home instead. The taxi Co. does not come close to Uber in car quality, driver professionalism or price, but the only Uber in sight was going to take a very long time to arrive so I felt forced to jump ship on that occasion. Is there a problem with Uber in Townsville and if so are you planning on fixing it?",5
"As a disabled person, I have had drivers cancel because I couldn’t cross the road or they “couldn’t find” my address. It’s simple, there are huge numbers on the front of my building stating the address, not the other side of the road. A driver even stuck his rude finger up because I had a walker and drove off and cancelled. My walker can safely fit in any trunk of a car. Also having to put my own walker in the boot, 2 weeks after a hip replacement to get to my physio appointment. If you can’t fix you’re drivers ignorant, abusive, discriminatory and unsatisfactory behaviour, I will be bringing a case of direct discrimination to the transportation ombudsman! Enjoy an excruciatingly expensive case with thousands of users who have been raped by your disgusting service. You should all be ashamed that you work for such a disgusting, irreprehensible company.",1
"Hi I’ve been using your app a while now & was happy initially. Good fast service. However, your maps altered & started to send your drivers to somewhere else that’s not my correct address. Not even my street. This caused “wait times” to continually be charged. Some patient drivers let me explain where I am after they’ve gone the wrong way & others just cancel causing me to sometimes have an incorrect “cancel fees” I’ve tried to get Uber to fix its maps to come to correct address but they just blame the drivers! Very frustrating for all. Hey, YOUR MAPS ARE A PROBLEM NOT YOUR DRIVERS ALWAYS GOING WRONG WAY!! Someone needs to fix this ASAP. 100’s of people live here. PLEASE FIX or I won’t be able to use or recommend as it’s too frustrating.",3
"We used to be a loyal user for Uber apps. A few weeks ago, I was treated very rudely by a driver after he arrived very late because of finishing another order. I ordered Uber 30 minutes earlier even I could have taken public transport just to make sure I could make my appointment but literally got chased out of the car “right on time”. After analysing what happened, I think the rudeness was coming out of racism and filed a complaint. Not only I was forced to go through the detail of being unfairly treated as a customer by several Uber customer services staff even after I refused to recall the traumatising experience, my case was left in cold even after I followed up. I have deleted both Uber and Uber Eats apps and my family will never use them again. We really hope Uber could live up to your promise about anti-rasicm on your website!",1
"Outrageous surcharges when Uber is high in demand.  taxis don’t even charge near as much.  I won’t be using your service as often now and never when in high demand times what a rip off when I can get a better rate at the same busy time in a taxi. I’m horrified you’ve charged me $66 for a 15 min trip from the airport to my home 3x the usual price and there were plenty of Uber’s available in the area at that time.  How is this justified? I’m very disappointed and have told many work colleagues and friends of this.  I think you need to change this, it’s poor customer service and you will lose a lot of customers due to this.",5
"I have several times alerted Uber to the fact that a footpath below my house is shown as a road, resulting in Uber drivers being misdirected for pickup. I cannot get to that spot.  A driver recently who followed the wrong directions somehow managed to blame me for it and was astonishingly rude. I don’t know how many times I have to point this error out before something changes.  I always send a text correcting the pickup point but the driver of DAB60Y accused me of not having sent it fast enough! This is not what one expects from an Uber driver and he was so clearly beside himself with unnecessary anger and frustration that I suspect he is not well, and that I am not the only one he has abused. Uber, please be alert.",5
"I have had three Uber drivers all pull up and swiftly drive away from me, in a row… it has happened once before. When this occurs there’s no remittance, no course of action, no justice, you just have to wait for the next Uber and hope they don’t bail on you when they finally arrive. One didn’t even stop. I can’t lodge this incident and all three ditching have well and truly made the worst day for me of my life, especially when I can’t even inform of this issue to Uber etc… Three times in a row, And 4 times all up. It’s sad this is the dominating personal public transport app. I use a rollator and it’s nearly raining so maybe that’s why they just see me and cancel the job saves them having me have to use their boot. Again, no way I can help this injustice, which is just disgusting for me.",2
"Have had many good experiences with Uber, but was left waiting for an Uber driver for almost 30min - alone, in the CBD after 3am. I responsibly decided to catch Uber despite only having a few drinks and likely would have been able to drive. The driver called to ask me to “walk to a building” … in the CBD (which building?!?!) … rather than collect me from my location on a main road alongside a cab rank in the CBD. I offered to cross the road to make this more convenient as the map was showing a car driving on the other side of the road. I continued waiting and after almost 30mins received notification that the ride had been cancelled and I was charged a fee. 
This is t the first time I have had a driver cancel on me and charge but these circumstances were awful. I am furious and won’t be using Uber again.",2
"I’ve used Uber for years, and always had great experiences, but over the last few months the quality of the service has tanked. It’s impossible to get a ride without having several drivers cancel for more expensive fares, and I’ve seen countless drivers miss turns then immediately cancel the ride rather than turn around. The last two times I’ve tried to Uber home from work, which I’ve been doing for years, I’ve been forced to just get a taxi because while they’re more expensive I’d get 5-6 Ubers pick up the ride the immediately cancel on me, at least the taxis show up.",5
"Until today I have had only good experiences. Today coming home from the airport, a 15 minute trip, I’m indifferent between taking Uber or a taxi. Taxis are waiting but I opt for an Uber with a 4 minute arrival time. 7-8 minutes later they turn up. They then decline to follow the Uber-dictated route twice and take 22 minutes getting home instead. So my 15 minute taxi became a 30 minute ordeal during which I was genuinely scared about where the driver may be taking me. And for my suffering I get billed more than a taxi (because of the time and distance the driver chose) and when I complain to Uber they say the route was within the range of alternatives. I’m sorry but a trip that takes twice as long is not okay and a driver that doesn’t follow the route causes passengers fear and again it is not okay. Yesterday I was telling coworkers they should take Uber instead of taxis, tonight I’ve uninstalled the app.",1
"Most Uber rides run smoothly, but unfortunately when Uber has made an error with my ride and I get charged a cancellation fee, it is incredibly hard to get customer support. The in-app options aren’t easy to find or navigate, aren’t straightforward, and there is no help chat or phone call available to riders, only drivers. I’ve twice booked an Uber Pet specifically for a long ride, and in advance, to get to vet appointments, but Uber has paired me with drivers who weren’t booked with an Uber Pet, even though that’s what it says on my phone. When I’ve had other issues before with Uber or Uber Eats the customer service help is likewise frustrating to navigate. It’s unprofessional and I believe done deliberately by the company to make it harder to get money back, and to save money from not having to employ as many people to handle complaints.",1
"It was the first time I used Uber, when I was at the Perth airport to go to Bicton, the price estimated on Uber apps was $41, before i got in the car the driver didn’t offer me help with the luggage. When I was in the car the driver asked me if I had ever been to Perth and I said No , he said if I didn’t mind he could go through the city. I did not know that to drive through the city I had to pay $18 extra,  also he dropped me off at the wrong location and I had to walk to 1/2 hour in the heat to my destination. However, when I went home the 2nd driver drove me straight from Bicton to Airport and paid only $41 according to the set price given on apps. I was very surprised there was a lot difference in price.
He also helped me with the luggage.",3
I agree with the last reviewer as I’ve dealt with this same issue .  Restaurant are excepting orders early before they are complete we are left waiting 15-30 min the customers are contacting us with : what’s the hold up or wait time . That’s is stress we don’t expect Uber needs to step up and be better . Close times of restaurants are way off it’s ridiculous. Then you contact Uber support and they can’t help even the simplest of task. You ask for a manager and get told repeatedly we don’t have managers/supervisors which I find hard to believe . How about give some care and respect to your employees on the frontline . Absolute joke,5
"But this was my complaint to Uber this afternoon:

“My driver never showed up!! Yet he started the trip without picking me up, and started driving towards my house!  His phone was off, and did not respond to messages.  I want more than just a refund for this.  This is fraud.  I had to cancel the trip.  I have screen captures to prove my story.  Please call me.  This is very unprofessional for him, and Uber.  Serious.”

—

Now if this was not frustrating enough, the Uber app makes it REALLY difficult to report an issue with the driver or service in general.  All pre-canned messages.  No phone number to call.  Very difficult to write any notes on what happened.  In the end, I had to report it as “My driver made me feel unsafe”.  

The app says “please fill in a contact form”.  There is no contact form.

Then the support email message says you can fill out a survey.  There is no survey accessible
In the app, like the email suggests.

Uber, I expect better.  My apologies for going public like this, but you gave me no other choice.

I got my money back, by the way (for all you people at home, worried about how the story ended).  It is likely that someone else got in my Uber by mistake.  Fair enough, it happens.

That was not the main issue.  Poor app process for reporting issues is my main beef.",1
"There is no way for customers to complain via phone, chat or email unless it has to do with a ride that has actually been taken or unless you’re a diamond customer. 

Today, the app told me that the estimated wait time for my driver was 4min. Then, my driver went in the opposite direction and just sat there. I messaged and he read the messages, but did not reply. I called twice, but he did not pick up. Once I told him I would complain and ask for a discount, he cancelled. I had been waiting all of 20min. He could have cancelled earlier or answered, but he didn’t. I was so frustrated. 

Luckily, the driver who did take me was lovely, but I’m so mad that I can’t complain to Uber!",4
"The drivers used to be great when uber first started, and now it seems that anyone and everyone can just be the drivers and no standards is set. Once they’d disappoint you, for instance cannot do things as simple as driving according to the GPS (making people late), having basic manners, or keeping a car clean, this app makes it hard for you to get help and contact them directly, had to tenaciously search for it back and forth, and on the website too. I mean there’s a help section yes that resembles FAQs but what for, we are reporting something that already happened and we paid a lot of money for, we need immediate DIRECT contact. Don’t feel that your services don’t have substitutes because people could easily move on to Ola or Didi, with better deals too. I hope Uber would be able to get it together.",1
"I had never ever been treated that way until I booked a ride a few days ago. The driver neither came to the pick up point as booked nor gave me a call telling me his current spot until I called him. He declined the phone and called me back, telling me to come to him but I refused as it was a long walking distance. Unexpectedly, he started yielding at me and was saying loud that he could not pick up me at the point and he had been waiting for me so I had to find his spot. I just hung up the phone and intended to cancel the ride, however he had already done it before I decided.

UBER charged me $8 for that nonsense ride without any care for their frequent customer. After I lodged a request for a fee review, they credited me the amount I lost. But I wanted is to be refunded as I would not consider using UBER anymore and turned to OLA as they offered some promotion as well as better service.",1
"So I have been using Uber since it started. However today I used the app to book and it came up asking for my mobile number, which I thought it was odd as I have been using g this app with same phone number for years. 
I input my phone number and to my surprise it came up saying. “ This number is already been used”. Yes my number. So I uninstalled, reinstalled again and logged off multiple times with no luck. So I just gave up and ordered a taxi. That was real frustrating experience, specially being stuck in a city with no trains or buses and to top it off it start raining. So I deleted your app!",5
"I’ve been trying to resolve a transaction on my work debit card since September. They’ve taken the money from my account, there’s no evidence of the trip, and they refuse to help me. Every time I email they tell me the problem is “resolved” and then when I call they tell me they will escalate with their manager and then call me back. Surprise surprise, I never receive the phone call back. No matter how many customer service agents I talk to, they all promise to call me and they never do. Worst customer service in history. I can’t believe they can just take money from my account, provide no invoice of the trip and get away with it. Total scam behaviour. Even the Uber drivers themselves tell me that problems have become worse since they moved their head office overseas!",1
"This driver was great but I did book a car before this one . He was terrible as I rang him several times - he told me that he was only around corner then on the 3 rd call he said he was at smiths st. I was very upset as myself and my girlfriend walked a way easier for the Uber guy to pick us up which was scary and dangerous . My friend from Brisbane was terrified , it was a freezing cold morning too. When you ring a Uber you normally are like there is 2 mins to pick up clients. I think that person needs more training as not to accept a job if they are too far from the client. 
I am abit nervous now on booking with Uber. I hope this never happens again. 
Yours truthfully michelle anast",5
"I have been using uber for over a decade. Recently, my driver asked me to cancel the ride early, 18 mins into the ride for approx 2 hour drive with 40% of the fare. Driver told me that contact uber support and they will refund the money. Driver requested for extra cash as he will be loosing money on this. I told the driver let me contact uber and once I receive the settlement I am happy to drop tip. I had a long chain of chat with the support agents and they have hell bent to close the case stating the fare is fair. I have been constantly telling them be fair with the customer as well. I also told them I am happy to pay for the airport parking charges but no they want all the money they can. 

How is the customers fault for their drivers behaviour? I DO NOT recommend uber. Use the actual TAXI or other service but definitely not the uber.",1
4 weeks in a row I pre booked an Uber. At the time of booking I was given a fare estimate of $25-35 and on each occasion just before the uber arrived I received a notification saying my fare would be between 2.2 and 2.4 times higher than the estimate I was given when booking due to increased demand. And after falling into the trap the first time and paying $73 for the trip I realised that when I receive a message saying my fair is going to be up to 2.4 times higher than the estimate I was given all I have to do is cancel and re book and my fare ends up being the normal $25-$35. So basically anyone who pre books gets extremely rorted. I have no idea how that is even legal??? I’m not interested in supporting a company with those sort of systems. I find it deceptive and dishonest and disgusting and highly illegal. And incredibly scummy. Uber app has been deleted,1
"Yesterday after work, it wasn’t until I got in the car it was way too late to cancel. It was a 25min ride on a really hot day and there was no air conditioning whatsoever, I felt really sick and uncomfortable throughout the whole trip. When I contacted support after it. Fair enough I won’t be paired with the same driver anymore, but I felt that support wasn’t good enough at all.  I pay enough for this service I expect to be comfortable and safe. I was ripped off so much! I felt I should have at least compensated for all the trouble. A partial refund or some Uber cash towards it. When I contacted support again about this they replied to me with the same results as before, marked the issue as resolved themselves and complete ignored me. Unless this issue is resolved properly soon, I will no longer be using this riding service and going with another company!",1
"I am a brand new Uber user and have given all drivers a five-star rating, including today. But I just noticed I was charged a waiting time for this afternoon’s trip, which was clearly not justified. 

I gave my pick-up point accurately, but the driver approached on the other side of a main road which I couldn’t cross easily without walking (with a stick) 2 blocks, crossing at the lights which take ages, and walking back 2 blocks, as there is nowhere to stop on the other side. So I suggested he go straight and then make a u-turn when able and return on the correct side, which he did. This all took many minutes. But why was I charged?",5
"Hi - we love using Uber, great service. It would really help if you could make the number plates &/or screen details zoomable or larger for people with that need glasses. I only use glasses to read, but when out & about won’t have my glasses on, find it hard to read- the drivers details, number plates etc. Also if you could add the colour of the car. Also an alert if you need to walk to a different pick-up location/ make ta stand out by using a different colour. 
Finally, I do like to rate the drivers, but often can only do much later as busy getting to meetings or on the run. Would be great if you could still be able to rate the driver even if when you go into the app the next time. Thanks :)",4
"I’ve been using Uber for quite a while now and haven’t had many issues with the platform. Yes the occasional frustration with a driver canceling when he is almost next to you, but apart from that very smooth. 

I arrived in Melbourne early this morning for the first time and had to get to my hotel. I pulled up Uber and it was stating a set fee (I won’t disclose how much). So I confirmed the booking and met the driver. Throughout the trip, like almost everyone I monitored the trip and the cost at the bottom of the screen - the cost was staying the same. 
However my driver changed route and continued on the toll roads. When I arrived at my destination I expected to pay my initial price which I saw and confirmed based upon because it was cheaper than a taxi and bus. However, when reviewing the receipt I had been charged almost 2x what I had initially seen. There was no surcharges stated when I made the booking either. 

I then go onto the website to review the fair and it won’t allow me. Stating that there is issues with my submission. 

Not happy at all, Uber hide fees from you and make their prices look cheap so you book and when you arrive you are charged much more. 

For the future a taxi is definitely cheaper.",2
"I actually do not take uber often, less than 15 times I think. I’m a clean, kind and respectful girl. And I do not talkative. The problem is that I got a overall score below 4 scored by the drivers. I do not know why because I score everybody 5. I’m a Chinese girl. Yesterday, I took a Uber. The driver was rude, unfriendly and maybe he was just racist. I checked his score and found it was nearly 5. It’s ridiculous. And I score him 3 for his service. I never do this before. The most sarcastic thing is that today uber sends me a email to remind me my score is lower than 95% people in Canberra. I did nothing wrong, but they send email to remind me I’m not good enough for the drivers. The reality is l’m friendly to everyone. This is so funny and ridiculous. So I remove this software from my mobile phone. I will choose DiDi, instead this so called nice company.",1
I have had Uber and Uber eats for a few years and nothing but trouble with them either double charging me for rides or for food I do not recommend this app to anyone just ring up the store and get it delivered like that a lot less time wasted and a lot more money saved simple as that I have deleted the apps because I’m over them messing me around with rides and for food I’ve ordered I have had good rock up cold and rides not even show up so I don’t recommend this app p.s UBER GIVE ME MY MONEY BACK YOU OWE ME AT LEAST $320 dollars by now and not one cent has been payed back and talk about stuff around you charge a cancellation fee for your drives stuff ups or make people book another Uber and spend more money to get another ride and your app is not safe or succoured I have had mates lose a lot of money from your app,1
"I am 6 months into a licence loss and have been taking ubers very regularly as my employment requires travel. This is the 4th time this has happened to me, Uber thinks it’s acceptable to apply a rate for a pre booking then when the Uber is at your doorstep double the rate. The Uber driver also is lied to through the app being told the trip is long distance and not provided the correct pick up time meaning I’m rushed into my Uber. Unfortunately twice I haven’t picked up on this and have been charged near $100 for a trip, which I take twice daily that is usually $35 each way. Still with 8 months to go I will be removing Uber from my devices and switching to a new service. 
Uber has only 1 thing going for it, it’s current market dominance, very looking forward to seeing this market space change.",1
"⭐️Update:  DON'T USE UBER👎🏻, USE BEATS ❤️, on Beats you can ride TESLA  cheaper than riding Nissan Micra on Uber... and the customer service treats you with respect 👍--> My experience with UBER👎🏻: Suspended for life from CORNERSHOP with no explanation ! 😂 Who TF you think you are to treat people like this? I was using Uber for 5 years and today I ordered groceries. Then suddenly I received a message that the order is canceled. I contacted the support and they said you are suspended for life from using Uber Cornershop haha I asked why? They said we can't say, I said can I use Uber rides? They said yes but no CORNERSHOP. What do you mean banned for life 😂 people can change, I beg you let me use your stupid expensive app 🙏 This is very disrespectful to treat someone like this. At least tell me what the problem is. Is the problem that I am staying at a hotel? WILL NEVER USE UBER AGAIN. I will install another App. Update: I found BEATS ❤️",1
"When my car is unavailable I use Uber and reserve a ride to work in the morning. It’s a life saver for me! Always get a driver that doesn’t cancel and arrives early and stops in the perfect spot. My only issue with Uber is the cost. I think a $5 reservation cost is a little unnecessary and the rides in general are expensive. I understand the economy and how prices are expensive but the Didi app are a lot cheaper, but I use Uber as I think it’s a better experience. Other than that it is an amazing app. If you’re ok with spending a bit extra for excellent service and convenience than this app is for you.",5
"Expect to have your ride cancelled several times before a driver actually comes to get you. If you’re more than 5 minutes away from them, they cancel AFTER ACCEPTING YOUR JOB IN THE FIRST PLACE. There Should be harsher penalties to drivers for practices like this. I used to love uber but now only 1 in every so many drivers is decent at all, the rest seem to be lazy and will cancel as many times as they like if they can’t be bothered- with no explanation or guaranteed re booking. 
Sick of having my booking confirmed, only to be canceled a few minutes later and then have no Uber’s available in my area - even though when it’s first ordered there seems to be plenty of drivers around, and then my job gets sniped anyway by a guy 3 suburbs away who’s going to take 15 minutes to get there AND CANCELS THE TRIP ANYWAY. Why are drivers allowed to do this? What happens to the customer?",1
"It’s frustrating for a regular customer such as myself to have not received their food and not have someone to contact about it. Placed an order for my family, was wondering why it hadn’t been delivered about 10 minutes past the time it should have been, went into the app to check the status when it says delivered and I hadn’t received a message or a phone call from the driver or a knock on the door. Looked up Uber’s policy and it says if the driver made an effort to contact the customer and failed that you may not be eligible for a refund, that’s like paying for something you didn’t even receive!",5
"ok...Your drivers were excellent, and your tracking etc was 5 star.

However, yesterday, for  the third time by Uber for trips that were cancelled by the driver, or in one case the agreed upon fare 2 kilometers from my house) was jacked up AFTER ACCEPTANCE to $55.  

I am no longer able to cancel.
I am no longer able to file a complaint

I think the problem is that the original Aussie drivers have been replaced with opportunists who game the system, and that is serious.

3 times on visits to or from hospital or medical care the driver did not turn up.  
3 times, with an injured right foot I have had to walk from 1 to 3 kilometers.
3 times I was charged for the above.
3 times I have spent  between 1 and 5 hours to get my money back

Summary. Great system to a point, being gamed by unscrupulous drivers.  I will continue to use you for now but please NEVER EVER charge me for rides not take.  Get rid of scam drivers.  Do not send replacement vehicles for rides cancelled by your drivers as I will have rung a taxi or walked by then.  YOU NEED TO FIX THIS IF WE, THE CUSTOMERS are going to rely on you.  Im happy to revise my poir review if you fix your serious issue.
PS it would help if there was a human being in Australia that we could phone.",1
"This app should be ashamed. Tonight after I finished a movie with my partner we were planning on taking an uber back to our car parked at a train station. When I logged on the app continuously said that my account had insufficient funds even though my account had plenty in there, I decided to try my partners credit card to see if this would make a difference. It didn’t. I tried to delete the funding accounts but it refused to let me do so, after contacting the support team- they were unhelpful and didn’t seem to understand the issue. 

Putting it out there - how many young people out there relying on Uber to get them home safely especially late at night, left stranded  on the streets. It’s a nightmare waiting to happen. Uber you need to lift your applications flaws otherwise you will be to blame for something horrible happening to someone.",1
"So I hit my destination home & somewhere along that it glitched to Lakelands station. Jpg home. It cost me an extra $9 to get home. No I did not touch Lakelands station which is below my home address
Also let’s talk about your huge overreach into our lives? You actually had the absolute nerve to ask me to upload my contacts to your data base. Like hell I’m going to do that. What is wrong with you as a company? Are you that desperate for funds? Cos you don’t get any of my info without paying for it & believe me you don’t pay anywhere near what my info is worth. So get out of my life. Get out of my contacts. Time to grow up you sociopaths",4
"I love Uber. The app has always worked well and is clean and easy to use. Most drivers I get are very good and I think prices are reasonable, especially the new set pricing. 
One function I’d suggest adding is an optional one around preferences for the ride. Eg. Music/No music, Talking/Less talking/No talking, Normal or Slower/Smoother driving, Windows/Air Con. These could even be permanent settings, rather than set for each ride. 

This would really help me to have a more comfortable experience, as I have a chronic illness and would prefer not to have to ask for the driver to change everything or to please stop talking and let me rest every time I use Uber.",5
"I’ve been using Uber for quite some time now, and I must say, it never fails to impress me with its efficiency and reliability. Whether I'm heading to work, meeting friends, or catching a flight, Uber always gets me there on time. The app is user-friendly, making it easy to book rides and track my driver's location. The drivers are courteous and professional, and the vehicles are always clean and well-maintained. Overall, Uber has become my go-to ride service, and I highly recommend it to anyone looking for a convenient and hassle-free transportation option.",5
"Had drivers tell me they’re surprised that my rating is lower than 4.8⭐️, and said I should be so so grateful they even took my ride 🙄

I had 11 rides, 8 ratings and one rated me 1.

Me: polite and did everything Uber recommended. Small talk when the driver start it. I need rides to/from work or social events and don’t typically have that much to say. On the other hand, some drivers would ask my name, phone number, ASL and was offended I didn’t want to answer. What did I do in return? I don’t rate them or I rate them 4 the lowest.

I understand flagging trouble customer, but I never swore, never raised my voice, no backseat driving, or never argued no matter how weird their social commentaries are. I have good hygiene and never smoked or soiled their cars. I always leave 5 ⭐️ because this work is tough and rating is their livelihood.

After being told that my low 4 ⭐️ will make drivers cancel my rides at night (when I’d need it most), I’m looking for alternatives to uber. It’s too much pressure to have to be perfect according to so many different people when I just want to arrive home safely. If you want me to perform as a delightful and fun girl who is open to solicitations, then pay me too uber.",1
"Not for a ride, but for the tech fellows in the USA to fix a problem that has been apparent for a long time. Ever since the “schedule a ride” was introduced, I’ve not once been able to schedule said ride to have multiple destinations, in the same way an ordinary ride would allow. It kind of defeats the purpose when I’ve scheduled my ride to the airport, old mate Uber driver thinks he knows where he’s heading, then BANG change of plans buddy this trip is now twice as long as the one you signed up for, sorry about it, blame Uber for focussing too much on the next gimmick they can charge people for, instead of listening to people who email them genuine feedback on ways to improve their app.",3
"Back in April I ordered an Uber to take me home from the Perth city for me and my partner. We are both queer women.

The driver picked us up and began to take us home. Upon driving to our address, he began to fall asleep at the wheel and started to swerve into the lanes. I grabbed his attention by raising my voice and woke him up, asked him if he was okay to continue driving or if he should pull over. He assured me he was okay to continue the drive.

After this, I held my girlfriends hand as she was getting a bit frightened from the drivers unsafe driving and I immediately noticed the driver look back and give me a dirty look.

After finally getting home, the driver sped off the second we got out of the car. The next morning I woke to a message saying I was reported for abusive behaviour and my account was deactivated. I immediately contacted the support line and tried to give my side, they ignored my pleas and me saying the driver was unsafe. I was then told I had to read the “community guidelines” and apologise or I would not get my account back.

Horrible customer service. No sympathy or humanity. Would give zero stars if I could.

Alternatively DiDi have cheaper rides and excellent service. Highly recommend them.",1
"Please on Saturday the first uber that I call have been canceled an I have Ben change $8 .
So I thing it not fear for me because when I call uber they it not followed the GPS and they are can’t find me but I can see them they are driving very fast so passes me an my wife so I can see the  car bu they are going the wrong way I can see mape that com form uber that are driving very fast .wrong way so I give up an waiting again and they come back the Sam way .
And I see them again  but now them put cancel inform off me so I try to call them, I think they are see me but they already canceled so they cannot stopped.
And I try to call another Uber the guy he can find me only 1 mine so .
The first Uber he it not good.
1.he don’t know the way in the city 
2. He not be pation 
 3 don doing the best 
I think don’t have service my .
Only want to he other customers an don’t care any customers that they are waiting.
Because thank they it Australia Day it a lot of Cuttomer ,
So am the one customers it not very happy that I waiting an I have been charge $8 
So I’m not very happy please I don’t want to pay for the driver don’t have responsibilities and please return Monday .
I will give 5  for the no 2 delivery that send me home safe thank you very much.
Thank you very much.",1
"I have use Uber for years now and never had a problem. I got hacked just before new year and they changed my password, email and possible number. 
I have contacted what you call customer support over 20 times. I get an initial response but when I reply back to the email I never receive anything back.
I went as far as creating another email address and setting up another account which I can access via PC but the app has yet again locked me out.
I do not carry a PC with me on nights out and require the use of the App.
There is no number to call for such a big enterprise is a poor choice. 
This is something that should have been sorted in what I believe only a matter of a days not still an ongoing issue over a week and half later.
How about hiring people that actually want to do the job and not pretend to care.
It is also obvious your support team do not work in Australia as the email I receive come in at 1 or 4 am.
This also affects using my Uber eats account.
So not only are you losing money cause I can’t catch a ride but losing money due to not being able to order food.
Absolutely disgusting customer support and you deserve to go broke.",1
"The app doesn’t allow you to pre-make a booking in advance which is annoying, and also, the standard of vehicles has dropped. When Uber first launched, a premium vehicle was something European or a Lexus. Now a Toyota Kluger is accepted as a premium vehicle and the standards for a normal vehicle have dropped considerably also with a lot of them now being quite old and sometimes a bit on the shabby side. Also, the costs have gone up. Uber is now the same price as a taxi. Now that the quality of taxis are improving, I may take Silver Service taxis instead next time as they are cheaper and nicer.",5
"I’ve been using Uber since 2015, nationally and internationally. Until this year it was the most fabulous and great value service. I have no idea what changed. There are still many wonderful Uber drivers out there BUT now I have to allow at least 30 minutes to get a car (previously 3-4 minutes) as I can have 5, 6, even 7 drivers accept a fare and then cancel. This is happening more often than not these days. And sometimes I’m quoted a fare three times what it should be to secure a ride. Not often but it does happen and I’m not talking about bad weather days or public holidays… it’s happened a few times in the middle of perfectly ordinary days. Very disappointing.",3
"I dont drive, use Uber since they arrived, their GPS is totally bad, drop me at wrong position all the time, few times I realised if I know the location & asked the drivers drop me at where a want, sometimes I have to order another Uber to go to the right place. For example: I always order Uber from Buranda station to Aldi Stone Corner, they always drop me at the other side of the Aldi, at the carpark?? Another time they drop me at no through road, just behind the house i need to come, I can see it actually couldn’t get in, ‘Cause the entrance is on the other side, have to order another Uber, it happens many times. Some of the driver couldn’t find where I am, cancelled the trip, still charged me, or arrived without calling, wait until the time end then charged. If there is someone like Uber arrived, I definitely chose it , deeply disappointed, not recommended.",1
"Up until recently my experiences have always been positive across Australia. Today my wife was trying to get to the airport with our daughter. She had multiple drivers cancel trips. One turned up, said he could help her get her luggage into the car as she was holding our daughter - then just drove off. Two more cancelled before ever arriving. Another one claimed he couldn’t take our daughter without a car seat, in Queensland there is an exemption for taxis and Ubers. She only made her flight because a taxi dropped someone off nearby and passed our house on the way back down the street. When she got off the plane they had each convinced Uber to charge her a cancellation fee for not being at the collection point. I would seriously recommend against using Uber after this.",2
"When we book for a trip you show us options which I am grateful but the only thing that I’m not happy about is that on the app will show the driver will be at my place in 7 minutes and then after few minutes passed it will add up more minutes on top of the minutes left because the driver is completing a trip close by. Please when it’s says 7 minutes let it be 7 minutes. Because of your 7 minutes, 4 minutes and 5 minutes then multiple into another minutes I arrived at work really late😡",5
"At first, I resisted using Uber because I felt sorry for the taxi drivers. But after a friend pushed me to try it, I am a convert! The convenience is fantastic. I must admit the service is much more reliable than traditional taxis. Generally prices are excellent (except occasional peak periods). It is fantastic to have everything paid in advance and automatic through the app. I’ve met lots of interesting drivers, most of whom seem to use Uber driving as a way to pick up a little extra cash. The App is very good (aside from it’s annoying efforts to have me sign up for new extra services!). There is now even Pet Uber! What’s not to love!",4
In the whole time I have been getting Ubers and didi rides this lady was fantastic the whole time we spoke she explained certain things to me when I was asking her things her driving was 110% safe and that’s great as I had my to kids with me. It was a happy and comfortable ride and I would love to get her every time if I could I would rather pay someone that is nice makes u comfortable and can have a conversation with u and makes your ride injoyable. Cos lately I haven’t been happy with a lot of drivers they r rude or they talk English and that’s not good customer service what so ever. Thank u for time.,5
"I was picked up by an Uber on Saturday night. The car wasn’t flash like they normally are. It was a White Camry, like my son told me. When I got in I said I had a car like this.
He didn’t answer me. He just looked at me.
As he drove off, I asked him was it for Hansen, he sort of grunted and then I thought he shook his head, like no.
Then I proceeded to ask him are we going to my address, he still didn’t answer me, he pointed at the phone. I said do you understand me, do you speak English. No answer.
That’s when I started to feel uneasy.
So I rang my son who called the Uber and said, what the hell is going on with this Uber driver, he won’t answer me.
My son said , mum why are u in the car, it’s saying that the car is just pulling up to pick me up.
He said get out of the car mum, that’s when I panicked.
I started yelling at him to let me out of the car, over and over. He still said nothing, he then pulled over and I jumped out.
I rang police, but they didn’t care. The next day my son showed me the picture of the driver, that even freaked me out more. It wasn’t the driver of the car!
This has really rattled me and this should not happen to anyone, when they get into an Uber.
Thank god it didn’t turn out bad!
I need an explanation from Uber!",1
"I have travelled to Melbourne many times over the years. I always caught Taxies. The drivers were mostly rude and angry hitting the horn and growling at other drivers. I literally feared for my life. I got an Uber once and OMG I am forever converted. The drivers are friendly, much less stressed and usually up for a conversation. I have had so many wonderful conversations with the drivers. I ask about their families, country of origin and what their passions are. The trip soon flies and I have learnt so much. May we never lose the art of conversation as it is integral to who we are as human beings ❤️ love love love Uber’s 🥰",5
"Rating is less than 5 Stars because for my most regular Hobart collection point your System insists on telling drivers to collect me from the incorrect side of a very busy road.  The Athenaeum Club is at 29 Davey St Hobart - on the North side of Davey St but drivers are told the South side.  Davey St is a major road which is almost impossible to cross during peak periods.
I have tried to go into your system to ask you to correct details for this collection point but I find your system not designed to deal with such problems. 
I would be happy to hear from you and be assured you have amended details for collection at Athenaeum Club.   Thank you",4
"Dear Uber,
I made a criticism of your app a few weeks ago..... I was asking for a feature which I thought was absent from the software, but is actually present!
In this way, I was clearly wrong......... I had no idea that a previous update had already provided what I wanted.
We (users) still have no way of knowing what new features appear with each update.
So, I’m changing my request......
Whenever an app update is available, the current descriptions use words like “enhanced experience”, “faster”, “ more reliable”. All of these words sound good, but are almost meaningless (especially “enhanced experience”). They in no way demonstrate or inform the users of the app IN WHAT WAY(S) the app is improved, nor is the user informed of what new features are available.
As mentioned above, we still have no way of knowing what new features appear with each update...... PLEASE, let us know HOW the app is improved by each update, so we can benefit from all your good work, without having problems finding new features, or “being kept in the dark” wondering!",4
"Uber used to be great, however now Uber’s can cancel their jobs leaving people who have been waiting for them, because they have scored a different and longer ride. This does not support safety of women in today’s society and can leave them in vulnerable situations. I find this absolutely disgraceful that a company who is suppose to provide a reliable service thinks that they can pick and choose which rides will benefit them. I also think it is appalling that an Uber can simultaneously accept two rides and can ultimately abandon one customer, or leave them waiting when another driver could have completed the ride. After having supported Uber strongly when they first came onto the scene, I feel that this service has only declined in comparison of their success and these issues need to be resolved if they want maintain a loyal client base.",1
"The Uber functionality is fine, but I don’t know why they even included the Uber Eats functionality in this app. It’s pretty broken. I can’t even rate or tip a driver unless it prompts me to, which seems completely random and very rare. Updating my address is completely broken too. It’s seems to be non functional while you are attempting to change it, until I close and reopen the app to find I’ve somehow added multiple variations of my address while it seemed like nothing was happening.

And then there is seemingly no way to delete the addresses you don’t want anymore.

I’d rather not install two seperate apps,  but it’s kinda necessary for some reason.",3
"We left 6k worth of items in a car, we called the driver and asked if he has the items to which he refused. We then tracked our items online and had proof that our items were still in his car. Uber is not responsible for un professional drivers, however even tho we could proove that our items were stolen by one of Ubers drivers, they refused to give us the drivers phone number or allow us to contact him for a second time through the app. We had a flight to catch and Uber likes to to suggest things to a mailbox that will get back to you in a couple days rather than just give you the drivers phone number. This is a funny fact as Uber happily gives passenger details out to drivers to contact but won’t allow the other way.",1
Uber used to be good before they became money hungry. When it slightly rains the fair goes from $8 to $40. In New Years what’s meant to be a $20 fee turned to over $90 even though people weren’t making their way home yet. The company doesn’t care about anyone’s safety and well-being but only the amount of money they’ll receive from us. Not even the drivers get as much as they should because of how stingy the CEO’s are. It’s why I use OLA and Didi the most because of their more reasonable prices. Do better Uber. You people have enough money in your pockets to last a lifetime.,5
"I’m student using bicycle with uber driver application for earning money to run my kitchen in Australia, especially during Corona Virus Outbreaks. But one day, I got a report from customer, he/she said that I drove a wrong vehicle, and Uber send me a warning message, and I gave to Uber that I have never driven any vehicle except my bike and I haven’t had any license to drive any vehicle else except my bike. Normally, I have 1-2 orders in 1 hour during the busy area and time, but, since that report, I haven’t had many order, just had 1 order in 1-2 hour at the same area in the same time. Uber have limited my account and haven’t send trips to me frequently. That is really a bad treatment to driver when they haven’t believed in their partners. Currently, it have still happened to me, I can’t adapt my living with this limitation.",1
"2018, I lived in Singapore. The uber came and quickly passed by my house (without taking time to actually wait) but marked me as being late. I made a complaint, it was dealt with. 2019 I was in Vietnam using Uber with no problem expecting I had no charge against me. 2022 I came to Australia and the charge reappeared. I contacted uber and for over a month, 3 messages, no reply. So I had to pay for it. Today, I was waiting for uber outside for 7 minutes. The map showed the car was on the way but didn’t move so I contacted him. Yet he didn’t return the call. I didn’t expect to see I was charge yet again with the wait fee even though I was waiting for him outside in the cold night. If you don’t fix this and return back my money ($6 sgd and $3.58 aud) I will never return and boycott the brand wherever I can.",1
Very good love this app especially after a late night or doing night shifts Uber has more availability with drivers then most others I know. It’s so much cheaper then a taxi. Be aware there’s some idiots that think it’s funny to accept your trip and drive around you in circles so you’ll cancel your trip and they’ll get paid for nothing. Other then that just steer clear some Uber drivers are so lazy they can’t get a job and start asking for private jobs so you can pay them cash in hand. Overall Uber is the best if travelling anywhere.,5
"I booked a share ride this morning. Waiting for the car. Didn’t see it pull up directly across the road. Waiting and wasn’t sure how this service worked due to it being the first time using it. Then ride got cancelled on me, then saw a car drive off and I realised it was the UBER car from last 3 digits on number plate. Just then I got a $7 cancellation fee in the mail. What?? So I’m standing there in plain view and the driver couldn’t wind his window down and give me the heads up ... I was the only person in the street!! I was literally 5-6 meters away but didn’t see number plate because I was parallel to the car. I switched from taxis to Uber because of low and dirty tact’s like that and disappointing Uber has crossed that threshold. And what is even more disgusting is the fee is more than the fair. UBER you need to reverse that fee, this is below the belt dirty tact!!",1
"I take Uber 3-4 times a week so feel I am able to review them with a fair amount of experience. Apart from a small portion of excellent drivers and quality vehicles there is seemingly more and more drivers either 
A) displaying unsafe behavior -swerving in and out of lanes, paying more attention to their phones than the road, driving well under the speed limit sometimes 10km -20km to avoid potential fines.

B) having the most DISGUSTING body odour and therefore needing windows open on long trips when it's cold, making for a very unpleasant customer experience. More and more drivers are coming through with bad odour and seemingly think by spraying a heavy smelling deodorant over the top of body odour is the solution. It is not. That's what showering is for.

Unfortunately their service is dropping and it seems you'd have just as much luck getting a decent driver with ordinary cabs. I have one driver out of four that I feel comfortable with 👎🏼

Oh and to add, yes I have contacted support. A $10 credit to my account for a seriously noxious experience on my way home is not good enough. Especially early in the morning when getting out to order another Uber would be risky to my safety due to the time of night.",1
I scheduled an Uber on the 21 of September 18 was waiting for 42 minutes before Uber sent me a notification informing me my ride had been cancelled and I could reschedule. I tried calling the driver after waiting 30 minutes however was told the phone was turned off. After I was told my ride had been cancelled after never seeing the car with the map saying it was only 1 minute away the whole time. Since Uber cancelled my trip I was under the impression that I wasn’t going to be charged. However later received a notification saying I was being charged $32. I tried to contact Uber to sort this mess out only to find there is no actual number or way to contact anyone. I tried to review the trip or make a complaint about it wouldn’t allow me to saying this service was not available. Not impressed at all!,1
"Not happy, used Uber for first time the other night, quick was trip, driver listened when he tried going long way and I said no this way, trip was estimated for $13 cost me $17 no worries, get out at our destination and go enjoy our night, get home, check my account and I had been charged for a cancellation trip (Uber was apparently ordered 1 min after I got out of the Uber) I never ordered it so don’t know what’s going on, then another Uber trip to an address I don’t even know, my receipt shows the address so I go to log on to see if I can dispute it and now the destination address as changed to the pick up address we originally got picked up from.. not happy and won’t be using Uber again.. and of course it’s impossible to contact to try get it rectified and no options for my situation on the help section",1
I was an Uber virgin until a few weeks ago when I broke a bone in my foot and started using Uber’s to get around. Every trip has been great. Good safe drivers and pleasant conversation. The app is easy to use and I like how you can see the car on the map as it drives to your pickup location. Sending back the colour of the car you are waiting for would be helpful as it’s not always possible to see the license plate in heavy traffic. Pre auths need to be sorted out with PayPal as they sit and accumulate and not drop off the system. I’ve had them sit in my account for 30 days.,5
"So this is my first time using uber and I had to sign up. I had downloaded the app and filled in the details required, however on the what’s your name page when I put my name in and then pressed the arrow to continue it would bring me to the terms & conditions and privacy page, and when I push the arrow to continue through it goes back to the what’s your name page. What is wrong? I have tried using my correct full name, my preferred name, a nickname, closing the app, uninstalling and reinstalling the app, switching off my phone and even researching online on how to stop this/make the app work again. I have even tried making my account off the website and that still isn’t loading. Nothing is working and this is frustrating for a first time user. I just want to make an account man why so difficult.",1
"Like too many other online services dealing with individual retail customers, Uber provides no means for its customers to get in touch in real time to solve an urgent problem. In our most recent interest, a process glitch placed a short term obstacle on our payment method, which impacted a ride to catch a flight. Google revealed no means of contacting Uber, except for drivers - so we were potentially left stranded to miss the flight. Moreover, the problem appeared to have been caused by using the app on a very recently replaced handset. No clue on the app from Uber that this could happen, or what to do about. Uber should recognise that it’s business depends as much on its treatment of us customers as on its processes for collecting their money. Uber give it’s customers, via its app, a means real time contact and help b",2
"The price raising/ gouging is a well known problem, but I’m facing another right now.
I’ve tried to apply for Uber one with the student plan. It charged me the monthly fee ($7AUD) and then didn’t go to verification, so I tried again and it charged me **again** and then went to the verification. It then asked for any of 3 different verification documents that were less than 3 months old… but I enrolled ages ago so I go back to see the option to sign into the website instead of using documents and going back takes you all the way back to the payment option. I went to continue and it tried to charge me again!! All of this to save $2 a month. Even if I manage to get a refund it won’t be worth it.",2
"Good for the most part, although after a trip has been completed or cancelled, you cannot change any type of fare (tips or added etc). I for example cancelled a ride when they were one minute away and it didn’t charge me anything. Given I got a ride from a family member, I wanted to compensate the driver for coming all the way over to me for nothing, but couldn’t. I tried all of the help options, but nothing. There is no human help at all within the app or online. I know not everyone would take this as a loss, but it don’t take much to be a decent person, even if only $5",4
"I booked a car on the 22Decemer for a airport drop off. The drivers name is Sumith. 
He was curious to know from where we were and I did not tell him that we were from Sydney and were holidaying in SL. 
When we passed through the toll gates he said the toll has to be paid by me and I said that it is included in the fare Uber quoted he said that according to his records it is not. The toll was paid by him 
At the airport I paid him Rs.7,000 which was for the fare Uber quoted + the toll and the balance as tip. When I requested a receipt for the payment he said he does not have that facility.
The following day I received a message from Uber to the effect that the fare was not paid and that I have to pay it to Uber. 
We are from Australia and the cost of the ride was just $20.
It is a shame that such a reputed company employs people who stoop to such low levels.
In the Uber App I clicked on the cash button and if I did not pay the driver would not have left without getting the payment. He left because he was paid more than the agreed fare. 
Customers be aware of guys like Sumith.
I will lodge a dispute with Uber even though it is just a small amount. This has to be taken seriously.",1
The Uber reserve feature only works when the app is online and that defeats the purpose because most reservations are very early in the morning and we have to have our rest. Plus we must stay for 8 consecutive hours offline to gain our 12 hours back and this is very inconvenient not being able to see the Uber reserve trips while offline. It would be nice if this problem would be fixed by the people that program the app. We as drivers would like to get the best experience and this issue I think is not only bothering me but other as well,4
"Trying to catch an Uber on a busy night is pointless. 1.5hrs of Uber drivers accepting the trip every few minutes and then cancelling when they were within a few hundred meters. Ended up having to get a friend to pick us up. No point trying to leave an event early to beat the rush either, they will cancel if they know a rush is coming so that they can get the surcharge. Trips accepted in the $20 range, cancelled, and then the next trip accepted later being closer to $50. Uber clearly doesn’t hold their drivers accountable for this lack of service. It’s a problem that’s been going on since I first started using Uber many years ago. I’d love to know why drivers can repeatedly cancel and face no financial recourse, but if a customer cancels they are charged a cancellation fee??",1
"Today was the first time I have used Uber since 25th August 2022 (we have only used taxis since then).
The reason being that my husband & I were in the city and I had 3 rides cancelled after they were accepted by drivers. This was a substantial trip and I felt very exposed and unsafe standing, waiting, waiting, and finding that one driver after another cancelled out and each time the fare was more expensive.
We waited for 15mins for the last one when we accepted a lift from a taxi instead.
I was then charged by Uber!!
Today’s experience was great and Stuart, the driver was very helpful and polite. You need more drivers, like Stuart, who actually show up, for the original price and take you to your destination",2
"Drivers (at least in Melbourne AU) pull your chain, accepting rides then never showing up or cancelling because they took a job on another app. I decided to write this review today since I just had a driver rated 4.99 (lol) not pick me up for over 20 minutes, not respond to any message or call.

This happens during busy times no matter what level you request (comfort, x, pool, etc.). I know I could cancel the ride myself but that causes extra delay and gets me a bad mark on Uber’s database for cancelling.

It’s clear Uber doesn’t sufficiently penalise drivers who are ruining the integrity of their platform. They charges a premium of about 25% over the other platform in this market (name begins with D), but there’s no premium service offered. Quite the opposite in my experience.",1
"Uber pool seems to be going from bad to worse when deciding on pickup locations, navigating the drivers there and selecting other pickups
The number or times that I actually go to a pickup location just so that I can drive past my actual location after (would of been easier for me to stay there) is ridiculous. This is same for drop offs, the way is ‘decides’ on a intermediate drop off doesn’t follow the actual logic of where the final destination is
And the waiting time! Drivers seem to be going round the circles around me for quite a few minutes, making my decision to Uber counter productive 
And multiple pool pickups in one trip make for a hellish trip. This is the last time I make use of it as all last instances it would have been quicker for me to catch public transport
Please fix it!",1
"The first bad experience when I took a pool was when it was raining and I was dropped off some distance away from my house with quite a few bags of groceries. I did not argue with the driver when he denied my request to just make a turn, (so I had slightly less distance to walk) because it was a pool ride.

However, the second bad experience just really traumatised me. I walked to the designated spot to get picked up by driver (pretty far for this ride). And driver screamed at me and threatened to drag me out of the car if I didn’t leave. The reason was, claimed by him, that I should not have entered the car at that location (uber’s App showed me that pick up spot). He literally could have just told me that he would have preferred to pick me up at another spot. Or simply send me a message to tell me not to get on at the location that uber set. 

Being a female passenger, and getting Drivers suddenly screaming at you, opening your door and threatening to drag you out of the car? I was so scared to even move. 

Police can’t do anything because the driver did not actually lay his hand on me. Uber, as usual, just sent the typical replies that they probably already saved... so.... bye bye uber :”(",1
"It is the first time I’ve not been happy withUber , my first driver couldn’t find my home address after I’d waited 6 mins then you cancelled and I got a ride with Gurpreet but I had to wait another 12 min, he found my home O.K. Lovely Ute but we found it a bit too hard to climb in, my husband was sick and I had to get him to hospital as I said not too happy, the hospital are keeping my husband in so I’ll be using Uber again when I visit him and cross my fingers the next driver can use his map properly,
My ride home with Margaret was excellent 
Sorry to complain but you do need to know my experience 
Regards Audrey",5
"Driver took me in the opposite direction and then dropped me off in the middle of nowhere. Also was very judgmental and was making comments about me and my friend the entire time. Uber doesn’t have a refund option nor do they think that I spent enough money to even get one which is ridiculous in itself. Have made multiple complaints about them taking my money for false trips but this is by far the worst experience I have had with them. Would never recommend this company to anyone again, even Uber eats has similar problems with wrong orders, taking money, overall not getting the service value that you are paying for. Would like to actually talk to someone about it but Uber also doesn’t offer that service either which is absolute bs.",1
"My Uber receipt is in Chinese while the language of my Uber app and my iphone is English. I followed the instruction on Uber support webpage (which pretty much says set language of phone to English). I have also tried to reinstall Uber app and restart my phone. None of above efforts worked. I Googled it and found people posted on Twitter about this issue back in 2021. So, I need my receipt to get reimbursed but I have this trouble and cannot solve. And interesting enough this issue seems exists at least more one year and yet not fixed. I felt it’s my duty to warn anyone who want to download Uber app be precautious on this. Btw, I have already direct messaged uber support on Twitter. So if uber wants to reply this message instead of repeating direct messaging, try to resolve this issue.",1
"My girlfriend had her phone and hand run over by an Uber driver, completely destroyed the phone. Took this issue to Uber and was basically told it’s not their problem and they’re not responsible for any damages their drivers cause. Their solution was to go to the police and have their own driver prosecuted. Uber was even willing to assist with the police investigation. Didn’t sit right with me that a multi-billion dollar company would rather see the little guy take the fall, and they don’t stand by their drivers that make them rich. Personally I won’t be using Uber ever again, and neither will any of my family. I’ll continue to share this story, and I’m certain that this will result in Uber missing out on significantly more than the cost of fixing the damage they had caused.",1
"Uber is awesome and it’s good when i need a lift when i’m stuck but the fact how if your phone dies before the uber gets to you, you still end up paying the full fee for a ride you didn’t even know get i spent 15 mins last night trying to give my driver directions to my location to pick me up but he could not follow i ended up missing my bus and i got home at 11:30 at night instead of 9:30 i only spent $15 for the uber but still i paid and didn’t get my ride shouldn’t the driver try to at least find me instead of drive off once he’s got his pay? anyway apart from this one bad experience uber is a good app however it has had its complications from time to time",3
"I want to have notifications enabled for the app, so that I get alerts about my ride, but then Uber abuse this to also spam me with discount codes and food offers at random times. Very disappointing and annoying; you can hassle me when I’m using the app if you’re that desperate, but stop bothering me when I don’t otherwise care. Not happy about it at all. I have to enable notifications when I’m using it and then disable them. Pretty annoying. 
Otherwise the app is very user friendly.",5
"It too hard trying to tell uber someone is trying to hack my account, I keep receiving text notifications with codes on it, which I have not sign into my account for a while, then i received an email said my name and password has been updated! It’s not me but luckily I had unliked my credit card when I am not in Hong king. I thought before anything happen I better delete my account. Well a few days later there is another email came in said my password have been updated again! And when I raise a question to uber, I don’t think the supporting staff even understand what has gone wrong and told me I should go ahead and have my account deleted, didn’t I said I have ALREADY DELETED MY ACCOUNT and didn’t authorise change of password? I don’t even have the app on my phone anymore. Useless.......",1
"My friend and I waited an hour + for an Uber to pick us up and drop us home. It wasn’t a stretch of a drive, it was actually quite simple, yet here we were waiting at 2am. We left the venu at 12:45am and didn’t get into the Uber until 2:30. There were no busses available and the taxi service wasn’t in the question as the price was insane for where we wanted to go. Ultimately, Uber was the best option. They would connect us to a driver that would say “18 minutes away” then, would cancel on us 5 minutes before we were meant to get in. As both of us were both girls, we felt extremely unsafe. This happened about 8 times. Can safely we will never be using this app again. Extremely dissatisfied and disappointed. If I could give 0 starts I would.",1
On the 17 March I requested an Uber. The Uber headed to an incorrect address. I attempted to cancel this request and was given the option of being charged $8 to do so which I Declined. My card was still charged this fee. This charge on my credit card is fraudulent when I have declined this payment. This is disgusting when the Uber went to the wrong address and I get charged!!! I hope someone from Uber will be contacting me and refunding me my money immediately!! I would also rate zero stars but that apparently isn’t an option,5
Generally work very well. But when Reserving an Uber for a later date I experienced annoying Uber One promotions interrupting my booking work flow. By the time I cleared the promotion the booking workflow had progressed and I did not get the opportunity to select some of the ride options (temperature etc). There is no planned ride review option to re-enter these selections. Please let a customer complete their workflow without interruption! It’s annoying and rude to interrupt. Make your offers later - I can assure you that customers will be much more receptive to them once they have completed the task which caused them to  open the app in the first place.,3
"When Uber works it’s great but cos I changed Credit cards it collapsed being 82 disabled left in the lurch Last week I was charged for a ride with Vladimir which did not happen I was told to walk to a pick up spot I did not know bear in mind I am on a stik I need to B picked up outside where my eye surgeon is just had an injection in my eye just want to get home ASAP so I waited at least 30 mins no show from Vladimir but he has charged for it how does he get away with that? Anyway I got a regular cab Not Happy the day before I had another bad Uber experience 
mayB we should start an I hate Uber 
page like the Telstra one very very disappointing being disabled I need to B able to rely on the service instead it lets me down Shame on your
Marge",2
"I recently tried Uber Max, and it completely exceeded my expectations! The ride was smooth, the car was spacious and impeccably clean, and the driver was both friendly and professional. I really appreciated the extra room and comfort, especially on longer trips. The booking process was seamless, and the ride arrived on time. Uber Max is the perfect choice for anyone looking for a premium, reliable experience without the premium price tag. Highly recommend it for those special occasions or when you just want to elevate your ride experience!",5
"Uber provides a brilliant service and has been a major contributor to making my life easier, safer and happier. Uber is consistently reliable and is by far first in its class for many reasons, the most important one being the consistency of the service it provides. From ordering groceries, to delivering me home safely after a big night and finally as I am a member of Uber ride and share has provided a service that has helped me tremendously. 
Thank you to Uber and all of the employees who continually provide a wonderful service for all.",5
"I was just in an Uber that ran over something(I believe it may have been the curb honestly I wasn’t paying attention to the road due to the fact that I didn’t think I needed to) and the car had lifted up on the left(my) side, dropped back down and then swerved almost driving into one of the roundabouts that we were approaching and apparently that’s not a good enough cause to get a refund for that trip! I ALMOST DIED and yet all that’s happening is I’m being unmatched with someone who they should’ve banned from driving for their app! I’m just so lucky there weren’t other cars around otherwise I probably would’ve being seriously injured or dead or maybe if there were other cars around maybe he would’ve paid attention to the road better!",1
"I had a ride with an uber driver who put out his cigarette in the ashtray in the car as I got in. The car was full of smoke that I was breathing in... 
SECONDHAND SMOKE KILLS. It’s a proven fact. 
I complained to uber and asked for a refund and the driver to be fired as it’s a clear breach of policy and a clear breach of South Australia transport act. They gave me $5 credit and offered no apology or disciplinary action for the driver. 
So now I’m making this public for everyone to read before I contact my local transport ombudsman. Uber does NOT care about your safety or wellbeing.",5
"I booked an Uber ride at the airport and waited about 10 minutes all the while being told “we are organising tour driver”. At least 5 Uber drivers cruised past and ignored us and our request. There were constantly several cabs on the nearby rank and as no Uber ride was confirmed, I then cancelled amd we took a cab. About 15 minutes into the cab ride, I got a call from an Uber driver to ask did I want the ride still?
When I replied “no” (after already having cancelled the ride 15 minutes earlier), I was charged $10!!! Last time I’ll trust Uber - back to the cabs for me.",3
"I am mostly travelling for business, to and from airports, a lot.  I must be on time so as not to miss flights.  This is why I always schedule my rides the night before, at least, prior to a morning flight.

I scheduled my flight last night, in preparation for this morning’s travel to airport.  Imagine my surprise when my ride informed me he only just picked up my ride a couple of minutes before the appointed time; as a result of some other driver canceling the ride they had then accepted.

I was not late for my flight on this occasion but think this is more  luck than anything else.  

What is to stop a driver accepting my scheduled ride, as per the email I received last night, and then either cancelling too late for another driver to ‘luckily’ pick it up in time, or worse, not even bother to cancel and just not turn up?

This is most concerning.  What is in place to prevent this from occurring? Is this common practice?  I cannot continue to use a service in which I have not confidence, that is potentially going to compromise my professionalism. 

Interested to hear your response Developer.

Thank you.",2
I was charged $9.72 on my card asked me for my bank statement for proof completely ignored telling me there system was correct after I accurately provided them my bank statement and my screenshot of there invoice stating on the invoice I paid $9.23 but also are stopping me from using Uber until I pay an apparent $9.11 for a trip that that I already paid for but had the hide to tell me I paid $9.13 after completely ignoring everything I sent them acting as if I was lying to them so pretty much stole about 0.60 cents ignoring the fact I can’t use Uber now until I pay $9.11 for a trip I already paid and I’m also a Uber one premium member this is absolutely horrible support I got back from them today no respect for me at all.,1
"I’ve been struggling with UberEats for
more than one month with issues in my account. I just finished a chat session with Aaron, where I spent almost two hours talking with him over the chat asking him the same question over and over again: “Do you believe in everything you’re offering me as a solution?”. He never answered my question clearly and directly. He assumes a position passive-aggressive and starts sending me messages about my tone. I asked him to highlight when I was being inappropriate when talking with him, nevertheless, he has not answered me back. 

This chat was finalised with Aaron saying that he could move forward because of my tone and my question is still without an answer. I do not think I am going to get any answer back from Uber. That’s fine. They have lost a customer/partner. Maybe, it is nothing for them today.

Uber, Aaron is just like you, do not believe in your own process, procedures, deadlines and gets angry when it is asked why he is doing something he does not believe! Why he is offering something he knows it will never happen that way.

I do not expect any answer back from you Uber, as I cannot expect from Aaron.

Cheers,",1
"Have been a user of this app since it first opened up in Melbourne, and have loved it in the past. Unfortunately, over the last 6-12 months it has greatly let me and my boyfriend down on many occasions. I choose to use uber as a “quick” and convenient way of getting around, yet the last time I used it, I was left waiting in the cold night for 40 minutes due to cancellations by two different drivers and could have gotten home quicker on public transportation. This is not the first time this has happened. Drivers often leave us waiting for quite some time and then cancel on us, no matter the distance we have to travel.
Not acceptable, I’m over it and after many years of usage, I’m deleting the app and never recommending it again.",1
"I’ve just been charged a fee when the driver had to wait, despite my messaging the driver to advise that we were “just coming”.  My point being I had kept the driver informed that we were inside the house, and would be outside in a minute or two. We walk outside and the driver is gone. Trip canceled. No notification. That’s not service. And this was after we had three cancellations earlier this evening, because your drivers couldn’t be bothered picking up a fair.",5
"What’s the point offering a ‘scheduled ride’ if there is no driver pre-arranged. All scheduling does is log a call for a ride at the appointed time. Scheduling should assure the user a driver has agreed before the time to accept the ride for a guaranteed service.

For example it’s Christmas Day and the  evening before I scheduled a ride for the required time. Knowing there are next to no Uber X drivers on Christmas morning you can imagine my horror to discover the app simply requesting a ride 5 mins before the time. Well after the time I was still waiting for the app to find a driver. We would still have been waiting an hour later so cancelled the ride and took a 3 wheeler.

If I can’t depend on Uber to pre-arrange a ride then goodbye Uber. Please have a think about your process and how non customer focussed it is.",1
"Very good drivers overall.  Just had issue with one driver yesterday where he started driving when I did not have my seatbelt on.  Actually before his arrival I told him to pull up in loading zone (after foot crossing) so he doesn’t end up in taxi rank and he did not follow instructions.  These drivers really need to take safety more seriously.  Overall, I found female drivers are more patient and wait and actually ask if seatbelts are on and passengers are ready to commence the trip.  Not all male drivers are like that, I had a couple of male drivers who were very much following safety protocols.",3
"I requested a ride with payment type as card, but every driver I found asked for cash payment. So, I changed the payment type to cash and requested a ride. Everything went fine; the driver helped with my bags and so on. I paid with tips, which totaled around 20 USD for the trip. When I entered home, I received a notification that I had only paid 10 USD and that I would be charged an additional 10 USD. 

I contacted support, and they informed me that it was my responsibility to check the paid amount specified by the driver. However, this was the first time I had heard of such a requirement from the support team. It's also worth noting that there was no indication in the app that I should check the amount while requesting a ride with cash payment.",1
"It’s not so much the $8 fee I was falsely charged. It’s the principle. I’ve gotten hundreds of Ubers and that’s the 2nd time it’s happened. The first time I was refunded though. I watched the person pull up in the completely wrong street, was hung up on 3 times when trying to call him. He could clearly see where I was. It was raining and I needed to make it to the train station. Why would I order the Uber for a hundred metres around the corner when it was raining? Why would I do that even if it wasn’t raining? It’s insane that you’re records don’t show he was in the wrong spot. Also, why would I go on so much about $8 unless I was in the right. I feel like I’ve been stolen from by a multi million dollar corporation and I’m struggling to survive. Never again!",1
"I signed up for the Uber Pass free trial thinking I could cancel before being charged. Well, the buttons they tell you to click to cancel don’t exist! They’re not on the app and they’re not on the website.

I tried sending screenshots to Support; they just told me to click those buttons (that don’t exist!), and then closed the conversation so I couldn’t reply. I tried the ‘Chat’ function on the Uber website; it just kept saying an agent was 7 minutes away.

So many people online have had this same problem. Uber charge you $10/month indefinitely and you can’t cancel. They don’t even let you talk to a human to cancel. Once this is sorted – if it’s ever sorted! – I’m deleting the app and never using Uber again.",1
The route was very straightforward and the driver was nice and polite but seemed to have taken a wrong turn. He did comment on this to me. I don’t see why I should have to pay for that. I think the agreed fare was 8 pounds something so I’m not happy that they just charged me £10 something without checking first. I was ready at the bus stop as soon as the driver got there so he did not have to wait around. I didn’t ask him to divert anywhere else on route to my destination. I even had a message at the end of my trip to ask if I was okay because the trip seemed a lot shorter than what they expected. So your additional charge does not make sense.,2
"Caught the uber back from the airport. Driver asked if I wanted to take the toll tunnels. I said no and we took a non toll route. I was charged for the tolls anyway and when Disputing it with uber they would not supply evidence of tolls charged to the driver and would not adjust the fare.  Their gps is the estimate route recommended not the actual route taken. This puts people at risk of been taken for a joy ride and fraudently charging for services not used

Edit:
I sent 4 requests for uber to sort out the ride charges and all I got was templated responses like the one below and they won’t contact the driver or provide evidence for tolls charged by Lint. I am a local who drives these roads daily.  So my bank as put in a dispute through chargebacks and Uber has lost several clients due fraudulent toll charges and misconduct of business accounts.",1
"I scheduled a trip 3 days in advanced and on the day the trip did not come up on the app. It was noted as being booked, but a map with a driver did not appear. We waited almost 15 minutes before I cancelled and rebooked. No car was available. That explained why the trip did not come up. Today I got an email for a trip a few hours later on the same day, that I had not booked. There is no feedback system or way to make an enquiry within the app. This type of unreliable service happens and can't be followed up. Only actual trips can be rated and followed up on. The price on the trip had also doubled since the booking was made on Uberx. I ended up driving after hour an hour unnecessary delay waiting for Uber!",2
"I regularly take uber to and from city to Brisbane airport - when booking the app says there is a 4 minute wait - I then book comfort uber - the booking takes a long time - the booked car takes over 8minutes and it is not comfort - plus I am charged $50 (for non-comfort car) instead of quoted $43 (for comfort uber)
Surely Ubers intelligence would have been able to give me a more realistic quote - also if the booked drive is more than say 20% - uber should alert me of the changes and offer me a option to rebook 
This is the third trips in the last month where I feel the driver / uber systems have let me down",3
"I called an uber comfort from my house to a date which i dressed up for and was in a rush as i was almost running late. What arrived instead of a nicer uber comfort was a filthy toyota camry which had cobwebs on the door handle and was full of pet hair (which i later found stuck to my black pants and shirt). I took photos of the condition of the car and promptly contacted uber about this appalling experience and to my disbelief received numerous identical robotic messages pretty much saying we understand you had a bad experience we dont care and wont do anything about it. So i switched to didi, which is frustrating because it often sends drivers that are up to 20 minutes away and ive been a long time customer of uber. Now i think ill have to try ola. Absolutely appalling customer support.",1
"A bad experience this evening with our Uber drive home from Fish Lane with Amin. He insisted on dropping me and my friend down the street and around the corner in Tamar Street instead of our home on Annerley Road which was clearly displayed on his screen.  When asked Amin did not continue our journey to our home making us walk a 5 minute walk around the corner from Tamar Street and along Annerley Road. I asked if he was letting us off in Annerley Road as I could not understand why he was in Rusk Street. He said yes he would be letting us off in Annerley Road. 

The experience was quite alarming and  scary for two women. I am 70 years of age and found Amin quite menacing in his attitude. He also took off in Merivale Street before we had secured our seatbelts to enable him to catch the lights. Very bad experience with Uber tonight.",1
"I created my account in Australia and recently went to India. App worked great a few times and the payment went through just fine. Having Uber felt very convenient.

Then it got weird, the app would simply be disabled in between ordering an Uber and the Uber arriving, unfortunately it happened at night. I understand account security concerns but they can use alternatives such as use email/SMS/re-login/Face ID to ensure the account is not misused. When this happens, you have to manually send them account and trip details and wait 24 hours to be reinstated.

The worst one was when it happened on my last trip to the airport. I had scheduled the Uber because I’m organised. After noticing the account status, I had to order a taxi at the last minute, pay exorbitantly, ended up going to the airport late, all panicked, and couldn’t say good byes properly. Dfntly not what you want when you are making an international journey with twin infants.

What’s even worst is there is nowhere to express your grief on website, in app, through phone support etc. 

IMPORTANT: Be cautious about using Uber overseas, create a secondary account for using locally when they screw up.",1
"After using Uber for so many years in different countries I noticed that over the last three years the service has changed for worse in Australia.
Reserved a drive for the next day to go to the airport as my husband needed to catch a work chatters flight to a remote location and my reserved Uber driver has cancelled two minutes prior to arriving at the pick up place. Uber App kept on trying to  find a new person and displaying a message that no drivers were available within 10-15 min  radius. 
After so much stress I had to drive my husband  to the casino to find a taxi at 4 am as Uber has once again let me down and my husband risked missed the flight theferefore being able to be at work this week.",1
"I advise that anybody who is considering investing their time to download this app Not to bother and also not to waste your money on it. I've recently made an account with no trips taken or requested and was charged a full rate for it. The company didn't ask for my permission to take money out of my account,  I did make a ""unrecognised charge"" complaint which included screenshots of my trip history and the amount of money that was taken out and was not useful at all, I requested that my money was to be refunded and got a reply saying that they cannot refund the money I didn't even use to make or request a trip with, very unacceptable and disappointed I will be closing my account with you guys and advising friends and family not to use this ""company's"" app.",1
"Your driver goes through tolls without your approval and then you have to pay for them. At least taxis ask whether you want to or not.

Additionally, I’ve had a friend of mine be charged $200 because the driver claimed he spilt oil on the backseat. The stain was already there, my friend literally only had their backpack with laptop and work books at their feet and no oil products on them anywhere. When they tried to dispute the charge, Uber believed the drivers words but didn’t ask for any proof that the oil came from my friend - need I remind you, the stain was already there! 

So be careful, they have no consideration for their passengers and will just take your money as they please.",2
"On more than one occasion (but also this morning), my Uber drive has not waited more than one minute and then they leave and you get charged for their impatience. I literally took a phone call this morning and said I would be down in a second and I was down in less than a minute and they were gone! Not only am I late and lost $10 for nothing but now Uber’s into the city are more expensive due to demand. So my trip is costing me $20 more than it would have if my driver just waited for one second this morning!",5
I’m sick of ordering a ride only to be left waiting for almost half an hour then with 2 minutes before arriving they cancel! Now why do I have to pay for mine if I cancelled my ride? And yet I’ve cancelled with 4-5 minutes till arrival I was charged until I complained about it. And don’t know why rwhen I’ve ordered Uber and been told that the trip wasn’t long enough so they refused to come. Another time I had heaps of luggage at train station in Melbourne and he could see what I was doing which was struggling with my stuff he still wouldn’t drive less than a hundred feet to pick me up    No he just pointed out what he wanted me to do but wouldn’t pick me up.,2
Uber must be one of the most difficult companies to provide feedback to.  This morning a driver went to the wrong place and then cancelled my trip. Because he took a long time to do this I got charged cancellation fee. There is no straightforward way of me telling Uber about this in the app. Each time you click help or contact you get taken to a an FAQ or a list of options. There is no way for me to tell anyone what happened. I eventually managed to select an option which gave me a credit for a future journey which is pretty useless because I only use Uber when I’m travelling to bigger cities.,3
"I know it’s not great to have a customer throw up in your car, but if they’re clearly too drunk to look after themselves why would you kick them out onto the streets alone nowhere near their destination? Especially when you’re still going to charge them a massive cleaning fee anyway. I’ve even been in an Uber where my friend waited until we were stopped, opened the door and threw up onto the street, didn’t even get any on inside OR outside of the car, and we still got kicked out 30+ mins from home and charged hundreds. Drunk people are part of the job especially in the city at night, and drivers are meant to be responsible for getting them home safely. At least that’s what don’t drink and drive PSAs say...",1
I have emailed over 6 times to ask why my family profile is missing of my app there is NO I repeat NO family profile on my Uber app my partner tried to use it on Monday even though she was on my Uber account and she has been taken off my son Billy tried using Uber on my account in Queensland only to find he isn’t on my account after 6 non answering emails I’m giving 1 star only for the reason you can’t contact Uber and how difficult you had made it to contact,5
"I’ve tried multiple times to order an Uber and as I place the order the caption ‘oops something went wrong’ repeatedly comes up. I used to rely on uber alot to get to work if I was in a rush and the other night I was out late at night and as my uber account wasn’t working, I had to find a friend to order me one off their account which was very frustrating. I’ve tried updating my payment details, I’ve checked for uber trips which haven’t been paid for and there are none, my phone number and email are verified and I’ve also added a friend’s card details to my account and it still doesn’t work. I’ve reported my problem to the help service uber provides online a couple days ago and haven’t gotten a reply. Not sure what to do anymore",1
"As an elderly 68 year old customer I reserved my first ride to the airport and although my trip was shorter and less distance it was almost twice the price my friend paid for her trip.  My daughter sent me a 50% off introduction but it was not applied.  I was unable to query this with Uber as they are not easy to contact.   On my return I tried to book an Uber from the airport and the app would not register my request.  After an extended time I googled a phone number to book, which proceeded but was still much higher than that paid by my friend.  I had to wait in the cold for quite some time as other drivers collected their customers.  Although my driver was very pleasant I had to lift my own bags in and out of the car.",1
On the off chance that you get an driver whom for whatever reason when you book more than 1 stop on your trip decide they don’t feel like waiting no longer than 3 minutes and proceed to cancel and drive away without any notice even with your personal possessions is beyond unbelievable! It’s not only frustrating but appalling that they don’t even take the initiative to tell you for the reason why they want to cancel. I’ve lost hundreds of dollars worth of personal possessions due to the driver cancelling and driving away with my belongings and not even having the courtesy of answering my calls to inform them on what they’re doing. It’s safe to say that I don’t think I will be getting rides with Uber anymore.,1
I have gotten a new phone and have been trying to log in although I have forgotten my password. I have tried to recover the account but the emails never come through to my email address. I have been trying for weeks. If I want to order something I need to go on my old phone which defeats the purpose of getting a new phone. I have tried contacting support but they have not gotten back to me and it has been a week and there is no phone number to help me either. I have a Uber platinum account and am really disappointed with the service and I am disappointed that this issue hasn’t been resolved yet despite my numerous attempts to contact support.,2
"This morning my mum and aunt had to catch an international flight and they were worried about the luggage and had travel anxiety. We were very lucky to get Chetan who came to pick them up. He helped them with all the heavy luggage, spoke to them during the taxi ride from home to airport which greatly helped with their travel anxiety. He politely and respectfully greeted them in customary manner. He went over and above in his duties. 
It is drivers like Chetan who live up to the Uber promise and make the ride a memorable experience.",5
"I’m a massive fan of Uber. But... yes we were in the middle of Homebush after the State Of Origin, but as frequent Uber users we moved to a position which was easy to locate to be picked up. We had 7 Uber bookings between us. Every single one cancelled on us. Even after talking to them on the phone with our location. They proceed to also be quite rude because they couldn’t understand where we actually where. Basic directions, if you can’t follow them? How do you allow them to drive under your name?? We found someone that was dedicated to find us. He got out of his car 30 meters down the road to come find us. Pay this guy more money! He got a $250 dollar trip out of us and great conversation. Pull yourself together Uber!",2
"I ordered a car at 6:45 am the night before, and went outside at 6:40. The car driven by LEONARD was only 300 meters from where I WAS standing. However he drove away, and eventually with the time still elapsing I messaged him to ask what was happening as the website showed he was 11 minutes away and still driving further away. He told me someone had left their phone in the car. I imagine they had offered him cash to return it so he completely ignored me. Accordingly I canceled as I wasn’t going to get to the airport in time for my plane. I was charged $15 fee (totally not fair, by the way) and rebooked with Randeep Singh who was excellent. You should sack Leonard, and reimburse my $15. Why would I bother to book ahead in future????
Michael Armitage.",1
"These days there are so many dodge drive ripe passengers off with the system bug. 

So the way is after they take your order, if they realize it’s too short and they don’t wanna ride you, they will let the system stay idle, after few minutes (5-10) Uber system will automatically re-order a new driver for you. So that nasty driver can take the odd with another order with no penalty! I’m extremely frustrated with this, it wasted so much time of me! Uber need to fix this and raise penalty for these nasty drivers!",5
"Today I had a ride. The driver was not there, and I messaged him. He said he is On King Street but the pick-up location was a different one. As I was in a rush I walked there, but he was not there either. He cancelled the trip. And then, Uber charged me $10 for not being at the pick-up place. I am sure I was there less than a minute, but as the whole process of me walking and looking for the driver was longer, they said the driver was waiting for you for more than 5 min, and you were not there. 
There is no way to contact Uber and explain. When I use the online system, it just automatically mentions that I was not there for more than 5 min. But I was. The driver was not there. I did not cancel. Driver cancelled it.",1
Having got this app for at least 4years. Last time I uninstalled the Uber eat app because same problem. The supporting systems couldn’t solve any problem. No way to complain even the driver did something wrong but the passenger need to pay for this behaviour(e.g. the driver couldn’t find the meeting spot and he just stoped at another spot but still charged you waiting fee or even $10 of cancellation fee.) this time I still asked for a ride and it showed the car was blue while it was silver gray actually. And the driver just stopped at the opposite of my spot he found me but didn’t get to me while I couldn’t get to him because of the busy traffic. And it charged me waiting fee again. Not the first time. And still no way to solve. Uninstalling then.,1
"It seems that Uber assume that ALL pickup delays are caused by passengers and are immediately hit a wait time surcharge.
Last trip I was picked up in Sandton and waited at designated pickup spot , only to find the driver in the hotel entrance driveway across the road. He was to worried about taxi drivers in the area and sent me a message. THE ONLY problem is I didn’t have wifi after leaving the restaurant and walking 2 minutes to pick up point. Uber , a fairer practice would be to question before charging , I guess that’s not cost effective business though. 
I am expecting recompense for last nights debacle. Advise me, thank you",4
"I just tried to book a car. I didn't get the correct flow of screens to see it happening after confirming. So i started over, got a car in 4 mins which was easy to follow - screen with car info registration number etc. That second booking was fine. 
Then when he was dropping me off i got a message to say first car was arriving to collect me. I replied 'cancelled' and driver phoned me to check. I explained and that driver was very polite and seemed to understand. I have no problem with that. My problem is i could not find any way to cancel or see progress of first trip whose booking process did not go as it should. 
Why is there not a 'CANCEL TRIP' button?",2
"I utilise Uber very occasionally, and it is a great service. Or at least, I used to think so.

You see, I did not agree to be billed an amount of money for an Uber One subscription that I never signed up or agreed to. Using my stored payment details in the preferred payment method section of the Uber app, uber has robbed me.

I am absolutely appalled that this can occur.

Since the the theft occurred, I have about read numerous cases of the same thing occurring to others, and when it happens, you realise; there is no phone number to call and no one to speak, no live chat option or any other method for that matter that allows for this absolute occurrence of theft, to be resolved.

It’s a nasty, not to mention ‘illegal’ and seemingly well calculated strategy and it goes to show the level of corruption that exists within Uber. 

I’m left disgusted and appalled that this happened, but that writing this is the only means of recompense left to me, is anger inducing.

Uber. You are a bunch of thieves. And it is seemingly unlikely I will receive a response from you from posting this, so instead I will wish you a swift comeuppance.",1
"I’ve noticed a trend recently that every time I put a trip in, multiple drivers are cancelling on me. This morning I had three drivers cancel on me before I finally managed to get a driver. I can only assume that they think the trip is too short to make it worth it, or they find a better ride and cancel. It’s extremely frustrating. Especially because as a customer if you cancel you get charged a fee! Need to rectify this issue Uber! I’ve spent 20 mins standing on the road at night before I finally had an Uber not cancel on me.",4
"Uber used to be my preferred choice, a saviour from the dodgy taxi driver but for the last 6-12 months the drivers constantly cancel, sometimes 3 or 4 times per trip, hoping for a better fare I guess. But that’s not the worst part, Uber have been imposing their ridiculous surcharge pricing more and more now. Basically every time I try to order one and they’re  sometimes triple the standard fare if not more. It’s nothing more than a blatant money grab. Now who’s dodgy? You should be ashamed Uber. Your behaviour is a disgrace and your pathetic excuse for a product/service is a joke.. certainly doesn’t justify any surcharge. Why should we be charged more because you’re busy? I’ve gone back to taxis. At least I know what I’m getting.",1
"I got scammed and Uber took $27. They didn’t believe that I got hacked because the pick up location was similar to another trip I’d taken. The only way for me to get the money back was to cancel my card, which was difficult to deal with as I’ve just moved out of home and into the city to start uni. I took as much money out as I could and lived off that and Apple Pay for weeks. When I was finally refunded the $27 Uber deactivated my account and said they won’t reactivate until I pay them the $27. I’m upset and shocked. As I said, I’m a uni student, I don’t have a lot of money and I’m out of a job at the moment, and when the money was originally taken. I also have no family in the city that are able to drive me places so Uber would’ve been hand in that regard.",1
Since finally being convinced to use Uber I haven’t found a fault with it at all and it has honestly been a life saver at times. I’ve waited around for almost an hour for a taxi I had booked at 1am in the morning and called back to “base” to see how long the taxi would be only to be told that they weren’t sure. I downloaded the Uber app filled in everything required and within 10mins I was in a Uber and on my way home. So as I said can’t fault Uber and they are honestly a life saver..,5
Had a driver accepted my trip and I can see from the app's tracker that he was on the way and suddenly went drove away I called him and said he needed to go back to the previous destination because someone left something in his car. The thing is he should have told me first to know if I was in a hurry or something not just go delay my supposed trip tried to look for contact support but there is non from the FAQ which pretty hopeless. I wanted to cancel the trip but can't because i have to pay him for his time when my time was the one wasted. Which by the way after I called him he cancelled my trip. Just gave me a stress of a lifetime.,3
"The rides are reliable but the first time I order some groceries through Uber Eats I couldn’t cancel the order. Simply because there was no button to do so. The Help page wasn’t helpful as it simply said the press “Cancel” at anytime before the driver picks up the order. Plus it also had the option to contact someone through a website after the driver has collected the order and the website link was not connected to a server. 

So basically there is no way to cancel an Uber Eats order on this app from when you first place the order till it’s arrived at your door.",3
"I never thought I’d use Uber, being pro-union, but after being left in the lurch, stranded at night 1 too many times I gave the app a go.
I have never had a single problem, the cars are invariably spotless and I’ve generally found the drivers will go out of their way to help me if I have something heavy or awkward to transport.
They are (nearly) always really polite and professional as well.
Maybe if the taxis picked up their service they wouldn’t be becoming obsolete.",5
"The quality of Uber cars and drivers has dropped so much now they’re actually worse than taxis ever were. The cars are dirty and disgusting. Most have parts held together by tape. This was not acceptable in the past. 

The drivers are also either talking on the phone in other languages or trying to hit on you. It’s absolutely disgusting. And that’s if you can even get a ride. At least 5 or more will cancel your trip before someone shows up. Making you late for wherever your going. I don’t feel safe getting in ubers anymore unless their is a male companion with me. The fact that these pigs are now driving for all the other services too means they are no longer safe to use either.",1
"While the cancellation works in the drivers favour and they have the ability to cancel, the app then automatically looks for another driver without permission. While your phone is away and you’re not paying attention to it because of the prior cancellation it’ll then confirm the driver to a location where you are currently. 

All this after a few cancellations have taken place. The pickup process still runs in the background. In order for you to make a genuine cancellation request, you have to pay $10. Bit ridiculous as the process in itself doesn’t see if there was a fault on the apps side or the drivers but the user has to fork out the money.  

Uber please be better.",1
I pre book a ride to the airport often for my work. An increasing amount of times I see a driver accepts the job then cancels it. What I do is just jump over to Ola or DIDI and I usually have a car within 30 seconds. Today I pre book an Uber and a driver accepted the job and the notification said I will be charged 2.4 times normal rate. Job went from $32 to over $90. I canceled with in seconds and ordered an Ola. Had ride straight away for $29. Ive since removed Uber app from phone and will only use Ola and or DIDI in future. You provide bad service and try to rip off the customer and I  go to your competition. I see a lot of complaints about Uber. I advise everyone to delete Uber and use their competitors. Thank you,1
"I am so disappointed with this Uber charges. I know they're just peanuts to your company but they're money to me. Uber kept charging me wit tolls fees when the places i go don't have highways or tunnels 😡😡😡😡. The fare is already a lot to pay for, and adding on these small charges that end up with me paying a lot. I wanted to call the office to complain about my last trip, that made me wait for more than 15 minutes when the map showed that the driver was just a minute away. I wanted to cancel so i can book another for i was so late for my appointment, but the $10 cancellation fee just fueled my head up😡😡 arrrgggh. Even worse, I was the one charged for the waiting time, how frustrating is that...lucky i requested a refund, but i'm still so angry with the service...",1
"On evening of 10th February Uber took me from my home to Heath Ledger Theatre in the Perth CBD. About three hours later when trying to book Uber for return trip home the same card used earlier was rejected. There were plenty of funds in this card. I am a lady in my late 70s! Left stranded in the city, at night! Alone. NOT HAPPY! I took a taxi home AND USED THE SAME CARD UBER REJECTED!  I contacted Uber help page three times. My son contacted Uber Twitter. The silence was deafening. 
I loaded a second card AND WAS CHARGED $1 to do that!
Last Saturday I ordered Uber. Was told my card did not have enough Uber credits to cover the ride. So I tried to access the second card I had loaded. No luck. AND WAS CHARGED another dollar! I called a taxi AND USED THE CARD UBER REJECTED. 
Another complaint lodged with Uber. No answer. 
PLEASE EXPLAIN BEFORE I TAKE THIS TO SOCIAL MEDIA.",1
"We all know about Uber banging the price up to obscene amounts at busier times of day or around busy events but did you know Uber will increase the amount if you search a trip multiple times, even if it’s during a quiet time.

I have suspected this for a while now but confirmed it the other day when I searched a trip on approach to the ferry stop I was to get off on. The estimated price was between $15-$18. I re-entered the trip 5mins later once I departed the ferry & there was a notification stating price increase due to busy period. The new price was $35-$38. The area I was in was a ghost town, nobody.
So to test my theory, I decided to walk a block & enter the address next to my original destination. The price went back to original.
Go Figure!!!",1
"25 was Mardi Gras one of the busiest nights of the year , I was with my companion Cami and I was , shall I say pretty drunk 
Cami is champion took my phone after hers died booking Ubers , but with traffic diversion he had to cancel , then same thing next guy .
Then now using my phone whilst in full bow tie and dinner suit asleep against a barricade , she found Mustafa .
After ordering she rang and said we needed to get home , her charming date was asleep and her feet where saw from dancing .
Our Uber driver went to great lengths to get to us .
She woke me up , I got in the Uber , fell asleep the whole way home .
Thank you Uber for saving the day .
Service above and beyond on one of the 2 busiest nights of the year in Sydney .
Now sober I just left him a tip 
Ps we had been to the Honey Birdette party and cami only had lingerie on under an overcoat .
So indeed grateful Cami maintained her dignity , her good bits remained hidden from prying eyes",5
"The support provided is shocking. 

I love the concept etc etc. The service is good. 

I have set up family so my Son can arrange rides and I know he is coming home safely. But I can’t see the ride he is in.  I only know he has arrived safely when I get emailed the receipt. 

I try to ask a question about this but you can’t message to get support. I call support using the call icon but I need to be a diamond member. Uber will know if I am a diamond member so if I am not don’t give me the Icon.

I search the Uber website for how to message for support. Tap this, tap this and her is the “Message Us” icon. No it isn’t. 

So frustrating I want to find an alternative. You have to offer you customers support when they need it. If it doesn’t fit something listed on the app you get nothing. 

Shocking from an organisation of this size.",5
"Service and drivers are ok but keep getting double charged for rides and need to wait 5-10 days to get money back. Last 3 out of 4 trips were double charged. Customer support won’t answer calls from anyone who isn’t a “diamond customer” what ever that is and only automated replies to queries, all of which basically amounted to “we took your money to prevent fraud and now you have to wait to get it back, thanks”. I don’t see how taking double a fare would help prevent card fraud and really frustrating and inconvenient to have to wait to get money back for almost ever trip taken. 
Looking for a different service now. Sick of this happening.",2
"Use to be able to actually get an affordable Uber ride as Uber advertises but in the two years - I don’t know maybe since the popularity has increased, there is ALWAYS a surge. ALWAYS! No matter what area I’m in, what time it is, there is always a surge. Not even a little surge but 2.0 and above! The whole point of this service was that it’s meant to be cheaper and more convenient than a taxi? Well it isn’t. Not only is it expensive but the amount of times you have to wait for a Uber to be near you for a driver to accept your ride. Or for the fact the drivers are so quick to cancel on you for absolute no reason?! Uber use to be an amazing service...key words being USE TO BE.",2
"The app consistently misleads users as to the time needed to wait for a driver. Not just by a minute or two but by many orders of magnitude. My most recent ride suggested a 6 minute wait, in reality it was almost 18! The ride before that, again said 5-7min wait, then I was connected to a driver 11 minutes away who cancelled after getting within 3minutes of the pickup location! This left me waiting for a replacement driver so I ended up waiting almost 25minutes before even being picked up! As a consequence I was late for a doctors appointment and almost had to pay a missed appointment fee. Would Uber have covered that? I think not. Do not rely on this service for any time critical conveyance!",1
"Uber used to be good but now it’s just horrible. It takes me 30 minutes to - 1 hour to actually find a ride. And most of the times the driver cancels the trip. It’s so frustrating especially when you have somewhere to be. I  use Uber to and from work. I don’t live in a secluded area (I live in the Gold Coast) so I don’t understand why it takes such a long time. It takes so much time and effort for me to just get home, the service is good anymore. By the time I find a ride the price is expensive because it’s gets late at night.  Rn it’s 8:29 and I’ve been trying to get home since 8:00. Unimpressed :(",3
"Have used the app previously, however when I downloaded it again and entered my phone number the app asked me to confirm an email address that I’ve never seen before.

I’ve had the same mobile number for 20 years, so I have no idea how a different email address was used in association with my number. After grinding through the process of starting a new account using another email address I managed to establish a working account. Added PayPal as a payment method, all good to go.

Trying to use the advance booking feature to have an Uber pick me up from the car rental company and take me to the airport 8km’s down the road was futile. First error that it spat out was ‘Invalid payment method’ - my mistake, obviously. Hands up who’s heard of PayPal...? Anyone..?

Ok, so add my credit card. Try again to book in advance; ‘Error - there are currently no Ubers available in your area’. Oh really? Well that’s fine because I don’t want to go to the airport now, I want to go TOMORROW MORNING!

Open browser - book a local Taxi. 2 minutes. Job done. Now why didn’t I just do that in the first place. Silly me.",1
"I downloaded your uber app because i have a new iphone. it wont let me log in because i already had an account but it only gives you an option to register as if youre trying to as a new user, and then refuses to give you any other option when it says “this email is already in use”.... yes.... because thats my only email and im trying to set it up again on this phone?! This is mental guys. its 2019..... design 101 for apps, give users access to it. Who is doing your UX?! Also I have to admit that the UI makes it look like a dodgy app too. I had to double check it with a friend at apple to make sure it wasn’t a fake or someone trying to copy uber..... it is super lame for a company that has so many users.",1
"I was recently unable to drive due to a temporary medical condition so was using Uber to go to and from work each day for weeks. Saved me a fortune and there is so much less stress than using taxis because you are given live information. Only 1 criticism. I, and several other people I know, suddenly received error message “Your payment method is not valid” even though my credit card is 100% good to go. It is impossible to contact Uber to get this sorted. I got around it by adding Paypal as an alternate payment method, however I think customer contact needs to be improved.",4
"Driver app has ability to choose which GPS system to use - rider app needs same ability - certainly in Qatar!  Google Maps usually is king for me - except where it is all but useless in Doha where roads changing all the time. Nearly every time driver has used Google it’s been a total debacle (one time I tracked the driver for over 20mins trying to find my location!). Waze (in Doha at least) is a gazillion times more accurate. Rider app needs to be able to select alternative GPS like driver app. 

Location service seems to be off too more often than not causing both frustration for me and driver - esp if I don’t know exactly where I am (as streets not necessarily named correctly here)",2
"Had an early flight to catch so I reserved an Uber in advance. Uber confirmed reservation at price of $36. 10 minutes before I was meant to be picked up I got a notification saying my reserved uber was cancelled due to no drivers around. I ordered the regular way (price now $50) and got an uber to pick me up 1 minute before my original reserved time, which tells me there was in fact drivers available. Get to the airport and see that I am charged over $68 for a 20 minute ride that was originally promised to be priced $36. I have tried to dispute the price however the help centre only allows you to select certain scenarios that don’t fit my issue.",1
"I had an issue with a booking where a payment type had to be changed and when I put a new card number in - payment accepted for issue with previous card.
All good.
But - the booking I made was somehow changed to be a trip from home to the city as opposed to from the city to home.
The issue is I cancelled one driver and cancelled the second driver with plenty of time to spare and they immediately cancelled when I sent a text the third driver “who was in Ashfield “ however he decided to not cancel after I called him and he drove to my house and he waited out the front to collect the cancel fee.
I have an issue with this. I called the driver and had sent many text messages saying cancel something wrong I am in the city. When I spoke to him on the phone he said I have already cancelled.
Then he came and sat out on the front of my house and waited to collect the fee.
This is totally unprofessional.
I want this money returned to me. Please look at the history of what I booked.
You need to have someone who is able to cancel things or someone I can contact because the app and did not allow me to do that.",1
"I received an email saying that I am at risk of losing my access to Uber or Uber eats because my rating is “below the expected average” - my rating is literally sitting on 3.98 and apparently is has to be 4. That is actually pathetic, as I have only used Uber on the odd occasion and barely speak to the drivers, as most of the ones I get are rude!! I as a rider shouldn’t have to worry about entertaining any of your idiots, why can’t you all just be grateful for money being put in your pockets? Plus there are people out there verbally and physically abusing drivers yet because I’m 0.2 under the “average” I may be banned? HAHAHA get your priorities straight you morons! and honestly I wouldn’t be missing out on anything, I would be more than happy to put that money into taxi companies🖕🏼",1
"I needed to be picked up from my address which is rather difficult to locate with satellite navigation at times. Also having issues with the communications through my phone, and despite these problems we were able to communicate with the driver who was now on site at the complex & had a very friendly & happy driver Hong who was able to drop me at my destination in plenty of time. It was a very pleasant ride. Thank you Hong. Sadiegai",5
Ubers loading rates are excessive to say the least and often applied when there isn’t any evidence of over load I ask the drivers and they say it’s quiet but still the over charge is applied getting a bit sick of you Uber and thinking of getting out of the app . There are other things going on as well I really like the app and would prefer not to drop out . Please have a look at what’s happening also it’s not just me . Merry Christmas to you all. Pete,5
"I often have to rush places due to chronic knee displacements and Uber is unfortunately often no help. I’ve lost my 5 rating mark because a driver was too lazy to take me to my designated destination and instead dropped me off to a different location a few streets away (which I agreed to only questioning why). They’re so often late or running behind and I’ve been turned down from drivers 1 minute away from me simply because of that less than five rating, it’s just such a heartbreak that Uber isn’t a safe and easy option for those struggling with mobility issues.",3
"I love Uber and I use it three days a week,  however I have been thinking and thought of a idea, what if you could request a specific model of car brand when you are booking a car trip (like a trip you book for the next day), let’s say I book a ride from my house to star city Casino on Saturday evening, let’s say I want a Mercedes s class or a Tesla specially to turn up in, why not be able to book that specific car brand if your trip is in the next day or in a few 
hours. 

I live in Sydney",5
Every time I order an Uber the person gets confused where they are going and it is extremely frustrating especially when the location I am at never puts in correct. It’s always a few houses down or it’s a whole 100m before me it’s annoying. Once I am actually picked up it takes me the longest way to get there yet i thought the quickest way would be more convenient considering I had waited already for the driver to come. Need to do some improving it is extremely frustrating and emphasis on the location when I’m getting picked up I have never had a driver come and pick me up at the right location I’ve always had to tell them where,1
"Why can I not log into my account? You seriously need to make it easier to log in, it’s telling me that my email isn’t linked to my phone number so there is legitimately no way to reset any information, I punch in what should 100% be my password and it gets rejected even tho I use the same password for most things. It asks me to put my number in, which I do and then when I go to re make my password it wants my email address which it says Isn’t the correct email even though that is my only email address and the only one I have had for multiple years before Uber was around so this is awfully frustrating, yous don’t even have a number or support system for help, this company is a joke utter joke. Learn to run a company.",1
"I’ve almost always preferred Uber over taxis but recently it’s become really cumbersome to use Uber. The app has been really delayed, leading to estimated wait times usually being inaccurate. There seems to be a delay in their maps as well which 1) Causes the app to think my Uber is 5 mins away when actually, it’s already there waiting for me or 2) sometimes making the driver completely drive past me because their map is slow! This is frustrating especially when it’s raining! Also, what’s up with initially giving me a driver who’s only 2 mins away then reloading and giving me one 8 mins away?? That’s bait and switch! I could’ve just caught a taxi instead but then there’s cancellation fee. This is unfair.",1
"Uber has been good to me on most occasions, but the last twelve months. Have been getting a lot of waiting times and cancelling after waiting for 5 to 10 minutes and when I’m cancelling I mean free in a row on four different occasions and still getting charged three times for the one ride and that’s happened twice. I have written emails and no one has got back to me and I never got the money back in my bank account, apart from that I have no problems with Uber but trying to contact someone is absolutely ridiculous. Getting someone to get back to you.",3
"I was trying to schedule a ride for 4am to the airport, so wanted to book in advance to make sure it was possible. Apparently there should be a car and clock icon in the ‘where to’ box. It is not available for me. I am currently in an area that Uber doesn’t service, however, as I want to schedule a future ride I plan to be leaving from a location that Uber does service (obviously).  I am new to Uber, and therefore have a 5 star rating. I have entered payment information etc. This seems like a stupid problem to have. Ok, after writing this a clock and car icon appeared at the confirmation stage. But since then that clock and car icon has disappeared again. This seems like a major flaw if this icon keeps disappearing",1
"Returning customer, expected a reasonable experience - but 3 drivers cancelled the booking within about 5 to 10 minutes, while at the same time the same ride on a friends phone was available cheaper. That was cancelled once, next one worked fine. Overall 4 out of 5 or 80% of our attempts to get a ride between 9 and 10 pm on a Saturday night failed to materialise. Add all the privacy rights the app demands and one wonders, why bother?",5
Pre-ordered an Uber yesterday for 7:50 pm. We were ready to be picked up 5 minutes early and the driver also arrived 5 minutes early. We got in the car and the driver was unable to put the ride onto his GPS. After another 8 minutes of sitting in the car the driver asked me to cancel the ride and rebook the ride (whilst we were still in the car at my house). The ride was rebooked and we were then on our way 10 minutes after the original booking time. Today I find I have been charged a $25 cancellation fee. This is grossly unfair and I suspect illegal considering the circumstances. I respectfully request a refund of the cancellation fee- that would be fair and a great show of goodwill.,1
"Paid $10 a month for $1 off my $20-$30 rides everyday, not a great deal. Especially when I was late every morning (booked an Uber 40-1 hour before work) would end up late even though my work is 20 mins away. They would cancel on me  5 minutes or there would be many cars around the area and would get the one furtherest  away. Yet Uber has the audacity to make us pay $5 for cancelling after a while. Not to mention creepy drivers who say inappropriate things as a minor and a young women. Unfortunately this is the only app or cheaper option compared to taxi’s and safer than buses. Just tired of big corporations taking advantage of low income workers or users of this app.",1
"I think we take for granted what a simple conversation or a brief smile can do for our day. Uber has been a light in the dark for me. I can always count on lovely drivers available to take me home whenever I urgently need to get there. Additionally, their patience is very outstanding and they have the ability to make me smile when I'm in the car with them. In particular, this driver: Vijay made my day and he was so happy to be able to take me back home.",5
"When a ride starts I feel like the drivers number plate should be on he screen while you watch your ride just inside something happens. Example: say a driver is being dodgy and is taking you away from where you need to go, you can send the number plate and car model to somebody or even the cops for emergency. It’s be handy and I wish I had this option when I get drivers. Some can be really creepy and dodgy. Good to have a back up plan",5
"I just cancelled by Uber One membership. I ordered dinner on Eats and it was cancelled without any communication at the time by the restaurant or Uber. It just disappeared in the app without any explanation or message in the app. I found out later that the restaurant did it because they could fulfill the order even though their menu is supposed to reflect what they can provide. 
My friends have also experienced problems with poor food delivery and I won’t bother anymore. Rides are good and I usually tip. No point in Uber One that I pay for and does not make much difference.",3
"I booked a fare last night in an emergency. The quoted price from cbd to my home was $68, which was about my expectation. I was charged $98. 

I did go about 2km further than I booked so I expected to pay more. In my hurried state because of my family emergency I forgot we had to collect my car from the station. But the cab fair from the station to my home is $5-$6. So to be charged $30 is way over the top. The cab fare for this trip would have been cheaper than Uber. Rip-off",5
"Waste of money getting the Uber pass to get 10% off a ride you may or may not get when you need it 🙄
‘Ride anytime’ the last few weeks I’ve had to wait over half an hour for simple trips to work, as the drivers on the map are sitting still, till it times out and says no cars are available then the pricing jumps twice as high. Even on middays, weekends, every time. It honestly feels like a hit and miss chance that they might pick up first go. Having drivers request for me to cancel the ride THEY accepted only to wait another 20/30minutes for another driver to pick up is just stupid.
No idea how this system is still in the works to be honest 😂",1
"The cancel trip option available to Uber drivers is outrageous. Standing clearly in the pick up point and the driver went straight past me after slowing down and me obviously waving at them, two seconds later the driver cancelled the trip. I am furious that drivers can cancel a trip without even having to stop and wait even one minute for contact to be made.
I think I will book a taxi in future, at least they have a mandatory wait time before cancelling a fare, can’t drive by and cancel without even stopping. I am protesting this no contact with Uber. Despicable behaviour !
Graham",2
"I am a very frequent user of Uber almost in a daily basis and recently I started to be slashed with a promotion that if I complete 7 trips with 10% discount, I would be gaining 20% discounts for trips. I finished the quest and no discounts are applied to my rides.
If you also would compare with a device not in the 10% discount, the discount wouldn’t even exist. They are actually putting the ride up to then put it down! 🤬
I did one week the same travel, every day, at the forth day it was like 60% more expensive than the other day! I refuse to accept that this is due to the demand, because the demand was the same. This is due to the application predicting that I’m gonna do the same trip in the next day and taking advantage from it!",1
"I scheduled a drop off the the airport a day in advance and had a driver accept the job. At 4:30am when they were around the corner from me they canceled the job. Another driver accepted the job, I waited 5 minutes for them and then they cancelled and Uber could not locate another driver. I had to call a taxi and was almost late to my flight and I have a 4.9 rating. I was going to a doctors appointment and after waiting 5 minutes for my driver to arrive they also canceled. Every time I try and ride the driver cancels, screws me, and I’m left without a ride. I’m done with Uber and am finding taxis in melbourne are often cheaper than Uber. Why should I bother with your service any more?",1
"Generally, I am a big Uber fan but for the last couple of trips I had planned, the drivers kept accepting the trips and after a ~2-3min wait they canceled the trip. But this was several drivers in one go. I am not sure what the reasoning is and I know it’s not directly related to the Uber app but maybe there should be a stricter cancellation policy for drivers as is for passengers. Otherwise the Uber app works really well, thank you for providing this service!",5
"Update review Weds 23 March: revised rating to 1 star after having 4 drivers accept, then cancel jobs. My trip must not be attractive to them. Absolutely hopeless, and a waste of time - especially when I am waiting for them to turn up, and they just cancel. 

Mon 21 march 22: Used to use Uber all the time. Now I find drivers accepting then cancelling, making me late. Reservation option is hopeless. It’s too bad Uber used to be a great service.",5
"The app keeps sending out promotional notifications even though the settings are turned off. I’ve tried reporting this through the customer service channels and been advised to turn off my notifications in app (they are, and I’d already provided screenshots to show this) and when I followed up with further screenshots I was advised that I’d been unsubscribed from emails (I already am, and I wasn’t mentioning emails).

While this may be incompetence or lack of power on the part of the customer service workers, the fact I’ve been receiving these notifications to start with looks like wilful ignorance on the part of the developers. If it’s a bug, there’s no way to report it.",1
"Uber was once the ducks nuts.. But now it’s just become a complete money grab worse then a taxi service. The whole idea was for it to be cheaper alternative to taxi fares. Now they prey on drunk people trying to get home from a night out and even Fifo workers trying to get home from the airport with the ridiculous “Peak time charge” Even there food delivery service is costing up to and over $10 in fee’s and the food is cold due to drivers doing multiple drop offs.

I’m not one to usually write a review but I’m so appalled with the money grab uber has become and would recommend something like Ola which has the prices uber once had in its glory days when it started.",1
"Approx 20 unauthorised transactions on my wife’s accounts from Uber within a minute. We found out when we logged into our CBA NetBank.  Not one notification from Uber and not one statement stating Uber was hacked. Very unprofessional by Uber. How can 20 transactions in a minute not raise any alarm bells. CBA is now doing an investigation on the transactions. 

Uber is not a trusted company for all I care.

Thanks for replying. I actually applied for an Operations role with Uber and was. Sry well qualified. But no interview. You found someone better. Well whoever that better person was should use their skills. It is not that hard to find multiple transactions in your system. A bit of common sense by your operations manager. Some who was supposedly right for the job. Take care",1
"As I booked for old man to pick up from Liverpool area , the previous driver come early….my old man always waiting in sane spot and my msg to driver always same ,
Today the msg driver will arrived in 5 minutes .but at same time driver already there my old walking out from office car park the uber can’t stay much longer, 
The second found him n tk him home no problem,
Will think re use uber service,as happened before too.",5
"Thus last 10 days I have used Uber wuite regularly. I am very disappointed.!! Only 1 driver of the 5 or 6 we have used offered water, only 2 were friendly, And a few of the 6 occassions i appear to be charged More on my credit card than i was quoted without any authorisation or notification you were taking more money. When i return yo my home country i will be placing a formal complaint on taking more money!! Highly untrustworthy! Uber may he convenient at the moment but i certainly dont trust yr quotes or service. I have never used Uber before travelling to Europe and dont think i will use them when i get home. You just dont know ehst they are going to take from you",2
Please explain ?? Booked Uber from Yeronga RSL to my house to Archerfield would be about $13 got charged $33 to ascot wich I didn’t go to please fix this and put my money back in my bank account so I can get to work ASAP not happy !!!!!!           Now I’m told the last twenty two dollars I have to my name to get me to work won’t be clear SO Uber how the fuvdx(!?$ do I get to work now you took my money you fix it  YOU tell me how I get to work in the morning I will be closing my account with this joke of a company and it’s not over every one I know will know not to trust your company and drivers maybe you should have drivers that can read directions and speek english and one more time UBER how do I get to work since you stole my money!!!!,1
"I have been using Uber for many months now, and I used to think the service was rather acceptable and convenient. Until recently when I have had a few encounters with family and friends whom have needed help getting in and out of a vehicle and instead of being respected and looked after we were made to feel as though we were causing too many problems and it was too much effort. It was my understanding Uber Black was supposed to be luxurious and professional. I will no longer be recommending Uber, a taxi service is far for hospitable. Your drivers should be ashamed of themselves. Uber really needs to re-evaluate who they let drive for their company as you are losing customers per minute.",1
"mobile number so when uber drivers try contacting you it shouldn't show your number for safety reasons.
 you talk to them polite or don't talk they rate you low and expect you to give them 5 stars what a joke of an app and drivers you hire and deactivating accounts for low ratings what's the point of having 1-5 stars if you can't even still get rides from ubers including uber drivers who cancel trips so you still get charged and they get money and your left stranded having to order another one disgusting app when it used to be good.

 no wonder theirs other drive sharing apps either hire proper uber drivers and still let people have rides to go places because in general it has a bad reputation in general yet i still use uber and have been for years or continue with a bad app that everyone will turn to the other apps or taxis which are popular these days.
if you want this app to become popular again hire better drivers, get police checks on the drivers for safety reasons and be fair",1
A number of times now I have booked an Uber and a driver will accept and then at the last minute cancel the booking. Even from a driver that was 300m away. These aren’t short drive bookings also and sometimes to the airport. Also when they accept the ride it stops others from accepting.. but then they cancel. A few times now it’s taken over an hour to get an Uber in a metro area to accept and actually pickup for a fare.,5
Most Ubers extremely so in Melbourne are as wicked and dodgey as anything. Actuality criminal. Hiding it side streets saying they arrived to charge waiting time ect.. beyond obvious and clear as day. Then seams to me like Uber hides behind no proper contact to report these things. Let’s not forget I don’t use Uber eats since I paid extra for direct delivery and the theif put it as unable to deliver and didn’t leave food at the door 🤦‍♂️ disgusting peasant  criminal conduct from drivers,5
"On May 10 , I tried to organise an Uber ride to St Vincent Hospital.
Three times the ride I accepted was cancelled until I finally secured a ride. 
On the way home the same morning, I tried to get an Uber ride. I accepted one and waited outside in the rain. With a minute to go I received a message they weren’t coming- no explanation. I then got a message saying nothing else was available and they would see if they could do something. No guarantee, no explanation and all very vague. It’s interesting these messages later disappeared from my phone. I gave up in disgust and successfully caught a taxi. Surprised how unrofedsional the whole experience was.",2
The app is getting worse. It’s not intuitive. Apple Pay payment option available in one section but not another. I can’t get past “add payment method”. Can’t change pickup location unless I put a credit card in (but Apple Pay worked previously). No easy way of getting help which reminds me that resolving a problem isn’t easy either. Yes I rebooted the phone and app. The form I filled in to report a bug itself was glitchy not allowing me to type in the relevant fields. Wasn’t able to submit the form without attaching an image. Too much effort required compared to alternatives. A broken app and lack of help brought me here to whine.,1
"Been using uber for a few years, last week had a harrowing experience with a racist, abusive and very aggressive driver, the experience was traumatizing and ended with a driver yelling out the window in the middle of the street, wanted me to not be in the country (I’m a resident of Australia), all this because the driver refused to wait for us to fasten our seatbelts in a tiny little car that should not have been listed for 4passengers in the first place. Reported to uber but for me to feel safe using this service again, I need to know if Uber is taking some form of action which they refuse to say, I don’t think they will be on my side in this type of situation, the driver will go on assaulting and abusing others.",1
"Went to book an Uber to an important appointment. App showed a $9 fare which would get me there 15 minutes early. Waited a few more minutes to trim down on being early and the price jumped up to $31 because of “high demand”. What on earth kind of high demand warrants a 300% increase in price? Are you mental? There were SIX available Uber’s at my location. Please explain how you justify this ridiculous increase. 

Not only that, but pulling the app open on a friends phone brought up the original price of $9. Same time, same location. What kind of scam are you trying to pull here?

Also, how the hell do you not have a customer service contact number? What is this, the Stone Age? Get it together, you’ve lost a customer today.",1
"Ignoring the various controversial business practices that disadvantage drivers & evade law-enforcement in various countries where Uber operates - as a rider it’s also just not that good.

It nearly always aggressively underestimates the time required for the ride to arrive, and feeds other apps like CityMapper with hopelessly optimistic journey times to rank it ahead of public transit options.

Then at least 50% of the time it sends the driver on a route that makes little sense and is invariably worse than what, say Google Maps would suggest. When the ride finishes it asks you to rank the service of *the driver* but not of Uber itself. What if the driver was fine but Uber was dreadful?

I find the drivers are usually doing the best they can, but if the app sends them on a bogus journey, they end up bearing the brunt of customer anger instead of the Uber app.

Yes, the prices are good - compared to London taxis, but usually at the cost of adding 50% waiting/journey time to what a black cab - or Uber’s own estimate - would take.",2
"What was a godsend for hospitality staff is now a nightmare! Imagine having a rating of 4.86 and getting your trip cancelled constantly! What’s the point of a rating? You wait 18 minutes and their a 30 second ride away and decide to cancel extending it another 15. What’s the point of using Uber? When it takes an hour and a half to get a ride? If Uber wasn’t a genuine need I would never use it! Some people can’t use it because they get cancelled on every other ride. Never thought I’d appreciate overpriced cab rides that scam the hell out of you, at least they’ll commit to the ride regardless. I’d rather get scammed and be at home than shivering in the city for two plus hours.",1
"Spencer lane was closed this am hence the Uber didn’t get there. Several other Ubers appointed after repeated cancelations and my effort to change the pick up location (at end of lane NOT picked up by drivers) . Eventually, 30 Mon late our replacement driver worked it out and did a great job getting us to the airport. An unfortunate pick up problem and no initiative from other drivers - communication didn’t work, phoning didn’t get through. Disappointing and system not perfect - but thanks to our final driver.",4
"The pricing on Uber is all over the place; my initial search showed it would cost $116 to go 14km and it wasn’t peak hour. There’s no neat way to schedule a multi-stop trip to pick up a friend, so different configurations I tried were anywhere from $16 to go 6km to $80 to go 15km. Finally scheduled an Uber ~30 mins in advance and received an email confirmation. 5 mins before scheduled pickup time I opened the app to see how close the driver was - absolutely no sign of my booking. Ended up driving myself to my friend’s house and we ordered a Didi from there - who showed up on time, was a great driver, car was spotless, price was reasonable. I won’t be bothering with Uber again.",1
I just had a driver pull into driveway next door while I’m mowing the the lawn 4mins later I get a ph call not from a mbl but a home line asking me if a booked Uber told him I didn’t and he drove off five mins later I get a bill of $8 for cancelled trip they are quick to charge u but nothing is done when your driver doesn’t turn up and cancel your trip I know a lot of cab drivers have moved over to Uber and if this is the way they treat customers u will loose not only my service but a lot of others,5
"I am new to uber and i tried to create a account but it is really very frustrating. After entering all my mobile number, email id and name, the terms and policies page appears and when i hit on continue, it goes back again to my name page and it is happening continuously. I uninstalled my app and downloaded it again and again nearly 15times and now i am reallly fed up of it. This is too frustrating and i am embarrassed. When i am in Australia, how can it display my current location as India and even after I deleted old app and downloaded it now, it shows the same. Both uber and Uber eats, i get the same problem. I need uber account very urgently and i need you to make it possible ASAP",1
"I used Uber 3 x now that it’s available in Australia Sunshine Coast! Every experience I had was great, drivers were clean and friendly to me and my hubby. No hidden fees, I paid through PayPal and had no complications with the app. PayPal is great to use as I’ve used it now for over 10 years. Banks can be glitchy saying no funds or card broken when it’s just them not working. Not seeing what others are reviewing negative about as I have different experiences! Thank you Uber!",5
Sorry I forgot my Uber driver name I think Barraj  or something like that sorry He was really friendly welcoming beautiful car I want to buy me one like that now lol . The service was really great and the travel was so smooth. He was very helpful it’s a pity you can’t get the same drivers all time anyway I was very happy with everything I wish him lots of money for him and his family for the new year and for his Job much appreciated my ride,5
"Uber is good and I always feel safe in the drivers car however I feel they really need to give the passengers an option of travelling to a destination with or without tolls, especially in cities. It's very frustrating and sometimes difficult to explain to the driver other ways to go to avoid tolls especially when there is a language barrier and it's hard for both the passenger and driver to understand each other. 
Also I think it needs to be a requirement for the drivers to have a car freshener because SO MANY drivers I've had drive me to places smell putrid.",3
"After requesting an Uber through the app, it very quickly quoted prices for various options and included a drop off time. It then asks you to double tap to pay. In my mind this implies that I’m accepting the terms of the transaction based on the facts in front of me and that there is a car available to fulfil the trip. Unfortunately that was not the case. It then tried to find a driver and proceeded to delay the drop off time over and over until it was around 20 mins after the original time. This feels deceptive as I may have used a different ride share option or taxi service if I had that information before paying",1
"Hi I have used Uber for a while never actually had an issue but today when I tried to click on cancel, the trip would not cancel and the drivers kept coming at my doorstep as the algorithm kept finding new drivers. It went into loop and what a nightmare for 30 min on busy morning I had to keep calling the drivers to cancel the trip coz I couldn’t. And I even deleted the app, still the loop went on to allocate new drivers. I tried to search for an urgent support number nothing only chat and that too couldn’t get to a person to talk to as this did seem urgent issue.",2
"This is more of a question than a rate: My son has tried to book an Uber. No one accepted his trip. So, my husband then booked an Uber through his Uber app, which worked. I booked an Uber today, and it also worked. But when my son tries to book an Uber, his trip goes on notice. I wonder if it is because he is 16. Like I said, it's just a question. Everyone is very friendly and polite. Thank you for taking him to work and being nice.",5
"The driver was waiting at the house next door. I kept checking out of the window upstairs between lugging suitcases down the stairs. Finally I went out onto the street at which point the driver did a U turn and said he had cancelled the trip. I explained that he was out the front of the wrong house. He was angry and said he had to leave as had cancelled booking and I would have to rebook. He drove off. I rebooked and he returned. If I hadn’t had to get to the airport I would have told him to leave as he had been so rude. 
I will not pay the $25fee as he should have been in front of my home which was the pickup point. The road was clear and the driveway empty. 
Not happy!",1
"Nice driver, however took me through fortitude valley then across the story bridge, turn around near story bridge hotel when I complained and had to direct back to boundary st. I was on the phone trying to organise a chair for my Dad who is not well after having 4 strokes and another mini stroke last night. My parents are 5 hours away. What should have been a relaxing night, started not so good. Expected better from Uber.",5
"UBER used to be the cheaper option for your travel needs. Then it was competitively priced but with much better cars and service.  Now it’s just a rip off. The surge that happens almost every time you get off a plane is astronomical! 
Even when there are far more cars than people exiting the airport it still surges due to “demand” pfft! 
The taxis have been sent so far away you would need a Sherpa to get your luggage there and after a long flight… who has the energy?
The other ride share pick up point is even further away so you’re not left with much choice which is why they are constantly surging at the airport I guess. Ruthlessly clever UBER. 
There’s also no quality control due to the PIN system at the airport rank. Tonight I ended up in a dusty old ford falcon from the early noughties with bucket seats and a concerning rattle that is pretty standard for cars that old. 
The normally $35 trip cost me $68 and change. I need to find alternatives to this airport rort.",2
"If your in a pinch, like myself when I injured my foot and was unable to walk to the train station, Uber can be the difference between a good night and a bad night. I don't know how I would have felt forcing myself to walk on my injured foot but knowing Uber was an app button away made me feel very relieved. I highly recommend it! Polite drivers, who drive carefully and always make sure their customers feel welcome, there's yet to be an experience I did not enjoy when using this application.",5
Had a safe ride this morning but not happy to see I was charged a wait time fee. My address which was shown on the app is Gilpin Street and he apparently was waiting in St Mary lane which is at the rear of my house. I was waiting outside my home for 5 minutes before scheduled pick up time . It is not the amount charged but the fact the driver was not waiting for me I was waiting for him and would like a refund if this charge of $1.28. First time ever as well that no help with my luggage from a driver. He advised he was not allowed. But a safe and careful driver,4
"Tried the app for the first time and ordered a ride when the driver came he refused tiotake us as he didnt had a child booster (which is not an issue with regular taxis) he asked me to cancel the ride and the only option i had to cancel the ride was to pay $8 for the cancelation because the driver refused to take us. I should be charged $8 as i wasn’t asked about the riders age when ordering the ride. Never using this ripoff app again
Uber did refund the charge so changed the review to 3 stars",3
"I pre booked a Uber from Brisbane CBD to Airport today and the driver arrived 10 minutes early. He sent me a text that I replied to straight away letting him know I would be 3 minutes. When I got downstairs he was gone and I got a message saying he had canceled and Uber was looking for another driver. Took another 10 minutes and the new driver told me it was busy so we were lucky to get him. 

I tried to rate the first driver with a 1 star but Uber had already deleted the message. 

When you pre book the driver should have to wait if they are early. If you’re going to somewhere like the airport best to pre book a taxi.",2
"As a general rule my experiences with Uber have been positive other than two recent occasions when the drivers were travelling at 10km or more below the speed limit. 

This is frustrating as a passenger when they are not keeping up with the prevailing traffic and frustrating for other road users when they are being held up by slow drivers. This behaviour exacerbates traffic congestion and is annoying.",4
"I tried to order an uber and it wouldn’t let me process my card as it said my card had expired. I entered my card details again and it froze and kept saying not valid. 
I deleted the app and reordered an uber and it accepted my payment details this time. This took approx 20 min. I got my uber home all good. However 
I have now been charged a $10 cancellation fee for the first one I tried to order. There was no confirmation that the first uber had arrived it kept saying ‘ not valid’  
Please refund me. That is completely unacceptable. I didn’t get the chance to confirm it as it locked me out. 
Thank you",3
"One common issue is that some uber drivers accept your ride request then cancels after you’ve already waited for an hour or so. This is fine most of the time, as drivers obviously have to manage their time, etc. however someone can accept your ride request, go all the way to your doorstep and literally right in front of you centimeters away, then just ride off and leave you in the rain, having wasted an hour or so of your time. But since you never got on board their car in a scenario like this, you cannot review them or point this out to others, so there is 0 accountability for this kind of behavior.",1
"Hi there. I don’t mind the functionality of Uber. And generally the quality of the vehicles is ok, although sometimes the vehicle is so small, you couldn’t fit a child in let alone amount of my age.

So Uber is ok in terms of the app, in terms of the service mostly. However, frequently, I find it is two or three dollars more expensive than one of the competitors for the same trip, which makes me lose confidence a little, safe travels and safe eating everyone.",4
"I came to india to visit my family and that makes a lot of uber drives but in india the drivers are so rude , unprofessional, asking for extra money on top of the expected fare, taking long routes and bla bla. I had book two times on 27th November 2022 and both times my uber was not moving so i thought of calling both of them and both asked me extra 50 rs. Reason they had given me “madam waha se khali aana padega na” (madam i have to come from there without any booking). It was only 2 kms route for 100 rs fare. Its not what i expected. I love to come to my home country and always want to say that my country is the best but it does not sound right me after facing these issues 😞",1
"Rating lowered because the things that made me use Uber previously are now gone. Even the measly 200 Qantas points for 750 Uber rewards points was enough to keep me enticed.

I’ve spent well over $10k on Uber in the past 2 years and they can’t maintain a rewards program that gives me a couple bucks back in Qantas points? Pathetic. I use Uber One but that doesn’t seem to have any Qantas benefits either besides the airport run.",5
"Usually I love Uber but lately it’s been outrageously difficult to even get a driver when I need 
Usually I use it to get to work so it order early so I’m not late 
However, almost every time I get a driver they cancel after 5 minutes and it happens up to 4 times before I get a driver actually turn up! This makes it very difficult for me to get to work on time I am almost always late due to drivers not following through with the trip 
I’m not sure what you guys can do about this but it is almost constant.",3
"Drivers are so stingy they will literally only accept ur ride if the prices surge up or if it’s convenient for them
There should be a cancel limit or just remove drivers being able to cancel on customers like thrz no way I should be cancelled by 6 drivers just for a 15min Uber ride.
They will also just not drive to ur destination and force u to cancel on them which leads to a cancellation fee for us like what is that ??

I also noticed that when I bought Uber+ which makes Uber rides cheaper it actually was harder to find rides like?? Please fix ur money hungry staff thanks or just pay them better so this isn’t a problem",1
I used the Uber Collect service twice and both times I was charged extra fees on top of my fare without my knowledge. When I questioned this they had the audacity to call it a waiting fee!  when it was their driver who got lost on drop off location and had to call me for help and instructions. So because I helped their driver they charged ME a help fee!! When I approached them with evidence that they charged me for a fee that didn’t exist it was like talking to a robot. No customer service or resolution skills and they stole my money for the drivers lack of knowledge. I will never use Uber again and I really recommend you don’t too. Save yourself a headache and protect your money from being stolen.,1
"Hi, I’m normally in Australia but am on holiday in O’ahu Hawaii. I booked a ride but it showed the wrong address as the pickup. I corrected this in the app but I would say the car still went to the wrong address because we were on time & waiting at the address I gave but still no car for over 10 minutes 
Eventually we had no option but to take a cab but because we were so late we missed out on our dinner reservation. 
To add insult to injury I got home to find I had been charged $5 for cancelling the booking. 
I wouldn’t mind the charge if we had in fact cancelled but the truth is we were left high & dry by Uber & I’ll think twice next time.",2
"Every time I request an uber at night when I finish work the drivers ALWAYS cancel and I have to wait for more than 20 minutes because the drivers accept when they are 10 minutes away and at the middle of getting to my location they ALWAYS cancel, then again I have to wait for other driver and it happens the same. After 3 drivers cancelling I try in other apps. Sometimes I think I’ll give Uber a try again and it happens the same. I’m just waiting to get my refund because they immediately take your money from your bank account. Once I receive my refund I’ll delete this app because it’s the worst app ever!!",1
"When Uber picks up, the service is great
We have on 2 occasions had our trip from Coolangatta Airport, to Banora Point, cancelled
On one occasion 16 times before getting an Uber ride
Second occasion 14 times, our option was a Taxi
Not very good as we are reasonably frequent users of Uber
We have also had a very dodgy Uber driver that tried to rip us off, he cancelled our trip, even before we closed the door.
He somehow managed to charge $12 to our CC.
My wife followed this up with Uber & we were refunded
All in all there are a few drivers that should not hold a licence.
Fortunately the majority of drivers are excellent.
The final issue we have is, early morning pick-ups from
Banora Point to Airport, are SO SO hard to come by, even booking the night before is impossible.
To the excellent drivers we have had, THANK YOU.",4
"3rd party payment system ensures you pay very close to expected amount without any argument with the driver. No more guessing and putting your trust in a complete stranger.
Rating system ensures the driver is reputable and reasonably safe.
Specific feedback on every trip ensures the business continues best service for future customers and corrects any service issues.
All trips tracked with gps and logged in your account history - easy to review any alternate routes your driver may have taken (however unlikely intentional).

I have had good experiences with my trips so far, the only negatives were the financial state of some drivers as they tried to make ends meet in Sydney (City of tolls). And a few slightly incorrect choices of direction.

If anyone was concerned between using taxi’s or Uber, I would recommend hands down, Uber.",5
"I’ve had the app around two and a half years now, the app itself works fine but recently I’ve found Uber to be extremely greedy. Price gouging when there is a surge in requests in a certain area causing drivers to cancel rides to pick up the highest fare.

As an example, I fly in and out for work and trips to and back from the airport used to cost a reasonable $65 but the past few weeks the price has skyrocketed to $150+. Yes fuel is more expensive these days but that kind of price increase is unexplainable other than pure corporate greed.

Very disappointed with Uber as of late and you won’t find me using their service any longer.",1
"I’ll never order a Uber again after paying $6 more then I would had if I called a taxi also had to order my ride twice as it was cancelled, over a hour later finally someone was on there way. I have been using taxi services again. Not sure how taxi companies have to pay so much to be on the roads but these clowns think they are taking over 😂",5
"Happy in general. Just missing a couple of options: 1; for ride shares I would like to rate the other passenger as well 2; drivers should loose more points for cancelling a ride more then a minute after accepting it 3; I would like to have some more feedback options when the drive is not bad at all, but lower then my expectations (like no leg space or pickup or drop off further then necessarily)",5
"I’ve never been disappointed with Uber drivers until now. 

I’ve just noticed I’ve had a surcharge added to my confirmed fare due to an unexpected. Toll charge. The driver repeatedly ignored directions from his GPS system to take whet he called backstreet shortcuts, he said this would be better because he lives in the area. Not being local, I didn’t have any reason to argue with him.

Seems to me that if he had followed his GPS, the fare would have been as confirmed. Poor practice by the driver, perhaps he needs more training.",4
I waited for the driver for more than half an hour. Then when he arrived he said he couldn’t take me and my kids because he doesn’t have a car seat. What made me more angry is that Uber deducted $18 in my account even though I waited for more than half an hour and I even didn’t use their service and Uber emailed me that they deducted money on my account to compensate for the driver’s inconvenience. How about my inconvenience?. Why would Uber deduct something that I didn’t even use. What’s more frustrating is that I couldn’t even talk to a real person to complain. I would definitely go to fair trade and complain about Uber. I will never ever use Uber again and I will not recommend it to anyone. What a con.,1
"I rated my last ride and your Ap as disappointing because today the Ap froze on my last trip and left me stranded.  A couple of hours after my last ride I tried to get an Uber to go home and the Ap was stuck on my last trip- looking as tho I was still waiting for this ride. A couple of weeks ago I had major surgery and today was my first venture out of my home. Under these circumstances being  stuck in the local shopping centre was unsafe, very frightening and potentially dangerous. Not good enough, Uber. No one to contact except online which was not working.",3
"Just deleted this app after a lot of contemplation and will never ever download it again. 
I was hoping Uber would come good again like when I first started to use it years ago but it just got worse and worse. 
Over time so many Ubers cancelled trips making me late for appointments. 
Uber drivers not showing up at the pickup point but instead waiting in another location and leaving before you get to their location. 

The final straw was landing at the airport and no trains were running. I ordered a Uber for a 20 mins trip away and the price was $39 waited a while and no Ubers got the trip ‘none were available’ 
I tried one last time and the trip fare went up to $88 dollars and to no surprise the trip was accepted within 30 seconds. 

Since this poor experience I have now gotten a further 6 people to delete this app and will keep telling people to get them off this. 

It’s a pity as this was the best way to travel many years ago.",1
"After booking a pool ride I wanted to change the destination address, and it wouldn’t let me. I understand why this would need to be restricted because of the need for co-riders to join, but I would like the option to do so once a co-rider has already joined and arrived at their destination along my route, and before another co-rider has been added. Or at the very least to be able to add an additional stop at the end of my journey",4
"This app provides no way to complain about unprofessional drivers.

Today, I booked a trip  at the airport and was advised that the driver was four minutes away.  After about 4 minutes I received a phone call to advise that the driver was canceling the trip because he did not drive to that part of the city.  The driver was extremely rude and arrogant. The app then rebooked a trip and a new driver arrived about 15 minutes later.  As a result, I was late to a business meeting.

The driver cancelled all trace of the trip. The app provides no way to complain about this driver because the trip was cancelled. Obviously this driver is doing this all the time, scamming riders. 

The app obviously has all traces of this trip but there is no one to action this complaint.   I am sure the system has logs of this interaction but this driver has deleted all traces. Why can a driver take advantage of riders this way?

This is a health and safety issue where drivers can collect rider information and then delete all traces from the app.",1
"We booked a trip and were happy to see our ride would get us where we wanted. However, it told us our current location was in the dead centre of a shopping mall despite us standing on the street well outside. Trying to navigate to the pickup spot was impossible as we had no clue in which direction to head with the incorrect map. In at attempt to still follow through we started walking along the street to get to the corner and watched the map begin travelling diagonally. At this point we gave up following whatever poor excuse fir a gps was tracking us and were hit with the $10 cancelation fee. Horrible experience and a waste of our time and money, I do not recommend.",1
"I have just ordered an Uber to go from one of my depots to another. On arrival the driver says that he cannot depart because my travel to address will not load, he tells me to cancel and rebook, guess what I get charged for the trip that doesn’t occur, I try to ring Uber but there is no contact, he gives me a number but it is for drivers only
I step out of the car he drives away, and I have not gone anywhere yet have been charged, this is wrong, there should be a number when their staff don’t know what they are doing. The address I wished to travel to has been had at least 20 or more trips made to and from
I request that Uber make contact and refund my money",1
"Our car is in mechanic for 4 days now and I have been taking my 6 years old to school and then go to mine (I am a teacher). It is a 4 km journey. Initially it cost me $17 but the more we took Uber, the price went up for the same journey. It can be $39. 

This morning, I booked a car for $28 and it would be too early for us to get ready. So I canceled it and did it again in 2 mins. The same car with the same driver was $37 for a 4 km journey.
I think the app gets the IP address and increases the price when the user comes back. The surge cannot be all the time. So I did 32 km for 4 days with the app and cost me $207.
If there is another option I will never use Uber.",1
"I have been charged twice for the same trip many times , it’s been happening for a while now and just happened now again , I’m really unhappy and it’s impossible to find someone to talk to from Uber staff , and when I go through the app to fix the issue i can’t find any options that describe the issue , I’m going to call fair training and file a complaint",5
"I booked an uber an hour prior for work and then 30 minutes before it got cancelled and I tried rebooking to get a new one or even tried upgrading to find someone nearby. However when I tried to book the closest person was 25 minutes away and I would’ve been late due to uber. Mind that it was in the middle of the day, if it was later I would understand a bit more. It’s also extremely overpriced and you’re better off to get a taxi. I was ordering an uber last night from a place 20 minutes from each other, uber was charging $60 whilst taxi charged $30 nearly half the price of uber.",1
I have had successfully used Uber with now problems and had great service. I tried to use Uber pool and both times have failed to meet exceptions. The first one I was dropped right out the other passages drop off point and I had a 20min walk which meant I missed my train. The second time I was quoted under $4 for the trip and waited to meet my driver who drove passed me turned around and drove passed again when I tried the message driver option to let him know my trip was cancelled Not by me! Then I was told the charge was $7 for what reason I am not sure.  I will not be recommending anyone to use Uber pool. Very disappointed.,2
This was my very first time in using Urber I got to my destination with a nice driver. But when I had to get back home from the City the person who is a Urber user could not book my trip home. He tried different payments methods which all were rejected. In the end I had to take another service which worked out very well and got quickly home in peak hour traffic. I don’t know whether I would use Uber again. This needs to be looked into immediately and fixed as I am not used to travelling into the city and was very upset that I could not get home by Urber.,2
"Your routes you provide drivers are 40% incorrect all the time so I end up getting taken the longer way around and late to appointments or work. 

Your app isn’t even downloading on my phone it will get half way and then reject it. Yet when I tried to install the app on my Samsung it takes less than 10 seconds and it’s there! You really should fix it because the amount of times I needed to be somewhere ASAP and your app lets me down all the time to the point I have to use DIDI & Cabify and they are incredible compared to this app which keeps uninstalling itself. I have the latest IOS & plenty of space on my phone (over 10GB) yet still wont download -.-",1
"Last two drivers have almost caused accidents. Today only avoided an accident by telling the driver to watch out for the car. He spoke zero English. Due to the stress of the near accident, only avoided as I was watching the road, I left an item in the car. Uber have offered no assistance and stated “you didn’t leave it in the car look elsewhere, there are two sides to every story”.
Response to developer - it’s blatantly obvious I’ve already contacted Uber hence the statement above. Stop replying with nuisance about you’ll look further into it when you’ve been nothing short of rude and have zero interest in resolution.
CEASE SENDING ME EMAILS! I’ve unsubscribed multiple times and you continue to harass me.",1
"Have been an Uber customer for several years and there has been a very noticeable decline in reliability and service. Food delivery is expensive and yet drivers can’t follow instructions and food consistently arrives cold, and sometimes not at all. Rides are often cancelled by drivers just before picking up, or worse they demand that the customer cancels the trip which incurs a charge. Not to mention the price gouging with surge fares frequently making Uber more expensive than taxis. And finally it isn’t possible to report an issue through the app. Just woeful. Do better!",2
"I’m a everyday user with Uber, I don’t drive.. but I do work 30/40 hours a week, I am so sick and tired of the cancellation problem your drivers have, just because it’s just under $15 a trip, I still need to get myself to work. It’s got so bad that my work with send someone to pick me up!! I now avoid using Uber and only if I can’t get a taxi or other means of getting to work… will I be forced to go with Uber 😏",5
Trying to get help through the app is very hard to navigate. Though my issue was resolved - it took me quite a awhile to find the right link. Very frustrating. My issue has been related to being charged an exorbitant $28 cancellation fee for cancelling a driver after realizing he was going to be 15 late. He was 28min away. So it was much quicker and got there early for me to cancel and rebook.,5
"Have used for the past 5 years. Rides are always quick. Frequent upgrades. If you like company it’s better than owning a car. No parking problems or fees. Just too easy. Way better than bussing or taxis. Get picked up where you are quickly. No need to get soaking wet in the rain either. Quicker, cheaper, better ride, from or to the door and better company! You just can’t beat Uber!",5
"Uber rips off people. Incorrect direction in the map so that they can charge higher fees.  Also, if you make a mistake in your pickup destination you will be forced to cancel your ride and pay ($8) because you are not allowed to change pickup address if its outside of their so called “boundary” which is maybe few hundred meters in circumference. Uber just try to do their best to make as much money by ripping off their customers!",5
"Just uninstalled. I have promo notifications turned off in the settings. I still received unsolicited promotions about “take a ride and get a discount on groceries” twice today. They keep pushing their promos through as essential ride notifications (often fooling iOS into thinking they are time sensitive) so they can still advertise to you. No way to disable them without turning off all notifications, including the actual ones you need when booking a ride. Avoid if possible and look for a better service which respects their customers.",1
I am never using this service again not only did they say on the app that I wouldn’t be charged even though I was but Uber cancelled on me 14 times within 40 minutes of waiting last night and I really needed to get home. Luckily a bus had arrived and I was able to get home ok no thanks to these guys I will never recommend this service to anybody as they have proved time and time again that they are unreliable and unprofessional. I am so mad with them it’s not funny. And to make matters worse I tried to call up to talk to a team member but the line is always busy. Not good enough Uber. You won’t be getting my business.,1
Great app - very easy to use. Can be daunting though if you are in a city that you don’t know and the app tells you to meet the driver at a certain spot (other than the address that you are actually at) and you have no idea where that is? Luckily you can move the address to close to where you are and send your actual address to the driver via an sms. Would be great to have Uber in Mildura Vic.,5
"From last couple of weeks when i am using the app my phone gets slow even my Bluetooth plays up it connect and disconnect automatically some times volume and direction are not working. When i close the app everything is working well. This problem never happened before it started happening after i have updated the app i tried reinstalling app but still same thing. Even sometimes i have to restart the phone after restarting the phone it just work but still its slowdown the phone. When i am not using the app my phone works perfect. 
Phone model: iphone xs max",2
"I just caught an Uber that gave me an estimate around $31 and just got charged $45. That same destination has never cost me no where close to that. A normal cab never cost that much and now I’m finding your Uber drivers vehicles either stink of cigarettes or bad body odour. Like everything these days starts out good then turns to greed and lack of standards. Oh well back to cabs it is. 

If the final price of the ride was that much different from the suggested estimated price fare No one would use that service. There was no change to the route or traffic conditions to warrant that fare not even a suggested surcharge. Just dodgy unfair pricing. 

Good to see you can read the review you’ve not answered the problem. Of course the fare is based on the total fare of the trip, once again why then is it normally one price consistently then a one off price increase with no change to the route, traffic or any other influences ? 

Regardless I don’t use your service anymore. Much cheaper with another provider. Wish I had of changed earlier.",1
"I have had many issues with Uber which have been able to be resolved in the past. However, today I went to book an Uber and my account has been disabled. I go to the Uber website to seek further information and assistance to where I find a message saying if I do not agree with my account being disabled then log in to get help. But, due to my account being disabled I cannot log in. Please tell me how that makes sense. I am so beyond frustrated with the poor service which continues with this Company. After maintaining a 4.79 star average as a customer, using Uber for years despite some problems, I am the one that is disabled from the service?!",1
"In Sri Lanka they are running a scam where the driver will call or message you to say that the fare must increase as you must take a “better” car. If you don’t agree, the next driver that accepts your ride will do the same. 

We tried booking (& reported) a number of drivers who did this in the space of 20 minutes. 

We had to walk to the location where all of these “drivers” were waiting & demand that one take us for the original fare agreed to.  Luckily my partner was with me as I would not have felt safe to do so on my own.

We ended up in a completely different car with a totally different driver, he insisted that I cancel the Uber trip & incur the fee. Then argued again with us at the end of the journey for more money. 

How does Uber not have better control over terrible time-wasting scams like this? 

I’ve had to argue with too many drivers over the years, while Uber supposedly takes all of that nonsense away from finding a ride. Disappointing.",1
"Ubers GPS is consistently inaccurate, leading to ridiculous detours and inflated fares in this case the app routed me far out of the way adding significant time and cost to my trip. I still get charged the incorrect route when drivers take the right way. When I contacted support they were dismissive and unhelpful, refusing to acknowledge the clear GPS error. Avoid Uber if you value your time and money. Their system is broke and their customer service is terrible due to them refusing to address a clear gps error in my area for over a year now. I would recommend using different ride sharing app/services.",1
"It’s hard to describe the feeling of waiting in the cold rain while multiple Uber drivers accept your ride and then cancel on you (seemingly without fear of punishment from the Uber gods), essentially restarting your waiting period each time. If I had to give it a go I would describe the Uber experience as this - it’s only worth considering when there are literally no other options available. Otherwise you would be better off walking 10km home with bare feet across broken glass, thorns, and used heroin needles. This is a company that does not respect its customers and does little to incentivize its drivers.",1
The Uber app was easy to use. My trip with Peter today was brilliant. Such a great first experience. The car was easy to find with a scrolling digital “booked Uber” sign. Peter was polite and his car was beautiful and clean. He had clear signs with free wifi. He arrived on time and took me to my destination safely and in great time. I could not have asked for a more professional experience. I wish everything in life was this easy.,5
Not impressed that uber randomly and without prior notice adds on an extra stop to delivery so that my delivery is delayed and cold. At least give me the option of paying more to avoid the delay. If there are issues with number of delivery drivers then maybe you need to review your business model/driver remuneration. Will think twice before using uber eats again.,5
"Uber app keeps promoting UberPool when I book a car. And after millions of times finally one day I tapped by mistake, and now I am missing the last shuttle because the car needs to drop other passengers first.

I use Uber to book a car because I am in a hurry, not to safe money. I can go with public transport if I want to save money. I hope the developer could understand this. You can still keep the “pool” option open for those willing to pick choose, but not keep promoting as a pop up window as after millions of times you are making people to make mistakes.",1
"When Uber first was launched their sole mission was so customer centric - to provide a better experience customers. Their shift of late has been quite the contrary. It instead gives all the control & therefore the best experience to their drivers. Drivers can now pick & choose the fares they want as opposed to what’s assigned to them. What this means is that anyone who only requires a short trip, has to navigate 10 cancellations first before either getting a driver willing to take them, or worse still, having to order a taxi. Dirtier cars, rude drivers (ex taxi drivers), Uber has slowly simply become a taxi service.",1
"I booked a ride ( confirmed) showing 8minutes arrival. After waiting for 5 minutes it shows that it will be 8 minutes arrival, and I waited for 5 more minutes it then shown 8 minutes arrival. I ended up canceling the ride. Why should I be charged for the ride when the driver did not show up on time. It happened twice, and I was charged twice for both cancellations.",5
Uber app is great EXCEPT when we have been traveling overseas. There is no option when looking to book a vehicle to say that we need a vehicle big enough to carry a certain amount of people AND their luggage. (If the pick up is to or from the international airport - people WILL have luggage). This is an issue that Uber needs to address. A number of times we chose the option to use an Uber X (6 people) and when they turn up they say that they were not able to fit 4 with luggage. Uber PLEASE FIX THIS ISSUE !!!!! It will save a lot of heartache for Uber users and drivers,3
"PLEASE READ THE WHOLE THING. 

Up till last night, I have had nothing but a positive experience with Uber. But then last night, I found myself alone at 1 in the morning, the streets were pitch black, and I was an hour away from home.

As a woman that’s scary enough, but when your plan b is Uber and it’s not working, there’s a big problem.

The app kept on buffering and reloading, and when it eventually opened it couldn’t pinpoint my locations.

To top that off, after I manually put in my location and destination, the app kept saying that there were no drivers in the area, which I knew was wrong because I had seen at least 2 Uber’s with passengers at the same time.

Overall, a good app which I will probably still use, but considering I was in a really tight spot, there are a few bugs that need to be sorted out.",4
Uber useto be good now all of a sudden every time I get an Uber it says from my bank that I paid for the trips then a few days later I then get example some Uber eats and then all of a sudden I  apparently haven’t paid for my last trip when it says that it takes my money and holds it until after the trip so I don’t know what’s going on there but apparently I now have 3 unpaid tripes witch yesterday it said it was holding my money in my account and it took it out then I got another Uber as it said I had to pay and I did then got another Uber and it said it paid for it so I’m not sure what’s going on!!,1
"I’ve had numerous drivers on the phone from the moment they picked me up. I’ve had to ask them not to speak on phone and concentrate on the road. This makes me feel very uncomfortable, as I shouldn’t have to do that.
Is there an Uber policy regarding this as we are paying for a premium service. A bus driver or train driver do not chat on their phones whilst at work.
Also on one occasion the driver picked me up , I was on the kerb waiting amd entered the vehicle immediately. However I was slugged with a late fee.
I contacted Uber and the process was so difficult online that they said I’d lodged it too late.
I feel this is extremely unfair and why do Uber not have a customer line????
Also booking Uber thru Qantas I have not recieved my Qantas points.
Uber claims it Qantas fault, Qantas claims it’s Uber and is looking into fixing it up.
Quite a poor service Uber for what u charge with no one to speak to when problems arise.
Poor",2
Unfortunately drivers who are still completing a job and 10 - 15 mins away are allowed to accept a job when there are closer drivers. Last night I ordered an Uber with a guide time of 4 mins. My job was accepted with a wait time of 12 mins. My husband then ordered an Uber and we got one within 2 mins so I cancelled my job. We couldn’t have done this without two accounts though and we shouldn’t have had to. The closest driver should have got the job. This is a flaw with Uber.,3
"Absolutely lovely ride with Christopher. First up he helped me with my bags into the car, he also opened the car door for me which was such a lovely unseen gesture and unheard of these days, was very much appreciated! Car was absolutely immaculate, conversation was great I could have kept talking, guidance and direction spot on, also he was very polite, kind and fair. Would definitely use Christopher Every Uber ride if I could.",5
"Great app and always feel safe when traveling with Uber. 
Very convenient and look forward to using them for my travels in the future.
Have noticed the ‘cancellations’ by drivers are becoming less frequent (especially in recent months). I assume the high cancellations are a result of the Global Pandemic and driver shortages. Great to see things getting back to ‘normal’, looking for to see what’s next from this great developing company.",5
"Uber is not taking me via the list efficient route. It is blatantly taking me the longer way for numerous trips. Also a driver cancelled on me and was moving away from my direction and I couldn’t cancel immediately without paying a fee. I had to wait 10 minutes for the system to cancel the ride before I could rebook without paying a fee… Blatant, anticompetitive monopolistic behaviour…",5
"Just used UBER first time - worked well although you need to show clearly the type and colour of the car - much better way to show which car to look out for - not the name of it but an actual picture of it as were not all car experts and not all of us have the best eyesight either.

So a picture of the car with the number plate is better 

Thanks",5
"Please allow re-select the route before booking. I went to Red Pyramid. The Uber route needs to go through the road of military base that is NOT allowed for tourist. The correct route ONLY cost about 127 EGP. Uber route is wrong, we have to drive a whole bigger and longer route, asked many people for help, costed nearly 300 EGP. 

Allow re-select the route, new cost estimate for the route please. 

Thank you very much🌞🏖🌈❤️♻️ God bless you. Have a great day. Best Regards🌞 Enjoy Sunshine and Please be Vegan🥬🥗🌽🥕🥦🥥🥑🍓🍇🍌🍎🍐🍑🥭🍅🥒🍉❤️🌞🌈👼❤️🏖",3
"The Uber app provides a fairly good service true. However I firmly object to the addition of tipping in the app. I am an Australian user and it is not common practice to tip at all here. I find tipping to be a completely unethical practice that allows employees to underpay their workers and instead palm off blame to the customer who is already paying for a service. I believe that the addition of tipping is a slimey way for Uber to further lower the wage for its the drivers. I feel blessed to live in a country that doesn’t commonly employ this custom and I completely object to you introducing it here!! Pay your workers fairly, they are carrying your company on their back!! 🤬",1
"Nice app easy to install and use
Great that you can easily book a ride and once you do you see the exact cost before you accept 
You can also decide if you want Uber x which is the standard economic trip or Uber Select a more luxurious car 
Once you have booked,
the app tells you how many Drivers are in the area and offers you one who is the closest 
You see his or her name, type of vehicle and rego which is great for looking out for the driver
By the way you can see your selected drivers progress towards you so you know exactly where he is and how long to reach you
You then take you ride and get out at your destination no need for cash or cards it’s all recorded and charged to your preferred bank account or credit card
Very impressive !!",5
"I tried to order an uber but received an error ‘opps something went wrong’ however I was unsure what went wrong and checked my card details including using different card details, I tried deleting the app then reinstalled it and still got the same message when trying to order an urber. So without knowing what went wrong I was unable to fix it and was left stranded and trying to organize alternative transport to get to work. This was very frustrating and no option to call anyone for urgent assistance just to go to help and online to wait hours for a email reply which is too late when trying to get to work. Very disappointing!!!",1
"I live in Adelaide SA and only ever caught a taxi to go to the airport and back - and for nothing else. Since I’ve joined Uber a few months ago I’ve had many rides to go to shows, restaurants, and friends places, none of which have taken longer than four minutes to arrive after being called. That is better service than the London buses. This transport model just works. It has created a new freedom.",5
"Uber used to be great and now the booking experience is horrible. It doesn't book the closest driver when you make a request and often picks drivers that are 5 or more minutes away even though there are drivers on the same street you are standing on! Furthermore the time clock it gives you is not accurate, and typically when it says the driver is 5 mins away it takes 10 mins or more in reality. In this amount of time I watch multiple available yellow cabs drive right by me. Uber needs to remember the customer and not give priority to drivers. The closest driver to the customer should always get the booking, full stop.",1
"I had an Uber Green Ride with Peter Andrew for a half hour ride. He was instantly welcoming from the moment I came into the car and was kind respectful, offering me some mentos and a water. The car was also very fresh. He had a very good sense of humour and we had a long chat about many different things and he made my ride very enjoyable. I would like to thank Peter and Uber for making this possible.",5
"After accidentally loaing my phone in an uber i immediately contacted the driver through the support system. He said yes i have your phone and i will send you my address to pick it up. I then hung up and waited. No response. Tryed ringing again and it said you can only message him now, after 48 hours still no response and i am left without a phone and with absolutely 0 way to contact the driver and he has 0 way to contact me. I am losing money daily as i can put fuel in my can and have to pay for ubers every day. Everytime i call uber support someone who can hardly speak English say they cant help me. Worst app ever.",1
"When Uber first came to Australia it was fantastic in a big city. When I moved to a small city it didn’t arrive here for about 2 years after me, and when it did, being a tourist town, it was great. 
But in the last 18 months Uber has become a nightmare. Drivers 2 mins away, 6 mins away, 11 mins away won’t take a shorter trip so some poor driver ends up driving 20 minutes to pick me up for a 5 minute trip. You get cancelled on repeatedly as if there are no consequences for the drivers who accept a fare, waste 10 minutes of your time then cancel.",2
"I'm so impressed with the high standards and principles of every driver I have had the pleasure of being looked after by. Always interesting and well informed, polite and caring. The upper echelons of the service industry who are the best examples of how to operate in a very competitive market without cutting corners, excuse the unintentional pun, as a consumer UBER drivers instill complete confidence in knowing the journey will be all and often more, than initially expected.",5
"Every time we try to book a trip, it gets cancelled multiple times by multiple drivers. This creates some sort of surge and then they try to book the same trip for triple the price. Not surprisingly, this trip doesn’t get cancelled. How about you increase fare charges so your drivers don’t feel the need to cancel relentlessly until they can get a decent fare.",5
"I was an early Uber adopter and I feel it has got progressively worse over the years. I am going to go back to taxis, as I’ve had too many issues with drivers locking in a trip, with car 2 minutes away, to then cancel - with this repeating several times until finally being picked up often 20+ minutes later. On nearly every occasion, using a different transport option would have got me there faster if Uber app had predicted pick-up/drop-off time accurately. I have a very good Uber rating, so that is not the issue.",1
"Never, ever prebook an Uber ride! They’ll charge almost 4x the price. Just wait until it’s needed. I prebooked a ride thinking the variables involved for justifying the price we’re taken into consideration. When it came to the pickup time I had to book another ride with them, exact same locations, time, driver demand etc and it cost a fourth the price. When disputing this fact they flat out couldn’t tell me why there was a difference. Only that I agreed to it, so bad luck.

Follow up:
I’ve been replied to with a link to investigate further and informed I’ll be contacted back once reviewed. It’s been nearly two months and I’ve not heard anything…",1
"Uber customer service is by far the worst I have ever experienced. Not only did I get charged for a longer route (I asked my driver to please go a shorter way but he wouldn’t listen or even acknowledge I was talking to him) I then got charged $80 for a cleaning fee when I know for an absolute certainty there was no mess whatsoever, Uber just wouldn’t respond to any of my msgs and requests for photos of the supposed mess. I’m just supposed to be ok with $100 being taken out of my account 2 days after the initial trip and no explanation, evidence, nothing? I don’t think so.",1
Surely you’d make sure there are drivers available during the day that aren’t 20+ minutes away from me. I tried from 1:10 to order an Uber to get to my work by 2 to start and all drivers were 20 odd minutes away some cancelled on me others I had to say I’m sorry but I need to get to work before you arrive. The drivers made me cancel and so after so many cancellations I’m now left having had to call my work to say I’ll be late because the Uber Ride app service only allows so many cancellations. It’s a bit ridiculous and not to mention stressful.,2
Driver recytował orders. After picking me up and drive a little bit mentioned the other order which seems to be better value he wants to drop me off the street to pick up the other order. Eventually he drive me to my destination after I refused to leave the car. Later he apologized once he realized the other order is still 10 min away from my drop off time. Such behavior from uber to send two orders at the same time is unacceptable and captain behavior is not acceptable 😖,3
"What happened to Uber?

What was once a service that was exactly as it is named now just hands out clapped out  stinky cars with drivers who can’t obey the road rules.  Albeit you do get some good ones.

Drivers don’t even have to courtesy to pull into your driveway.  One pulled up on the right side of road into on coming bus whilst I was standing in my driveway he parked in front of.

The App navigation to send cars to you is abysmal at times.

Additionally they charge a premium for this service

I use it purely for a tax invoice, but now use cabs more 

Whilst you can provide feedback on charges for drivers, no such joy on food.  Was in sydney, paid extra for faster delivery and I stood around waiting just over half an hour after it should have arrived

Time Uber to take stock of where you are and get back to delivering quality service",3
"Have been an Uber rider since my early teens. Never had a problem with the service. 

Until 2023. This year, I don’t feel as though I’ve had a ride completed to satisfaction. Whether it has been rude drivers, lost items leaving me hours or days until retrieval or, most frustratingly, a sharp uptick in the number of driver cancelling before pick up, the service has sharply declined on quality.

Whatever your needs be, and whatever time of day, I recommend Lyft or DiDi to any passenger who prefers a speedier, cheaper ride to their destination.",2
"After listening to our kids rave about Uber we were so blown away with our first experience!  From the very start of downloading the app to ordering our first ride, everything was exceptionally easy, efficient and professional. We can’t recommend the Uber service enough to our friends and will never consider the alternatives again. Thank you Uber😃
Geoff & Anette Yallingup WA",5
"I have only recently registered with Uber.
I would not use the service until the owners of NSW taxi plates received an undertaking from the government that the loss they suffered with the rapid introduction of Uber would be compensated.
Due to an injury I have not been able to drive and have used Uber to get around, and every experience has been a good one.
It is an interesting way to keep the community spirit alive.
I would recommend the service to all.",5
"5 years oh more now I been riding most capitals around Australia think my ride total tells a storey
To prove many rides and this guy one the best men I’ve ever had the pleasure to listen to wish him the very best in lift I’m sure he’ll do well with one the most pleasant attitude ever keen to learn and listen chat his knowledge of life wish more people like him though can’t fault Uber always a pleasure and joy of conversations",5
"At 79 I’m not a tech whiz. I can navigate my needs, which is minimal. 
The easy to navigate Uber app was a problem. I needed a stranger to assist the completion in my booking to understand how to identify my ride. The app was giving me ridiculous downloading times. All in all an unpleasant experience that caused a time delay ( after a tiring trip from Perth to Brisbane)
Imagine my joy to find out I’m charged for a ride cancellation I didn’t know I had. 
Rethinking Uber, maybe not up to the hype. Ended up costing what a taxi would have done without over an hours delay. 
“ Not happy Jane”",2
"Please stop having the app send me regular notifications about how much money I could have saved switching to Uber One, I spend enough money on Uber but my trips change month between month. Also your customer service team is one of the worst of the bunch; a driver accidentally didn’t charge previous riders for trips and he yelled at me how I’d be stuck with the bill on my way to work. Your team said the best we could was half it… $70 for a trip that would usually cost me $15..Yikes Uber",3
Beware if you sign up for a “free trial” of uber one with an automatic renewable it may be next to impossible to cancel it. Everywhere online and in the app uber tells you to cancel it through the “manage membership” button then “end subscription”. However there is a glitch in the app and website that prevents this button from appearing for a number doc people. The only way to eventually cancel it is to complain to customer service who may or may not agree to cancel the subscription. Due to this glitch I wasted $40 as I found it so difficult to cancel the membership.,1
"I recently took an Uber ride and it was an awesome experience! The driver was friendly and the car was very clean. The journey was smooth, comfortable and stress free. I appreciated how easy it was to book a ride and the convenience of being able to track my driver's route in real time. Overall, I had a great experience with Uber, with Than, and would definitely recommend his ride again!",5
I use to love Uber because no matter how far the distance you would always get a ride home unlike taxis that would hustle you to pay a certain amount if it wasn’t a big trip. But now Uber is just as bad. Every time I’ve gone out I now get cancellations all the time because I live close to the city and last night I had to walk home because no public transport was running and no Uber would pick me up. There needs to be something better with pay like a base salary so the drivers have more incentive to do a good job as it’s ridiculous at the moment.,1
"The car was clean and comfortable. The temperature inside the car was comfortable, considering the heat outside. 
The driver, Rahmat was polite and at the end of the trip he apologised for the delay. I didn’t even give the delay a second thought as I was on time. Traffic is out of everyone’s control so the apology was unnecessary. 
After this experience I would use the Uber service again",5
"The hoops you have to jump through to get help for something simple is horrible,
Online states you can request a child seat but no option comes up in the app, called Uber isn’t helpful either as they can’t reserve a driver with a seat either, this is for a airport drop off as well so if the driver can’t be contacted to until the day of , it’s very risky and inconvenient if they don’t have one and there’s no guarantee another driver will have one resulting in a late drop off or possibly not finding a driver with one at all, so bad",2
"I have been a regular Uber user for some time but will be looking for alternatives after they left me stranded in the city.
I called an Uber and waited 15 minutes for him to arrive, he did not show up.
I then attempted to contact him twice, but he did not answer the calls.  I ended up getting a cab.
Uber then issued me a $10 fee for his inconvenience.
I should be the one giving them a fee!",5
"Uber confirmed my pick up point but provided another address to the Driver. As per his request we text him the address as his English was a problem. It took several calls and eternity for him to find a landmark in Chatswood . It seems to be a bad habit with some few driver to collect for no reason whatsoever an extra dollar. The last charge was more than $5 and the previous one some .60 cents !
Jack",5
"This morning I was requesting a ride, and the app stuck at “requesting for a ride” page. In the meanwhile the phone notification notified that I had a Uber coming in 2 mins. I got on the Uber, the app kept showing “finding a driver” and my phone became burning hot. In the fear of damaging the phone and in case if the app double book another trip for me, I had to cancel the “finding a driver” to stop the app, but it apparently canceled the ride I was on. The driver was furious and I was super confused. Still didn’t know what happened but it was such a bumpy experience.",2
"I always book an Uber 30-60 minutes well in advance of the time I have to be somewhere. Lately however, the ride request will sit on the same driver who won’t accept or decline for up to 10 minutes. 
Then there’s the issue with fake surges, where the drivers will constantly decline rides to make the app think there’s a surge which skyrockets the price, to when a driver will immediately accept because it’s 4x the normal price. Taxi’s are more reliable than this. Either kick those idiot drivers off the platform and/or fix the app so it doesn’t sit on one driver for an abnormal amount of time",1
"Our driver waited on the other side of the road to us for a fair while then acted like we should have known where he was, once he drove off he appeared to head in the wrong direction and when I questioned this he then turned around and lowered the 2 front windows!

I asked him to raise them which he did finally for a minute, he then lowered his window until he dropped us off, I feel he was extremely rude and due to maybe his religion he was implying that my wife and i stunk of alcohol

In Australia I believe people can drink and have a good time. My wife and I showed him nothing but respect. This driver certainly showed us his disgust and maybe he is in the wrong job?",1
"I was charged $10 for an Uber that did not show. The map details showed he never got closer than 50 meters away, and the cancellation report showed a different pick up point or destination address to the one I had submitted. I did receive a refund. The point is I was in a hurry and it appears that what happened had the element of a scam going on. Thought I should report.",5
"I just got $100 in merch stolen from a driver. Uber has not helped at all. Every communication has been patronising and unhelpful. They have obstructed every attempt to contact the driver. Uber has taken no responsibility for having criminals hired under their brand. Because I continue to request help, Uber has made my app access slow, and tiresome, I get constantly help tickets closed, with the same answer over and over “we take your request seriously”. They obviously don’t. This was just theft, I would be terrified how far Uber will go to obstruct justice if there was an even more serious crime.",1
On 29 April I pre booked an Uber in Adelaide to take me from an Adelaide hotel to the Airport. The hotel only had one address I.e one only pick up point. The driver did not turn up. I waited 15 minutes and ordered another Uber which turned up in 3 minutes. I paid for the Uber that turned up and now Uber thinks they have the right to charge me a cancellation charge. I tried to follow links to leave a message with Uber and all it does is takes me to the book an Uber page. It seems my only course of action is to take this matter to Fair Trading and push for Uber to be prosecuted.,1
"My partner needed a ride to the airport so I booked an Uber. Unsure on whether I have booked it correctly or not but I did. 
Abdul arrived early which was great. My partner reported that the car was very clean, Abdul was a safe driver, very chatty if you wanted to chat otherwise happy to drive safely to the journey. Abdul had clear English which helped understand what he was saying. Highly recommend Abdul and with save him in for future trips.",5
Opened the Uber app. Clicked on for a pick up. Said it was connecting me to 8 drivers nearby. Connects me with a driver who is 12 minutes away. Then I watch him driving away from my location and the time to arrive blows out to 15 minutes away. I call him and he already has someone in his vehicle that he hadn’t dropped off yet and yet still clicked yes to pick me up. I was in a real hurry and he’s driving away from me. I asked him to cancel the ride as he was still 8 minutes away. I called a cab at it arrived in 4 minutes. Then I get a $10 cancellation fee from Uber? Not happy. How about I charge you Uber for wasting my time when I was in a hurry. Ola here I come.,1
I am very frustrated with Uber as I have continuously asked to be let back into my account as they will however when I book a ride it says “oops somethings gone wrong”and it says you have an outstanding trip fee but I have paid for it and as soon as it goes through and process the transaction out of my account it will disable my account again so now I have had to do this 5 times and have been charged for all of them due to one outstanding fee which was paid the first time so everytime my account gets reopened it charges me for every time I am sick of it and it still has not been resolved,1
"I have been using Uber on and off for years ... but recently we are using it less and less and less to the point of almost never-never because the way that this company applies it surge pricing is absolutely extortionate. Got too many bad experiences  to put on here but consider a surge pricing more than double sometimes even triple only a matter of minutes apart when there are literally dozens of cars visible on the app in immediate proximity to your location. Uber are getting too big for their boots, try other ride sharing apps or taxis that allow you to lock in a fare estimate up front.",2
"Why does uber feel the need to lie about how many cars are around. Be honest, if it's a 16 minute wait for the next car let me know so i can book it sooner and not when I think it's only a 4 minute wait. It makes me late to work and other events. It's annoying lying about having many cars around to get you sales. I read somewhere the cars on the maps around your location when you're booking is a lie to make you pay for the services.",3
"I am over Uber drivers constantly canceling my trips, I have booked through Uber a lot and I notice how most Uber drivers are willing to drive half an hour to pick up female passengers over males. My sister has barely been cancel yet myself who has a 4.85 rating gets cancelled atleast 5 times before I find a driver who will actually pick me up. please make a change to this, Uber drivers should do there jobs not what or who they feel like picking up otherwise the taxi industry will definitely make a comeback.",2
"This happened 4 years ago , my partner had his own new car driving for this company, over a few years. He working in the city , on weekends at one night,he  picked up a guy , and this person how was abusing him in his car , about how he could afford a car , coming from another country. He bashed my partner , that night.  My God he made a report to  the Uber office in city Adelaide. Then he received a email a few days later saying he is no longer a driver with Uber . Totally baned; What is this the poorest customer service ever , this company is full of idiots …. Don’t drive with them ……",1
"Arrived Sydney airport now n Friday night 7 pm, booked Uber , through Qantas App ( becoming futile and useless) 5 drivers cancelled so I started walking then all of a sudden I get a $10 cancellation charge, this last guy cancelled but still headed to airport and tried to hold me to my trip even though he had cancelled, then reaccepted it, Thanks Uber and your thieving drivers, this will be shared all over, I’m sick of you thieves",5
Earning is to low because uber charging customers nothing and thanafter 30 percent commission so nothing coming to driver pocket for example this thursday i did job which takes 19 minutes and i just earn 12 dollor after uber commissions that 12 dollor include my fuel other car expenses means that trip i only get around 7 to 8 dollor for driving 19 minutes so this is issue i know uber do nothing with my feedback and i strongly say that this plateform is not made for drivers so lastly i say taxis are far better than uber for drivers,2
"I like being able to have an Uber on call. However, with low vision, there are a few problems. 
1. Windows pop up with things that have nothing to do with my ride. It’s hard with glare to see what they are and waste a lot of my time. 
2. There are too many choices on the home page. 
3. With low vision, if the pickup point is away from where I am I can’t see where to go. 
4. I hate the way drivers cancel for no reason - if they accept the ride they should have to stick with it not go for another one and leave you standing in the heat or rain or wind while you wait for the next ride. 
4. Drivers who don’t cancel, but don’t come, and then don’t reply to messages or calls because they want YOU to cancel. So annoying and time wasting. Then there’s no way to complain about them. 
How about you make a streamlined version for low vision ppl.",2
"I love uber, used it from the start but for the last 2 months it won’t work on my iPhone 8 Plus. I’ve tried logging in and out. Turning my phone on and off, updating the app etc nothing works 
Hurry up and fix this so I can start using it on my phone instead of continuously having to sign in and out on other people phones ....",5
"Don’t bother booking an Uber from a smaller carrier at Perth airport, because for some reason, you will experience excessive driver cancellations, and then it forces you to rebook. Apparently the drivers don’t know where you are getting dropped off, so they won’t know the fare amount until they pick you up, but at times I seriously doubt that, as on multiple occasions I have had multiple drivers cancel fares going away from the airport. Taxi is always a better option for this situation, taxi price is competitive as well.",2
I have not used Uber a lot but I have used this service in Queensland  & the US & tonight I used it in Melbourne. Our first car was absolutely filthy inside & the second Uber we took home from the restaurant was a bigger shock.  The driver in the second car had some of the worst body odour we have ever smelt.  The 2 ladies in the car had to keep smelling perfume for the 20 minute ride home.  I will never get into an Uber car from now on without checking out the car first.  Uber you need to look seriously at what you are doing & how the people that represent you brand are performing.  I have paid full price for these 2 rides tonight but never again.,1
"I love the Uber App. I put in my destination - almost immediately I know the name of the driver who will come, his make of car, his registration, his rating by other passengers, how long he will take to arrive, and a price range for the trip. And I need no money - at the end of the trip, the amount is simply charged to my credit card without my having to sign a thing.  And soon I have an email telling me the exact charge. It’s brilliant.",5
"Uber sent a message to say my driver would be early, so I was ready in time. Gerard arrived a few minutes early & was warm and welcoming. He put my luggage in the car and we had a friendly chat about our travels on the way to the airport. Gerard helped me with my luggage on arrival at the airport too. As this was my first trip with Uber, I look forward to using Uber again in the future.",5
"Dear Gary, your an outstanding Human being! 
One of the nicest people I’ve met. I highly recommend Gary to anyone. You have been a blessing to us foreigners when needed most. 
Looking forward to meeting you again in our travels 🙏🏻 God bless you beyond measure and keep your family healthy and safe in this difficult world we live in brother.
Thank you kindly sir! 
Kevin from Australia 🇦🇺",5
"Everything works for me the way it should. I think, from the time of booking, I have been picked up in less than 10 minutes. The tracking of the driver on his way has been accurate.
I have never had a problem, and the driver’s I have had have always been pleasant and courteous.
No complaints whatsoever!",5
"They claim to be better than taxis. But I no longer believe it. 
Up until this last week, I have been content. 

But 3 cancellations of confirmed drivers, and this is several minutes after acceptance.
To then see the same car (rego as the identifier) I see the very same car picking up someone right next to me. 

Yet, if I cancel a driver after after a period, I get charged.

This has happened at airports. Longer drives = bigger fairs or they help drive up “demand” and then take advantage of the ludicrous price hikes Uber puts on. 
Example of ludicrous demand: Melb out to suburbs normally costs about $50. They wanted to charge $103. Honestly. I waited about the same time I would for an Uber and got a cab, guess what, $52

The Uber cars are no longer cleaner or better than the cabs. I don’t see the benefit. They can’t go on T3 or bus lanes. 

I’ll have my company back to cabs 100%. Employees will just have to deal with it.",1
"Disgustingly poor behaviour on Ubers end, always getting double if not triple charged on my rides and when I complain I’m reassured that it’s just temporary and the money will come back but that doesn’t help me get to work when I’ve been charged for 3 seperate rides that have canceled and now I don’t have enough in my account to order another one until Ubers good and ready to give me my money back (days if not weeks later) Sick and tired of the lack of customer support and never been able to contact somebody to get the issue resolved. Absolute disgrace of a service and I’ll be taking my money elsewhere.",1
"Convenient app was great to start with but now they are getting very greedy. Whenever they are busy the price goes up by x4 from my experience, and when you book they keep canceling to hike the price up when demand is high frustrating waiting 30mins longer at airport because it was canceled multiple times and rebooked each time a price increase. 

Cheaper to go with a taxi in busy periods as you know the price won’t keep changing. 

Other than that it is a great idea and service",3
"Im sick of not having direct customer service from Uber. They expect you to send an email to their contact email address. And then you have to sit and wait for a response. Can take 12 or more hours. I’ve had my account disabled, then reinstated and disabled again. Something to do with my payment not being excepted - even though the account I’m paying from has $ in it. Leaves me stranded. Good one Uber. 
And reading everyone’s reviews, funny how Uber responds in the same way each time. Why don’t they reach out to their customers that have written these reviews and contact them instead of asking them to send an email to some random email address. 
Uber eats - the only problem is Uber not the restaurants 
Uber rides - the only problem is Uber not the drivers 
I’m switching to Ola and Deliveroo. 
Goodbye Uber - you are not for your customers. My advice : give your customers a phone contact to ring for support.",2
"I getting sick of being overcharged every time I return from work and get an Uber home, it only cost me $29 to go to airport but I get charged $35 going home on exact same route with less traffic, that’s an extra $6 unjustified surcharge I don’t think is right, I have a friend who said that those charges are not going to the driver either so I see it as Uber are getting greedy and now last night I was charge $41 and I’m really not happy with Uber at all, I will be looking elsewhere for transport unless I get reimbursed on these outrages extra’s. I gave my driver a tip of $5 because I think Uber are ripping him of as welll.",2
Pick up was 101 Collins St Melbourne. Driver was on the other side of the road and drove past us and stopped. He called and wanted to know where we were! 101 Collins St is not where you are parked mate. We had to cross through traffic and trams to get to him and then we get charged for a waiting time!! And then he almost went thru a red light and missed the U turn to get us back onto the other side of Collins St. And then he did go through a red light and almost got side swiped by a car at that intersection. And the fare ended up being $10 more than the quoted fare. Pretty annoyed but happy to be alive.,2
"Had six unauthorised transactions on my credit card today from, “Uber Australia Pty Ltd”, after being alerted by my bank’s fraud department. Suggests Uber has been compromised, but the tone from support doesn’t seem to be one of alarm. Shame as I really have enjoyed the ride service, but now have deep concerns about their credit card security. I note another customer on this review site had a similar experience a week ago. Are there others that we’re not hearing about? Hope the bank’s fraud department turns something up, as Uber say it’s not them, after what must have been a lengthy investigation by Uber, an hour after I notified them.",1
"At the start of the trip, he got out of the car and placed our luggages in the boot of the car cheerfully. At the end of the trip, he kindly got out of the car and lifted our luggages out of the boot of the car and carefully placed them on the footpath which made it easier for my grandaughter and I to wheel the luggages on top of our driveway. He acted with a pleasant smile. Thank you. Kind regards Theresa",5
"A bit of a wait but OK,the weather was very wet and the driver arrived at the correct place, but by the time we descended the steps from the club she had begun to drive off. Fortunately she must have seen us in the rear view mirror and stopped, but we still had to run about 50 metres in the rain before we could get into the car, and she apologised but otherwise a perfect journey with plenty of chitchat and social interaction…thank you, Eddie.",4
"Hello,

I recently rode with Pasquale to Adelaide and the ride was smooth and quiet. Pasquale sensed I did not want to talk and the music he played (smooth R&B) was appropriate without being intrusive. His vehicle was very clean and comfortable and did not have the ‘chemical’ smell that you sometimes get in recently and constantly cleaned vehicles. Overall a very pleasant ride. Definitely recommend Pasquale and would ride with him anytime.",5
"Honestly it’s 50/50 wether you get a ride or not. Personally me, I’ve been looking for a ride for 45 minutes… late to work. Every driver just turns the offer down. I can physically see the drivers available on the app. Why not accept? I’m Uber One? They all just seem money hungry. No customer service just trying to get to the next ride. I guess the job doesn’t need any experience but at least smile hahaha.",4
"I understand why bank name or offical name needs to be on the records, however, there is no need for anyone in real life - especially an Uber driver to use that name on me in polite company..
Why isn’t there an option to add preferred name?? 
I also don’t want random (unwanted) sale type notifications- let alone ones that use my bank name. 
Maybe I should just delete the ap and only reinstall it when I need to use it.",4
"The service is rendered essentially useless due to the lack of any professionalism in the randomly picked drivers. During the 5 years that I have used there service, almost 40% of the time the drivers were stupid with utmost lack of any professionalism.
Uber as a company is to blame for selecting anyone as a driver.
Moreover the prices are extremely high compared to 13CABS or any other registered Taxi service. Plus the drivers keep cancelling the rides 80% of the time. What kind of stupidity is this?
Anyways, moral of the review, I will rather walk than use this useless service from Uber.",1
"Very disappointed this morning that it took half an hour drive for your Uber driver to reach me 
It take 5 minutes drive to reach my train station . Missed 4 trains this morning . Late for school and went to the wrong address .
Please be aware before deducting money from customers , you need to clarify , why we cancel the trip,  before  any deductions .
Very very disappointed",5
"Absolutely useless, drivers constantly cancelling after wasting 10 minutes driving down to you. I’ve had 3 drivers in a row cancel on me today, how can you expect people to use their app with such unreliability? Long wait times + cancelling does not make for a very good ride service. You can’t even give the drivers a bad review for cancelling on you either. There should be some form of punishment for this because drivers will just abuse the system and cancel if they get a better ride on another app. Useless service that I will not be using again",1
"Newer version of this app has removed ability to contact customer feedback regarding issues. I was overcharged for a trip and there is no way to actually write a message now; you may only click on pre-selected options which may not fit your problem. As a result I have not been able to get help for my ride. 

Some of the help options are bugged (or is this a feature?) and just give an error message. 

Uber is good when it works well, not when you are charged twice the appropriate rate with no recourse.",2
My husband has been locked out of his Uber account. We have tried everything to contact Uber to get support. His email address has changed since opening the account and the only help we get is to respond to the email Uber has sent in response to our support request BUT of course he can’t because his email address has changed! Help. So frustrating.,5
I reserved an Uber to pick up my daughter from work and paid around $30 more than the normal fare.  Was given the name of the driver on booking so sent to my daughter and it then changed in the 4 hour time slot but as she was working I couldn’t let her know.  If paying 4 times the normal fair there should be more ability to communicate with the driver.,5
"Uber pretends you can book a cab 90 days in advance. Complete lie. Read the small print: the driver who accepts your fare can cancel the minute before your booking without compunction or cost. There is literally no guarantee anyone will turn up - even if you book days let alone weeks in advance. This company puts its drivers ahead of passengers. And its shareholders ahead of drivers. This happened to me this morning- a 5am taxi booked 20 hours in advanced, cancelled at 0458. The arrogance! Ended up using a different company. Thank goodness I had options and am not dependent on Uber.",1
"I had work and ordered my uber 40 minutes in advance as I thought that gave me more than enough time to be able to find an Uber, as I only live an 8 minute drive away. It wasn’t. I was messed around by drivers for the next TWO AND A HALF HOURS until someone accepted and actually showed up. The drivers prior accepted then unaccepted, probably for more expensive jobs- sometimes when they were less than two minutes away. I will not be relying on this app any further and I am honestly really disappointed and upset by my experience.",1
"When you need a ride, drivers freely cancel your trip at the last minute, then Uber prices double when you try to rebook. Literally from $25 to $55 at airport tonight. So after Uber wastes 15 minutes, you switch to a cab and discover its cheaper? Also, those fake driver arrival timers that pretend to be ‘8 minutes away’ for ages.",5
"I order Uber ride and I check the map it say the driver will be here in 1min so i wait but after 3min later I check and he was on other side of market so I try to call him and ask him how he doing and when is he going to get here but the dude hang up, so I send him message asking him where he is. He say I’m almost there so I wait for him another 10min after that he cancel the order and I got charge for canceling fees. I know you can ask Uber for refunds but that not what I want i was waiting in the hot sun for almost 13min and the dude did this and you can’t even report him or complain so how this is fair?",1
My partner booked a Uber tonight and it had a pick up spot to blocks from where we were…. We rang the driver and explained that we weren’t at the pick up spot and gave him the correct address …. He was very rude and said he wouldn’t come and pick us up that we needed to book another Uber…. We then booked another Uber on my account and 5 minutes later the original driver turns up and was a very rude man and we explained we had already booked a new ride… made the experience very bad ended up waiting 20 minutes to get picked up because the first driver had some pickup spot not near where we were….,1
"I tried Uber plus or whatever it is as it said free trial and I didn’t like the extra service as it felt no different to the normal Uber so I tried to delete the account and I could not find where to delete. This took weeks to resolve and Uber purposely hides it so people keep paying the extra monthly free. It’s basically a modern day scam and they don’t help you when you try call and email. Try not to use this app if you can avoid it, I do not recommend this app layout or service. I waited 30 minutes at 9:30pm to get a Uber. Not worth it plus I was paying the extra monthly fee.",1
"Ahh remember the days when getting an Uber meant a welcoming entry with the offer of a mint or water, friendly conversation, cheaper fare than a taxi. My experiences with Uber these days are far from the those fresh beginnings - now your just happy if the driver turns up instead of cancelling, or 15 mins of watching a stationary virtual car on a map that says the car is 1 min away (obviously baiting me to cancel so they don’t have to). There’s definitely going to be a trend towards taxis or another alternative again with this deterioration in service - the first mover advantage can only last so long",1
How can you charge me $10 for cancelling an order that was going to be a 25 min wait . I text the driver who said he was at the airport and would be 25 min so I cancelled and got a taxi within 5 min . Only to then get a call from another Uber who said he was at my pick up point 20 min after I cancelled . Then you charge me $10 cancellation . What a joke . Goodbye Uber . Back to taxis for me . Disgraceful 😡,5
"Uber used to be reasonable with surcharges but recently the prices it’s been charging have been genuinely CRIMINAL. In the past few months I’ve experienced the same issue with Uber, for example - charging $90 for a 15 minute trip (A trip which would originally cost $28), charging $86 for a 25 minute trip (a trip which would originally cost $45) etc. These “surcharges” are triggered by two people in the same friendship group checking Uber prices. Uber is taking advantage of its customers and no longer displaying the surcharge amount. CRIMINAL. 

Get a taxi, didi or any other rideshare and save your money. 

Uber is a joke.",1
I’ve used Uber without any problems before but tonight I didn’t expect to get charged $10 when I couldn’t get to where the Uber driver was waiting - due to extensive roadworks on George Street and the traffic wardens not allowing us to cross the road to get to our Uber. After he said he’d drive around to us he cancelled the trip and I get charged $10. Why? I didn’t cancel it!,5
"Unfair charge, driver states he waited 8 minutes however, we were outside within 2 minutes when the app said he was 3 minutes away.  7 Sisters road is a busy one way street with no parking the driver could have circled back to pick us up but preferred to cancel the trip.
As a regular customer I am very disappointed with this driver and the unfair charge.",5
I was told that the driver would pick up in 6mins!!! This was not correct as I was then told he would pick up after he dropped of his last passenger! It would have been much better if I was told that from the beginning!!! In fact cabs were more readily available than Uber at the Central Terminal on Hong Kong side. Nevertheless thought we would try Uber because we did not have much cash available! It appears Cash is KING in HK not so much M\Card or VISA CARD definitely not AMEX!!! Thank you!,4
"The app is ok. Sometimes drivers don’t come directly. They must be dropping off others but accept your booking.

My main dislike is that somehow I started getting charged $9.99 PER MONTH for ongoing membership of Uber One. Something to do with additional benefits. I never sign up for ongoing membership fees. It mustn’t have been described clearly. On trying to cancel, their default selection was only to PAUSE for one month. Then the charges will resume. This is very sneaky. I could have been caught out again. NOT HAPPY!!!!!",2
"Uber charged me twice and that's when the driver clearly couldn't find me, made no attempt to contact me whatsoever, and cancelled me. I think the driver has to be a little considerate that it was heavy rain at the time and there was little to no shelter nearby and didn't know that it was going to rain that hard that an umbrella was required. I come to the conclusion that Uber scams people because a) there is no telephone support because the online help DOES NOT function in the way it's supposed to function and no, I do not use twitter or any other social media accounts, so good luck in contacting them cause it's the company that doesn't care.",1
Uber is getting worse with their drivers cancelling or just stopping somewhere and refusing to pick you up. Messaging or calling them doesn’t work because they are just waiting until you cancel to get a cancellation fee. I have to leave 30 minutes before I start work for an 8 minute drive because that’s how long it takes to get a driver to actually come. There should be consequences for drivers that won’t pick you up and waste peoples time because I shouldn’t have to go through 5 different Uber drivers before finding one who will do the drop.,1
"Downloaded the app last night while travelling in a foreign country, everything was super easy to set up, then our driver was just metres away from us when we left our apartment and we didn’t have to walk anywhere with our suitcases. Perfect car, lovely driver, and an option to give a tip later. What’s not to like? Impressed.",5
"Uber customer service it’s terrible. The system charges arbitrary fees and has no place to complain。I experienced that unhappy situation. I cancel the trip within 30 seconds after clicking the confirmation uberX, and then they charge me $10 cancellation fee automatically via my bank account. The next unhappy situation is, the driver not towards a right pick up location, he said he arrived, but i said I couldn’t found him, and then the driver cancelled my trip and charge me a fee. after that, I telephoned the driver. he is rude and hang up my phone call.",1
"I offered to pay whatever amount he wanted for rare adidas football jumper that I liked that he was wearing, driver refused to accept payment and didn’t expect a positive review when I offered, although gifted me the jacket anyway, without knowing me and sent me on my way 20/10 is an understatement, absolute weapon of a bloke, goes out of his way to help others, selfless.",5
"Used to be such a great alternative. Now they don’t care about customer service in the slightest. 

Want to wait 30 minutes while drivers have the freedom to accept your request and sit in their driveway? This is the app for you. 

Currently they have implemented a system that activates surge pricing minute by minute, and they don’t seem to realise drivers are taking advantage of this. 

Giving them ability to turn down riders based on destination location is ridiculous. It’s not providing a service at all.

Waited 2 hours to try and get home because of the failings of this app. Great potential, it’s what the people wanted and needed, poorly implemented, we all deserve better",5
"Greedy company with unreasonable “service fees” which aren’t paid to drivers. Uber is a deceitful company that will lure customers in with lower fees only to increase these to make a profit which is not used to make the company any more efficient or better for the customers. Please use other companies as Uber has gotten to big for their boots. Also Uber doesn’t pay for wear and tear on drivers cars, servicing, any sort of holiday accrual and sick pay. This company cuts every corner it can and is making an unreasonable profit at the expense of its customers and drivers.",1
"Ok I’ve tried to find ways to speak directly to Uber , a multi million dollar company and No customer service phone line...yikes !

I have a issue with add a payment option and there are no options that cover what I need in the help menu . So much time wasted and frustrating....how do I speak to some one directly?!? 

The help section isn’t really helpful 👎",5
"I don’t mind the Uber app for what I downloaded and created an account for, and that’s Uber car services. But I’m almost at the point of deleting the app and my account because I keep getting annoying Uber Eats notifications for promotions. I can’t turn these alerts off because then I’d miss my Uber ride alerts. If I wanted eats I’d have downloaded the Uber Eats app. 

GET RID OF THE OTHER “LINKED” UBER SERVICES FROM MY UBER CAR APP AND STOP SENDING ME PROMOTIONS FOR OTHER UBER SERVICES I DON’T WANT.",4
"So an hour before I start work as I wanted to be there early I booked an Uber.  I live 5k from work, the first uber accepts and the wait is 22 minutes.  So I cancel because I too far away.  The second uber is 5 mins away. Parked at the pub down the road.   I wait 14 minutes.  The car hasn’t moved from the pub. By this time I could have caught the bus already and been at work.  But now I’m stuck having to get an Uber because 40 mins has passed waiting. So now I’m stressed because the app. Is unreliable and I’m running late in the third uber. Moral of the story the bus is now faster and more reliable than an Uber and a third of the cost.",1
Love uber usually but this time they let me down. I requested a early morning  pick up and the driver arrived early. We were not ready and so he left before the allocated pick up time and I have now been chArged a $10 cancellation fee . What about the fact the next uber was 20 mins away. Wondering if I can rely on uber again for when I need them? How is this fair ??,5
I have just started to use Uber last week for taking my daughter to and from the hospital. Every payment went through without a problem and we alway gave our drivers 5 stars were very happy with the service. Went to book an Uber to got to work and it was disabled I was shocked and unsure why this happened maybe someone could tell me why this happened,5
"Despite many positive experiences I can’t tolerate the rate you charge the drivers. It’s too high! The drivers need to make a living and with the associated costs the rate uber charges drivers is over the top. For this reason I have opted to use Ola. I tell all my friends to do the same and will continue to do so until uber makes the changes. Bring your rate down to 15% and I will return.
Kind Regards 
Steve",5
"I called über around 230pm on 30th nov . The über driver messaged that he was 5minutes away .As he was reaching to pick me up he changed his mind and simply changed his mind .Subsequently another driver came on board and in live system was 15minutes away but he never turned too .The next driver also failed to come .I have the screen shots of the timings too .Finally after 45min another driver appeared on live screen who indicated that that he was near .By this time I had to cancel this pick up and made my own way .I was not only late for an appointment but suffered from all the anxiety too .This pattern of behaviour is consistent with über .
I will NEVER recommend über .",1
"Been waiting for an uber for well over 2 hours now, theres 3 ubers in my area but none will accept whats the point in having drivers if they are not willing to drive and do their job. Not the first time this has happened either, thinking of changing back to taxi because the price changes pretty much make them the same but less reliable. Change this",5
"I’m really getting very disappointed about Uber. Drivers get instructions where you are then have no idea where they are going so text for so long it would have been quicker to walk. You see the car driving round in circles completely missing where you are on the map then they charge you for making you late!! I wish I had given my daughter money to catch a cab then she would have got there on time instead of us being charged, being late AND having to run there. And how stupid they rate the passenger when all the passenger has to do is get in the car and it auto charges them!!!",1
I downloaded the app just got a new phone so I thought I would be able to just sign in with my account but when I opened the app I was only able to make a new account it didn’t take my number and then when I made a new account I tried placing a trip and it just wouldn’t work. I understand that I should look into it a lot more but I really expected in this day and age it wouldn’t be so hard to use a app. Iv never had issues with my drivers and the actual experience is very enjoyable but. I always seem to have a problem with the app,2
The Uber service is a great system.  I am a new user and thought I might be able to book a car in advance but whilst traveling through the app. I inadvertently engaged a driver only 4mins from me. I didn’t want a Uber at that time but I was charged a cancellation fee.   It should be explained in your information that you do not take pre-bookings.   When I did finally require a vehicle they were around me like bees to a honey pot.  So I guess there was no waiting which does happen with taxis.,4
This drives me crazy. Surely I should be able cancel if the driver heads in completely the wrong direction for 5 minutes? I tried to call him but he did not pick up. He has a 5 star rating - how? If I get charged for cancelling I should at least be able to rate him!,5
"It's frustrating that whenever I book an uber from home, the map info for my location is incorrect. The app puts me on the opposite side of the street and some distance away. I drag the marker to the correct pickup location but the app doesn't update to my actual address. In addition, the directions provided by the uber app directs the driver to turn uinto the street immediately before mine, the problem is, it's more of a laneway than a street, and there's no access to my block from there!",3
"After ordering an Uber as I was required to pay the trip fee prior to my pick up and arrival at my destination I paid the fee, this then lead to the driver driving off away from me after receiving the fee and proceeded to ignore all my calls and read my messages and not respond, to then exit that ride I had to cancel the ride which involved me paying an additional fee, this is ridiculous that I have to pay to exit a scam ride, this occurred within my first experience of using uber, and was the result of terrible app design and horrendous driver behaviour.",1
"Uber needs to have a system in place for backup drivers. I booked a driver in advance for a trip to the train station to get to the airport. The driver canceled just before the trip, leaving me stranded. For more than ten minutes there were no drivers available and it looked like I would miss the train and subsequent flight. Why doesn’t Uber have a backup driver system to pick up a pre-arranged job when the first driver can’t fulfil their obligation? Luckily another driver took the job eventually but if you book an Uber in advance, you should not be left with no alternative driver",1
"I request an Uber on Monday morning at 9.05
The Uber arrive at 9.06 
I approached the driver and sat in the front passengers seat and advised him that my wife had a hip injury and is coming but she can only walk slowly
He said he was in a hurry and that he had parked in a no parking zone

I called my wife who advised me that sh was walking to the tuber 
The driver asked if I could check on my wife 
I left the Uber and when 5 metres to the entrance of hotel
When I looked around he had left at 9.11am
But on my app it said it was 9.13
With a NOTICE THAT THE TRIP HAS BEEN CANCELLED AND I  WAS CHARGED $10 cancellation Fee
TTHIS IN MY VIEW IS THEFT
AS MY WIFE ARRIVED A TAXI WAS GOING BYE WHICH I STOPPED
WE WERE TAKEN TO OUR DESTINATION WHICH COST $8.70

GOOD ON YOU  UBER
YOU HAVE LOST AT LEAST ONE CUSTOMER
I WILL NEVER USE UBER AGAIN",5
"I love the whole Uber idea and app, especially being able to book ahead. That way I have piece of mind that the car will be there when I request it. I am confused, however, why the ability to book ahead disappears when you choose multiple stops. We wanted to drop off our son at the train station on our way to the airport. As soon as I added the train station and airport, the book ahead button disappeared.",4
"Uber, you’re becoming pretty darn useless in Peru. I’d use you as my go to app, but you need to crack down on nuisance drivers. 

Accepting and then cancelling rides is annoying. Drivers accepting rides and then not moving to the pick up location is annoying. And the most annoying thing of all? Having one accept and then message ‘effectivo’ (cash) and when they find out you’re paying through Uber, they cancel. 

Start adding penalties for drivers. If you don’t, they’ll just keep looking for ways to skirt your systems and keep causing inconveniences for riders.",1
"I ordered an Uber outside the mechanics where my car was getting fixed, found me an Uber almost instantly. Beautiful.

I look at the map and it’s telling him to go straight through the intersection, go halfway down the street, do a U-turn, come back up said road just to sit at the same lights to turn left. So I messaged him saying don’t stress on all that, just turn right at the intersection and I’ll be waiting. I could see his car.

Apparently that was too much for old Prandeep and he cancelled the lift. Just to drive right passed me and pick another person up 50m down the road 👍",1
I selected our exact address from a food delivery service (can only select a valid address). I also provided exact instructions on how to find our unit address in the group. Driver didn’t understand address number and messaged us they couldn’t find our number so went to a different address. After multiple messages I had to walk down the street to where they were. Meal was cold by the time I got back home. Googling our address immediately shows our exact location. It’s literally their one job.,1
"Uber is now by and far the worst of the ride sharing apps. When booking a trip, multiple drivers will accept the fare, and if it’s not far enough for them, cancel the trip. Every time I order for a 5-10 trip, I get at least 5 cancellations which means it takes forever to get where I’m going. Other ride sharing apps are much better, I’ve gone back to Taxis, who also don’t put a ridiculous surcharge fee when it’s busy. Surely if it’s busy prices should go down. But Uber have decided that they’ll take advantage of peak times to charge you twice as much.",1
"After taking 40 rides with Uber in two years, I never had any problems with the drivers or their service. Only on Uber, I can always find a ride anywhere, anytime is Melbourne or any nearby suburbs, not the case with other services at all. They have increased their prices a bit now with no promotions and discounts, but I guess I can let that pass for their quality service.",5
"The rate of driver cancellations on Uber is ridiculous, they’ve become so unreliable I’m better off waiting for public transport than Messing about trying to get a driver that doesn’t cancel halfway to the job. I have actually had a driver cancel on me 300m away and pick up a friend who was riding Ola... I had the plate, I tried to get in (as I didn’t know he’d cancelled) and he turned me away. I gave them a chance and the situation hasn’t improved so while I wait for the far more reliable train system I write this review, try ola or public transport, don’t waste your time on Uber.",2
I was outside the Miranda hotel and called 3 Uber’s the first 2 did not arrive and I got a cancelled service message even though I did not cancel. I sent a message the second time saying I was outside the hotel not on the opposite side of the road but this still did not work and the driver cancelled again. The third driver got the message and came to where I had been waiting for probably 20 minutes. Why do I get cancellation fees on top of my ride fee. This was not my error. I was where the location stated outside the hotel. I would like an explanation please or It is not worth using Uber again.,1
"The Uber driver parked in the middle of road rather than turn into my driveway which is clearly marked with street address. Once we got in the car he then turned the car around and proceeded to destination, he didn’t speak a word till we arrived at destination & l said to him have a good night, he replied. Normally this trip is under $20, this time over & $27.  Have Uber rates gone up?///",5
"I avoid taxis like it’s a plague.  With taxi’s, you don’t know what you will pay. The driving is in the hands of the driver. And that’s what determines your pay rate. Also, if you prearranged a pickup, they may or may not show up depending on if it’s worth their time. And the call center can’t tell you when/if you get a cab. I do not recommend taxis to anyone.",5
"Don’t care about customers or drivers. Their own admission is they don’t own cars or employ drivers. They don’t even stand by their own app - have had issues with how it works and had impacted me as customer and drivers, but their help service is basically a call centre at best with no intention of improving. Actively not using Uber until they change from a tech company to a customer service company.",4
"I tried to update my credit card and your app wouldn’t allow this to happen. Tried to book a ride and could not do this because my details were not up to date. Now my account is blocked.  Think I should change companies.  This app is useless, if you want people to use it fix it.",5
"The interface of the app itself is simple and easy - which is great. But most drivers are annoying. Always drop me off further than I anticipated, or parked way further than my selected location and acts snappy when I can’t find them. The lack of drivers with good work ethics is disappointing and it is obvious that Uber didn’t take their time to inform what’s appropriate and what’s not to their drivers. The vetting system is probably disappointing. Also, drivers keep on canceling out.",2
"Book a job. driver showed up and rolled down his window and asked where I was going. When I told him my destination he said “I don’t want to go there” cancelled the job and drove off. I thought we moved away from idea of taxi drivers who cherry pick their jobs which is why the drivers aren’t given the destination location until after the pickup has taken place.
Limited customer service functions won’t even allow me to make a complaint. It will only allow me to complain about the driver that did the job and not the one who rejected my job.",1
I was running late for a meeting so called an Uber. Only for the driver to make multiple wrong turns making me half an hour late. I missed the meeting and had to call another uber. Tried contacting support but the only way is through pre curated options on the app which takes me on an endless loop. Uber doesn’t have a support email or support chat or support contact number. So getting in touch w/ support team is non-existent. If I can’t get this issue resolved soon I’m uninstalling the app and will urge my friends and family to do the same.,1
"Very expensive service.
Putting it simple, Uber takes you to your destination the longer way possible. If you are taking a Uber home because you wanted to have a great night out with your friends and not drive back home, watch out. Uber is behaving the same way regular taxi drivers do, they take the longest route to your home, not the fastest! That is for either pool or regular rides so keep an eye out for the best route for yourself, don’t trust their navigation!!",2
"Ordered a Uber comfort and got a Toyota Prius.  Later ordered an Uber X and also got a Toyota Prius.  Why did I have to pay extra for comfort and got the same car.

Your response does now answer my question. But just to prove you wrong. I got my friend and I standing next to each other and I ordered a Uber comfort and he ordered a Uber X.  Guess what, I got a Toyota Prius with rating 4.85 and he also got a Toyota Prius with a higher rating 4.92.   What a scam.",5
"The last few months at the busy time of the day I’ll get bounced between 20 different drivers before someone accepts as I’m only doing a 10 minute trip.
This never used to happen and I’m over it! Uber has changed something so now the drivers can see how far you’re going and cancel as much as they want if it’s not far enough. I’ve been late multiple times now and had to pay more as the price has gone up when I’ve had to refresh.
Uber pick your game up! It’s about the passengers not the drivers, we are the ones that make you money!",1
"Uber navigation is just wrong now. Slow silly instructions and no idea a main city Street is blocked for two years. How could that be?
I insist my drivers use Google maps or Waze now with the latter best for incidents. 

Just looking back at an old review which I have now scrubbed. Up 2 stars. You’ve come a long way Uber. Suggestion. A cleanliness button please. I don’t want to take away a star but if the car really is permanently grubby but the driver is good?",4
"First dodgy experience with Uber driver .Waited patiently in convenient place for driver to pull over, did not leave the location whilst waiting Driver rang after driving far away as could not locate me, I explained exactly where we were he said ok I know where to come he hung phone up and charged me $8 to my account with explanation that I shouldn’t book unless I’m ready to go.
So I go a taxi",5
"I am so amazed by this really wonderful innovation! 

I uber about 3x a week and have always had a good experience. I now use uber to get my son to events when I can’t navigate the Sydney traffic to get him to a from school or activities. I feel confident as I can talk with the driver and my son has found it great too! Thank you Uber for your brilliance easy intuitive way of operating and shaking up the transport industry ! 

Heather",5
I tried to book a ride from a parkrun to the Sydney Opera House steps for a photo shoot. None of the drivers could get me to my destination in time. A friend stepped in and gave me a lift. I was unaware of a booking confirmation so had no option to cancel. Nevertheless I was charged $25. I’ll think twice about using Uber in future. This feels like a rip off!,5
"I received confirmation for my booking quickly with a driver called Harsh who was 6 minutes away, then the counter counted down to 2 minutes, then it went to 18, then 19. Luckily another driver called Lian then confirmed and was efficient. The first driver not arriving and then clearly driving away from the pickup spot was stressful. This shouldn’t happen. I did also see him drive past me which was very strange.",4
"My driver deliberately dropped me off in the wrong part of Crown Casino as he had accepted another ride. I was very upset and told him I needed to be dropped at the theatre entrance but he Ed and ordered us from the car. I have a physical disability and he knew I had a cane and I was with my son and little daughter. It was very stressful and made me feel very upset.

Not acceptable behaviour!!!",5
"I have also been getting hit with ‘cancellation fees’ and twice driven past, left at a first stop in 4stop drive! I use Uber and am Uber One, wish I got the promotion issues maybe they’d listen, but help? Attempting to write this my email over the left at first stop, incorrect cancellation fee twice in last week I was sent an email to say I was thanked and a refund of $0.00!! Gotta love this customer support",4
"It is impossible to contact Uber. Uber Eats recently dropped alcohol to a group of 14 year olds kids without requesting ID. I have also had to cancel my credit card because unknown people were using an account I couldn’t even see. But there’s no way to speak to anybody. Phone numbers don’t  work, no access anywhere.",5
"I remember the good old days in which you could summon a highly regarded Uber driver to deliver thy meal whenever needed. Now, it seems as if they have all gone on strike. I cannot seem to find an available Uber driver at any time of the day. It’s very disappointing to know that I will not be receiving a succulent Chinese meal, as unfortunately all drivers are out of order. Looks like I will be considering making a change to the despised competitor over at Menulog.",4
"Uber, my husband uses Uber a lot to get transport to medical appointments. On your app it has the facility to book a ride in advance for a certain time. Excellent, but unlike if we book a taxi, the driver turns up when he/she gets the request, rather than a required time.

It is not until they click ‘arrived’ that they are informed that there is a specific time on their system.

Guess what? They’ve arrived 10 minutes before the prebooked time, my husband is not ready and then we get charged a late fee- or a cancellation fee, because some of your drivers are less patient and want to get a full fare. (My husband has a Diamond status, but some drivers still only wait three minutes.)

I’d go visit the Uber office in the city about this, but it got closed, so I can’t.

On this front, taxi companies do it better Uber!",3
"As it turned out Tony was at the location I was picked up from. And he did not have to drive to me. And yes he did have to wait for me to get out of the venue I was at. 
But in saying that when I have to wait for drivers to get to my location I don’t charge them. The waiting charge was only $2 something but it is the principle of the fact that has annoyed me.",5
"After being overseas for five weeks, we were lucky enough to get an Uber ride with such a lovely friendly driver. It was a nice welcome home after loads of unfriendly drivers overseas. To feel safe in the car with a decent speed limit was an added bonus. It was so lovely to chat and get to know him. keep up the fantastic work.",5
"My Uber trip from the city of Perth to my home last night was inconvenienced by the driver being at the wrong pick up spot . I was at the Treasury building on the corner of Barrack St and St George’s Terrace and he was on Hay St 3 buildings from the corner of Barrack . He called me and in  broken English told me that was where his satnav had taken him, then hung up . I tried to call him back but couldn’t . Finally walked to where he was and he argued with me saying that’s where his equipment told him I was . Wrong ,I then discovered upon reaching home that I had been charged waiting time for his mistake , not good enough , I never want to have this driver again .",1
"My credit card expired and the app would not accept the new info when I pushed the save button (everything was the same except Ccv and year of expiry). I tried again to update at the airport but it still would not allow the card to update or let me book an Uber.... so I then used my husband’s phone and Uber account. The Uber for my husband’s account came, then an Uber came from my account??? I had to cancel and pay $8 for this Uber. This is unfair as the app was clearly telling me my card had expired and would not take my booking. I should not be out of pocket $8 for this issue.",1
"Uber has been fraudulently charging me $9.99 every month for “Uber One”, a subscription that I never agreed to. There is no way of contacting them to speak with Uber to resolve the issue. Furthermore, the app is that complicated it is difficult to find a way to message them to discuss and issues. When you finally do find a way to message Uber, their replies are so random and do not relate to my questions or issues at all. I can’t seem to get anywhere with Uber and now have to go through the bank instead to reverse their fraudulent charges.",1
at 7pm on Sunday i booked a 7am ride to the airport for an 8:30 flight (the trip is 30mins). at 6:30 i got a notification from the Uber app that my driver was on the way. at 7am i got a notification the driver was late and new ETA was 7:05. then 2 more late notifications with new ETA of 7:30. i look at map in the Uber App To see where the driver is and they’re 30-45mins away on the other side of the city. of course i have to cancel this ride and book another ride if i want to board the $500 flight which leaves soon. and Uber charge me $25 to do so. what a scummy company,1
"Got hit with a waiting time fee when there was no waiting. We were waiting a the pick up point with plenty of parking space right in front of us and the driver parks up the road. Luckily we saw him pull in and walked 2 car’s length to get in. We had an XL which is supposed to have waiting time after 7mins, according to the wait time explanation. Driver was clueless and I think just puts waiting time on regardless of when the passengers get in, scamming extra money out of people. Going back to taxis or designated driver.",2
"So you check the app and it says a green Uber car is one minute away. You click and then it says searching for a ride. Next thing it says six minutes away with a car that is not moving. You wait 5 minutes and then are told that the driver has cancelled. Another ride is sourced. Another 5 minute wait. Then a car obviously NOT a green car arrives. 
So in summary not always as promised.",3
"Just wondering whether the Uber app really needs to be updated every single week or two, with updates being huge in terms of data at around 350M/b a pop? The related marketing always indicates it's for user benefits, but I really wonder whether it's not more for Uber's business benefit? In my view, one update every 6 to 8 weeks should be more than adequate.",4
"We caught this UBER from the airport to Templestowe. Are leaving the UBER I realised I had left me phone in the back seat ! understand my phone has all my iDs and credit cards in it . Within  moments the driver is back and returned my phone!! 🙏 I was so grateful and offered him money ! “ he said it is not always about money”
Thank you from the bottom of my heart.
Bless you❤️ Margo",5
"The GPS kind of messed up my pick up point. I provided the correct address but Mark was given the wrong one. 
He went to the wrong address and instead of cancelling the job, he made the effort to show up at the correct pick up point. 
This is highly commendable. Mark is very professional and a role model at Uber.",5
The app glitched and I was left standing outside of a club with creepy men all by myself waiting for an Uber driver. The app didn’t get my location correct and wouldn’t let me change it without an extra fee and I called the driver multiple times and tried yo communicate with him and he hung up on me and canceled. I ended up getting a $40 taxi home… not impressed,5
"Dear Uber manager 
I need to report that a driver Danny confirmed my pick up from Belmont 16s tonight and when he was just 2 minutes away cancelled the trip leaving me stranded. Thanks to the next driver Jamie I got home safe. Can you please do something about driver Danny who was rude to cancel the trip . Drivers such as Danny give Uber a bad name and should be disqualified from Uber.  
Thank you
Rgds
Marc",5
"Whenever we are late for work, we use uber. But few of the Uber driver cancel the ride even waiting 5-6 min. That’s not fair, as if we want to cancel the ride which take long time like 12min, it shows of: fees applies. Seriously??? Why dnt they pay us for making late for our work😒😒 by canceling ride. 
If we are charge for canceling, drivers have to be charged as well. It’s not one day, it’s always happening with me, always canceling the ride by driver and m always late for work. I have screenshot of those drivers who cancelled my trip 😖😖😖. Always making me late for work makes me frustrated to use this app😡😡",1
"I used to find this very useful. But it seems to have disappeared. Yesterday I wanted to book a ride with a drop off for my daughter and then on to my destination. Easy I thought!  But the + was not there. Is this an intended change?

***** 2 days later the plus was back. Perhaps fixed in an update? Now I am back to 5 stars as I think this is a great app!",5
"I booked Uber at 530 in the morning every time, and they cost me money on waiting time every time! Actually the Uber driver just wait 1-3 minutes! And some time was I waiting them! And one time, I booked at 5:25 in the morning, the driver arrived at 5:43, and made me late to work! Why you have to pay me for late! And I have to pay for you waiting time! Even less than 5 minutes. And the driver haven’t call when they arrived, they just wait at the door, and cost us waiting time, is that make sense! sometimes we even don’t know they already be there!",2
"I booked my journey the day before. My driver arrived at my pick-up address right on time! 15 minutes early in fact! 
The trip was effortless with no hold ups and I arrived at my destination an hour ahead of time! 
The car was comfortable and air conditioned which was good considering the day was forecast to be 35degC!!
Thank you Brijesh for excellent service! 5 Stars!!",5
I’m unsure if the latest version has addressed the hassle required to change your phone number when using different SIM cards from different countries while travelling. You arrive at a new airport and can’t communicate via call or text to drivers because of the time required for support to change your number. It’s very frustrating and time inefficient given the size and spread of Uber.,4
"Mixed experiences in about 2 years of “ubering”. Perfect for suburbia but it can take even 10 cancellations and still not get a driver going in your direction (in an area with no turns). That in itself is only a minor problem - if you are in a hurry, you get a cab. The problem is the there is NO WAY TO COMPLAIN.  You learn that in disbelief after navigating a few times.
Why ie everybody so mean and greedy, probably to the pint of reducing the profit?! If they would  only hire a few people (one for each few million customers?) to answer feedback messages ... the first smart enough competitor that comes along would not wipe them off.",1
"Impossibly hard to get in contact with any type of customer support. I had to cancel a trip as the app malfunctioned and showed me still driving to my destination despite me arriving there ten minutes ago, so to avoid getting charged extra I cancelled it. The problem is, my uber driver was great and very helpful so I didn’t want him to be penalised for the app malfunctioning and so I tried to call uber to at least make up the rest of the trip fee with a tip but it has been extremely hard to try and get a hold of any type of customer representative",1
"I have had so many time when using this app where I have been charged double for have been given a fabricated reason as to why I have had money taken out of my account and have been met with a refusal for my mkney back every-time.  Drivers cancel 1/2 of the time and again I am charged with a duplicated price with no refund. The system is set up terribly. When i call the customer service number I am met with someone barely speaking English struggling to get me through what I need. Bad app don’t reccomend, take public transport at this point.",1
"Long time customer, almost 300 rides in 2024, thousands overall. I ordered an uber home and I was estimated $27-28. When I got picked up my dropoff location had changed to the same location to my pickup, I did not do this. The uber started to drive and asked me to add in a stop, I was charged $100 for a $25-35 trip that I take 4-6 times a week. I was not satisfied with Ubers response and they said my base rate not including surcharge was $80 which is 2.5x the normal fare. This does not add up and I was not given an appropriate refund. I will never use uber again.",1
"I got charged for three rides on one day, and their response was prove it even though I sent them a screenshot of the charges. When I finally did get a response from them they asked me on what day this happened what time it happened and where it happened! Please explain the stupidity of whoever it is at Uber that’s looking at This overcharge.
It cannot be that hard when I send them all the information. I guess it’s time to look for alternatives. I am very very disappointed in this side of things at Uber. And I certainly could not be the only one.",1
"The Uber maps the drivers use send them away from the destination and directly into traffic. A simple trip to the airport takes nearly twice as long because the Uber maps take first the opposite direction to the airport and then off the motorway into suburban traffic where we sit at lights for most of the time (And after checking, the motorway was flowing without pause). It happens almost every time. So I have to spend every minute guessing which way the driver is going to take and then suggesting other ways.",1
"Writing here as the customer support channels haven’t worked. Don’t ever use the public transport feature! It charged me and did not issue a ticket in app due to a bug. 

It’s worked previously, and I’m a long-time software engineer and am confident that no tickets were issued. No email confirmations etc. 

I assumed that the team would be able to verify this in their database and/or system logs and have refunds issued. Instead they gaslighted me, denied there was a problem and closed two tickets, and ignored requests to escalate the issue.  

It showed a lack of intelligence in their overall system (not necessarily the individual support agents who may have been simply following a written procedure to “respond and close the ticket”) but in principle, given that money was taken with no product delivered, I find this disappointing - and frankly illegal. 

Expect more from Uber.",1
More free shipping for me please send email bud to confirm your payment please let me know when I need help with your resume please let me know if you need anything please call please mail me your account number and call mail thank you you need me to send to your address thank me you can get me it back from your house I need you please,5
I am always getting knocked back from drivers the apps say I have a driver then says the driver refused have missed a couple of doctors appointments have book the drivers earlier than I need to be there so I can make sure I can get there like this morning I reserved a driver last night for this morning had a driver than this morning he backed out and took a couple of drivers before the drive that I had excepted he was fantastic by the way,3
"Frankly, it is offensive that Uber claims “expected” wait times which are usually half the actual driver arrival time. 

Secondly, I have had multiple occassions of drivers stating they have “arrived” while being nowhere near the actual pin. Uber then deceptively sneaks in a Waiting Fee, despite the driver clearly not actually arriving. Even worse, there is no way to report bad drivers for this behavior. So it seems Uber doesn’t care.",3
"I think since it’s inception I have never booked another ridershare or taxi, but as of late the drivers have been increasingly annoying by cancelling almost all requests. There doesn’t seem to be a penalty to drivers accepting but then cancelling rides however the passengers have very strict terms to cancelling. Drivers will even accept whilst doing another ride but then cancel after completing their ride. So you can have a trip confirmed for up to 10 minutes to only cancel right before pick up.

I’m deleting the app and moving to more reliable methods of ridershare/transport.",1
"Like most other people, I cheered Uber on as they shook up the taxi industry, who had been treating their customers with contempt for decades. Now that Uber have driven taxis off the road and have a near stranglehold, they’re behaving as the taxi industry did. I get (and am fine with) surge pricing, but there’s surge pricing and then there’s highway robbery: $150 for what would have cost $70 in a taxi is not ok. A smelly taxi driver in a beat up heap, taking the long way, doesn’t seem so bad anymore…

Oh, and stop sending annoying advertising notifications.",2
"I need help and I did a conversation with the robot assistance thing and they say they gonna do a refund, long story short I’m in a membership and didn’t know and it took my money out and my account went below 0 which is -96 then they say refund in 5-10 business day, okay I fine with that but it been more then a month now, there is no refund, so my bank account score went down, now I have to add up my account myself. If you don’t want to refund just say so, so I don’t need to wait",2
I ordered an Uber at 11:00 to give me heaps of time to get to a friends place at 11:30 (15 min drive to destination) Uber said driver 5 minutes away. So I sat out the front of the house waiting car never came. Then driver canceled. Then 6 more drivers canceled. Needed to then call a cab to get to where I was supposed to go. 45 mins late to my friend’s birthday,5
Keep getting charges for rides I have not taken. When I look through my ride history the ride charges and the amount taken from my bank account don’t match. The support number is only for drivers not riders so thats useless and their “help page” only allows you to get help through prompts they give you which don’t match the issue I’ve had. They were no help at all. As soon as I get in contact with my bank and get the money back I will be deleting my account and never using uber again.,1
"My Rating hasn’t changed for 4 years. Had bad experience back then  4 years ago, with unsafe driver. I’m  using Uber from that time few times each day, very often. Also have needed assist past 3 months due to injury,  so have been tipping drivers for there help. I’ve tried contacting uber through help. Unfortunately a robot replies with sorry you had bad experience. It’s not about that anymore. That’s years old. It’s about my rating that doesn’t change even when drivers giving me 5 stars often. Uber needs to ensure ratings are up to date.",1
"I’ve been using Uber for years. But this is the first time Uber eats driver sent my meal to wrong address. After waiting for almost an hour, the order is completed! No call, no message! The worst part is I can’t even contact the driver after. The only solution is just a refund that takes from 3-7 days. It’s such a waste of time 🥲 I mean, I’m starving!! The driver should have confirmed the address is correct or at least Uber should write the Uber driver’s number after the completed order just in case the worst thing happen like this.",1
"Whilst in Melb today we booked an Uber, to which we faithfully use the service and have spent approx $100 in the past 24 hours, the driver went past 3 times then got stuck in traffic and then sent a message no Uber availability in your area and then to rub it in charged a $10 cancellation fee . Bit rude Uber .",5
"1. I’ve notice lately that you look up a ride and it might say 4 - 6 minutes, when you book the ride it goes into search and then you find out it’s greater than 15 minutes.
2. The cancel a booking/ride button should be as prominent and quick to access as booking button, I’ve caught a couple of times by this.
Thank you",4
I lost my phone in the car and it was literally a pain to contact Uber. To log in into Uber I needed my phone so that option would be just impossible for me so I tried to contact them but the number of the customer service is only for the drivers. I somehow managed to report my phone as lost and it took them a whole day to reply to my email. God knows how long it would have taken them to find my phone if I couldn’t track it down myself. Good job nice customer service! And you guys expect us to pay monthly for your Uber One nonsense ?,1
"What a bad experience this app has become. No I don’t want to order food, deliver groceries, order a package - I just want to catch a cab - I don’t want to use your other services. 

The surcharge is now not very clear - used to show your 1.5x now just says fare is higher with no reference to how much it should be. Clearly deliberately hidden to make you pay more based on how much you want to get somewhere. Predatory pricing if ever seen one.

Looks like cab companies have stepped up their game in the app space - will be moving back to the cab service.",1
"I pre booked a pick up 3 hours before I needed to be picked up and it said it was booked.  5 minutes before the pick up was die I logged in but it said I had no booking? I panicked because I didn’t want to book another car incase the booked one turned up, but as the time passed I realised a car wasn’t coming so I booked another car but i was late because of the confusion",5
"I had problem with the fraud system. Uber requested documents for my payment details because they thought I was stealing other peoples credit card. So I gave them proof and documents and they said they’ll fix it for me and now I can’t use that source of payment anymore. Been using for 4 years and this is how I get around but now they won’t activate my card I can’t get around. Even though they said they will. Also when all this was happening I contact Uber via email, help app and Facebook and got blocked by Uber Facebook because I was annoying them but all I wanted was help",1
Always happy with the app overall the only issue is sometimes it doesn’t update as quickly as the driver arrives but never more than a minute. Would appreciate more special deals and % off codes for ongoing long term users like Ola has been doing. I use Ola more now because of that the only time I use Uber now is if no Ola drivers are near or close enough for me and I can’t afford the longer wait time.,4
"The driver arrived at my from door outside my appointment block BOWERS MPG nsw2016 on time and got me into the city College St well on time. 
I have been a bit sceptical as often the Uber would be five minutes late then it would be 10 minutes late then it would be late so I was very pleased with the service. Thank you very much.
Ten out of ten cheers Francis",5
"Man, I gotta say, I'm beyond frustrated with Uber's customer support. I left my device in an Uber car, and it's been 24 hours with no response from them whatsoever. Like, seriously, how can they not allow any communication between us customers and them? It's like talking to a brick wall. Absolutely disappointed with this lack of care and attention to such an important issue. One star all the way for this kind of service. Heartbroken as this is a gift for my birthday tomorrow, has pictures i will never be able to recover. Please get back to me.",1
"This was my first time using Uber after experiencing expensive issues using the GoGet car system for awhile. 
Paul was already waiting for me in a lovely car and we had a great conversation about England en route!!
Definitely made life a lot easier having someone drive me around! 10 out of 10 for my first Uber!",5
"Just a simple trip from the Nissan dealer to work. About a 15 min trip.
We had a great conversationsabout things we saw when passing through the local suburban streets.
I like it when there is some communication on a trip. Like in the old days with Taxi drivers.
I hope I get this driver again. Excellent driving skills as well.",5
"Most of the time I find  professional drivers who accomodate clients’ preferences. Most of them are polite and abiding with the standards and policies of the company. However, I have also experienced a dishonest driver who did not return the mobile that I left. I was in disbelief that he didn’t find my handheld bc right after the ride, I called my phone. It was ringing for the first minute and the call was declined and the phone was completely turned off afterwards. I tried to call the help but wasn’t assistive at all.",3
"Quite recently Uber have been excepting, ride and then continuing to drive around after they have completed they’re pervious trip, taking back streets and wasting my time. Quite recently I had a drive take off completely and never come back to collect me after they saw me and drove off. I use Uber often to get to and from work and haven’t ever had an issue until these past few months. I have screen recorded this poor service and will be taking it further as they’re getting the $$ for the cancellation fees.",1
"Never use Uber again ... very unprofessional drivers.. Uber booking service is also very unprofessional. 
Drivers cancelled last minute twice for two trips, third time driver didn’t turn up/ and he didn’t cancel his promise. Finally 20 minutes after the booked time driver cancelled his commitment and another driver took up the ride. He called me and said they are going to charge me for his trip. This is about half hour later after my booked time. 
I had to catch a taxi to reach to airport each time.
Dear Uber, a good looking app will not guarantee the good  service of the drivers .
Never again to Uber.",1
"Last time I use Uber! A ride I choose was suppose to be $9, changed to $16, which I was not asked or told, I only knew because of the email I later received. 
That is not fair to myself or any customer to change the precise and no extra stops, or change happened, unless the driver did it without me knowing! I chose the ride price choose, and it got charged way extra!
Also the driver parked way down the road rang me, and waited for me to walk down to the car instead of coming up to me! Mayb that’s where the extra dollars of inconvenience went.
Never using Uber again!",1
I encountered a problem with my app in which I could not log in. I have spent the last 3 months emailing Uber support trying to resolve the issue. Every time I raise the issue I get asked the same questions over and over and am not benign provided with any solution. The whole experience is made more frustrating given the fact that Uber do not have a number to call to speak to a REAL person. Instead I am going round in circles and have been asked to provide a lot of personal and private information to prove my identity which is beyond ridiculous. I would like an explanation.,1
"I am not a regular user of Uber. Recently I have been having trouble with my car. The repairer has been sending me Uber vouchers to get me home or call me in to the workshop. These vouchers have been flaky, and clumsy. I can’t determine whether Tesla is at fault or Uber is at fault. I figure that it’s Uber’s platform and Tesla are pretty competent, so I’m blaming the Uber App, hence to 3 star rating.",5
Was having my last drink with friends  n he arrived in 2 minutes was happy to wait n helped me to open door n while getting off also he realise me I was fat n had few drinks he got down open my door n asked if I need help to walk to my driveway 10 stars to Sajid n I wish when ever I book Uber I get good drivers like him,5
You need to add a harsher penalty for drivers that cancel trips. Have waiting all night to get home and have just given up. It’s disappointing as and I understand why there are so many drink drivers when you can’t rely on a service that is so popular due to the fact of your drivers canceling after a few minutes of accepting. Even add a option where drivers get forced to do the job at a higher price at your cost due to fact you can’t guarantee a driver to hold a ride for a customer that pays your bills. Pretty disappointing,1
"I’ve been using Uber for many years, and the quality of the service is going down the sink really fast.
What was an initial great service, is now a joke.
Many times the drivers have cancelled on me, without any explanation or logic. The last one was this morning after I had reserved a ride the day before. The driver canceled the ride, leaving me without options.
Also, the price are incredibly expensive for a mediocre service.
After many years of use, this was the last drop and I’ll definitely cancel my subscription.",1
"Drivers who constantly cancel on you after making you wait for them are ruining this app and company. Have just switched to the taxi app to see if this experience is any better. I’ve waited out in the cold and in the dark for Ubers lately with a succession of 2-4 cancelling on me because a better trip pops up for them before they can get to me. 
Starting to feel stranded with this service. It’s definitely gone downhill with the drivers too (what they’re wearing, their attitudes etc)",2
"As a customer, I’ve always been polite and respectful to drivers and give them five stars.
But in my last trip I’ve received four stars from driver and I don’t know WHY. I said good morning, have a nice day to him, I kept my seatbelt fastened and didn’t slam the door. I think at least Uber should let drivers leave notes to their customers why they didn’t give five stars. I spent money and I smiled to the driver, then I got four stars and I even don’t know the reason. FUNNY. I think if Uber doesn’t change this situation it will lose more customers. Trust me, DiDi is better, try it.",1
"Consistently over the last two months when I have ordered an Uber, the driver has come nowhere near my pickup location. Some even going the opposite direction or clearly travelling to a part of the city that will get them a bigger fare. 
I would rather wait for free public transport than use Uber, at least other ride sharing apps are reliable, you order a car and one will arrive. 
Plus on top of this, if the driver cancels, I have to reorder and start waiting all over again. 
Ridiculous and unfair when we pay so much money for a service that is supposed to bring convenience.",1
"I rode an Uber X yesterday 25 July going home  and left my glasses inside his car. I just want to commend Salesh for taking his busy time to drop off my glasses at KFC where I work. He is very respectful and kind. Although almost all are good drivers so far. We need more drivers like him who care for their passengers too  More power  Uber. 

Salute to you Salesh. Uber X ride Kia Cerato",5
"Pathetic experience qith drivers. They come at the pick up points and then cancels the trip and charge you for it.
Happened not only once or twice but many times. Wasted my time sooooo frustrated with those drivers and then uber doesnt even let you rate them and dowsnt do much about it just refund the money which doesnt really justify this behaviour from drivers every time.
The drivers names are Mukhtar A, Ayaz. The second one literally came to my door and cancelled it. The first one cancelled he himself was at the wrong spot and told him and then he cancelled. Poor",1
"Generally uber service is ok, - apart from the ridiculous surges.. 

increasingly frustrating is the erroneous navigation of the uber map app for drivers, so many times have drivers not in their home area gone ten km ++ around the block to get back to the same place ? If you're not checking where you're going it happens easily.. terrible..",5
"Hi I’ve been using uber and it has been pleasant experience. The only factor that takes away from it being soo good, is that every time I forget to transfer money over to my account and payment doesn’t go through, suddenly my payment method doesn’t work anymore even if I do have money in it, it just won’t let me pay and ask to use different payment. How tf am I suppose to use a different payment if I don’t have any other than the one I’m using. Please fix this.",2
When we order an XL and we have 5 people plus luggage to shift please do not offer compact cars like Holden Captiva. We do not fit. We order a XL expecting a van or a suitably sized vehicle to transport us. It’s annoying when we can’t communicate to get someone to understand what we need. Make sure your booking appt only has real XLs and put cars such as Captivas and Mitsubishi Highlanders and even Toyota Klugers in the compact car option. They are not XL vehicles.,3
This is a Service industry and the drivers are canceling or forcing customers to cancel for a better fare and that is not ok. They only accept fares that are unreasonably priced and are not near the location when they do. It is not ok to accept a $20 reasonable fair whilst 18 min away to cancel 2 min away and then the customer now has waited 20 min and the fare has increased to $40 and that same driver could pick it up and make you wait again. This is not fair. I have seen disabled people put in this predicament. I am an Uber pass holder with zero advantage from the drivers.,1
Scheduled a ride 2 days in advance received confirmation email then on morning of pick up I get no message no email etc all I get is upcoming trip moved to past trips…0 notified prior to whatsoever! Was totally reluctant to order another one 0 PayPal options available and would not trust making any prior to pick up transaction with this app and it’s drivers as you just could not trust them to do the right thing! I hope this crooked company and its greed based unscrupulous rogue drivers all go down the S bend one day soon. They are deserving of it!,1
"Got out of my Uber in a rush and left my AirPod case on the seat. 

The Uber driver drove away and within a minute I realised what I had done. Unfortunately there is no longer a way to contact the driver or Uber directly/ Efficiently... you send a help request which will take 24 hours to respond. That means a whole day of people riding in the car and taking my lost property. Even though it was only a minute from leaving the car that I realised I’d left my property behind. Terrible system- a taxi would be very easy to contact in comparison!!!",2
"As I travel with my dog often using Uber, it would be nice to have a search feature where you turn on “pets allowed”. I would always need to send a message and most of the time drivers are ok with dog on my lap and even those that are not will know they won’t accept a fare with pets and this feature can filter them out when requesting for a ride with this feature on. 
Thanks",4
"This use to be an excellent relevant app. Now i get almost daily coaxing notifications, so called “account updates” which is spam trying to get me to take more uber trips. 
Thank you uber, i use you when i need you, so please please stop spamming me with the same old message daily. 
Also no way to get this spam turned off in the app.  
SO UBER: STOP SPAMMING
Update: thanks for sending me a response unrelated to the question. Seems easier to just remove app from photo and download when making a trip. Sorry but irrelevant response",2
"Uber expects you to pay for driver negligence and mistakes. Our driver didn’t pay attention to the road and took a much longer route, and the charge is based off of distance and time. He essentially drove the price up himself by missing multiple turns, the trip cost an extra $12 almost doubling the trip total. He still would’ve missed our turn had we not intervened. He spent more time looking at us passengers rather than the road/ and the gps. And yet, we have to pay for his errors and unprofessionalism, “to be fair to the driver-partner” as support states.",1
"Lovepreet was an amazing driver, he was most considerate to my condition ( I had been sent home from work due to being unwell) he drove very carefully to ensure my trip was as comfortable as possible and he even got out of the car to help me when ( unfortunately) we had to pull over to be sick. He had a bottle of water at the ready then drove me right to my door and wished me well.",5
"When you advertise the price and it’s confirmed you don’t expect to be charged a wait time and also surcharges, tolls and tariffs.  The amounts were minimal but NOT advised.  I sent a text through to the driver as to where I was standing.  I understand the area is busy but why should I be penalised for his incompetence.  As a driver he was fine but clearly was finished for the day.  I support Uber but after today I’ll catch a taxi next time.",4
"I had an amazing experience with this driver! They were incredibly informative and provided great insights throughout the trip. The car was spotless and very well-maintained. I felt extremely safe with their careful and smooth driving. On top of all that, they were super friendly and made the ride very enjoyable. Highly recommend!",5
"Usually I love Uber and I will still use it but this morning my driver took so long to get to me because he had turned down the street before and even when I was speaking to him for ages he wasn’t moving the car to come to me, it cost $17 when it should have been $9 as he made a second wrong turn later on in the trip! Can I dispute a charge somewhere? Never had an issue like this before.",3
"I had a driver not drop their passengers off and then arrive at my pickup point and then leave, i waves at the car and then tried to approach and the driver kept pulling away before driving off. The driver then left, i was unsure of if i could cancel and as stated the driver still had passengers. He then circled back after 10 minutes and the other passengers had selected the wrong location. I got slugged with a “waiting fee” looking through customer support options there is nothing i can do. what a rip off app.",1
I have held out for many years supporting the taxis but finally I downloaded the Uber App after being charged $47 to catch a taxi from Sydney International Airport to my accommodation very close to the domestic terminal. In the next 12 hours I used the Uber service 3 times and each driver was exceptional and the service was good value.,5
Every Uber has shown up really quickly drivers have usually been chatty not all but hey? Not everything is perfect! Cost effective. Always clean cars and couldn’t believe when recent trip asked what my preferred music was and he put it on!! I’m an older person so maybe the younger gen know this is normal but for me great!,5
"First time meeting Desmond, we had such a great time the entire ride! I was already at my destination before I realised! He’s super down-to-earth, responsible and kind, he’ll make sure you have no trouble getting where you need to go!! Thank you Desmond for being such an awesome human being!! Thanks Uber for having such great drivers!!",5
It seemed that I was prevented from deleting my account from the very untrustworthy Uber eats unlesss I deleted my main Uber account. Beyond that very very good service and excellent drivers lately from Uber. Greatly improved over the last 18 months. Attempting to make it difficult to delete customer data as a whole though has forced me to use valid and equally good market alternatives.,4
I got an Apple Watch 7 LTE with data connection and I was super excited to go out just with my watch but have since learned the Uber Apple Watch app has been phased out. It is confusing because here in the App Store the Watch app still shows up and in the iPhone Watch app we can also install it…,5
After just one night out I will never use this service again. I understand it’s hard to accept ride share driving as a career but the cancellations and telling you someone is coming to have them cancel is a business model built on rubbish foundations. Could you image if you went to a shop had all your groceries ready at the checkout and nobody came to check you out. There isn’t enough words in the dictionary or time within the space time continuum to rubbish this company….this is a company that is tone deaf with tone deaf drivers,1
Easy to use. Easy to learn. Double check your meeting pint and don't feel bad about editing your location as like all navs it get close but not exact and always remember don't think we're you were able to walk is were a car could go. Also it's a one time edit of your marker so make sure it's right before you let go,5
"I use Uber a few times a week and each time I book from Pacific Fair it won’t let me change my pick up point and as some of the drivers won’t read the text message I send saying pick up is in another street or answer their phone I get hit with a cancellation fee, I use Uber as I have a medical problem and it’s very annoying that this happens please fix it",4
"Our car had broken down and Ravindah picked us up within 3 minutes. He rang to check where we were located as it was a truck stop and not easy to pin on the map. 
He was so lovely to us all and we feel very lucky that he helped us during this difficult time",5
"My card is not getting accepted. I tried using another card but facing the same issue. 

DRIVER NOT RESPONDING ONCE CONFIRMED
I got the driver confirmed, I spoke to him on the phone and he said we would come pick me up but even after waiting for 10 mins there was no show. On the map his car position didnt move after sometime which was 5 mins away. He also switched off his phone when I tried calling him multiple times and as a result had to cancel the trip costing me 42 Rs. Which i hope to get refund. Definitely disappointed with the service and with the issue with the card.",1
"The driver I just met was so absolutely relaxing and friendly to have a conversation with as he drove me to the airport early in the morning. What a very pleasant, open-minded intelligent person to start my day with. At the same time, he was such a careful Driver and clearly skilled and safe. He assisted with lifting my bag and made me feel like my day started beautifully.",5
"I have a perfect rating on the app and has nothing but a good experience with the app in the past, but everytime I try to use it lately I’m left waiting with drivers accepting rides only to have them cancel and for me to be left waiting again. It’s just happened several times in a row.",5
"There seems to be an increasing number of occasions when drivers accept fares, then drive in the opposite direction or park up. Eventually the driver cancels the fare and I have to wait for another driver to accept the fare. While costing me time and being very annoying, if I cancel the fare Uber will debit me $10. How about making this the same condition for drivers. If they accept a fare then cancel credit my account by $10 as compensation for my lost time.",3
"Have had a consistent problem with drivers coming to the wrong address. Apparently the navigation app points the drivers to the wrong place. I’ve tried so hard to talk to someone about it but there just is no facility in the customer service system to talk to a human being about it. You can blame a driver for a problem, you can blame a restaurant, but you can’t blame Uber because they don’t want to know.",3
"The booking for uber premier doesn’t work and also it’s hidden below public transport as many riders doesn’t know if this option is available. 
Uber support are ridiculous with the script message and failure to understand is a challenge. 
Developers please book a uber premier rider in Sydney and see how it goes and also it should be visible with other uber booking options not hidden below public transport.",3
"I had two drivers cancel on me this morning and then when I finally got one I was charged twice the original price. Furthermore, I was 15 minutes late to work due to the additional wait time. This is extremely frustrating since i only ever take Uber to save time. And it ended up a waste of time and money. Do better Uber, this doesn’t encourage repeat use. 

Just to note that this isn’t an isolated event, it happens roughly 50% of the time.",2
"When Uber first started, about 70% of the map was visible on the screen. You could clearly see how many drivers were close by.
Now you are limited to approximately 25% of the screen showing the map after you punch your destination in so near impossible to tell if any drivers are nearby.
The rest of the screen does not have to be taken up by the BS and it’s large fonts. 
This is clearly so you can’t compare how many drivers are in the vicinity with other rideshare apps. Uber you have lost me 90% of the time now to DiDi who shows a much larger detailed map page.",1
"Nelson our Uber driver promptly arrived 3-4 minutes after we booked the ride. My husband and I had been waiting one hour at the train station for 2 x different taxis to arrive before we decided to call an Uber. 

Nelson provided excellent service and we were both happy to get home.

Keep up the good work Nelson!",5
"Have used this app for sometime now, have had limited problems with it, although recently Uber offered me a voucher for 50% off my next 3 rides. I successfully added it to the app...saw it had registered, but on following trip was charged full fare. I had a look at app and voucher was no longer there. Uber’s help advised me I never added it...nice! I noticed there was an update released the day before my trip...believe it has somehow wiped it or reset? To call me a liar over some $18 fares is appalling...I don’t ever travel huge distance...why would I lie about such a thing! Done with them.",1
"Your stupid app doesn’t have the option to log in to an existing account when I install it on a new phone. Only the option to register a new account. When I enter my details I’m told I’m already registered, with absolutely nowhere to log in. What kind of idiot designs an app like this??

As for your useless response that the app will ask for the password if I’m already registered. WRONG. When I put in my number it asks for my email and then says I’m already registered. Why would you not have a simple login option like every other program, app or website in existence?",1
"Uber worked ok for me when I first started using it. After a few years, about 6 months ago, it stopped working. I have updated and reloaded and it has my correct phone and email. Still, when I try to use it  their text never gets thru to me (even though it does when I first load the app as an unknown user). There is no support and no way to look at what account details they have on you without their text PIN.  

Not worth the trouble- just use a taxi app like Rydo in Oz, and Lyft in the USA",2
"I requested an UberX and 5 to 10 minutes after i did, the guy still wasn't even moving. I just cancelled him and requested a Comfort uber. Also, paying for an uber soon as you request one is a joke. Even though it refunds you if you decide to cancel, it should always only pay after you get to your drop off point.",4
"I would say the best ever Driver I have had, he was polite and also calculating of time needed. He knew the best routes and arrived to my destination ahead of time. His company and conversation was the most engaging and although we did experience traffic I didn’t mind. Thank you so much and hope to see you again",5
"I had accidentally left my EarPods in the car when getting out. I got in touch with Uber as soon as I realised within 30 mins. 

Their support team took more than 15 hours to get back with a response. By that time the driver had refused to give the item back or claims he doesn’t have it. 

Instead of giving me the drivers number Uber says to launch a police investigation. Do not use this app. Accidents are bound to happen, and this app will not be there to help. But only say sorry after not responding for 15 hours.",1
"Can Uber please allow adding extra stops in when scheduling a ride in advance? I was unable to do this when booking yesterday, and the drive was concerned he was missing out on extra fare income. I tipped him to cover the difference however this is a flaw that needs to be addressed. Please respond?",5
"I booked a driver and allowed 20min. gap for 2h bus ride to take me to LAX for international flight. It took the driver 20min to arrive, one of the reasons was the app direct him to another exit and he missed the hotel which took him another 10min to pick us up.
We asked him what happened and he didn’t respond. He also over speed to try to get on time.. we missed the bus and we booked another driver to take us to LAX. The total cost was over USD200$ so we will not miss our international flight.
I raised a complaint and Uber customer service advised that we could cancelled the driver because he was late. How is that helpful??

Uber client service should be more responsive and understandable when it comes to a mistake within there map!!
They refused to discuss alternative or provide refunds. And says it is my fault I chosen this driver!

Very disappointing and misleading!!",1
"Hi , this morning I ordered an Uber to Miami airport and at the last minute the driver requested that we meet 2 blocks from the original pick up point. This did not give us enough time with 2 suitcases to organise. By the time we reached the revised pick up point, the driver had canceled . I don’t believe this was my fault and shouldn’t have to pay. Warren Alexander touring from Australia",5
I already paid the money to driver via cash mode.  But it’s still showing me that I have to pay the money.  Cash mode payment is not visible.  I tried reinstall the app as well.  I am not at all able to call Uber customer support. We can compliant only through automatic frequently asked questions. It’s fully auto reply bots.  It’s really unfair that we can’t reach customer support over the call to explain the issue.  Zero rating is not there.  So I can give rating only one star for this useless app.,1
I ordered and uber. He had to circle 1 block to arrive. I received two arrived notices but he was not in our street let alone in front of the house ( per tracking ). Suddenly he cancelled. I ordered again and another driver arrived promptly. His words “yes that is a problem. They get a better offer from a competitor and cancel”.  Uber then charged me $8.00 for inconveniencing their Driver. Neatly impossible to find complaints and certainly no phone number. Very deceitful by uber.,2
"No one look into their account transactions when the book a ride with Uber. They will hold the extra amount but they will not refund the remaining fund. Althought the send you an email which says.

""Good news – we’ve refunded a portion of your original upfront fare on this trip because of a slight change to the anticipated route, to reflect the actual charges. Please see the receipt breakdown for details.""

When you go through your transactions after and try to contact Uber, you will see their excuse. 

""Thanks for reaching out.

We have reviewed your trip details. However, we are unable to make fare adjustments to trips that were requested 30 or more days ago.

We appreciate your patience and understanding. Moving forward, if you feel a trip requires fare review, please contact us as soon as possible after it ends.""",1
"I’ve been charged for cleaning via email two days after fair charge that was attached via a notice that advised I was receiving a refund .I was charged with suspension of use because a trip not even my own as I was at home all day .Advising there was an altercation with driver .Which was received no details or explanation  .Im O.U.T out , this isn’t the first charge that has been charged with out fair explanation or any explanation 
.UBER you are greedy,deceptive  and cannot control scrupulous drivers .You have forgotten there is now completion .If you can’t keep your house clean people won’t visit .Good bye",1
"I have tried to find another way to contact support about this issue however this is where I’ve ended up.
My driver got a flat tyre on route to me , he rang to let me know and I said no problem I’ll wait , but then he drove past my turn off even though he had my route on his screen , however because he went the wrong way, drivers mistake , I have been charged for the extra which I am not happy about . 
Look forward to your response .",3
"Customer service constantly made several excuses and never refunded the money that was unknowingly taken out of my account. They were super unhelpful towards the situation and considered the hacked rides were “legitimate” rides I took, the cost added up to a sum of over $300... there were included screenshots to further prove my complaint, however they disabled my account and I can no longer contact them via email. Since then I have no longer used Uber at all because of how untrustworthy the service is and I now depend on didi which provides a much better service.",1
"I have just installed Uber after a few months and took a trip. 

I really like the rating system once the ride is over. 

I also noticed a difference between the previous time I used Uber and now. I noticed the pricing was a lot lower than previously, which is fantastic 😍",5
"Needing a bigger car for passengers +5, not able to take the ride as the app does not allow to check the number of passengers on the trip. Most xl rides allow for 4 passengers+ but it does not differentiate 4 passengers or 7 passengers. In Australia is illegal to drive if the number of the car seats is exceeded, so if you have to request a ride for 5 people is hard to know if the car can give you the ride or not.",4
"The star rating within the app creates an atmosphere where the driver believes they have the authority to act however they please without taking the customer's considerations into account. God forbid you ask them to drop you at the precise location you wish to be dropped off at, too many times have I been asked to get out down the road so that they can turn off onto another route which they desire or dropped on the opposite side of the road, then forcing myself and my partner to cross duel carriage ways which in my opinion shows no regard for the safety or wellbeing of your customers.",1
"I did chose Package delivery in the Uber as I have been use this app for a while but just a few days ago I did used it to book for delivery one of my items. Unfortunately, the items was lost. I did call the driver but he said he did drop the items front of my house but he did not take a photo of it. I did check the security camera and well, he was park on the side of my house and never get out of the car. Then he was left, then I call him again he said he did drop it off and then blocked my phone number.",1
"Uber is very lucky to have a driver like Anthony. Not only did he assist with loading my 95 year old mother’s walker into his boot, he also helped load the groceries. When he dropped us at home he even helped carry the packages into the house.
I have used Uber often but Anthony is honestly the best driver I have ever had.
Thank you Anthony.",5
"I’m giving a 3 star rating as every time I go an request a ride I get approved then getting cancelled at least 5 times after getting accepted. A driver had told me to get out on the side of the road where there was on coming traffic and it was so unsafe to even though I had asked if he could take me to a safer location he still made me get out with such aggression. 

Unlike the other drivers who don’t cancel, thankyou.",3
"I made sure I had the latest version installed after receiving an email yesterday about Uber’s new pin verification feature, but the feature isn’t available. When is it being rolled out?
Update:  the newest version has now been rolled out making this new feature available. Thanks for fixing.",5
"Wanted to give a zero, but apparently that can't happen. I got scammed by Uber for $26 for a trip that I didn't even book. Uber deducted money out my account. I wouldn't recommend this app, it can be easily hacked and your credit card details and personal information isn't safe. Uber's systems get hacked all the time.",5
I was left waiting for 20 minutes while the driver kept trying to find me in Elizabeth St out the front of the St James Centre. I could track him coming close then go in a totally different t direction. I got a message to say unfortunately the trip was cancelled and I end up having to pay a $10 cancellation fee for the drivers inconvenience. Outrageous I will be disputing this with PayPal!!!,4
"Everyone pretty much knows the app and all of its features. The only downside was the time I booked a ride, the driver headed past me and drove 20km away. 20mins went by where I was asking the driver to cancel the fare, if I cancelled I would be charged for it. 
To have an ability to cancel after 10mins without cancellation fees would be an improvement or something similar.",5
"I booked an Uber for family member to Sydney airport and was quoted $80, the driver took wrong turns stating I have gave a wrong address while it wasn’t. They charged me $32 extra. Beware!!! 

I won’t use their service again seems like they giving false quotes then add extra.",5
"GPS is bad leading to inaccurate pick up time and location. Pick up time and ETA always grossly underestimated leading to bad planning. The app typically shows 1-2 minutes before you book but when a ride is confirmed it’s 15 min away. Cancellation policy is unclear and not fair - user should always be able to cancel at no cost, we don’t do it to have fun, it’s part of the business to accept this risk just like a restaurant. Predatory pricing in surge time is unacceptable practice. I use it for lack of alternative",3
"Uber has really improved how I can get to places without wondering if the booked Taxi will show up: 
- Can the app please include the Colour of the car that is coming to get us please? When traffic is heavy it is not easy to read number plates only. A car colour next to number plate will help identify the car much easier too. Thank you. 
-What do I do if the uber car is very smelly particularly of smoke? Cig ash on front passenger seat today was not ok too. 
Thank you.",3
"I had barely hung up from booking my ride when the exceptionally lovely driver arrived. The trip, which was not terribly long, was very enjoyable with easy conversation. Like driving with someone I’d known a long time. I’m so pleased that my daughter updated my account so I can use Uber more frequently when I’m in Melbourne.",5
"Really great person made me feel so comfortable will be using him again 
I think he will do really well in being an Uber driver and will do really well in driving and is takeaway business’s I’ll be hitting up Turvey park tomorrow 
Was a great experience and a great person  and thank you again for taking me home",5
"Jatinder was most helpful communicating with me as I made a booking for my mum. My mum travelled to the Gold Coast for the first time, and he made their trip from the hotel to the airport stress free and a great ending of their mini-holiday. Thank you most sincere Jantinder you put my mind at ease that my mum was safe and calm. Thank you, thank you :)",5
"Where possible I always reserve a trip. 
However this is not always possible. And when I don’t, booked trips usually always cancel on me. Even when the car is on the way to me. 
On one occasion this happened 6 times in a row - I ended up missing my flight.",5
My reserved booking was cancelled with no notification. When I went to the App it said declined due to declined payment. There was an American Express card listed as payment source. I have used the app previously with my usual credit card that was still on the app but not selected. I have never had an American Express card so therefore I could not have added this on the app. What is going on and why no nortification?,3
"Cancels five to seven times every time you want a ride. Underpays drivers, we all want at least $14/hr right. Also wait times (including trip cancellations) are probably 10-15 minutes in which case you may as well catch the bus which is far cheaper and more reliable",5
"After downloading the later version of the APP, I reserved a ride which seemed to go through correctly and then got a blank screen without the ability to go forward or backward. The APP crashed and I had to reload and I was able to find the booking in recent activity however there is no ability to share or view any further details for the reserved booking. Very clunky experience which needs improving.",2
"I highly recommend not using this app. It sends you marketing notifications, ads for Uber products. You can’t turn them off. 
If you turn off notifications for the Uber app as a whole, then you won’t be alerted when your ride is arriving. 
So either accept ads from Uber being pushed right into your personal space, lose core functionality, or simply don’t use this app. 
Try a local taxi instead, they’ve likely caught up in the apps for taxis game.",1
"Had an appointment at 3:45pm and was forced to cancel as I attempted to get an Uber at 2:50, almost a whole hour before, as I know how ridiculous they can be and yep, I had to cancel my appointment because Uber had me waiting so long and was connecting me with drivers that weren’t going to get to my pickup location on time to drop me off on time. Of course, in the time I was waiting to be connected to an Uber, any public transport I could have caught to arrive on time for my appointment came and went, so that option was eliminated as well.",1
Ubers prices over the last couple of years have become uncompetitive and have opened the doors back the the taxi industry and other entrants into the market. The constant cancelling of drivers and surging of price has made this app a blitz to the bottom of uninstall and onto the next service.,5
"Uber has usually been my go to, but the issue with drivers cancelling really needs to be addressed. It’s become a common problem in the last couple of months with it taking up to 45 minutes of waiting for an Uber driver who doesn’t cancel. I’m often waiting 15 minutes for a driver who’s accepted just for them to cancel when they’re 1 minute away. Bit of a safety issue for people especially women who are just trying to get home.",2
"I do not know why people have given so many bad reviews. These people must be from Taxi services. Uber is best. I’m just a customer but it is so easy to use, cheaper and reliable. It has given jobs to many people. My favourite part is rating and direct debit from your account. Thanks for introducing this to people. Give us more surprises with new features.",5
"Haven’t received a refund yet which I was supposed to get 4 weeks ago. Drivers cancel rides as they please and if you make your driver wait for more than two minutes they will charge you a 10dollar cancellation fee. I don’t understand how that is fair for the customer. When I’m getting late when drivers are cancelling rides when on their way I’m not getting a fee for my inconvenience.

Can’t even reach their customer service line as I’m not a diamond member. Absolutely frustrating",1
"Hi was charged $10 last night for a cancellation fee 
I was waiting on the corner I could see he was close on the map I rang him I gave my exact location as per map he just keep saying I’m close I’m at the bus stop I couldn’t see a bus stop and repeated where I was standing and what I was wearing 
He just kept saying I’m at the bus stop he then hung up on me and I get a message canceled which I never did then I get a $10 fee 
I won’t the $10 fee reversed thank you 
I could not be any clearer where I was standing and wearing 
He didn’t even try to find me and just hung up not very professional 
I use UBER regularly and this is the first time I’ve had a problem 
Thanks Chris",5
"UPDATE: My problem has still not been fixed since my review nearly a year  ago.

ORIGINAL COMPLAINT: Having followed the Uber advice and gone through their system to try to correct a fault. It appears they don’t read what you write to them and everything is a generic response.

My problem doesn’t fit under any category so I put it under the closest problem to my issue. They send me an email days later to tell me how to change my name and other details. 

My actual problem (given I know how to do all this) is that my address is not in their system. Their maps tell the driver to meet me on a street parallel to mine and directs them very obscure ways to get close to it. I have even had a driver tell me it tried it on him but he knows the area but still didn’t manage to meet me at my location.

My problem has not been fixed nor has anyone contacted me to fix it.",1
"My driver on Saturday could not find the destination... and drove me all around Sydney in circles only be be charged $50 for a $20 quote??? 
Totally unprofessional when questioned about why he couldn’t find the place even though it was the destination on his GPS 
Not only did I lose money but also half and hour of my time .....How do I get a refund of the $30 for his",5
"I enjoyed the earlier versions of UBER where you could order and jump in an Uber anywhere instead of going to the designated 'Pick-up point'. 

Main issue from my uber trips:

I find the drivers don't always go to the pick-up point, they just follow my GPS blip but sometimes it doesn't align up to the pick-up point designation - sooo this can cause confusion. I always get called up to ask where I an because of this. 

I might as well go to a designated Taxi Rank to be honest, and I did because this feature is a touch 'broken'. 

Please fix or remove this feature. Makes using UBER more tedious and frustrating.",5
"I was charged an extra $150 for a cleaning fee that I don’t believe I should have been charged but there is no way to contact anyone to discuss this. They have open access to your account, can take what they like, yet no email or phone number listed so you can actually discuss what they have taken. I’d be very wary before using this dodgy service.",5
"First time using UBER....disappointed when the driver was stationary in the street. Lost and looking for me!
He phoned me and I was waiting on the nature strip of the house....I had given my house number so don't understand why the driver didn't turn into my driveway to pick me up??
This is poor customer service Uber.
The driver told me he was only given 11-13 not the exact house number which is extremely poor.",4
"Our company had a box of urgent stock which need to be picked up and delivered in ACT.  Both pick up and delivery address were very difficult to park/delivery. Muhammad tried everything he could to make this delivery successful. I can not thank Muhammad enough for his professionalism, excellent customer service.",5
I booked a uber 3 times yesterday and 3 times drivers cancelled the job and the last driver pulled up on the same street but on the other side of the street then he saw me and cancelled the job as a result I I my carton of coke was damaged moving it expecting the driver to pick me up I use to think uber was good but know I think it’s starting to get a bad name especially when drivers always cancel jobs for no reason at all,3
"So I don’t know what it is with Ubers lately but they have been so picky about fairs and how much they should be payed? 

I mean I had to go from the shops which was like a 5mins drive from my place and back but the drivers on the uber app need to be disciplined and be taught how to be fair and not be picky about how much they get paid, it’s getting sad I can’t even find a ride. 

There needs to be an enforcement system in place. Like a 3 day banned?",3
If you don’t have money in your credit card and you’ll stranded somewhere in the middle of the night and you’ve obviously got lifts before from Uber then like they should give you a pay when you get paid option and they should just like automatically take it out of your bank,4
I don’t drive and rely on public transportation to get around and the past couple of years when I needed to get to and from work the drivers just don’t want to take it or just drive around and around and not park at the pick up point or cancel or there isn’t that many drivers about which makes me have to order up to an hour in advance just to get to work on time,3
It doesn’t matter if I’ve got full reception or one bar of reception I can never access this app it always tells me that there’s a problem I go to request a rideI can’t locate any area on the map Every time there’s an update it seems to get worse poor quality of a app if you asked me,5
"I had booked a car at 5:20 am this morning, when the driver saw that I had Luggage he then drove away

Another car was dispatched, and 
the same thing happened, once he saw I had Luggage, this driver took off, again.

I was more than desperate by then as I needed to be at the airport.

By then it was the third Uber, and I was so impressed, his name was Raymond, he was exceptionally polite and helpful. He assisted me with the luggage into the car, had an enjoyable conversation on the way out to the airport, and of course lifted my luggage onto the pavement.

Just a shame they don’t have more Raymond Uber drivers available to assist women on their own with Luggage.  

I would like to commend Raymond for his outstanding service. And thumbs down to the other two drivers, who just drove off. Rude and unimpressed. There’s first two Uber drivers were unprofessional and lazy.

RObyne Armstrong",1
"This is garbage. You take our money at one rate, then have 3-4 drivers cancel on you, only for the price to rise substantially. Stop letting drivers cancel. If they accept a ride and cancel, they should lose points. I have now had 13 cancellations in a row on a near perfect 4.9 score. Not interested in Uber any longer, they have forgotten who their customers are.",4
"Uber used to be AMAZING! But I’m better off calling a cab when the surge prices are INSANE, and drivers are just getting worse, having to wait 10-15 minutes for an Uber to arrive whereas it used to be 3-5 minutes, Uber is just getting worse as it continues to grow and the fact that they don’t have any proper customer service numbers to call shows that they only care about money.",3
"I’m so disappointed by Uber right now , I wait more than an hour for an Uber , only for it to cancel last minute, so I keep waiting and waiting for the app to find me a dam driver , for the app to just shut down !!  By this point it’s been at least 2 hours with no ride , so I try different ubers , like the fancy ones that cost more money , even though I only need the small one, hoping that maybe they will be able to drive me , but NO , I’m still sitting here waiting for a dam Uber , never using this app again .",1
"During my last ride I had absolutely outrageous incident. 
My friend lost his phone during our trip so then we tried to call a driver. 
He said he didnt find any phone and can’t help us. 
The next day I sent the report to Uber just to leave my contact details in case he found the phone and they got back to me with information that phone wasn’t there but actually the driver wants to report me for PROBABLY having illicit substances during my ride???? (Which obviously I didn’t have!!!).  
They banned me from my app and then they just sent me short email without any explanation what this ridiculous accusation is based on or without any proof provided. 
Since that time (approx a week now) I’ve been trying to contact them but no one even replies to me, I don’t have access to my account (with my details and debit card details). 
Don’t trust Uber and especially Uber drivers.",1
The app makes it very hard to contact a previous driver. I left my keys in the backseat of an Uber and to contact the driver you have to fill out a form that requires the number of the phone you lost. What? I didn’t lose my phone so why does it ‘require’ that?? I filled out the form and no response all day. I tried a different option suggested if the driver doesn’t respond and I get a message on the app from someone saying the driver has my keys and is ‘expecting my call’??? There is no way for me to get his number so why do they say this?! Not a good process or app.,1
"Been waiting for long to get my account started, everytime I talk with a customer service representative, either he is not skilled enough or just gives a vague sense idea about the issue! Telling me how my case is in a priority list and they will give me a call back! But never got any call and worst thing is I am still waiting!",5
"I ended up at hospital not knowing how I was to get home after a weeks stay. All the nurses said call an “Uber”, so I did and to my wonderful surprise a lovely lady named Barbara picked me up took me to my desired designations, trustworthy, lovely conversation, cleanliness superior to any cab at the fraction of the price! I will never hesitate to call for an Uber again & hope Barbara is available every time!♥️🤩👍",5
I use to use Uber regularly until I discovered DIDI . Uber charge almost like taxi .funnily many Uber drivers told me try didi. Uber is Easy to find a driver and it’s pretty good overall the app but DIDI prices are cheaper they offer discounts and vouchers regularly and generally better for both rider and driver they win my regular ride share .I will catch public transportation before I ride Uber again unless I am desperate. They’re overpriced the competition is definitely DIDI Uber will be extinct like taxi soon unless they up there game and cater to both drivers/riders,2
"I would like to say that i had a bad experience today when i ordered a car from my house in Miranda to Bondi Junction!’
The driver was Brandon I think and for whatever reason he said that he had my destination to an address that is approximately 5 minutes from my address and when I told him that I ordered a drive to Bondi Junction where I needed to go because I had an appointment and no trains running!!!
Well he told me that I would have to order another car because he didn’t want to go to Bondi Junction!
I was furious!
Why would I order a car to go to an area 5 minutes from my house?
Anyway I walked back home and ordered another car and the driver came straight away and took me to Bondi Junction and he was very friendly and very good manners compared with the other driver who was very rude!
Just wanted to let you know!
Christel Tissot!!",2
"Couple months ago I had a driver drive past me, but she had started the trip. When I called her she had said I wasn’t part of her trip list and hung up on me. I had to cancel the trip and was charged the trip even though I wasn’t on the car. When I submitted a fare review they did not respond. For a week I submitted one ever other day. They did not respond to any of them. I messaged them again this week and they told me to contact them as soon as possible if I felt I had been unfairly charged... I literally sent so many back then and they didn’t respond... ???",1
"Seemed like a nice guy but took an illegal turn and we were pulled over by the police who advised us that we should be concerned that we were with this driver. He received an infringement notice. Putting that aside, I questioned him as to whether he was aware this had happened. He did not answer the question and was in fact very patronising. He said he had received an infringement notice and I should leave it at that. This was the most irritating part. Passengers should be treated respectfully not dismissed in this fashion. I can not recommend this driver.",1
"Today I ordered a Uber car to pick me up at Natures Edge, Forest Glen. I waited at the entrance to Natures Edge and received a message that the driver had arrived. He was not there. I tried to send him a message but in the interim he phoned me. I told him  that I was waiting for him at the entrance and we discussed the pick up site for about 15 minutes. I also gave him the street address- 25 Owen Creek Road, but he could not find me and he did not arrive. In the end he cancelled the fare and hung up the phone. Now I am charged $8 for cancellation fees. Please pass this fee on to the driver who didn’t turn up and credit my account.",1
"I’m new to Uber. It’s been fine till today when a  driver did not pick me up,  said he was there, I couldn’t see him anywhere. Now guess he was over the road going the wrong direction and I don’t know enough yet to know that happens. I was pretty obvious. No shout out from the driver though and then HE terminates the ride to my great surprise as I’m still trying to see him. And I am slugged with a $5 cancellation fee which is just deducted without my consent and I am really ticked off with Uber. Do not ask me yo contact you to sort it out. Put my money back and then tell me you’ve done it",1
"Hi. I have not had any issue with using Uber, the service is great. However a driver recently cancelled my trip, leaving me stranded and I had to book another Uber to get to my destination. If the driver cancels the trip why charge the passenger? I had messaged the exact pick up point as it was a busy intersection, spotted him at the lights, waved to him, he saw me crossing the road so he could pull over easily .......waiting waiting....next thing... my ride has been cancelled? I would like a credit for the cancellation fee please.",2
"I have to think twice dor now on booking a ride to this app, a DISCLAIMER for who’s thingking of dowloadng this app too. 

The next morning after the night before a rider accepted my booking, Im monitoring the location of the driver when all of the sudden for I dont know the reason is he canceled it and I got turned over to another driver. And GUESS WHAT I got charged another 10 dollars extra for their drivers cancellation, what a disappointment for someone hopping to save some money for using this APPLICATION.

Another one, just a heads up for everyone. You will also get charge if your driver turn a wrong way and have to turn around to get on the right route to your destination.

I dont think customer could refund this to UBER or UBER could just stop charging their customer for this mistake. Either way way Im very disappointed.",2
"I was happy with the service apart from getting charged a “wait fee”. I was waiting outside the main reception area for pick up and I assume the fee was due to the driver not being able to find me in the car park!! Pretty sure that should not have been my fault and should not have her charged extra. If I am off the mark, I am happy to receive an explanation.",4
"I needed to write special instructions regarding my need for a medium size car & how to access he driveway the driver needs to enter & drive to the back entrance of my unit. I needed assistance to get in & out of car due to having a broken right foot & badly damaged right shoulder. I wanted to ask if driver could wait the five minutes, the duration of my appointment & then drive me home via McDonalds Baynes St Port Adelaide. All of to be discussed prior to my booking Uber Car.
I notice that the wrong pick up place was entered on invoice also, I don’t live in St George’s Place.

I was so disappointed that I booked a taxi to return from my five minute appointment & the driver fully assisted me & drove through McDonalds, placed my order for me & handed my money to where order placed. He helped me out of his taxi & made sure that I was safely inside my back door. The extra $7.00 for return fare was worth every bit of it.

Pat Sherrah",1
"The car was immaculate and very comfortable. The driver was considerate and checked in with me as to which way would be the quickest. He also turned the music down when he could see I was doing something on my phone. The drive was smooth. Appreciated, 
thank you!",5
"Thisal was a good driver drove into the place so that I didnt have to go across the street to take  the ride, was very warm and friendly 
Again when he arrived  at the destination he drove in to make it easier for me since I had a injury to my knee and unable to walk much 
Kudos to Thisal 
Wishing him well in all his endeavours 
Mary M V Varkki",5
"Once a driver accepts a ride, they should not be empowered to cancel that ride., which they do sometimes even 100 metres away from pickup! This causes immense stress to the customer who is often left stranded at dangerous times of the night. Uber must prohibit this awful practice (it’s common place!). It is not ethical or in the spirit of the contract.",5
"Uber in Adelaide is pointless, frequently at the airport I simply give up trying to get an Uber as it takes too long. 

The worst is Melbourne airport. The Uber X rank is a third world disgrace. Uncontrolled chaos, people jumping the queue, one lone security guards unable
to “herd the cats” properly  - aka the random unorganised drivers who arrive. 

The entire front of the T2 terminal is blocked, cutting off all foot traffic and it’s the familiar and brutal reminder that you’ve arrived home in Melbourne when you’re stuck in Uber rank, as comforting as a covid sneeze. 

Seriously Uber, this is WORSE than the old taxi rank - which is saying something  - because cab drivers drove themselves out of existence and now you have their monopoly you’ve made it worse.",3
"7/10 times when you order an Uber in UAE and Saudi the driver messages you to ask where you are going to.   This is really super rude.  If you don’t want to take a ride don’t accept it.  

Also in Saudi Arabia and UAE whatever it says about how far away the driver is you can pretty much always add 50-70%.    5 minutes is usually 8-10 mins away in reality.",4
Please change policy with the driver and customer ! today i booked an uber but he was somewhere else location near by me and it says arrived but couldnt find him ! he wait and waste time and he didnot even try to contact me no message reply no call ! he stays there and take his money and you guys charge me cancellation fee ! This is NOT FAIR i just lost my couple of extra dollers for nothing ! This is my hard working money i dont want to pay for nothing . It waste my time as i was so late for my job ! You guys have to try to fix it !,1
"This applies to Melbourne, Australia. There seems to be less drivers and more than once I’ve been connected to a driver and after waiting for 5 mins whilst they travel towards the pickup point they drop you or worse drive about aimlessly hoping that you cancel them at a cost to me.

The service has certainly worsened over the past few years, which is unfortunate.",3
"I have recently been charged $80 for a accident that happened in a Uber car a very long time ago & it wasn’t my fault as I ordered a Uber for someone else at the time, I also tried to get a Uber for a friend today & I wasn’t able to do this as I had to update my card info for payment , I would of thought this was a easy thing to do but no it was impossible 🙁Uber you need lift your act, you have lost a customer today 👎🏻",2
Im going to update my review. I got 2 messages from uber inviting me to leave a comment regarding to this issue. Still no solution. Is upsetting that some features of the app are not available for iphone...at least not in my iphone. I have updated mine and it doesn’t work! Bad!,5
I used to love using Uber to get to work quickly when there aren’t any available public transport options but these days it seems the only drivers that won’t cancel are at least 10 minutes away. Many driving for five minutes then cancelling or cancelling outside the pick up point. Lately I have found DiDi to be more reliable for drivers.,3
"A driver will accept my ride then not move or answer any of my calls, there is no way to file any sort of complaint or contact support because no right has been taken and they forced me to cancel because I’m out in the cold waiting and they are in the car not moving or responding. This has happened to me a number of times, the most recent one I have screenshots of the vehicle and the license plate and the driver and our chats which they never responded to. I will never use ever again or an Uber service",1
"A few drivers have been great, and highly recommend.  
Most of the Brisbane drivers over that last month have tried every rip off available to them, charged wait time before they got to the agreed location has become routine.  
Waste of time raising a complaint as the std answer is the drivers time is valuable.  After paying the drivers extra for fake service it is the same price as a taxi.",3
"I found myself left alone on the street last night in the dark for 30 mins after 3 Uber drivers cancelled my requests because I was only going 10kms one even called to find out where I was going and then cancelled. Finally I got a taxi 13cabs and cancelled the fourth Uber after being harassed on the street, the taxi was cheaper than the Uber’s I’d requested. I gave him a tip! What’s worse is that I was then slugged a cancellation fee! Absolute rubbish service and a danger for women traveling on their own at night, look after yourself ladies and don’t request an Uber at night on your own.",1
"Why charge when the driver is completing nearby trip? If we cancel before he completes there should be no charge.  Some other driver may be able to pick up who does not have a trip and my time will be reduced as well. 
Why am to wait for them to complete the trip and also be charged for it? If i cancel before he completes his trip the driver does not lose anything, rather another benefits and the customer as well. 

Need to be fixed .",3
"I was waiting at the Uber pick up point at Melbourne airport next I get a phone call saying he was asked to move on. I had to walk all the way to international departures then I had to find where he was. It was the worst customer service I have ever received from Uber and to make things worse after he drove off and I had to find where he was, he had the audacity to charge me over $10 for having to wait, when he wasn’t in the correct pick up point. I am very disappointed in my dealings tonight and I am seriously considering not using Uber again",1
"Trying to contact some one from customer service via email or phone is ridiculous. 
I have had a new credit card issues so my payment did not go through. Being an honest person I contacted the driver for assistance he referred me back to the app. It would let me up date my credit card as it is the same although new expiry and CCV. 
I get an email just now from Uber but you cannot reply to the email. 
So frustrating ... 
driver was awesome shame about the admin side of the business.",2
"On my intercity trips, the routing takes the shortest, but not the fastest route.

It would be good if the app provided riders with the option to select a different routing (similar to google maps) so that the driver isn’t stuck explaining why they can’t go your preferred route.",5
We were waiting at a club at Wolli creek but the app put a note on the screen to say “meet at terminal 1”. So 2 drives even though our position and address were correct they went to the airport. I spoke to bother drivers and told them we were not in the airport but they ignored me and went into the airport. Luckily the third driver listen and came to the correct pick up spot. App got something very wrong.,4
"This app gives you the price and different trip options before you even pay for it. It saved me and my relatives many times, and if the driver doesn’t come they give you your money back. It would be much expensive with traditional cabs.",5
"I have been using Uber for a long time. I FEEL grateful it has been great transportation service.
My concern is sometimes no one will pick up ride and Uber  suddenly increase the cost more than double and Someone suddenly pickup ride.
I feel unhappy about it. Price should be fixed or near.
NO LONGER USING UBER",5
It’s unfair to the riders and other drivers if they’re saying yes to a ride and then cancelling down the road. I was late to an important doctor’s appointment because a driver said yes and then I waited twenty minutes for them and then they cancelled a minute away. It took so long for another driver and I was late and that’s not okay when I allocated enough time for me to get there. This shouldn’t be allowed.,2
"I was at the pick up point which is a known store on a main Street. I was monitoring the passing vehicles” licence plates, looking out for the driver. Suddenly I see on my app that I got picked up. Five minutes later, I see on the app that I’m dropped off. Also noticing that I’m now charged for the ride. All while still waiting outside the store, no sign of the vehicle or the driver. Messaged him twice, called him three times during all that. No answer. 
Seriously, appalling. Do something to regulate against frauds like this one.",1
"GPS location has to be precise- pick up address needs to be exact.  Say I don’t know a location, I depend on the GPS of my phone, but the phone tracker shows another, how would the driver find me??  Uber has to fix this.  I believe when we use Uber/taxi is when we are somewhere we aren’t familiar, we depend on others to drive.  Only Uber app/phone GPS tells location.",4
"Had to be at the airport for a flight this morning. After checking in on the app for 45 minutes leading up to when I needed to book, the app consistently advised there were drivers available. Once I hit the ride button, “suddenly” no drivers available. Found a ride after waiting 5 minutes, with a predicted 23 minute wait time… ten minutes into that the driver cancelled on me and another driver couldn’t be found…",2
"Uber is just frustration now. Takes 10 minutes to get a driver because the first 4 take the job then cancel it if it’s less than a 15 minute ride. If you try to cancel a ride though Uber penalises you big time. Double standards. 

The whole ‘finding a ride’ process seems bogus anyway. The falsely show you a car nearby to make you think it won’t be long so you don’t quit the app and get a taxi or didi instead. It’s just deceitful from uber.",2
"Numerous driver cancellations after accepting a trip. Uber has become absolutely hopeless and is extremely unreliable. It is a common occurrence to have 5 or more drivers accept a trip only to cancel within 5 minutes. 
There needs to be more accountability on drivers to complete a trip they accept. 
The current scenario leaves the customer inconvenienced every time when the customer is the one paying for this service
Lift your game Uber this is ridiculous",1
"I put the pick up and drop off into the APP and the driver went to the destination first before picking us up. I tried calling the driver to explain and ask where he was and he said he would be with us in one minute. He didn’t arrive as he had gone to the wrong place but I got charged. I then had to request the Uber again, fortunately it was only a 10 minute drive away. I then was about to be charged again so whilst in the car I cancelled but still got charged $7.50.",2
"I like this ride share app, I just wish I saw feedback on regarding my personal rider score.

 Also I wish I could bid for a cheaper fare home. Kind of like how you bit to upgrade a seat on an airfare. 

For an example I would give someone $12 for a ride home now but if someone wanted to drive me home for $8 and only had a rating of, let’s say a 2.87 compared to a 4.89 I would accept that lower fare.",4
"Highly recommend this Uber driver! Asked us to choose whatever music we wanted to play, friendly,polite excellent service overall as he went out of his way to make sure his passengers were enjoying the ride and he was happy too unlike most drivers! 😀",5
"I’ve had several driver cancellations recently. They wait until they’re close, then cancel leaving me waiting for the next driver. This morning alone I had two cancel on me so I was waiting outside for 20 minutes and had another driver eventually allocated with a 11 minute wait. I have a conference to attend today and now no way to get there on time despite leaving over an hour for a 35 minute journey. There is no way to complain on the app",2
"Myung - thank you!! You were the 6th Uber I had ordered as the other 5 had cancelled and my son had been waiting for over 30mins when the other Ubers were 3,4,5,6 and 7 mins away probably waiting around for a bigger job! 

You ensured you got to my son and completed the job thank you so so much!!",5
"Uber used to be reasonably reliable. Now more often than not drivers accept the job and then cancel at the last minute. Sometimes three or four cancellations before someone actually turns up. 
Today a booked driver drove up to us, slowed down, looked at us, and then just drove off. I then got a message from Uber that the driver was waiting and I may get a cancellation fee for not being there. 
There is something seriously wrong with the way Uber is working now days.",1
Booked a cab for 0630 . When my cousin came down to the street at 0628 the cab had left already. The driver messaged me 10 minutes early but did not wait until 0630 which is the time I booked the cab for. I have been charged for the cancellation also which is unacceptable. Please review and pay back. I dont undersand how someone can cancel a trip even before the actual booking time. My cousin reached Australia yesterday only and does not have a phone connection. I lost my sleep also fixing this problem.,1
"Only my second time using Uber and I won’t be using them again. The event I attended ran over. The first driver cancelled before my pick up time and the second kept continuously calling me, there was no option to message to tell them of the situation, no option to change the pick up time and they too cancelled. Therefore I was left stranded late at night in an unfamiliar area and they took my whole fare amount for a ride I never took because of something that was out of my control. Absolute scam of a company.",1
"On a miserable night and stranded/ignored by another Uber driver, Jagwinder upheld his commitment unlike the other unprofessional who drove right by me. 
You sir compensate for the other drivers who fail to commit to their accepted jobs. 
I wish you all the success and hope this recommendation assists in some way. 
Thank you once again.",5
"I have been working with them more than 3.5 years and did more than 20,000 trips. They have permanently blocked my account and I don’t even know whats my fault. I have been trying to reach support system but they end up conversation with no response required. I am so upset and stressed as your uber driver. I will regret my whole life that I have work for this untrustworthy company. And I am giving warning to my other fellow drivers please never trust this uber and never relies on uber as primary source of income.",1
"Took me 45 minutes to end up booking with yellow cabs. Extremely unreliable, trying to get home is a waste of time late at night. Cancelled more than 10 times one after the other. This has happened on numerous occasions, wouldn’t trust Uber getting home safely from the city.",5
"App works okay, but I’ve had to disable notifications entirely in iOS settings because Uber bombards me with advertisement notifications every day despite my notification settings having such notifications disabled. This has made using the app more difficult. This is not a user error because if Uber respected my notification settings, I could leave its notifications on and use the app as intended.",2
"I used to like uber quite well than other apps when it comes to rides. But lately drivers have been cancelling on last minute. Like I waited for 9mins and they cancel the trip when there is like 1 or 2 minutes left. I mean if they don’t want to take the trip, they should just not take it to begin with. It’s not like it happens once or twice. But it happens everytime I try to get a ride. And I don’t even get the chance to rate that experience. So disappointing.",1
"All of a sudden then is no drivers for Uber and no delivery for Uber eats in our local area.
Tried going to app support but no way to clarify with Uber what is happening? Can’t tell if they have just pulled out of our area which seems insane it’s busy and a large area which hasn’t had an issue getting Uber services for years until now.
No options for drivers or umber eats delivery in at least weeks.
Fortunately if you need these services their competitors are still all operational.",1
Waiting for an Uber he was not able to find the street let alone the house he called I said I would drive down the driveway and now I’m at my destination I’m charged $3.15 for a waiting charge because his google couldn’t find the address I think that’s overpricing!!!!!,5
"Your app allows users to turn off push notifications for “discounts”. I have turned this off as I was getting unwanted notifications whenever discounts were being offered. Firstly, what’s the point of the notification? It’s not like I’m sitting around waiting to be told that I should go for a ride. I use Uber when I need to go for a ride not when Uber wants me to go for a ride! Secondly, the app no longer obeys the notification setting. I just received a discount notification and I checked my setting - yep, still off. One star for you! Fix your app!",1
"Wondering why this morning I was charged a wait fee when the Uber driver arrived 20 minutes prior to the requested pick up time and we left 5 minutes before the earlier time bracket pick up time. 
Booked for 5am-510am and the driver arrived at 440am. 
Not particularly happy about that - there is a 10 minute window for time allowance for a reason isn’t there.",5
"I was a first time user and even though the app said it were 5 mins away I was left stranded with my wife and 5 year old grandchild in the cold at Tullamarine airport. So I am a last time user as well.
I called him twice and he told me twice he was just around the corner, after waiting 25 minutes at 20:00hrs, we walked over to a Silver Service taxi and were gone instantly.
Then Uber on the word of the driver charged $10 for the driver waiting!!
When I disputed it they apply a $10 credit to my Uber account, an account I do not intend ever trying again. Fraud.",1
"I have been using Uber for a long time and have been very helpful. However recently I experience several unprofessional drivers, who cancelled my trips without informing while still charging my money. When I try to contact and ask the customer service for solving this issue, they don’t respond or just reply that they can’t help with this problem. I’m really disappointed. Hope you can fix this issue",2
"Subject: Complaint Regarding Uber Service

Dear Uber Team,

I am writing to express my dissatisfaction with the Uber service I experienced this morning. 

After missing my bus, I promptly booked an Uber to take me to the nearby train station. However, when the ""pick up"" option appeared on the app, it failed to display my real-time location, instead showing a location I was unaware of. I selected what seemed like a nearby location, but due to heavy traffic and the cacophony of car horns, I was unable to locate the driver when he arrived. Despite his attempts to assist me, I was unable to find the designated pickup point and had no choice but to cancel the trip. This resulted in both wasted money and arriving late for work.

I hope this issue can be addressed promptly to prevent such inconveniences in the future.

Sincerely,
Mi",1
"Drivers are notorious for cancelling. Their specialty is letting you watch them drive across your city for 10-15mins then cancel on your street. 

If the app allowed us a window after they cancel to rate them - I think this would resolve a lot of the issues if it affected their rating. 

They shouldn’t accept it, and let you waste 15minutes waiting for them to arrive. To then have to repeat this - all up waiting 30mins for a ride pick up, being late for work / your event in the process. 

Or not allow them to cancel after a certain time period. Cancelling 15minutes in is ridiculous and super frustrating for the passenger. Consider these product improvements and you would almost have a 5 star app. 

At the moment, it’s too frustrating to even bother and unreliable. Back to public transport it is.",1
"Absolutely ridiculous!!! 
I had requested an Uber and the guy did not pick me up at the pick up spot that it clearly stated on the app. Because I was then 1 minute late to the car that I had to walk 5minutes to, the guy cancelled and I was charged $10. 
I requested for another Uber and the same thing!! 
The drivers on this app is unprofessional and it will not be used by me anymore. That cancellation charge is not appropriate. It would’ve cost be the same amount if he just drove me to the destination!  I am so furious about that.",1
Have been using Uber for years. Tonight get error “Payment option not available” for PayPal (my preferred method) and both my credit cards. Tried re-entering cards same error. Had to get someone else to book ride for me.  Need to reload alternatives so I am never stranded again.,5
"Am getting so frustrated with this app for not being reliable at all for drivers, I have a very busy schedule and book my Ubers for 10 mins before I usually need them, yet when they get close to my house they have repeatedly been cancelled then I end up being late to very important events because I have to wait another 10 mins for the other Uber to come. Why is this such an issue. Don’t have the 10 min time bracket if someone is in a rush and needs to be somewhere in the first time bracket.",1
"Once our our lovely driver, Ali picked us up, I then proceeded to attempt to split fare with my wife using the split fare feature. Chaos ensued. Uber told me that my own wife was in fact, a stranger. It did recognise her in my contacts. She attempted to receive the split fare on her phone app, but Uber failed her as well. Please fix this, or I will have no choice but to haul stinky cabs from now on.",5
"The time it takes for the car to arrive is almost always much longer than what is indicated when you open the app. For example it will say cars are five minutes away and then you request one, but it takes 10 minutes. The feedback system is hopeless - cars routinely cancel on me, or call me to find out where I’m going then cancel, but I can’t rate these drivers or easily register the issue with Uber. Also, the app is currently registering my destination as my pickup address, then charges me cancellation fees!",1
"I couldn’t recommend Greta highly enough. When she pulled up to collect me, she greeted me in a welcoming & warm manner. She’s such a lovely engaging person. 

My only complaint was that the trip was too short & I didn’t have more time with this beautiful & interesting person.

I wish her all the best - & thank her for those wonderful few moments we spent together.",5
"This app has been “the best” thing I have ever downloaded. I was a nonbeliever for a very long time but now I am SOLD.
Paid $6 after waiting 35 minutes for a crowded smelly yellow bus to the Ibis Hotel last week. Came to my senses and got an Uber back to the airport next morning (in a beautiful car) after a 3 minute wait for $7.25........ yay .
Bring it on !!!!!",5
"Love Uber! Having been using if for the last couple of months and will never go back to taxi’s. The app is great because you can schedule a ride, you get reminders, you can see how far away your ride is, who your driver will be plus more. So easy to use and they have really thought of everything.",5
"The whole activity was perfectly organised. 
From the booking to car arrival and drive and reaching destination.. and pricing… 
Thank you 
One issue is that the COLOUR of the car reserved for us doesn’t show on the booking. Only rego number … hard to see when I’m a common place .. 
cheers",5
"The prices are ridiculously high, making it unaffordable for riders, and yet, drivers barely make anything—earning pennies while the app takes the lion’s share of the profits. It’s clear that the company is more focused on lining their pockets than providing fair and reliable services.

Drivers deserve better pay for their hard work, and riders deserve fair pricing. Until this app starts treating both riders and drivers with respect, I can’t recommend it to anyone. Look elsewhere for your transportation needs.",1
"Left my apartment keys in the Uber and contacted support. They offered zero help even after explaining that I couldn’t get inside my apartment and the real estate agents were closed for Christmas for 2 weeks.  I had to find the driver on Facebook and pay $100 to get my apartment keys back. Talking to the Uber driver, he had no contact from Uber during the day at all, even though I had called support 5 times. The customer service agents had zero care that I was locked out on the streets for 2 weeks.",1
A driver canceled the trip when I was at the exact location I said I was I asked him where he was because I was standing at my “always” pick up point but he cancelled and I’m still sent the bill it happened twice,5
"Thanks for everyone to make effort to find my mobile back.  Especially,  the driver.  He did the right thing and charge my mobile phone which made us to find it.  Now I took back my mobile  from the driver.  Very appropriate for that.  Thanks for everyone’s help.  Regards.  Tina",5
Saaed was honest and a gentleman I had forgotten my mobile in his car I asked him if I could use his charger at the beginning of my departure he. Didn’t even think twice he said yeah sure … cut a long story short I forgot my phone in his car and he came back to give me back my phone .,5
"We had 6 in our family, but the vehicle that turned up could not take our luggage as well and if the app does have an option for luggage awareness, it was not clear.
Bigger families need to check this when they have luggage also",5
Need more professional drivers who can get into the customers shoes and understand what a ride should feel like or should be. Either they don’t turn ON air conditioner on multiple requests . Even the premier cab service also is same to economy. Does the driver have any training to deal  how to board a customer or over the the ride? UBER app need improvement to provide a filter(ex: a/c or non-a/c based on features and should clearly tag a cab and take a  confirmation from customer too .,1
Yesterday afternoon I ordered an Uber to pick me up at Skippers Aviation Perth and despite being only 3 minutes away the car took 15 minutes to actually arrive and when he did he drove straight past the pickup point despite my waving etc to get attention after another 5 minutes he cancelled me so I had to wait another 7 minutes to another Uber do it was around 30 minutes just to get a ride absolutely not good enough this driver needs correction or removal from service,1
"I highly recommend Uber to everyone however the last few times when I have been travelling with friends the split fare function was not working. This is a huge inconvenience as it has left me out of pocket for a period of time instead of the Uber system doing as it should and be sending split fare requests when prompted to do so. 
This needs to be fixed!!",4
"My pas few rides were very stressful and I got to my destination very late due to fake waiting times that says 5 min away for more than 20 min and after waiting all that long the driver cancels and I have to go through the same process or just walk! 
This is very inconvenient and frustrating. 
I would expect transparency and accountability from Uber. the same way I get charged if I book a ride and cancel I expect a penalty to be in place for my wasted time and stress.",1
"I have stopped using Uber due to the increasingly frustrating experience. Every time I try and get an Uber, the drivers will accept and then cancel while seemingly on their way. Recently it took me 90 minutes at 2am, meanwhile about 6 drivers accepted and then ditched me after 10 minutes. Absolutely unacceptable behaviour. I can no longer trust or rely on Uber to get me anywhere. I’m actively looking for alternatives and encourage everyone else to do the same or they won’t learn.",1
"It happens far too often. I order an Uber and a driver accepts the trip, I wait for 5-10 minutes and then the driver cancels on me, so I have to restart the process and wait again.

It’s totally unacceptable that Uber drivers can accept a trip, then wait several minutes then cancel. This should not be permitted. A driver should have a maximum of 30 seconds to cancel a trip after they’ve accepted it.

Horrible user experience. Will not use Uber again until this is fixed.",1
"Your company is not responsible enough. I was charged 3 times. I will dispute the transactions with my bank. I had a voucher from Tesla that being charged, was told that the voucher will cover the tip, so I gave a $10 tip. But was charged extra plus twice ; from voucher and from my personal card.",5
"The stupid app wouldn't rogress past the 'requesting' screen after i ordered a ride to pick me up, and it stayed on the screen for like 10 minutes. I restarted the app to try and fix it, but it didn't work. I Then found out that my ride had been waiting outside for me and had cancelled the ride on me because he was waiting for too long, which charged me $10! It didn't even tell me that he was waiting outside, it just said that it was requesting a ride, and then suddenly i get a cancellation fee for something that was out of my control!",1
"- Like other users I have noticed a lot of ghost cars. Tell me a accurate time! If the driver is  10 minutes away I can finish getting ready and be waiting outside. The arrival times will go from 6 minutes away to suddenly getting a notification “arriving now”

- My house address directs drivers to the wrong street. I don’t know if this is google maps or whatever Uber uses but it’s very annoying",3
"I made a review on UberEats and it's worth putting here too to warn people. Uber will steal money from your bank account and refuse to refund you. It's like customer service agents have been trained to belittle you and immediately close the case. After the fourth time they stole from me I had to contact the ACCC because they refused to answer me or give me back the money they stole. There's a lot of other reviews from people who have had the same problem. Please do not use this app. If you need to, use Doordash, Menulog, Lyft or Ola.",1
"I wasn’t the only one having issues. I spoke to others also that were trying to book an Uber, they gave up and booked taxis. 
I always use Uber but need to fix the app problem.",5
"Our driver was so nice, my friend & I could not work out how to add in a stop but the drive was very helpful & accomodating showing us how to do it with no trouble at all. Genuinely a nice guy! After being ripped off for my last Uber ride many months & not using Uber since, this man has restored my faith ❤️",5
Overpriced rides and lack of drivers. I live close to the city and am waiting 30+ mins to find a driver. Drivers never accept the trip unless its where they want to go or if there is a surge charge. Save yourself the time and money and just get a taxi,5
"The worst customer service I’ve ever come across for such a big company. They make it near impossible to log a complaint in the app about a driver, situation or incorrect payment. It takes weeks to hear back and many unprofessional drivers that get away with whatever they want and there’s no where to complain about this. Totally unsafe if you’re a woman and need immediate support. 
I would stay away from this corrupt company and try an alternative instead that respects their staff and customers.",1
I was I incorrectly charged a toll 5 times in a fortnight when being picked up from the same place. Your customer support refunded one trip and  had me jumping through hoops to prove  the other 4. When I had sent them exactly what they asked for they then ignored my messages. Thanks Vanessa.,5
"It has been about a year that I am working with uber eats as a delivery driver but now all of a sudden me and many of my uber eats driver has noticed that our fee per delivery has decreased a lot and now I feel like uber is not caring about us delivery driver. I even have some screen shot of how our delivery fee used to be earlier compared to what it is right now. I feel like if you don’t change the delivery fee per trip then many driver like me will shift to a different platform.

Thank you.",1
I was charged a cancellation fee when we had been waiting outside the unit for the driver - god only knows where she was. Went inside yo check phone to find she cancelled saying we weren’t there so then had to order another one!!  First driver got $8.00 for making us wait!!,5
"I booked an Uber ride from train station to go to work in the morning as I was late. The first driver accepted the ride and was 1min away from me. Then he went totally opposite way and further away from me, I was calling him many time but no answer. Then I decided to cancel, however I got a message saying that I could be charged for canceling. There is no way I am paying for someone to waste my time. Eventually the driver canceled after wasting 6min of my time. I still have his plate number if u want me to share.",2
"This morning was a difficult one. I woke up tired, with a cold and not in a good mood. But everything changed when I got into Neeraj’a car. 

He asked me about life and everything, but also shared his perspective on things, and it was very refreshing.

I don’t usually write reviews, but I think this one is definitely worth it!",5
"On two occasions uber has been sent to another location by google maps, a great inconvenience to me as late for appointment. Today again the maps sent my driver to another location, I was subsequently charged a wait time and late for my meeting. I have been at the same address for twenty years. This needs to be fixed immediately!!",4
"Today I was taken by Uber from Applecross to Perth airport. For the entire trip, the driver was engaged in an animated and sometimes forceful conversation with somebody on his mobile phone and the topic was his anger about access to his children from a recent family dispute and the problems he was having keeping in contact with his children. While I sympathise with the guy, and would have no complaint if the conversation had been limited to a few minutes, it was very discourteous to submit his passenger to all this negative conversation for the entire trip.",1
"I have been charged a cancellation fee that I feel is unfair. 
The driver could not find me but did not ring or try and contact me. I was just notified that the job was canceled. 
I rebooked and the next driver was there in about 10 mins so I was not hard to find. 
How can this unfair change be reversed?",5
My last Uber ride I was a little intoxicated I walked out of bar into car park couldn’t see him so walked around to the front still no one then a car come from the car park and by this time I was keen to get home so offered the random driver $50 to take me home ten minutes away he said yeah jump in then I find out this morning it was the Uber I had booked and he charged me cancellation fee as well he didn’t even ask my name or if I had booked an Uber feeling ripped off and then some new to the whole Uber thing so not impressed to say the least,1
Who checks their Uber account after a trip - well maybe you should.  Just checked account from last nights trip and noticed “wait time” charge of $1.43.  I was in fact waiting for the driver at the pick up spot - but he turned into a side street and phoned me.  I advised I was waiting around the corner in the designated spot. I will be following this up and checking back on old accounts .  Would add up to a lot of $ for Uber.,3
"There should be smoother transitions between the normal fare and increased fare in peak times. My fare increases by 50%. I waited 5 min and it went back to normal. Also it’s annoying to book a ride and then get a notification that the price has increased. If I was too busy, I wouldn’t have had a chance to cancel it. And it wasn’t even during a busy time. Seems like bait and switch. Also the user rating system seems like a Black Mirror episode",3
"Ridiculous app where you have to get cancelled by multiple drivers before finally getting picked up. This service isn’t based on satisfying customers it’s just Uber drivers trying to find they’re highest paying ride. Terrible service, one star is too generous

All drivers are terrible at driving sensibly and are always so harsh on the breaks, many times in the early morning commutes to the airport these drivers have all been tailgating and near misses for crashes. 

Uber is the worst service",1
My first experience using an Uber and I was very pleased with the service. Easy to book. The driver was very friendly and helpful. Mick arrived earlier than expected because he said the airport was busy this morning. I would definitely use Uber again.,5
"Used to recommend others to use this app but not anymore due to drivers always canceling and having to try again for the next hour. 

If you haven’t used this app before, don’t start now!! BIG BIG waste of time and money",5
"I booked a Uber when I was in NSW just over the border from Queensland for the following morning @ 4:30 am the pickup was Willawong (Brisbane) to Brisbane domestic airport I have actually booked the same ride before in Queensland, I get a phone call from the Uber driver at 3:30 am I’m here to pick you up! I told him I booked it for 4:30 and I did, the app has got the time zone wrong (daylight savings)I figure it was because I booked it when I was in NSW!  Uber had the check to change me $15 for a cancellation when they are at fault!! Not cool",1
"I thought I’d placed my booking only to find out some idiotic advertisement had got in the way. You have one job Uber. One job…..

Also, spammy ads on my iPhone home screen. As a result, I have turned off uber notifications which could cause me or the driver some inconvenience. 

Uber cannot be trusted to respect your time and attention unfortunately.",3
"Currently on a work trip where they have sent a voucher for travel, I have unchecked using the Uber credit multiple times every single time I’ve put an order in but instead uses them. This does not work for me as I am trying to make personal Uber eats orders and has ruined our business account keeping. Will not be using Uber eats again in the future. Highly disappointed.",2
"I ordered an Uber that cancelled as I was at a train replacement bus stop In Sydenham with no buses in the pouring rain & they stated they couldn’t pick up there even though they knew my location. 
I moved away from the bus stop to a side street & ordered another waited & then it cancelled. 
I decided to walk to find a taxi but Uber 
app said it would send a third car & I said no as I didn’t trust it & the price went up by $10. Before I could press the cancel button it was ordered & then I got charged $10 cancellation fee. Not fair Uber!",1
"Once an app that saved you time, now one that wastes your time. 

As a user we need to be able to rate drivers when they accept a job. Especially after they CANCEL. There is no consequence for drivers; when you have been waiting to get somewhere for 10 to 20 mins and you’ve gone through 9 drivers and left with the uncomfortable feeling of having to explain why you are 10 to 15 mins late.

Drivers who cancel are making this app (Uber) redundant.",1
"Despite having Uber Pass (why do I keep paying for it???!!!):

1) Reserved Trips often disappear from history without cancellation and I am left waiting for a TAXI!!! Unbelievable!!!

2) No customer support for previous.

3) When Reservations do show up, on average 50% times, uber pass discount does not apply and I wait 30 days for the discount as a refund.

Is it good enough? No!

Why do I keep paying for it? Uber Eats… but the second a competitor makes this offer, I jump. Uber… or, seriously Uber, for all the no-show reservations and TAXIS I paid for, you owe me money to stay.",5
"I only have notifications regarding my account and trip status enabled. Despite disabling all marketing and offers notifications, they still push promotional messages to my iPhone’s notification screen. Don’t abuse my privacy Uber! When it comes to ridesharing options, we now have a lot more competitive alternatives to choose from.",3
"My family and I have been using Uber for a Long time, Apart from some technical issues on our end, the drives are always enjoyable and the drivers are always enjoyable to talk to and have conversations with, I do not understand all the negative reviews and feedback from others about this app.",5
"Booked an uber, found a driver. Notified that they were 10 mins away. Waited 15 minutes for them and watched them approach on the app. Just as they were approaching me they cancelled the ride and when I went to rebook, price had doubled. If I’d known they were gonna cancel I wouldn’t have had to waste 15 minutes waiting and could have booked a cheaper ride in the meantime. Didn’t bother rebooking with uber due to unreliability of drivers and doubled fare price. Used Ola instead, much better service.",1
"I had two trips last night and give both drivers 5 stats they where there on time and the cars were clean and I felt very safe sitting in front seat

Ranjit was a very good driver picked me up very quickly and his car was clean

Sajjad was a very good driver and rang me to help him find me at my pick up point and his car was very clean",5
"Hello Uber , this morning I booked an Uber at 10am . Dani in his land cruiser turned up on the other side of the appts I rang him and he said he woild only be a minute “. He then cancelled so I had to order again .” The next minute you email me to tell me I have to pay a $10 cancellation fee !!?? Could you please refund this amount as it is so wrong and I feel like I have been ripped off ! Maybe back to taxis .
Regards , Virginia Hannan.",4
"My card won’t work on this app!
I have money in my account, and when I try to book/confirm a ride it tells me I have a payment issue... I’ve been on the website and on the help menu and there’s no contact I can find to talk to anyone..
It states on my bank statements that on Friday night I tried to book an Uber 8 times - luckily it didn’t charge me, but it goes to show I had attempted many times!
Hopefully I get some help as I will need an Uber tomorrow, however, I am seriously considering downloading another service instead.",1
"I have never gotten a Uber before on my own. Just downloaded the app and I can happily say it works fantastic. It’s easy to use and very convenient and a lot cheaper, depending on your distance of course. But compared to a taxi a lot cheaper! Definitely recommend it.",5
"On Tuesday I got an Uber, the driver was very polite , car oldie but clean, so overall was ok however he didn’t seem to know the route very well, he entered the M7 only to exit on the very first exit just meters down the road but yet I have to pay for the toll. Not a bad thing but I just thought having plenty other routes why he took a payable route one from one exit to another was beyond me .",4
"I’m at trying to view what Uber’s are currently around in a location different to my current location. I used to be able to do this, now when I zoom out it just automatically zooms back to my current location. This is very frustrating and I now cannot see current Uber’s locates at different places.",4
"I have now been unable to use my account for over 6 months. This was all from asking customer service to change my display photo on the app. I was never able to speak to people only speak via email which is ineffective. Every time they claimed it was solved it wasn’t. I have not been able to use Uber at all, can’t split with friends.. nothing. Lyft is 100x more reliable. I have even emailed Uber numerous times to fix it and I get nothing, or any compensation. The absolute worst customer service",1
"I ordered an Uber Sunday afternoon, the driver parked at least 35 meters from the venue I was at. Not only that he parked in a Disabled Bay! We waved at him & tried to get him to come we’re we were without any luck. He stayed were had parked! I waked the 30 odd meters to his car carrying a heavy box of trophies! When I entered his car I said “Hey Mate you can’t park here, it’s a Disabled Bay! He dismissed that comment with total distain, then the argument started. He obviously had no respect for the Disabled or their parking privileges. He ordered me out of his vehicle and I gladly departed. I will never ever order an Uber ride again!",1
Your uber driver auto mubarak KA03AF5701 behaving like anything with passengers i given the loctaion still asked for 5 times and when he came he is telling if you dont pay me cash i will not take the ride and you uave to pay me not the uber directly  before the trip he is asking me to cancel trip and pay the money before head if ypu cant tale action to people like this there will be the tine when your company get closed due to their bad behaviour and he also threatened me being not a local of Bangalore,1
I spend at least $200 plus a week on Uber eats for over two years. I have contacted many times and found no way through to receive any customer support in regards to my orders that Are incorrect.I will be switching to menu log,5
"Occasionally my husband and I have reverted to Taxis and it has always been a bad mistake. 
Drivers with dirty cars and surly attitudes and we always land up paying at lest 30%more than Uber. Until the Taxi market ups it’s game I am Uber all the way. Thank you Uber for making hire care travel fun again",5
"Uber should come up with some sort of solution so that the drivers won’t be able to take the advantage of situation. For instance, when people come late from flight and book an uber from airport, the drivers they see the distance of destination before accepting so that they accept those who are between 20+ km. The ride should be fair. And not to mention the immediate increase in the price when the situation is worse and they have high demand. The increase the price by 200%. That’s totally scam.",1
I got a call from school and needed to pick up my child. I booked a taxi to pick them up however there is a glitch on the taxi app and the booking took more than an hour wait. I installed uber and got a ride right away. Thank you Sanjay! I will book uber from now on!,5
Booked a ride Point Piper to Paddington Sydney NSW 7am Sunday morning.  After 25 minutes still receiving the message “searching for your ride”. Gave up but when I tried to cancel received the incomprehensible message “cancellation request failed”.  Tried rebooking a ride but impossible. Ended up deleting the app to get around the problem…. then got banged for $10 for a ride that couldn’t be found.  Don’t know who QA’ed this but “We’ll done everyone! “,2
"Prices are much higher, rides are cancelled at a high frequency, and rides are hardly accepted regularly. Rides are declined to artificially increase surcharge. I pay for Uber Pass but have found since then it is harder to get a ride. At least Taxis are there when you need them.",5
"I needed to get to Brisbane airport early ~6am and it was impossible to get a ride. Everyone kept canceling. I shrugged it off and booked a taxi. 
Then it happened again on the way home from the airport several days later and several other times since. In talking to friends it seems this is pretty common now. 
I don’t even bother checking Uber now and use taxis. They might cost slightly more but at least they turn up.",2
"I booked an Uber for pick up on Christmas Day. I was standing at the letterbox of the pick address. The Uber tracking showed the driver as there, they weren’t. Next minute they are driving on the other side of the road and saw us, we were waving them down. They had gone to the wrong address. They saw us and drove off then cancelled the ride. I’ve now been charged $10 for not being at the pick up point and can’t contact Uber. I want that refunded",1
"Uber used to be something I could rely on to get around, but not anymore. Almost every time I use uber now, drivers cancel the ride again and again. Sometimes that same driver then accepts the ride later on when the price is higher or even via another platform like Didi. I simply cannot rely on uber anymore and in order to start using it again this needs to be fixed.",2
"I used to love uber. Was half the price of a taxi and they offered mints and water and aftershave. Now it’s the same as cabs. Almost the same price, they all stink, go the long way, no conversation, no water or mints etc. DiDi and Taxify will take over soon or Ola. Cheaper and same level of service",5
"This is not news to people who use Uber, but quite annoying, especially when you are being discriminate and charging on a higher rate. I’m almost all my trip using Uber I have been charging higher than people who choose the same trip. Sometimes my husband and I book the same trip in the same time and my pricing estimate was 15% higher than his. Don’t know how is the dynamic pricing being calculated but this is not transparent and unfair for people to use.",1
This is my third Uber complaint. And most likely my last. I will be deleting this app. Would not recommend. If you wanna get somewhere early order an Uber 2 hours before. Absolutely ridiculous with the amount of cancellations and cars not moving for minutes at a time. They’ll accept the job then cancel. Honestly just look for a better ride share don’t waste your time. Although some Uber drivers are just lovely I just can’t put up with the other ones.,1
"I tried catch an Uber 15 mins later than usual time and the price had doubled. Saying Uber is in “high demand”*from $15 to $30 . When using apps like DiDi (way cheaper) or even ola you often get discount codes which is nice 👍🏾 when I ordered a DiDi *the car also had a Uber sticker on it 🤣* it was only ✨$13✨ 

So if you’re looking for an app for RIDES please don’t be fooled Uber is out here for your $$$ you can get MUCH CHEAPER rides with the same quality on other ride apps. Hope this helps 👍🏾",1
"Very poor implementation of booking a driver for a particular time. Driver showed up 20 mins early, did not try communicate with us, then left before booking time (assume he got another customer, no issue). Got charged $10 and it is very difficult to dispute this in the app. Surely this should not be an automatic charge, and preplanning should be better managed. A driver should not get money for cancelling early and if I book a time drivers who have an estimated arrival time in the area should be give the option. Not happy at all.",1
"This was very helpful, as at the time I needed to be picked up after getting a train home at 3:00am and there was nobody else available to give me a lift home. That’s where uber came in handy and I was able to find a driver at that time luckily and could get a lift home. The driver was keeping the conversation alive as they are probably meant to but I’m not a talkative person at all but I didn’t mind.",4
Get contact through app or by calling. I’ve had drivers over charge because they’ve not ended their previous fare when accepting me. Uber have acknowledged there should be a refund and haven’t done it. I’ve been charged $10 multiple times for cancellation fees when the driver hasn’t even showed up and had cancelled themselves. Seems very suspicious that you can’t contact them easily.,3
"The drivers themselves seem to be taking less and less pride in the presentation of their vehicles and themselves. 

As far as the app goes, I want to know how far away they are BEFORE I commit to the Uber. I live inner city and expect an Uber within 3 - 4 mins. I appreciate that is my own standard but I should have an option of saying no, without penalty, to a driver that is 10mins away as I can get to destinations by other means if that is the case.",3
I have been using multiple cab apps over the period of time as my requirement is daily. Had come across couple of weird drivers but each time Uber responded in no time and got my problems fixed. I really appreciate their service and support. They're best in the job. Best service. Period. Way to go Uber.,5
"The fact that I’m writing this review means that I’ll never be able to use Uber again. But I don’t care. 
The reason I say that is that I’ve given Uber 2 stars and that means I’ll be automatically banned. 
It’s a shame. But like Gilead and the Weimar Republic - it’s probably worth it huh. 
Grow up Uber and take the heat. You have things to learn.",5
Up until last nights ride I had always experienced good service and simple transactions but I’m concerned why I have been charged an additional $5+ for surcharge when it told me my trip price then I find the receipt showing $5 more? Every other time I have booked I have been charged what it shows on the screen at time of booking? When I booked it also showed other cars in the area so was not hard to get one ?  Very disappointed,2
My ex husband disabled the Uber app as it was shared by the 4 of us in the family. Now I am trying to install my own Uber app to my own account and the app will not let me install it to my phone and my own account. What should I do to reinstate Uber to my phone? Nothing seems to work.,5
"I have been searching through the app trying to find where I can contact someone to ask a question and this seems to be the only place.
I recently received an email saying that ‘request for a guest’ was an option but it doesn’t work on my app. We have an event this weekend and need to be able to request ubers for different people at the same time.",3
"My experiences with Uber and the app were fantastic. Clean & tidy cars, polite & friendly drivers, arrivals were on time & so quick to turn up- hardly no waiting. After i had navigated around the app & became familiar with menus, settings & functions, I was so surprised about what the app could do & now I cant wait for my next Uber trip!!",5
"Very easy app to use and a first timer. Managed to get my ride to pick me up in front of my house and at my destination in no time! App has heaps of features to track driver and rate drivers. It keeps people honest and working hard. How do you rate your local taxi driver, no wonder they don’t care about service. Love it.",5
I love using Uber but am finding one aspect of the app really confusing. Requested a ride last week to the airport and the app said my ride was 6 mins away. Closer to 12 mins. Requested another ride from the airport this morning at 7:36am and the app showed a 6 min wait. I was finally picked up at 8:09. I know the drivers can’t control traffic but would be good if the app can account for real time. 33 mins for a 6 min wait is crazy,3
"So efficient, helpful and super friendly! 

We had a car seat and so much luggage and he made it all fit perfectly without any hassle. He made what potentially could have been a very stressful time very easy and we had a great laugh.

Thank you!",5
"ALOT of people don’t want to converse, but at the same time uber drivers don’t want to see me use so they feel the need to fill silence with conversation...which in turn makes the passenger more uncomfortable

You would be surprised how often this occurs.

It would be nice to add an option for passengers to flag ‘private’ which lets the driver know they aren’t exactly up for chatting. 

It’s not to be rude or mean, a lot of people have anxiety for example and the driver constantly talking to them stresses them out, alternately people might be exiting a stressful or upsetting situation or are just sick as hell and really don’t want to talk, but nobody wants to be the bad guy and tell them to shut up...",4
The uber Ap would not let me use it until I paid  $5.00 is claimed was owing on my account. This is false but I ended up paying it so that I could get a ride. This message popped up each time I opened the Ap although I had zero debts to Uber. I’m annoyed that I paid it but last night had to be somewhere in a hurry. I wonder if this is happening to everyone. Apart from that a great Ap and a great service but on principle I feel robbed.,2
"I call Uber what I receive it was miracle to me today.I was really need to change my car tire but I couldn’t find the key to get out my tire ,so when I call Uber I just get all I needed to keep going thank you for ur help and information 
Thank you again 🙏",5
"My previous trip took 5+ attempts to get an Uber to pick me up coz I had nominated to pay by card. 
They kept cancelling on me. 
Apparently they don’t get the fare for 4+ days so can’t pay for fuel, food etc. 
This time with cash no problem at all - picked up 1st attempt! 😎",5
Coming from the outback I always used taxis until my friend in Perth installed the Uber App for  me 2 weeks ago in 3 days I used it 5 times. The prompt arrival. The nice clean cars and the lovely drivers from different nationalities made every trip very special and saved me lots of money. Hope to be back soon. Thank you.,5
"First order being cancel as the drive at different pick up point and then cancel my order. Then I place a second order, the driver arrive and not stop and I give him a signal than is me to place an order but he didn’t stop and point somewhere else. Then suddenly another driver information pop-up, and that is that driver to send me to the location. 

Took me 30mins for this unpleasant service before my lovely Easter holiday. Bad.",1
"I’ve been using Uber for years but it’s my first time using Uber in Australia, the last couple of months and it is absolutely pathetic here. There’s like 3 drivers to the ratio of 5 million people. The drivers take 15+mins to get to you (might as well sort a taxi then). And some just cancel if they can’t be bothered going the rest of the distance. The fees are mad. Booked me a DiDi this morning instead and it’s been a much better experience.",2
"Two nights I have tried to use Uber, the first everyone kept pulling out so we couldn’t go, the other night had to wait 16 minutes for “surge pricing” of $60 for a trip that is usually under $20 and had to wait 16 minutes? How does uber think it can sustain that price? Called a local taxi, came much quicker, fair price and supported the local community, are you passing your surge pricing onto your workers or taking the unreasonable cream of the top for your corporate greed, I think the later",1
Frustrating and stressful when I need to be somewhere and driver after driver cancels. On multiple I will end up waiting 30 minutes to get a ride due to drivers cancelling my ride. Tonight I was cancelled on three times before getting a ride. When I first requested a ride the fare was estimated around $10 and by the time I got the ride the fare estimate had increased to $25 for a 10 minute drive. Very annoying.,3
"Uber is live in Darwin BUT there’s only 1 Uber driver. Get more or your competition will flourish.

Also I ordered an Uber in Freo and we watched him drive right past us. He saw us as we waived.
He should be banned for 1 month for such disgraceful conduct. 
Drivers should not be allowed to have facial hair and their photos on Uber should be of a hairless face so you can be sure the driver is who he/she says they are.",4
"My trip was very disappointing. Not only was I kept waiting for more than 25 minutes in the freezing cold because the driver couldn’t find Pick up point, which was exactly the same as where I had been dropped a few hours earlier. I have been charged a FEE for waiting, I was the one that was inconvenienced and kept waiting not the driver. I was in contact with the driver by phone and had to walk to a different location in order for him to find me, and the final insult is that I am the one penalised for the drivers incompetence.",1
"I keep trying to pay for my rides but it won't accept the card and everytime it would say a different reason. I have no outstanding payments, my details are correct, my account has money there's literally nothing wrong. I booked a car for the morning and I'm waiting and waiting but for some reason the app just cancelled the ride all on its own . Why? It just decided to cancel and I was late for my appointment and just so frustrated. So many bad experiences with this app. I just want to know why my payment isn't acceptable.",1
"I ordered an Uber to pick me up at 111 Little Collins st The Uber however went to Little Bourke st, I called the driver twice and he was not very helpful language wise I told him several times he was in the wrong place, he hung up on me I then texted him and the cancellation notice came up and now I find I have had $10 taken from my account without my authority for wasting the drivers time 

What about my time waiting outside in the cold trying to communicate to someone that did not understand nor did he arrive at all to my point of pickup 

My time is also valuable and now more of it is wasted having to write this email 

I am a regular user of Uber and am extremely dissatisfied. I would like my $10 refunded immediately and the drivers unprofessional actions looked into 

Feel free to contact me

Regards Trudy Burke",1
"There needs to be a permanent option for scheduling rides, there’s been multiple times I’ve needed a ride to work at 4-5 in the morning and drivers have called and cancelled and I’ve had to wait another ridiculous amount of time for another one which makes me late for work. Please bring back the schedule a ride option as I never had an issue when that was around and always got an Uber exactly when it’s needed",2
"Mohammad Sabri did an excellent job driving us to White Bay Cruise Terminal. Mohammad was helpful, polite, punctual, and friendly. His car was spotlessly clean. A highly capable driver who looks after his clients extremely well. We would strongly recommend this outstanding person for transport services.",5
"Never gives proper estimate how far the driver is. The driver was helpful so I was able to use the service. Twice before I had to cancel the service for now showings actually how far the driver is. First it shows 6 minutes away, then after 2 minutes it shows 21 minutes away. I guess mapping in Dhaka and Navigation is a big challenge. But Uber needs to improve this.",3
"My uber account seems to be bugged as i cant seem to add a debit card that works even though all of them work fine other than uber! I keep getting the notification that i need to update my billing details, But when i try to, it says i cant due to it being pending, banned or deleted. I added a friends card but it didnt work, and furthermore when i try to delete any of my 3 payment methods, it says i cant delete my only active payment method EVEN THOUGH I HAVE 3. Seriously i use uber a lot, and i am thoroughly frustrated, Please help!!!!",1
"Worst customer service. Almost as bad as didi. No way to get in touch with any staff and when you write them an email they don’t respond. They charge double randomly making you have to miss appointments because you refuse to waste your money on their ridiculously high fairs. Can’t use any payment except gift cards, have attempted to reach out to them 5 times with no resolution nor response at all except random AI generated responses that bring me to the faq. Only a human can fix this.",1
"Good conversation and communication. Extremely helpful, with helping to carry my shopping to the front door. I am quite elderly and use a walking stick. I was extremely grateful for his help. A big thank you to the driver. I wish they were all this helpful because they will need the same help when they reach my age.
He had great respect for the elderly.
Sincerely, 
Mrs. V. McFarlane…..",4
"Ok frustrating when using a car play device the car play screen only shows do you wanna accept or decline a job it doesn’t show you the restaurant/take-aways name and it’s annoying 

Your phone will but not the car play screen this should be pushed through to the screen",4
"Awesome experience, waited 45 minutes for central coast taxis this morning taxi didn’t turn up when I rang the operator she was rude , then downloaded the app today , used Uber for the first time today , turned up on time , great experience, will never use a taxi again.
Kevin Warwick.",5
"My trip to Adelaide airport was made very memorable due to the interesting and engaging conversation with my driver Mr Aziz. He was very professional and friendly. 
I had left an item on the back seat which he returned to me quickly and from some distance away. My sincere thanks to him and Uber also.",5
It is difficult for stranger to the city to know where the pickup points are. Three times today we have had drivers go to another place other than where we booked from. One cancelled on us and charged us $20 fee.  Why are the pickups different from where we book the driver,4
We booked an Uber to a concert. We have 7 Ubers cancel. One Uber was 1 min away (after traveling 8 mins) before canceling. We were late for the concert. There is nothing to prevent drivers from abusing the system set by Uber. I would recommend paying the extra for a taxi.,5
Recently Uber is allowing drivers to reject jobs where normal rates are quoted during pick hours to drive up the cost . Very dishonest of many drivers and also Uber for allowing this to happen. Uber prices are already close to taxi rates but still not enough for many of the uber drivers. Hopefully people will get smarter soon and stop using Uber when they intentionally try to inflate prices under the pretence that there are not many drivers in your area. Shame on you Uber,1
Very unfair to charge rider with wait time when the driver has been unable to find the address on their GPS. This has happened to me twice and both times I have been waiting outside and ready well before the pick up time. I have been charged both times!!!,5
"App won’t accept perfectly good credit cards, with random error messages that don’t give any information. 
Persisted and used pay pal (should have seen the writing on the wall). 
Used the pre-book service but then got random notifications. Went to bed only to get a notification saying your driver will be arriving at 4:30 am!  Rechecked the booking and it was still showing the pickup time as 2:30pm the next afternoon. 
I’ve never used such a bad service. Deleted app.",1
"Have tried on numerous occasions to put in expiry date from my new credit card (number not changed only expiry date)for payment 
With no luck 
How do you do it ???? Your message saying that you already have this CC number",5
I cannot work out how to ore book a ride - instructions are no help at all as they say to tap the icon next to destination then select a date and time - what icon?i have tapped what could be icons and my only option is destination And what is this rubbishy with nicknames that all are taken already!!,5
"I have the same issue with my uber service. Card has lots of credit 
All details are correct yet it keeps saying there’s a problem with the payment and declines the ride. I’ve been unable to use the service for weeks now.
Very frustrating.",5
I used Uber for the first time today (other than UberEats).  I put in one address on a desktop computer and the driver was sent to my old work address.  My $8 ride ended up double that.  The drop off address was nowhere near where I wanted to go and I ended up lost and having to walk 30 mins.  The driver was awesome no faults there.  I have no clue where it went wrong because I can assure you I know where I was to be picked up and it was not the address the app sent the driver to.,2
"One of the best ride share up In the world. In sydney, AUS, taxi's are 99% of the time a horrible experience. Unclean, unprofessional, sometimes won't take your fair because it isn't worth their while. Uber is safe, clean, professional, and safer. It saves time, saves money, and you always have a great driver happy to chat. I recommend Uber to everyone.",5
"Uber always in my opinion have always  been nothing but polite,friendly and always happy to help unlike taxi companies, I can’t send my kids to school in an uber knowing that they will get there safe.
Thanks uber",5
A couple of things that would make your app that extra bit better would be if you could personalize your payment options e.g PayPal account is called ANZ credit and have a feedback/advice section/button on the app for uber itself not just your specific driver! Overall I love uber just some little tweaks to its program would be great :),4
I travelled from Canberra airport to home yesterday and was charged $75 instead of the usual $45. I was very annoyed with this rip off. That cost was way  more than I have previously paid for a taxi. I was tired from all day flights & just had to get home!!,5
"Using Uber is a no brainer, it has all the options including booking ahead (for a small additional cost), tho I must say I’ve found the UberGo option pretty useless - 3 times I’ve selected it recently with no response, so cancelled and just used UberX.  Nonetheless, Uber is great !",5
"A driver parked somewhere around the corner according to the map which was about 140 meters away. But I couldn’t find him even there. I called him but the driver refused to drive to the meeting point where I was waiting for him. And then he cancelled the trip and I was charged $10 cancellation fee!! It was Toyota Kluger EQW34E. Moreover, after this incident I caught a normal taxi (don’t know why I didn’t do it in the first place) and it cost $6 cheaper. I paid $28 instead of expected $34. Never ever will I use Uber again!!!",1
"Imagine you’re in a rush and the driver is just 1-2 minutes away then he suddenly canceled? 

Or, when you want to rebook because the driver has been in a same location/ moving further away from pickup for whatever reason? 

And yet, no compensation policy is madefor  customer. Funny how you have a cancellation fee/ 5-minute wait fee for drivers but not for customers?? Is our time not as worthy as theirs?",2
"I placed an order at uber eats. The order cost 480 pesos. I gave the courier 500 pesos in cash (that is, 20 pesos more than the order). As a result, I have a debt of 280 pesos in my application! supposedly I paid only 200 for the order! although I gave the courier 500! Support does not want to clear the debt. that is, Uber stole 280 pesos from me

Update: problem was solved",4
I had to delete Uber because someone hacked into my bank account has been using it to book Uber trips that I never paid for. So if you notice that your bank account has less money than it did before and you see random Uber trips that you never paid for delete the app immediately and never download it again! Deleting the app and re-downloading it doesn’t get rid of the hacker that used the app to get into your account!!,1
"Had the most amazing driver today. I’ve broken my ankle and needed to make a couple of stops, not only did he help me change my route to add the stops in, he even got out and helped me carry some items. Thank-you for being so kind and patient! :-)",5
"We had 3 passengers and 4 big bags. Can we have an option to see and choose the uber ride which can actually cater for the passengers and cargoes? Coz just selecting XL Uber didnt send us a bigger vehicle. 

Also how would we know if babies and toddlers can get in with baby seat already installed or none available?",4
"Loved Uber when it first came out now drivers constantly cancel, 12 minutes wait get to 11 mins and cancel the fair 
Disappointed in the way the app seems to be going. Swan taxis now Better than Uber",5
"The concept is great, the app is great & the service is great. It really annoys me that out govt are penalising someone for doing it right, rather than getting the ones who aren't to lift their game. The whole concept works really well & I love that now everyone is responsible for their own behaviour - I think the rating system is genius.",5
"Firstly I want to be able to use Uber and Uber Eats!  However, I cannot get my correct home address to save correctly, it saves parts of it separately but trying to get it save my complete address is impossible.  While it’s no so important for getting an Uber ride it’s quite important for getting food delivered as there are 4 buildings on our street address.",3
"I’ve been using the app for a while. I was very happy with it until recently. I was overcharged for a trip I have made every day at the same time of day. I was charged double due to supply and demand. It was a 20min wait and I was charged $60 for a short 10min trip. I don't think it's a coincidence that there are noticeably fewer drivers using the app, workers are probably unfairly paid or treated.",3
"My first Uber ride & I was a bit confused with setting up Pay Pal etc.  but in the end I just tapped Credit Card. Annette was so helpful as I am a bit disabled & a senior lady. I needed to get to my daughter’s place to help with her move. Anyway, with Annette’s kind assistance I was able to get there to help. Now, I hope the next ride with Uber I have it all in place for a stress free booking. YAH!
Thanks Shirley",4
why should we be charged for waiting time when we gave the exact address already waiting outside the flat why should he parked on the other side of the road. We are just visiting here not familiar with the place. He  should parked at the exact location as what the uber driver did before. I am not happy with this charge. I already taught I was over charged with the $22 because going back home same route and the charge is only $13 I want a refund,2
"I ordered a pickup from Brisbane Airport early Saturday evening...driver parked behind me so I couldn’t see him right away, and I was charged 36cents waiting time which was about 2 minutes before I saw him...I was also charged a booking fee! And an airport access fee! Plus a base fare fee! This is the first time I have ever been charged these not previously stated fees when ordering...A taxi is now cheaper to use, which is very sad, so it’s goodbye Uber for me!",3
"I booked a car and was told that a car was eight minutes away.  Ten minutes went by and still no car. Then I received a message telling me that the driver had cancelled, and I had to try again.  I presumed that the driver got lost, because I was certainly ready and kept a constant lookout for the car.  I did get a car on my second try, but I was over 20 minutes late.",3
"They make it nearly impossible to contact a support representative. I kept receiving emails of 'unusual activity' on my account without specifying what, and the hyperlinks were for issues that were not relevant.

I eventually got in contact with a support rep by claiming I had a payment issue and all they did is ask me to change my password. They assured me my account was secure buy lo and behold 2 days after changing my details I kept receiving 'unusual activity' emails and was eventually locked out.",1
"This is the first time, I have ever used Uber transport service and find their pickup and drop off services are one of the best to date especially when I used to use Taxis in the past and now I will endeavour to use Uber Transport whenever my vehicle is annually serviced. A+++ Service.",5
"Had one Uber driver drop me off and continue charging me as a passenger to the next town. Flagged this Uber which was difficult but could be done through the app. Today I had a driver not come to my location that I had set, but a few blocks away. After trying to get him to come to my location, I eventually cancelled as he was not listening. Uber then charge me a cancellation fee which I can’t review as I’d had the other incident in the past 30 days….just pathetic",1
"No price even by the end of ride. Taking advantage of desperation. Fines for not being at pick up point but apps sent you in wrong direction on purpose & car is a different colour to app to make sure you can’t find it. Magically minutes after the ride finishes we get a charge with a price! We’ve got what we deserved for trusting these guys. Take advantage of all the little people, customers & drivers, to make big money. Shame on you. Only response is to give good driver a bad review.",1
"Alberae H was the best Uber driver I’ve ever had, his kind and so welcoming. And then when I realised when I got home I left my wallet in his car he sent it to me in the post to a different state! I couldn’t have asked for a better experience from a Uber driver when I was visiting another state",5
"I had never used Uber before but had the App. Had ordered B&W Taxi as I usually did.
No one came for over an Hour.
So tried this App & it worked perfectly & within stated time a Driver appeared & I finally got home.
Thank you.",5
"We booked reservation to airport with a baby. However, the driver arrived and said he didn’t have a baby seat and refused to go, he said he have to cancel the booking. The trip I usually ride to the airport cost about $22, they charged me a cancellation fee $25. And I have to call the taxi, nearly miss the flight. Actually you can hold the baby on the taxi, no car seat required. 
What I am going to say is when you go to the airport, don’t take Uber, they’ll let you down.",1
"My last trip which was short, was a pleasure. Kelli my driver was lovely and saw that I was having trouble crossing the road to get to the pick up point so drove around to pick me up. She was professional, friendly and it would be a pleasure to get her again.",5
He turned up on time and even the pick up location on the map was confusing. He’s still found us via share location. Highly recommended.,5
"Smooth service, spot on door to door service. Really happy with our journey. We are from WA and have been caught out a few times by local scams. It’s good to find an honest hardworking person in a straight forward transaction. Cheers matey, wish you every success in future.",5
It took 10 mins or so to book a Uber. We were also unable to communicate with Uber driver via text as it said there was a network issue. Not sure if Optus or Uber was the reason. Also could not find a way to select vehicle that had room for our 2 large suitcases. We had to cancel our first Uber vehicle as it was a small Hyundai i30.,3
Leaving a review because there is basically no way in the app to leave feedback without making it the drivers fault. I have just headed to the airport and Uber in the morning is no longer taking toll roads and doesn’t even allow the customer to choose toll roads. So what should have taken 25 minutes took over an hour in waiting for the Uber and 50 minute trip.,2
Uber are now a joke. From fares which mysteriously change after the initial quote to Uber pass discounts which don’t apply and force you to contact support to get them implemented. Their support centre seems to have been moved to India so the responses are non-sensical and useless,5
"The Uber drivers service was good however there were a couple of things that I didn’t like. 

The driver was playing music from his own country in the car and it was not in English.  It made me feel awkward not understanding what the words were in the song. I would strongly recommended playing music in English as English is the main spoken language in australia. 

The driver was not a very talkative person. I would suggest engaging more with clients when safe to do so.

Apart from that everything else was a smooth perfect service. The car was nice neat and tidy.",4
I always end up with great drivers and love the service in general. But over the last year I have noticed an increase of how many cancellations I get before I finally get a pick up. Becoming a little unreliable and very frustrating. There needs to be a greater penalty for drivers that do this.,4
"If I could I would rate this zero stars, as a student I don’t have my Ps on my drivers license yet. And because of that I’m forced to use this app to just get home after shifts. And tonight  when I got into the app it said because of increased demand fares may be higher and the standard Uber was 56 dollars. I couldn’t afford that at all since that is over half of what I made doing this shift and didn’t even have the money yet. Make this app more affordable to students.",1
"Unfortunately, even though the correct destination was put into the app, I was taken way past the correct point to turn off the highway and it wasn’t until the vehicle was turning to the right that I realised something was seriously wrong
I had to put the address into maps which then required that we do a U-turn and go back the way we came from to turn right off the highway towards the hills in the correct direction to my destination
In addition, the driver did not speak a lot of English 

In summary, I got charged an extra $20 and had a loss of my time for a problem that was not my fault.
I had to solve the problem for the driver because he didn’t know what to do and would’ve blindly kept following instructions from your app",1
"Am I missing something? You can order an XL which says ‘up to’ 6 passengers and will sometimes result in a big enough car but, then again, it often won’t. My family of 5. Dry nearly missed our flight out of Perth as we thought a car was coming but it was an XTrail and then a Dualis. Wasted huge amounts of our time. Luckily, the local cab company let’s you order a car the size you need.",2
"After applying $10 for promotion I find that Uber did not 
Credit me for these rides. After emailing details as requested by
Uber after 4 days I have heard nothing.
I must say I am extremely disappointed with this and also
Their latest pricing which is getting near the price of a taxi.",5
"This would definitely be a five star app if it had a feature that allowed you to specifically exclude Toyota Camrys. It seems that regardless of whether you select UberX, UberXL or comfort there is a greater than 60% chance that your ride will be a Toyota Camry. I have nothing against Camrys or Toyotas in general but a bit of variety would be nice.",4
"What on earth have you done to the ap ? It's gone from being excellent to the worst in existence. 
Where I use to get immediate confirmation of my driver, their licence plate (so I could safely approach the vehicle as a solo female), and their location on the map - now I get nothing. It just goes back to the main screen. At first I thought it hadn't accepted a job so I rebooked only to then have two cars show up together. I had to apologise to second driver and show him that the ap was telling me absolutely nothing. 

Whoever thought these changes were a good idea - they were wrong and they should be fired. Removing everything that was good and useful and importantly, safe, about the ap, was a seriously stupid business decision. 

Will be deleting the Uber ap and moving to DiDi and Shebah.",1
One thing that irritates about Uber drivers and something the Uber app allows is they accept Uber trips when they are still completing one. If I am in a rush I don’t want to wait 15mins for you to complete another trip then another 15 to get to my destination. If you are completing a trip allow someone closer to accept my trip. Everyone’s just greedy and wants the rides (money)!,3
"Left my phone in the back of my Uber this morning. Driver could not have been more helpful. I was at the airport flying out and to not have my phone would have been most problematic. I needn’t have worried, my friendly Uber man delivered the phone back to me within 15 mins. Much appreciated, 5 stars to you sir",5
"I had my 3rd bad experience this year, 2 in the last week.  I called for an Uber downstairs from the Skipping girl sign in Victoria Street Richmond.  Driver response he would be there in 3 minutes.  5 minutes past. No driver. I called him. He said “I am right here and can’t see you”.  I said “I am in front you the Skipping Girl neon sign, it is on top of the building 3 m tall”. Response “never heard of it and can’t see it”. He canceled and charged me $10 bucks.  Good way to make money for the driver but not for me.  As far as I am concerned it is theft.",1
Generally the app is wonderful but the gps at times does not pick up location and in the pool the algorithm sometimes sends me somewhere else when the driver is going to drive right past where I am. But otherwise it’s and excellent app.,5
"I take regular short trips to work Monday to Friday.
I’m fairly new to this but have experienced friends who are both passengers and drivers.
I’ve done 17 trips that come to no more than $13 each.
I’ve had a few nasty drivers who Uber gave me credit for (would rather just not encounter them at all but you can’t control which drivers you get) who are either creeps or rate you one star because you’re going a short journey.
If you’re that much of a bitter asshat, don’t become a driver.
We’re polite, we’re clean, we don’t eat or drink in your car but you jeopardise us getting passed over for rides due to malice because you wanted a long ride.
It’s disgusting that this app encourages such a culture of immature idiots who barely qualify as adults- even if I have given all but two of them five stars.",1
"Wherever you are, wherever your destination is, simply book a driver with Uber and you will get there. It’s nice to see beforehand what the car is and who’s going to drive you. Clear price and options to choose for upgrade.",5
"I always used uber from my house going to my kid school to my work. Every morning specially at 0620, it often no icon, multiple stop (+) in app. It add up the costs i need to pay in this trip and some driver don’t want to continue the next destination even i informed them via text. Can you please look about on the app why it often multiple stop icon is not appearing in certain time.  Thank you",3
"If you need to get a trip and you're being told it's a surge and the trip allocates drivers 15+ minutes away when you saw drivers within 4 minutes of you on the map, just call a taxi. The service is terrible at handling allocations in this state, and is honestly just worthless, especially the fact that the driver is most probably much more than the estimated time of arrival.",3
Zachariah went above and beyond and delivered my keys that I left on his car and waited for 40 minutes. The phone number he received was incorrect but I’m so thankful he waited for me after finally getting the correct number and contacting me.,5
"worst app , well i booked an auto it took 15 mins for the first driver to agree , he called and asked where to go and then cut the call he did not come for 20 minutes ,i thought it was cancelled so went myself but then 30 minutes later i receive a call from an auto waala then he has come to my house as i had booked an auto , till that time i had already reached my location also , yet they took 15 rupees charge of cancellation from me .
a similar incident occured where i got a payment req of 80 on my uber account 
but the driver said he wanted cash and so i gave him the cash as he wasn’t listening and i was already late so i gave him 93 rupees as he was demanding that much but yet again the req wasnt dismissed and when i complained there was no response .",1
"Need to fix the app properly for vehicles.  We ordered a vehicle which states it takes 6 passengers.  When our driver arrived for an airport trip he could only take 4 people so one needed to take another car. This was in no way our drivers fault, he was very friendly and has car was comfortable.",4
"What a lovely guy the trip was perfect and he is pleasant to talk to.
Also I left my mobile phone in the back seat of his vehicle.
We called the mobile and on the second attempt Rajesh answered to say he was already on his way back to the airport.
Credit to Uber and a class act.
John , Margaret and Helen.",5
This has happen a few time to myself and a few people I know. Where we pay for our Uber using our bank card or PayPal and when the money leaves our accounts it leaves twice. We get charged for the one ride twice and when I reported the issue through PayPal Uber said I owed them money after being charged twice. Please fix this issue as it’s stealing and illegal.,2
Hi all I have just uploaded the app but unable to book a ride. I just get a world map that I’m unable to book on. I’ve given all required account and personal contact details but does not allow me access for a booking ?,5
"App works really well for organising a ride (5 stars there), but it's major downfall is all the promotional & cross-promotional spam you get. It is reduced if you navigate in through the maze of settings to turn everything off, but even with none of the settings ticked, you still get app spam notifications. 
If I want to use your services I will seek them out - I switch off these options for a reason!",2
I had to get an Uber to work of $34 last week and I open my bank to see I’ve had another $34 transaction from Uber sending my band into negatives. What is the problem with this app first it took my money for a trip I never went on and even took back the $8 fee for waisting time now it’s charging me once for the trip then again days later. In total I’ve lost $80 minimum this month on this app this is outrageous and disgusting,1
"There is a problem with my pick up address , I live in 1 Adelaide Street Bondi Junction . For some reason your app showing my address in level 5 Westfield 
Three occasions the driver unable to locate me and I got charged $10 each times ( 3 times ) 
I texted the driver and call but no response",5
"Ok so at the moment this app will not let me input my card when I know for a fact there is money in the account, then when I try and go to übers website it won’t work there at all saying my email or password is invalid, after verifying that they are correct still not working. I know über isn’t a bad service I’ve used it before with my friends account but this is quite maddening",2
I love using Uber however in the past I have been able pre-book rides for the next day especially when travelling to the airport. I was disappointed to find that now rides are unable to be pre-booked for a certain pick up time.,5
"Viv the energy felt the vibe that’s what Uber is amazing energy free the mind,, adventure viv felt the frequency I had with life love, cosmic respect for life,, thank you viv ,,, I used to be an Uber driver ,, I misss the fun adventure so much,, comedy conversation eclectic humans
,, peace love life free artist,,, viv is the essence pure Uber frequency,,, viv purchased a canvas so that i can free my artistic wave after being in the Bali labyrinth,, viv respect",5
"1. Taxis only a small % goes to the driver🙀
2. App easier to used & 10% cost at least cheaper🙀
3. Drivers not trying to rip you off and if they do you can’t complain 🙀
4. Reliable service safe and secure. How many time I heard from girlfriends “not seat in the front of a car” I’ve never heard that for an Uber",5
"I need to find my family as soon as possible, and I needed an Uber immediately. Uber was supposed to provide a fast transport and I’ve usually had no trouble with them until resetting my password restricted me from doing anything, since 3am I have been trying to reset and send countless email links to my account but nothing has seemed to work even after now an hour. I have now had to wait for public transport to be available so I can travel.",2
I book a ride on 14 of dec at 3.30 AM it shows that we have to pay 245 for that ride which I had booked but the respected driver Mr Waseem Pasha told me that that money is too much less for that distance so he said to cancel me the ride I told him that if I cancel then uber charges me 80 odd rupees as penalty so u only cancel if u don’t want to come for that price but he didn’t canceled and eventually uber charges me 80 odd rupees for no freaking reason that’s so disappointing from this app and good bye to this application.,1
Was able to arrive and leave our destination in the safe hands of two of the most amazing drivers. Enjoyed the experience without worrying about traffic conditions or parking. Thanks UBER,5
I’ve had the app for ages but like a hesitant online dater I hadn’t given it a whirl. Happy to say the whole experience from first opening the app to arriving successfully at my destination was a breeze. Take the plunge I say! But stay extra cautious about online dating!,5
"Absolutely legend we where threatened by another person wanting a lift and he would not let him in, best Uber driver and that’s not being over dramatic wish I could of tip him more money the way he handled the situation was amazing couldn’t ask for a better driver",5
"After each ride, it would be more honest (I’m not holding my breath) if Uber allowed me to rate the driver AND the service separately. Often the system has created a problem which had nothing to do with the driver, but I’m unable to give this feedback without it impacting the driver, who often has done nothing wrong.

Edit: many years later this remains. We all know why. Psychopathic. I hate Uber for this. Take responsibility for your mistakes.",1
"I was so furious at this app tonight. I booked an Uber because it said $29 - I said, that’s fair. I had a good ride, I enjoyed my driver and I had a pleasant time, despite the car being 30 years old.
When I get back, I tip the man 20% because he did good.
But what I didn’t realise is that your fee had gone from $29 to around $40 because of an $80 booking fee + taxes?! Ain’t no way, so suddenly this trip is $50US.

I’ve never paid that much for a 30 minute Uber ride in my life. Never will again. Bye Uber apps.",1
"Ubers software is a joke, you’re edit location pin feature is useless, you’re drivers only rely on the GPS and forget to use their human computer brain, I leave notes, I order premium and the some of the drivers get angry at me, I can’t move my house. I pay a lot of money to use Uber, invest in your business and stop being cheap, this is not a charity. Be better if you want consumer money. Btw Uber eats always get the right location….",1
"Horrible service, insanely overpriced & drivers constantly cancel your booking after driving straight past you. Today 6 Ubers in a row cancelled within minutes of arriving causing a delay of 45+ mins while I waited for each Uber to approach the pick up location before cancelling. Drivers cancelling trips is becoming so common that we can only assume they are somehow abusing some part of the process, why else are all the drivers accepting every ride just to then cancel them…",1
I’ve been using Uber for about 6 years and It’s been a while Uber drivers started canceling runs far too frequently. It is being so annoying that even when you get to an airport you cannot count you will get a driver on the first attempt. It looks like drivers are making you a favor by driving you. That happening on every single drive is too much! Taxi service is actually much better than Uber at the moment!,1
Sat here for 30 minutes trying to get a ride when I would find one they would just end up cancelling silly thing to include as a driver should not get a choice whether they want to take you or not,5
"Every experience of Uber I have had, has been easy, useful & efficient...& I found the drivers almost seem to enjoy their work. Overall a consistently pleasant & positive experience. 👍😊",5
"Ordered Uber eats and made a typo in the address. There’s no in-app way to correct it, even if you realise and tell the delivery driver. The driver for my order deliberately still went to the wrong address, even though I called him before he arrived and explained the situation, and then ignored the 5 messages I sent him with the correct address. I got charged in full for the order even though I raised the issue with Uber. This was the last straw for me after multiple bad experiences with the food delivery side of the business.",1
The wait time for an Uber is now around 10-15 minutes. This is making it now no longer as convenient as a taxi or bus! 6 minute waits were fabulous. Is there a way the algorithm could review this as I will start looking for alternative transport soon.,5
"A. Very nice friendly Aussie, he had a very clean car.
He was very polite and I noticed when I received confirmation of the cost of the fare, the price was exactly as first quoted to me. This very rarely happens with other Uber drivers. Most times the price charged to me is more than quoted.
I wished I could get he every time I use Uber.",5
"Sometimes i arrange a pickup from somewhere im not, especially in urban area where i know its hard for driver to pickup from. It would be nice to see current location and walking path to pickup spot in case im running late. I currently jump between google maps and uber",5
So try using iPhone X & deleting a payment option where the three dots that show the edit/delete menu is black & sits on a black background. Without your help menu I’d be stuck with the old one.,5
"I have been charged for a cancellation. Trip was only cancelled after agreeing with driver that it would be too hard for him to get to my pick up spot due to one way street situation. He went to wrong address further down the street (Kent) over King st and would have had to go back around several blocks. He suggested calling another driver. It was not possible for me to go down the street because we had luggage. Please arrange withdrawal of cancellation fee.
Jim Grace",2
"I have been charged 2 unfair cancellations fees. The first one the driver wasn’t waiting at the pick up point. And the second the driver cancelled us as soon as he got to the pick up point where I was waiting. I have made a complaint using the app. Nothing happen and I cannot follow up my claim the app won’t let me.
It s really difficult to contact uber.",4
"I wanted to be picked up at garden city bus station pick up zone BUT uber ap. set up my location to officeworks on Logan road mount Gravatt. 
I texted the driver clearly describing my location. He called me, I couldn’t hear him(traffic noise) I couldn’t understand him (strong foreign accent). He said forget it and hang up. I was charged a $8 cancellation fee. I waited 15 mns trying to explain a driver where I was. I was ready, the driver wasn’t. 

This preset pick up location is not working.",2
"Love the service on the whole drivers are amazing and as I’m without a car it’s a lifesaver.  But the app is for 👎 the newish interface has ads that cover 90% of the screen and map, also a frequently auto plays with audio - don’t abuse my bandwidth to push ads for a service I am already paying a lot for.",3
"Their customer support is absolutely useless. Charged me for a food place I ordered from when they had to cancel my order because they did not have what I ordered. 
Because the CAFE cancelled it past the cancellation time they were still trying to charge me for it. 

The app now claims I owe them money when I used PayPal to charge them back.
Useless. Don’t order with them because if they or the food place screw up? It’s your fault apparently.",1
"I’ve never used Uber before. Arrived in CMXD and told that Uber is the best way for a nubee to get around. Loved how easy it was to join and to get automatic five star rating. Drivers have been great, cars superb and I feel really safe. Thanks to all the drivers doing the hard yards. Muchas gracias🇲🇽",5
"I always receive a notification of who is coming to pick me up, after I make a booking. However that changes between the time I book and the time I get picked up. Why? Why can’t the person who accepts the booking be the person who picks me up? I think that there is something dodgy going on!",3
"Some of the nicest, most interesting people in Sydney are Uber drivers.  Have had many fascinating conversations and often leave the ride feeling as if I’d been in some exciting cultural adventure!  Highly recommend Uber drivers!",5
"My driver was so sweet and very lovely to chat with , got me to the hospital on time and was a perfect driver and I felt 100% safe in his car and when I asked for the aircon to be turned up higher he was fine and very happy to do so for me . Top driver . Thank you Uber for having such a lovely gentleman",5
"When i got in an uber, the guy was so nice. I drank like 800ml of orange juice and vodka ( screw driver chug jug ). I had  bag to vomit in, just incase. though, i asked to pull over, and the uber driver obliged. it was 3am and he was very understanding. i didn’t get his car dirty, but i paid him a $10 dip for pulling over. common cutesy. 5 star",5
Why is it everytime I try and order an Uber I have to deal with 5 drivers cancelling the trip. The wasted time of Ubers cancelling negates the use for your service to begin with. Be better. Incorporate a system where the driver can’t cancel if they’ve accepted the fare.,5
"I was trying to order an uber  and I had no Wi-Fi as I am in the UK visiting the police were helping me move the location point on my phone when it dropped out, and there was no connection with the car where it was going to park, so I had to take a taxi and I got charged a cancellation fee. That doesn’t seem correct.",3
"Used to use the service and it was alright. Ridden with some friends last few months and the experience has turned for the worse.

Why I now longer use the app and refuse to use the service? Its because of the disguising and unethical price gouging when the Sydney rail network went down on 8 March 2023. 

Go check out the news. Big enough for everyone to talk about it now.",2
"The last two nights have waiting times in excess of 15min, rides would get picked up and cancelled on numerous occasions. Plenty of cars around as it was in the city itself. Cleary drivers would cancel when they saw it was a short ride, which I’m sad Uber claimed it wouldn’t do. 
This one Uber driver was the best and he took us for both nights but it came after waiting for a long time. Very disappointed at the service of the Uber app overall.",1
"I have an iPhone 12 Pro and have the latest iOS update install, there are some buttons that don’t respond when you double click on the designated VoiceOver location I would expect for such a widely used app that Buber has fully checked. It’s Accessibility capabilities.",4
"I have been a regular user and advocated for friends and family to use uber for years. In my experience what was a fantastic user experience has been replaced by constant price surges, unreliable time to pick up estimates and constant driver canceling accepted trips. And I live in a central location where there are always drivers showing on the app. When the same trip costs $20 less in a taxi it’s clear Uber has lost their value proposition. Never again.",1
"I close the door lightly, talked to driver about how’s it going ..etc, and my score only has 4.89. This is too frustrating. This is just unfair that driver can cancel my trip for free but I need to waiting more longer. And I am the person who pay the fee. I can totally understand that this function is to restrain some passengers . But what about other normal  passenger ? Should they be giving money and being graded?",2
"I actually can’t believe Uber has the audacity to charge me $45 for a 10 minute trip, let alone charging me $45 twice with the justification of a “security hold” I’m on day 5 and I still haven’t received my funds back. Everything that made Uber good is no longer. Taxi or didi is the way to go. If you’re financially struggling don’t take the risk of getting charged twice! This experience nearly ruined my whole trip. I tried my best not to fixate on it.",1
"New app is a step down in my opinion from the original app. Ever since they moved to what looks like a cross platform version with identical look and feel, the app is laggy, clunky and the data from the driver’s GPS is really bad. I can wait for 10 minutes with no update on their ETA, then all of a sudden they have arrived.

Pretty poor after setting a high standard originally.

Come on Uber! You guys are huge! You can do better than this!",2
This app has become a literal dumpster fire ever since they allowed the drivers to cancel the trips that aren’t convenient for them. Three times now I’ve been really late for appointments because drivers keep cancelling trips they don’t feel like taking. I was a massive advocate for Uber back in 2015 but it’s total garbage now. I’ll be deleting my account and going back to taxi’s which ironically is now the more reliable service.,1
"If I could give you no stars I would, three drivers in a row canceled the ride after making me wait for 50 min for a ride. Why are drivers allowed to accept jobs then ditch them when ever they feel like it with no consequences? I missed a really important meeting because fool me though confirmed actually meant confirmed, not confirmed until I feel like doing something else. I hope it cost you a lot delete all your bad reviews I really do.",1
"It’s so disappointing to say I’ve been trying to sing up as a Uber driver last 4 weeks. Hopeless Uber do not have any direct call support, Every time I try to get help from chat support, everyone is saying my account is monitoring by their specialised team members and will be active in 3-5days. 

As a same time Uber is sending me email asking to upload more documents while all my necessary documents are uploaded. 

I’m so frustrated at this point. I would like to rate Uber -5 if they would have option.",1
"I have been a Uber user for years with good ratings. I occasionally had issues with bad drivers, although most recently half-way through a trip, my driver refused to drop me at my destination and dropped me off without finishing the trip. I was not rude, aggressive, unclean - I didn’t speak the whole ride! I went to make a complaint to Uber, and instead I have been banned for some unknown reason!! Contacting Uber gets no response. Absolutely terrible company!",1
"Not sure why I was charged an extra $1.65 for tolls, surcharges and fees when the trip was from suburb to suburb, no tolls applicable

I even set my region to the city I live in, no explanation as to why I should be charged surcharges or fees for going from one suburb to another

Considering uber already charges GST via its drivers’ paychecks, is it just charging its own management fee? I’d expect there to be a more transparent answer considering the amount of emerging competition in the market",2
"We had a party of 11 so some took a taxi and two Uber’s ordered. My Uber ride didn’t know where we were then we got in and he didn’t know where to go! As I am not from Sydney we got out of the Uber and took a taxi which cost me $8.20 I then checked my Uber account which has Bennet charged near $15!! For no trip and an in experienced driver. 
My son took the other Uber and had to get a taxi to the same destination once the Uber drive him to the wrong area.
Sadly Uber is far better in Brisbane, Dubai, Doha and the rest of the world. 
NOT A GOOD EXPERIENCE AND A COSTLY ONE !",1
"Good job delivered in extenuating. Circumstances - 
-   Driver concerned he would not be paid for the job , because his Uber ride/phone technology for recording jobs, was out of “juice” as  he hadn’t had time to recharge batteries, before accepting the job.
Despite all that he took me to
My destination anyway. 
Please Help your contract workers fix this problem.",5
"On Sunday Night i jumped onto my app & ordered an Uber    The first bar says “ from your location”  ( which was Southbank) the next bar says “where to) & I typed that in & we waited, & waited, & waited.  6 mins later ( after saying the driver was 1 min away) I looked st the map to see that my driver had been sent to the other side of the city.  Then all I could do was cancel the Uber.  I was then charged $10 (to be fair to the driver) I was told, because I had unfairly cancelled.   UBER should be giving the  driver $10.  Not me.    Not happy",1
"There is no log in option on my app. Since upgrading my phone, and downloading the app again it doesn’t allow me to log in. and when I click on enter my email address is just comes up “this email is in use”. Uber and Uber eats were pretty handy as it was all in one company for an anxious person like myself, but since I can’t log in I’ve had to switch to Ola and Menu log :( I sent in a request but it was ignored.",2
"I don’t know what the update has done but it doesn’t locate me properly and it keeps trying to tell me I live an hour away. The drivers and myself are getting confused. Also the drivers I have been getting lately drive like they don’t even have their license. Yeah, their service is great and friendly but when they can even follow the road it’s a little concerning.",3
"As I was using the Uber app to tell me where to go to my pick up location, the Uber map has failed me several times. Some of the street names are not displayed and it’s hard to navigate where I am and where I’m going. The black dots do not help either and the amount of time I have to get to the car is very short. I hope this bug is soon fixed because it is just as frustrating for the riders and the drivers when either of us has to wait on a busy street.",1
"I’m very angry as I tried booking an Uber to get to work on time and I went to go book my Uber and it kept declining even though I had plenty of money in my bank account! I Ended up being late to work and had to book an ola instead which was way better and a lot easier to use! Wouldn’t recommend Uber as this problem has happened to quiet a few of my friend and it doesn’t seem like anyone is actually trying to fix or do anything about it! 
Not happy at all with the service!",1
"Mohammed was a joy to share the car with. With 2 inebriated passengers on board, he was incredibly tolerant and engaging even though I’m sure we were potentially, a little annoying. A pleasant drive home by all, I think.

Our driver was great.",5
Had the rudest uber driver. Got angry because I couldn't read his number plate and unfamiliar with his make of car. Mentioned that I should see the colour of the car if I click on the profile. Sorry but that is something new I've never seen before. I told the driver he was being aggressive (because he was) and he threatened to kick me out in the rain... I've never had an issue with an uber driver before. They've always been amazing but Amer was awful. Gave 1 star but is that really all you can do when being verbally abused??,1
Late night arrived. Did not arrive any transport assuming I would get Uber when I came out of the airport I tried to book a Uber. My Uber app didn’t work. It kept on telling me to set up my location when I called Uber they didn’t care about my member. they just book me Uber taxi ask for my credit card and charge me nearly double,2
"I have processed a payment for an uber one membership subscription which was only meant to be $36, however, due to some sort of lag or glitch it processed this $36 payment multiple times leading to a total of over $200. Currently it says that it is still pending so they cancelled my membership payment and said that they returned $36. Having to wait between 5-10 business days and now not having a membership is frustrating.",1
"Clicked on pick up location, walked outside and the car turned up. Didn’t even stop walking or wait. It just happened in one moment. I think it was my first time ordering an Uber. The driver was really friendly. So awesome!",5
I once booked and immediately paid via paypal but after a booked in advanced and didn’t pay yet a day before i wanted to pay and couldn’t do it unless i put money on my uber wallet. Lucky the driver explained it to me….. this needs to be more user friendly please,4
"Have had multiple instances when my tip is not processed immediately after the trip and I am prompted to tip again. This later results in being charged multiple times for a tip. Making it really hard to reward good drivers for going above and beyond.

Help function is also way too rigid. No option to talk to a person for assistance, just get railroaded into one of a few common problems and told to fix it yourself.",1
"We arrived at Lisbon airport knowing nothing other than how to order an Uber. Fernando was great, very patient finding us then gave us some great ideas for sightseeing while we are here. The car was amazing and super clean. Thank you Fernando for the perfect start to our holiday.",5
"I initially booked and paid for a one-way trip for a relative. During the trip she wanted the same driver to bring her back right after she picked up something.  She’s an elderly and didn’t know how to use the Uber app. When I realised that I could “add” a trip to the original booking (thanks to the help of her driver), I did it but the additional charge was double the single trip!! I had no choice but to accept the charges. It’s such a ripoff!! 
The driver was great but not happy with Uber high charges!!",1
Very poor updates recently. App still showing looking for drivers but there is actually driver accepted the job and on their way which I am not aware of and cancelled trips cuz I thought no one is coming. Then it is still showing looking for driver even when the car is waiting for me right in front of me??? Wasting so many time in a rainy morning,2
"I left my phone and car keys in the car. The driver has drove back straight away and return my items I left in the car. He was so kind, did not hesitate to answer my call. Highly recommend him. Thank you!!!",5
"Seems to value it’s customer service more than the others, and attracts more professional drivers, given me fair treatment on service issues which I’ve raised on very rare occasions.",5
"I don’t like your assumption that 4/5 stars infers that there was a problem with the ride
I don’t like giving 5 stars for any human activity based on principle that if you give all normal service 5 stars then what is the point of the other four 
You should go to a satisfactory/unsatisfactory ranking",4
"I know it can be busy at certain times, but I had multiple drivers be on the way and suddenly cancel within a minute of arriving, which left me and others stranded, hoping the next one wouldn’t cancel.
And yet if someone who needs a ride cancels, they’re charged for it. I know drivers who have told me they cancel if there’s a bigger fare, which is unfair for people who need to get home.
If a driver says they’re going to arrive, they should do so.",1
"Hi Uber
I'm a business customer, and I use your service daily. 
Recently I have been experiencing many cancellations, causing delays arriving at destinations. 
I can not use an unreliable service.  I will be looking at alternatives and might even go back to the cab network.
Lift your game.",5
"Booked a 4am ride for my parent to the international airport 2 days prior and got cancelled 10 mins prior the confirmed time. Very unprofessional and rude, imagine if your ride got cancelled and you can’t grab a taxi and miss a flight. Can’t even talk to a person directly and only got “system” to handle the complaint. Refunded the fee but it’s more than just a fee. Give me discounts for next ride, but it’s useless since I won’t be using Uber anymore after this horrible experience.",1
"Book a ride. Driver is 13 mins away. Wait 13 mins. Driver drops off passenger 50m down the street. Cancels ride. Driver accepts. Driver cancels. Driver accepts. Driver cancels. Driver accepts. Driver cancels. Driver accepts. Driver cancels. Driver accepts. Driver cancels. Trip cannot be completed at this time, please try again. Surge price of additional $15. Driver accepts. Driver cancels. Driver accepts. Driver cancels. Driver accepts. Driver cancels.

I am waiting at a designated Uber pick up location at a shopping centre and have a good passenger rating.",1
"This app is a miracle I have been using taxis for a long time but now I’m using Uber I get to my destination efficiently, all the drivers are very nice and most drive well. With taxis drivers are almost always reckless and or uncomfortable. If you want to get to your destination quick and comfortably use Uber.",5
"I don’t know what’s happening in the rest of the world, but in Brisbane the wait times are so drawn out and are often extended by numerous cancellations. Additionally, I used to find Uber a cheap alternative, however, all my recent rides have been at least 50% more expensive than a normal taxi.

I feel like Uber disrupted the market, and I rated the device, but now I prefer and trust the original taxi’s more and they cost less.",1
Booked trip from nursing home to city .something my mother and I do frequently. We were waiting inside the porch and the driver suddenly cancelled the trip without phoning me and charged me $10 and then drove in to pick us up. I’m extremely unhappy and I’m asking for a refund. Thank you.,5
"All was good until someone from the Netherlands used my card details for uber eats. I cancelled the card and sorted it out with my bank etc. but uber has cancelled my account until I pay an amount which I assume is from the fraud, but I can’t be sure because any way of contacting them to sort it out is a dead end. I’ve contacted them through their website, Twitter, and email. There seems to be absolutely no way of sorting this out and no way of contacting someone who can help me. So Ola it is then.",1
I really enjoy the service that Uber offers but it needs to change its navigation system for its drivers. It send you on the most ridiculous routes way out of the way to your destination. It should change the system so like google maps you can choose the route you want to go from the mapping system.,3
"This has worked seamlessly for me EXCEPT for when we have had to go to meeting points. 2 cars ended up in the wrong place - the first went to where we were originally before being directed to a meeting point and then cancelled.
The second could not get to us, ended up after a long time, waiting at a point away from the meeting point.
We had to cancel as couldn’t walk all the way there.
Ended up getting a taxi",2
"Such a fantastic app. Love all the features. Multi stop feature is very helpful when dropping off several people. Love that I can see who’s coming, when they’re coming and what car is coming. Such an amazing innovation.",5
After a day of celebration to be able to return home safely using an Uber Taxi  made the day perfect. Also the ability of our family to track our return home was amazing. My husband and I are in our late 80s and we really recommend Uber Taxis for all of the above.,5
"You never know when you’re going to need an Uber so it’s beat that you have it. Although there are a few minor kinks to sort with GPS functions,  it is still an essential and expedient app that offer a service that I quite frankly cannot imagine being without! So thank you!",4
"Apple Watch is stuck permanently on “Select” not the previous journey car type . Cannot be changed. Needs to be fixed. 

Map showing driver arriving is ok but map en route when journey starts still does not show - just a blue screen. Anybody else have these issues?",5
"This app gives no ability to ring up and complain when you have a bad experience.  When I drive pick you up in a bomb, takes the longest route and then you get a bill near three time the original quote. Who can you complain too.",5
"This app is such a waste of time. Tells you a new error every time you try to sign in. Says it doesn’t recognises my email address, then says it does. Finally manage to re set my password, and oh look, it doesn’t recognise it, after confirming everything? Not only is it a waste of time, you then have to wait for someone to get in touch with you about this issue. Too bad if you had to get somewhere, which is exactly what I needed.",2
I’ve had problems with accessing Uber. I wanted to update my credit card but it wouldn’t allow me. Can you help.  I deleted my app and tried to reinstate but the Get” does not appear.  Thanks.,5
"He was the worst driver I would never recommend him to anyone as he is a horrible conversationalist and rude straight off the point as we got in the car. Can not believe you would hire someone like that really disappointed in the service and never using UBER again. You have lost a great customer to someone like him, I don’t appreciate it at all. It’s disgusting behaviour, if I get him again I will never be happy would give him the worst rating rating ever. I would not even give him a star if that was an option.",1
I appreciate Uber as I can utilise it almost any time I need it offers the opportunity of work for people who wish to have a second job. I have the security of knowing who’s going to pick me up and most times it’s reasonable.,5
"Uber always delivers the service you need. Quick pick up of jobs, excellent travel time accuracy, clear process in app, drivers communicate well, relaxing rides and great value for money.",5
Needed to get to airport. Driver was polite and well presented. Made the effort to get out and put my suitcase into the trunk both when getting in and out. Car was clean. Music at a good level. Polite small talk but he picked up quickly I was working and didn’t bother me! Thanks mate!,5
Berni was amazing. He was punctual and friendly and once he found out that I lived in Brisbane many years ago Berni updated me on all the changes Brisbane has undergone while I reminisced on my memories. It was a trip back to nostalgia for me. Thank you Betni,5
"Easy to use, very reliable our driver was excellent, our original driver did not turn up. I called him, then he cancelled the job and the new driver turned. Thank god he did, because we were going to the airport, thank you to the replacement driver",5
Booked a ride last night and accidentally left my set of keys in his car .  Didn’t realise I had lost them until the morning and after making contact with Denis he very kindly returned them to me this evening . Wonderful service and really appreciate his honesty. 5 star service !!,5
"I was not able to request a new driver after the driver had falsely “arrived “ but in actual fact driven past & parked 5 km away for 20 minutes ignoring my messages and phone calls. When I tried to cancel for all of these reasons I could only do it if I paid $10 “ for the driver’s time “ no consideration for my time! Eventually he headed back towards me but drove past and then finally cancelled the trip. 
This was my first experience of Uber- not happy 😟",1
"We used uber alot and knew exactly how should we book ride with full information which could help the driver to find us easily. This time, We booked Uber in Hobart CBD with pick up details address, the driver confirmed our trip but he never came, he cancelled our trip 15 mins later and charged us even we were still waiting at the pick up address. We got to book a taxi and almost late for our flight. Not recommend at all.",1
"left my wallet in one of my friends rides. not only could i do nothing about it from my account, once i got into her account i received the most slow and unhelpful service for an extremely urgent matter. my id and bank cards are all inside. the driver 100% has my wallet as i have managed to contact him once to confirm this however the app will not left me contact him again. now i am stuck in a bs cycle where i can only contact the driver thru some uber support person who is in general just useless. he literally agreed to post the item to me but when i went to text my address turns out it wasn’t actually his personal number that i called but some fake number router thru uber. literally the most nightmare experience.",1
"Uber now discriminates against people with a medical exception for not wearing a mask. Making you take a photo of yourself wearing a mask before booking. The software then scans your face to check. Won’t allow booking if it can’t detect your mask. So if you have a medical exception you can’t ride? Wow uber, you bang on about discrimination against pretty much everything else except when it comes to an actual medical exception you won’t allow someone to ride.",1
"I’ve had no issues with Uber before besides when I was charged an $80 cleaning fee when I didn’t even make a mess in the car.
And only one other issue, when Uber drivers call you to say you need to cancel the trip because they are ‘too far away’ 
Uber needs to get their stuff together.",4
"I booked an Uber and was waiting at the place I booked it. It did not show up and I was charged for it!!! I then had to wait 15 minutes in the dark for another to show up! Very poor service. 
I’d like my money refunded please. I actually tipped the driver who did show up.",5
"Uber has constantly been charging me incorrectly, when I try to explain to their “help” desk on the app I honestly cannot explain how exasperating it is. I am going around in circles constantly, they are continually contradicting each other. I cannot think of a time where I have felt with worse customer service.
 Uber’s fine until you have a problem as their customer service reps desperately need some training. Unless my dispute is resolved I intend to avoid and go to cheaper/ more responsive services e.g Bolt/ Ola.",1
"Trip was fine, but just want to know why I was charged a waiting fee when I was waiting at the pick up point 10 mins? It’s not much but I have not been charged this before as I am always at the meeting point a long time before my ride turns up. 
If this is being charged to every customer, it’s quite a nice little bit of money for no service",3
Yes love the app with selecting temperature in the vehicle and if I want someone chatty 📈✅🆗 just wish there was more Uber greens in Darwin but hey your heading in the right direction also I don’t seem to have any discount coupons lately they should be given the more you ultilise as a Uber one member 😳👑,5
"It has failed numerous times when trying to book an Uber, which is frustrating when it’s your kids your booking for, my family no longer have any trust in the app or the company as we have been been left disappointed and too many times. Also their is no help number or contact available in these situations.",3
"When in a city the pick up location gets moved while trying to confirm with the driver and then the driver wants to argue through messaging about where we are and then when asking him if he wants us to move, he waits long enough before answer us and canceling the ride. He was only one street over but refused to come to our original location.",2
"I booked a trip for my daughter who misunderstood, possibly due to her autism, the time of pickup and missed the driver. $25 seems a little steep as a penalty for that. Also, I’m not sure what map service Uber uses, but it seems unable to find my house. It’s on google maps.",4
"The service is better now with the new apps 
Recommendations : basic training for drivers in terms of style of driving cleanliness , behaviour etc 
Better gps locating 
Investigate drivers cancelling last minute and price stacking",5
The Uber turned up and was unable to fit our suitcase and he cancelled the trip. I’ve been charged $10 for cancellation. Will not use again if this is the service.,5
The fact several can cancel a trip with little to no consequence astounds me enough to use this app as little as possible. A trip that would otherwise have 5-7mins wait for the driver skyrocketing to 18-33mins after five drivers cancelled despite me having a good rating is insane. This is a problem that happens too often.,3
"Uber already makes money off the drivers, passengers paying and now making money from forced ads. That really is a low act and makes the app look cheap and low class.",5
The app is designed in such a way that the rider has no option of reaching out to the customer care in case of emergency. The safety feature is useless and is a joke. Get your app viable and use friendly for both rider and driver where we are contact customer service in case of emergency- especially for technically related issues. Safety feature is anyway useless so at least do something to fix your technical issues.,1
"I first booked one which was subsequently cancelled - which I did not do. I had to book another one for the same time. Uber, do you have a phone? I wonder why you didn’t let me know about the cancellation. But Brian, the new driver, was very good :)",5
I booked the Uber he came and asked me to cancel and rebook as he did not have my proper address of where I needed to go . So I did and rebooked . Was charged an $8 cancellation fee plus the fee changed from $18 to $24 . Not happy Jan my first Uber experience and felt ripped off.,5
"I catch uber everyday to go home from work. It used to be a good service but now it’s just an horrendous waste of time. Everyday at least 5-8 drivers decline my call because it’s a short trip! It’s not a service anymore… it’s just a ‘driver game’ to make more money for them. They don’t talk anymore. They’re always at the phone. And in this state face mask are still mandatory. No one is wearing one!
You guys should change a bit your procedures because at today it’s DISGUSTING",1
"I haven’t use Uber in a fair bit. But today I decided to order a simple chocolate mouse from a shop 400m away from my home. Uber asked if I wanted a priority delivery over the standard delivery. Since when you need to over charge people for their food? I decided to order standard (20-30 min). The delivery took 50/60 minutes for an of the shelf item. 

I wanted to cancel the order but there wasn’t a place to do so. In any restaurant, if your food take an hour to arrive you are entitled to cancel an order. 

The restaurant tried to be nice, but Uber didn’t coordinate the drivers. Never ordering from Uber again I rather order directly from a restaurant! 

Many graving machine for products that you don’t even produce and for work that you don’t even do.",1
"Thanks again for a second inner-city ride. Once again, our driver was excellent. Pick-up was achieved using the “notes” section on the app (good idea). Conversation was pleasant and cheerful and the driving smooth and trouble-free. Uber has made city travelling possible and pleasant. Thanks again. Cheers!",5
"Uber stop getting cocky we understand a couple minutes 11* minutes max (where people start to tick) - don’t increase, Uber needs to be quicker. I know it’s tuff with a lot of things blocking your progress as a company but please and focus with one of your goals.. that ‘customers like it when it’s quicker regardless of price’. From an average stand point of view 
(The mid middle class)",3
"Updated on 23 rd sept. 
New apps now better .. most of bug resolved. 

New uber driver app is not user friendly nor technically perfect. Old one was perfect version..  lots of bugs in new version why its not tested before launch ? I think its technical disaster for uber... hope get well soon..",5
"As a someone who often takes Uber’s and generally enjoy riding in them, i would prefer to be able to put in the app that I would like to avoid tolls at times when I know that the route will be cheaper and just as quick when avoiding a toll road.",4
"I booked a ride 4min then 3min then 5min ,after 6mins I saw the car on the app arriving but went straight pass me . I messaged driver ,no reply eventually saw he was in wrong road so went and called him over leaving my heavy boxes side of road . The whole time I was on the spot of the pick up point so when driver eventually came to correct point I asked him if he was going to charge me waiting as it was his fault . He said no— then on receipt I was charged . NOT ACCEPTABLE.    
I used to use Uber most days but definitely try alternatives !",1
"I love using Uber but your navigation system is getting ridiculous. I have been taken around the world. Drivers being sent to locations not at all near where the address is and complete disconnect between the time the driver arrives and how far away your app says they are. This makes drivers and consumers very frustrated. 

This needs fixing",3
"I saw with my own two eyes that my driver gave me 5 stars but his app changed it to 4 which he cannot edit.  What’s going on?!  I’ve noticed that my rider rating is slowly going down the last couple of months.  It’s at 4.68 now which is way below for a frequent customer, never been late, never rude to a driver, always trying to shut the door properly.  I’ve never complained or ever been drunk in a trip.  I don’t get it.  It’s as if uber is trying to tell me that they dont want me as a customer.",1
"Hello There
An Uber driver refused to take me to the place i asked due to having a kid with me with no car seat.
I had already contacted uber previously and I was told uber drivers are exemption and no car seat required ,baby can be on our lap with seat belt on.
I had to cancel my appointment as uber driver unfortunately refused to take me to the destination,also took me more than 5 minutes until i was able to ask for next one,which came after 10 minutes.
I lost my appointment and really disappointed with the Uber .
Please try to make your rules either clear to your drivers,or make your uber app more clear,as therevis nowhere in this app says whether you have a baby or not.
Any way,really disappointing.",2
This latest update forcing users to always share their location regardless if their using Uber is a complete violation of privacy. If it doesn't change I'm moving to another service.,5
"Yul was early picking us up and even had to double back as i forgot something .  We were a loud bunch but he took it in his stride and delivered us all to the airport. 
Beautiful clean vehicle and very friendly .
look forward to next time thank you Yul",5
"Since the new update I can't choose my address as a pick up point. It offers me a location hundred metres away. What's the point? If I could I would give it -1 star.

New issue: I cannot rate my drivers anymore. The request for rating comes up yet the usual option with the stars does not. I feel bad, because they all deserve 5 stars but I can’t give it to them. Please fix this.",3
"Try to get transport at the morning and this app is useless. 15 minutes of waiting a car after many drivers canceled. Better to take a taxi they don’t change the price and stop when you need them.

Any time I took an uber I got charged for “tolls” I never agree with or ask to take that road here tolls are compulsory  and if you want to complain an IA service tell you you have to pay that’s all the help they offer",1
"I had an excellent experience with Uber. The driver was well in time ( He arrived 10 min. in advance). The car was clean, spacious. The driver was polite and interactive during the ride. The fare was quite reasonable. I would rate 10/10 in regards to service and professionalism.",5
I thoroughly enjoyed his ride. He was very polite and friendly. As I am a chatty person he was very nice. On arrival at my destination he also helped me with directions which helped me tremendously. I highly recommend him and hope he does well.,5
"I had to dash out to a destination 10 mins away and Uber arrived within 1 min. Trip was pleasant and Mekedes was so enjoyable to ride with. Polite and courteous . Car was also very clean, comfortable and well taken care .
Thank you Mekedes… all the best !! 

Rider from South Yarra to Jolimont Lane 😀",5
Why is the public transport option no longer an option?,5
Good,5
. very good,5
"Great app, always safe travel 👍",5
very nice 👌,5
Nice,5
Outstanding!!,5
Good app's,5
great,5
should have preferences about drivers,4
U Uber helped me when I needed a ride. 7th I,5
Acha behaviour tha,5
"Everything is so perfect, the timing and the services are the best.",5
Good 👍,5
Card payment declined so paid driver cash .,5
Best,5
Nice app,5
"Uber is very good but the charges can be very high. I use uber everyday Monday to Friday, to and from work, that is morning and evening. is there no way I can be charged a reasonable flat fare. I have a problem when drivers keep cancelling but when I cancel due to long waiting time I get charged Overally uber is very good. I could have rated you 4 stars but I feel those concerns need to be addressed Thank you",3
When the rider asks for more money there's literally zero protection or complain option for the customer. Basically running a scam network now,1
Good like heaven ✌🏼🥂🌸,5
Wow,5
"Worst app. Every time when I book a auto , the driver would ask me the location and he rejects it. It happened for multiple rides in same day.. not sure what is the use of route map in the driver's auto when they ask destination.",1
"Very pleasant,punctual. Driver very friendly and polite.",5
Cant tip driver,1
Good,5
Very very very very very very poor Ho ska to kbhi mat krna isa download,1
"The prices are ridiculous they barely give any offers to uber1 customers who have had Uber for years and spent thousands upon thousands through Uber eats and Uber rides. If it weren't for necessity I'd not have this app; again the amount of offers given to loyal customers are basically non existent only to new customers. Ironically when I go a little while without using Uber is when I get offers. A bit counter intuitive but I get it, why send offers when you're already spending thousands. 0stars",1
"Can only schedule rides an hour+ in advance. Useless, switching to Lyft where I can request a ride now.",1
Not happy with Uber today has I booked a number of taxis drivers get cancelling them then you give me a option to which from 15 minute for £7:12 to a 2 minute wait for over £10 so done the switch they still cancel I was ordering taxis for over 30 minutes this morning ye I do appreciate the promos I get of you but today was ridiculous,2
Excellent appppp all the ride rapido ubergo shuttle is osmmm I like shuttle uberxl thank you uber you are wonderful 💯 there are many apps in play store but uber is one of best of them sbse best uber hai love you uber,5
I had a great experience this morning on a rainy day. My driver Diny made it pleasant and had a very nice and clean vehicle. I arrived to work safely. Thanks Uber!,5
"Seems like the suggestions are intentionally trying to trip me up. I take Uber nearly every day for the similar route. I always tip $2. The suggested tips are $1 and $3. Now it has started automatically selecting ""business comfort"" even though I take uberX every day. It still asks every day whether this ride is really for me even though I order it from the train every day.",3
Super money saver and service provider,5
Good,5
Uber doing great jobs keeping people's happy 😊 😃,5
Good and prompt,5
Very bad,1
Good,5
very nice 👍,5
Good,5
It's the best transportation app I've ever seen!!!,5
Fast and reliable,3
good,5
"Buggy app: deleted my last completed and paid trip and now insist on charging me for a trip I didn't make. Support is likely just an LLM which won't look into the details of my case, closing it as soon as a reply is posted",1
"Driver was excellent, turned up realy quick, very pleasant gentleman",5
Good,5
Khtm experience,5
Really lovable and amazing experience with UBER,5
Third class app..taking more than 40 mins to book a cab...it's a rediculus service of uber ...taking too longer time to book a cab..I was getting late everyday to ofice in my not to travel through public transport time period..very third class service of Uber cab drivers not accepting the request more then 40-50 mins..time wasting app,1
my money that I worked last week 😭 hasn't still dropped 😞 which is promised every Mondays.,1
Useful sometime,4
Nice ride,5
goood,5
I added 1575 rupees gift voucher to uber cash. Used 140 rupees. And now uber cash is 0. Where is my 1435 rupees? Uber is doing bad buisness practice. They looting money like this...,1
Good experience,5
Super app loved it,5
Exceptionally good.,5
"For 4 times in a row now, the Uber app is glitching it shows you 1 amount, and at the end of the trip they amount is higher. 4 times in a row.. Every time they tell you to wait for your money back. Unreliable!!! 27/01/2025 update.. Drivers follow their own route, and at the end of the trip, your fare is higher, and when reporting to support, they just say it is what is ..",1
Still can't spend my uber money after help given so basicly been robbed for 20 pounds,2
Super,5
"Good Service, drivers also good.",5
Someone is trying to pay for an uber . But its a 6 hour drive from me so they are using my banking details. There is no customer support line to call . Why MUST i create an account.,1
Very nice,5
Very worst app. Riders always demand for extra money.....,1
Very good service,5
Worst experience now a days not a single ride is getting booking always take 10 min to update a driver,1
Reliable inexpensive safe,5
Cheaper than rapido,5
Easy and straightforward. Thanks.,5
Gud,5
I am not really a regular Uber ride user but yesterday and today I decided to use Uber to request for a driver because of the cheaper price comparing to bolt but only to be scammed by Uber the price changed when I arrived at my destination. Yesterday I request a ride it was R20 but at my destination it changed to R30 and today it was R67 and when I arrived to my destination it said R85 which is frustrating because before I request I check if I can afford. Pleae stop this thing you doing 😒,1
Very nice,5
Nice app low rates,5
Nice,4
Maybe my best Uber ever.,4
Best,5
May trip very good,5
It is more better than ola,5
Profile settings!,1
👍,5
I work for rapido!! But i always travel with uber bcoz uber accepts the rides faster than rapido ! Uber accepts the rides in less than 2min whereas rapido takes more than 15mins for my location!!,5
best,5
খুব উন্নত মানের সেবা আমি খুব খুশি ❤️❤️❤️❤️ কম টাকায় প্রাইভেট কারে ভ্রমণ বাংলাদেশীদের জন্য একটি সুবিধাজনক পরিবহন ব্যবস্থা 🤗🤗🤗,5
"Great app, very convenient ☺️",5
Last two months no autos are coming to spot if we booked thru Uber. Not attending call also. Today is 4th time in a row. R u people running a company or not? I uninstalled this useless app,1
"45 mins to book and get multiple cancellation in a city like gurugram, shows your poor service even after taking a membership.",1
Jab koi bhi dusra app lod karta hu to ye pahle hi aa jata h,1
Now a days after confirmation of ride drivers cancel the order. What is problem. The best services of UBER are not reliable for daily commuters. Please find the solution.,4
Excellent,5
Bahut achha,5
Reliable,5
Good job,5
"My last trip was to worst 😞, while booking the amount shown 235rs and after reaching my destination its increased to 295rs, this was my bad experience in Uber and i contacted to Uber customer care and they didn't respond properly i have proofes also, i shared screenshots with the Uber team regarding my trip charges after that also they didn't respond, I want to complain this issue in consumer court. As they are not responded properly",1
Decent Driver Ambareesh....,5
Good app for Taxi hailing,5
Bad application ek Dam sasta Tag for uber ride in india,1
Good service,5
superb and cool,5
Nice,5
Good and fast app for transport,5
Such a good aap,5
Friendly,5
"It is Amazing, I use it with my travels ,safe accurate and good prices",5
Good,5
Good,3
Stop Uber saver bettery scooter option. Because of mostly two wheeler driver are attached 110 c petrol bike.,1
sometimes waiting long time,4
Uber is the best,5
Nice,5
good,5
I feel safe,4
Excellent service,5
Nice kind guy,5
Good,5
Exceptional experience,5
Nice,4
Worst Uber ride my trip charge 100 but extra 50 rupesh charged,1
Good service,4
Good customer care 👍 👌,5
Good service,5
Good,5
"First Uber trip, nervous because at 3 AM. Driver was early and perfect.",5
"Thanks 🙏 so much, it's not waiting time always in time",5
All good on time when u need to be,5
"App does not allow pre booking to a hospital, so in the morning when i needed to take my wife there was nothing availible because of the school run, uber has essentially prioritised the school run over an urgent hospital trip. Would not have had the issue with a regular taxi, if your trip is important do not use uber",1
Nice,5
"Reliable, safe and secure transport for my everyday business.",5
First trip very good expireance,5
"i was trying to share recent feedback but unable to find with whom i should share. In uber moto driver are accepting the trip than not reching the pickup location, while calling they telling to cancel trip as he will not come. as i cancell the trip as told to do , i find around few amount charge to me as cancelletion . this happen we me more then 2 -3 time it happen in uber moto while booking moto in busy time. Uber should take some action to solve this scam . n8t time continuously cancel ride",1
"Unprofessional drivers, extra charge for unreached driver for ride request.",1
Safe driving,5
Good Drive-in Best Driver,5
"Uber is definitely pretty useful and convenient. However I did have an unusual glitch today with the payment as I had to pay extra because the amount shown on my screen was not the same as the driver's. I checked. Other than that, good.",4
Good service,5
Drivers are rude and not reliable,1
Personne très sympa et gentille,5
Auto mangvaoge erikshaw ayega. Complaint nahi kar paoge. Ekdum ghatiya app hai.,1
Good,5
Very impressed with the service,5
First time I tried it loved it quick easy n a lot cheaper than other transport options,5
Easy to ride with Uber,5
Best,5
So useful app,5
Very nice ride.,5
Good,5
Excellent,5
Good and fair priced booking app✨,5
Very good n very price less,5
Best and safety ride,5
Ok,5
Good,5
Amazing service,5
Good experience,5
Good,5
I had a very good experience Thank you uber,2
Crazy app with crazy drivers who just LOVEEEE to cancel trips and not answer calls (or answer and then cancel haha) even before 5 min pass 🤡,3
Good service,5
💥,5
Always look out and on time for me! My go to rideshare app,5
Rate of good,5
Uber will charge anywhere between Rs 20 to Rs 50 per kilometer..... I guess Airlies are cheaper option :),3
Very friendly and helpful.,5
Very good,5
Very safe,5
Bahoot ghatiya app hai,5
It's very good experience to drive on Uber,5
super service,5
fast pic up... thanks,5
Exelent,5
Very Nice,5
Good,5
It's price range is reasonable,5
Worst drivers,1
Good experience,5
Superb performance Excellent driver,5
Good,5
Awesome 😎👍,5
"I never review apps however since Uber does not have a contact number, email address or anyway to log in real complaints I have to resort to this. I have to use Uber to get to work and I've had endless problems however this morning is my last straw. My work is less than a km away and it cost me R134 to Uber this morning due to ""increase demand"" however on the map there were at least four or five Uber drivers close by in my area. I am officially done with Uber.",1
Easy to use and helps to be able to book a trip in advance.,5
Please fix the glitch. Is your website maintainance high or what,2
greta experience so far,5
Very bad experience,1
Good app booking ride easy way,5
Very nice I am happy,5
He's good and he's car is clean and smell good,5
Nice service,5
Smart and neat drives respect they passenger,5
Good,4
best wishes,5
Nice service ❤️,5
Good,4
Best app,5
Nice app,5
Good,5
Very nice gentleman. My first time using Uber and it was a great experience. Thank you 💯 percent recommended 👌,5
Faster pickup with cheap fare prices,5
My experience was good with uber fare will be reasonable,5
Why no any customer support from your side drive behaviour very very diapointed but no any option for complain what is the problem for customer support,1
"Good, but it takes too much time to confirm ride sometimes",4
I had always a excellent service from Uber.,5
"Drivers accept ride and cancel, happened 3 times back to back.",1
Worst app for cab booking,1
Bahut badiya,5
"I had a very good trip with Uber, the driver's behaviour was also very good. I did not face any problem in commuting. I would always like to use Uber for going anywhere.",4
"i only use it when I can't get public transit, a cab, a Lyft, or another rideshare.",1
Excellent service within affordable cost,5
Good,5
Best rate,5
"Comfortable, great conversation, wonderful driver",4
Very good,5
Good. On time pick up and drop,5
Drivers keep cancelling their rude.. if you are not willing to go then just don't accept the ride atleast we will not get late for work..,1
"Uber is against the customer and will steal from you. If you don't collect your order within 8 minutes, the driver drives off with your food and you don't get a refund REGARDLESS if he was at fault. I lost money and never got the food because the driver was never at the pick up point. UBER REFUSES A REFUND. CRIMINALS!!!",1
Wonderful,5
very good service,4
Amazing 😍,5
Good,5
💯,5
Good,5
Good 💯,5
"No solucionaron mi problema adecuadamente. El conductor después de terminar el servicio de entrega de paquete, no quiso ingresar el pin de seguridad y dejó el servicio en curso. Yo no quise cancelar el servicio por ser honesto. Pero el conductor ingresó el pin de seguridad 30min después y la aplicación me aplicó cargos extras de 11 CAD por una espera de 30min cuando yo ya tenía mi paquete en las manos. Hice El reporte y me reembolsaron 0.32 CAD. MAL SERVICIO.",1
Nice,5
"Could be better... I have a cc on file, but it keeps trying to use family plan which I'm also a part of. If I choose a ride expecting in fifteen minutes it should be 15 min. Period... I am handicap and need time to get down the stairs and outside. The app keeps choosing a sooner ride, but that's not good for me. If I know I am already ready I'll expect a quicker ride. Uber sucks in mapping too. An Uber driver will drive all the way around a .50 mile loop because Uber corporate says you have to..",3
Nice,5
Excellent,5
Do not include toll road cost in trip then take the cash out of your account after .,1
From down under! Great company,5
uber drivers cancel ride request frequently and give extra pay cancelition charge when most urgent time of me he is not taking booking too much drama of uber,1
Great driver very friendly,1
Very nice app for ride booking. I'm using it from long time and really it's my favourite app for ride booking. It has reasonable price with good behaviour of driver.,5
so cool,4
Easy to use,5
Uber is best,5
Good experience,5
Great,5
Good,5
When I ordered its show 12 Riyal after completing the trip which shows 20 real I was I was talking with driver but the driver said Uber did that cheating this is not fair,1
Works,5
Excellent. Thank you👍,5
"Most of the vehicles need to be replaced / maintained ,/ regurbished",3
It was agood experience,5
Driver was great very friendly,5
Faltu app extra money charge Yar dab,1
"Received an offer for 3 months at 50% off Uber One. On the day of billing, all payment methods failed. Even when I tried switching them manually.",1
Unable to book cabs in Thane West and Ghansoli. Have to book autos only.,1
"Meeting all of our expectation, far betrer then OLA and other peers",5
Excellent service..picked me up a minute after I booked..nice comfy car..driver was friendly and chatty..got me to work in plenty of time..price good also..Will definitely use again,5
Good,5
Excellent Ok thanks,5
I am very disappointed 26-01-2025 dated night 11:00 pm... no any uber cab rider pick in ahemdbad sabaramti railways station to vatva home... me and my father facing problem so .. we cant trusted uber for next time...this is not good..,1
It takes 40 min to book a auto 🙂,3
Reliable service used many times,5
It contains low prices but drivers complaints about it.,1
Jast liking like a wow,5
Good,5
Good app,5
Ordering food is just a game now of what are they going to mess up. Delivery drivers are abysmal and either mess up the orders or just cancel for no reason. Why in the hell do I have to be charged 5 dollars to cancel a ride but these idiots can waste MY time and cancel an order without consequence? This company can shove it. 0/10.,1
Ride is good but booking process is too late,5
"Pathetic experience with the App. There always an issue with the payment method. Even though I've paid via cash,it's still showing payment pending. Not once,many times I have to manually update the screenshot if paid directly to the driver via UPI and worst case is with the cash. Right now also,I booked the ride for somebody and forgot to update the method,no way possible to change the method of payment once the ride is booked or started. Still showing a pending payment. No number available.",1
Good,5
Nice,5
This is so much easier than having to try to call the only taxi service here and having to wait for over an hour for them never to show. It's also so much more feasible.,5
Super,5
Good,5
Good,5
Good costumer service,4
Good,4
For what it is they do a good job,5
Very good,5
She's very professional I'd definitely recommend her service's.,5
"Very clean car, good driver, well behaved. 👍",5
The app did not work properly. In a ride would be ordered before I ever okayed it to be ordered or punched any buttons for it to be ordered and I wouldn't be ready for it and have the right addresses and you charged me like $20 over that and I never did make it to the store so I'm very unhappy with your app it overcharged me and you argued with me and didn't fix it and take it off my bill when I do a lot of service with you.please take the money off that you charge my card.thanks,2
"My mobile app showed trip cost 60, but the driver's app showed 75. Awful mismatch. He said it is happening since 1 week. No such problems till now.. Fix it fast Uber and i will give 5 stars",4
Nice,5
Very bad shuttle service provided by Uber. Sometimes they cancelled the trip after 10 min of waiting and now the driver didn't come to pickup point and gone from main road. Also not Stop the vehicle there.,1
no helpline to call even in worst case scenarios and on top of that had to pay 3 freaking times for a trip I paid to the driver and get mailed it isn't cleared!!!!!!,1
Best cab service,5
Good,5
Good,5
Great driver,5
Super app,5
Good service.,5
Quick. Friendly. Convenient,5
"They scam, when you order they give an estimated delivery and keep extending, waited over an hour for my food, unsafe and corrupt, 100% liars, delivery time scammers",1
On time good experience an use again highly recommend,5
Nice,5
Good app for riding,5
I was charged almost twice what was quoted on a pre-booked trip scheduled in advance,1
too expensive from other riding apps,3
So far so great.,5
Good service,5
Very nice service,5
Great experience,5
Good service and budget friendly ride,5
Good,5
Good 😊,5
"Very nice guy, great driver",5
Good service,5
"It's official, ubereats customer service is all bots now. Not only do they not understand simple issues, their answers are nonsensical and out of topic!! Very mad that I got charged 18 eur for a canceled uber eats. I actually was trying to change the payment method but the bot instead cancelled. I reordered and was still hit with a cancellation fee and none of the bot can figure it out. Thank you, uberBots! Genuises",1
The best ride app,5
Splendid service,5
Worst app don't download it I am waiting 2 hour wait wait Worst app,1
Worst app. No driver is assigned on time. Waiting time is more than usual.,1
Very nice and helpful driver,5
Really appreciate the Driver response towards the ride,5
Burst app i had used ever....waiting time was too long always ....fair increase at the time of drop at Location,1
Good app my problem is that the initial ride prices change according to the route the driver takes and Uber charges me that amount which is totally wrong and should be illegal since there's an initial price calculated based on a certain route that the driver should follow. Also cancelation fee by the driver shouldn't be payed by the passenger as Uber is doing right now.,1
Good,4
Awesome service and reliable during emergency,5
Naajit was the best driver I the ave ever encountered. He should be set as an example for all drivers,5
Good service.,4
love love love!,5
Good app,5
Good,5
It's dair good,5
Good,5
Nice,4
Horrible experience.I had pre-booked a ride for early morning but the driver didn't come at the location and cancelled the trip at the cost of huge penalty on my end. Uber support also didn't assist and was about to miss the train!,1
The driver was sound thank you.👌,5
Good,5
Drivers get you to destination smoothly and on time. Notifications work great. A little trouble trying to find driver details in-app.,5
Good,4
Great way to get around vegas.nice clean vehicles,5
At 4 am only uber provided the best service today that's very urgent for me.Thanks to team UBER.....🙏,5
Too expensive. Great drivers.,1
Great!!,5
Great company that helps me get around this crazy town..,5
The ride was smooth and ok for me. The driver was polite.,5
Exillent,5
Affordable ❤️,5
Driver was super cool,5
Good,5
Good 👍,5
"Remember that at the end of the day Uber, is unreliable. If you're pressed for time expect to be let down, have your driver cancel, and be stuck praying the right driver picks up your request. Decreasing my rating after multiple bad experiences",2
Super service,5
Good service,5
"Sus conductores siempre después que uno PAGA, vienen y reportan que la persona no le pagó 🙄",1
Toujours impeccable,5
My driver was there in his time and friendly.,5
so very nice app,5
Comfortable!,5
Awesome,5
Update your maps.,3
Great experience. The driver was super nice.,5
Its good,5
Good exp Bob was a very nice driver!,5
Nice ride,5
"So i had a driver outright lie and scam me out of $20. She called and said i left my vape. I asked her if i would be charged. She said ""No, im off the clock and right around the corner"" After she left, $20 was taken out of my account. I also, have a text message from her saying ""she didnt know they were going to do that"" But she knew. Why would i pay $20 to have a $10 almost empty vape returned to me?... Now I spent $300 this month alone... And they would rather lose that and a good customer.",1
برنامج سئ و وقت الانتظار كبير,1
Always get a ride when I need it. Excellent drivers.,5
Cool,4
Car very clean. Nice drive. very pleasant.,5
works well,5
App just changed and I cannot figure it out.,2
Good,5
Fantastik Services,5
The Uber driver cancelled the trip and they charged me 25.00. they told me by text to recorder my ride.,1
Nice trip,5
Many many hidden fees!!!,1
"I ride Uber every day, and once I got a lady who o felt very uncomfortable with. She wasn't not following directions I had to tell her where to go, her excuse was that she didn't know how to get to my location when I told her Uber gives you the map of the directions to my location. I just felt something was not right. She asked if I lived alone. So I went out and purchased mace. Also, I sit behind the driver. I ride at night most of the time, and I get drivers that drive fast. Lyft is no good",1
This app it's working great a problem it's when Uber charger you more than you expect like example I can request trip of 140 but when I reach my destination it's twice an amount please fix that problem,5
Excellent,5
It's good experience,5
Good,5
Making rides tender,5
So far great,5
"The Uber app is simple to use and nicely integrates driver location with ETA, tipping, and Uber Eats. Well done!",5
"Great for rides, but what the hell is that delivery fee for the eats? my drink order over doubled in price and just immediately no",3
Fast and reliable service,5
Defo best Taxi services,5
Most of time price increase by original prince,1
Great app,5
Best drive,4
Best,5
"Trip locations arent updated. I requested to a restaurant which had moved recently. The app correctly found the location the first time but rebooted unexpectedly when i searched the second time, it had found the old location and sent me there instead. I had to pay for a trip to the incorrect location (correct according to the app) then pay again to go to the new location of the restaurant (ALSO correct according to the app). And there's no way to query this or even notifiy Uber on the app",1
Very bad service in Ahmedabad . because customer app ke under price or dikati hai or driver ke under bhi price or dikati hai.to us vajah se hum dono ka time vest huva hai,1
Very Good driving and behaviour,5
"This app's customer service is absolutely terrible, and I guarantee they know it but they're never going to do anything about it because they're too big to care. Nearly every time I order their drivers get something wrong. There have been three separate times my food has gotten to me more than an hour and a half late and my food was ice cold. Only once did they do anything about it. I'm not using Uber Eats or Uber at all anymore. Absolutely preposterous.",1
Good,5
Very good application,5
Very personalable and polite. Great driver!,5
Nice,5
Smooth,5
🔥🔥🙂,5
Good thanks you,5
Excellent,5
Till now good,5
"very friendly, talkative, pleasant ride home.",5
The app glitched and charged me twice for a generous tip of 5 dollars anyway for a 10 dollar ride. Uber said unfortunately they cannot refund my money for an error with their app. Won't be using Uber again.,1
Very good,5
Nice cab driver. Very supporting,5
Excellent,5
Bhot ach,5
Excellent driver by all standards,5
Always I see discount but I never get it just,1
Excellent,5
Excellent service,5
Exellent,5
ENOUGH WITH THE BLANK MAP! HOW THE HELL AM I SUPPOSED TO PIN THE LOCATION IF I CANT SEE ANYWHERE IM PINNING?! USE THE DAMN SATALLITE MAP ALREADY!!,1
Uber best,5
Verry good experience,5
Excellent,5
Super easy love it,5
Always beter,5
Night mai drive lekar cencel kar dete hai aur extra money ki demand karte hai jayadatar driver,2
Good service,4
Nice to uber,5
Impossible to get through to support,1
Experience wd shubham in dehradun ride was comfortable and helpful seeking for future rides wd uber,5
"The app is very safe, cheaper rides I love it. The only problem is, it takes a long time to find a driver on this app sometimes and it is not reliable when going somewhere important or urgent.",3
Good,5
Masha allah,5
Best and fast,5
Nice,5
Awesome,5
Safe and sound rides,5
never works on need especially new Delhi railway station,1
I took an uber go ride today. The fare was rs 232 and I have a receipt for that amount. But the driver took 310 from me saying that is the fare and I took a photograph of his mobile showing thefare and I paid him through UPI app. I informed it online on the app but no action I can see so far. I don't know if the provider have a customer care and they have any control over the fleet drivers. Overall painful experience. Feel cheated.,2
Worst cancelation charge policy,1
Excellent service,5
"It won't let me switch to a new credit card, it won't let me put in a new phone number. There's no key board. How are you to add any info??? It wouldn't accept the first pins sent by text when I added my ph number. No guided system just an arrow to go back... so back and forth I go because I can't change my credit card or old info!",1
Great experience,5
Uber they have work but you work & work rate are to low n the way the load are set up to much time in one load do you don't make money the way that's my opinion,2
"Very good experience, far better than any other cab service's. Also the ola is worst",5
Great,5
Fast and easy,5
Uber has so far been always reliable and dependable for all my needs...Great service indeed.,5
Very easy. All drivers are nice,5
Taking too much,2
Good,5
"Fantastic driver, gorgeous vehicle, and very personable. Plus he's a veteran",5
You get a quick ride very fast,5
Take your money on Uber wallet and refuse to refund it. Don't deal with complaints properly or proficient enough. Terrible customer service.,1
Good,5
Good,4
Very good secured,5
Don't use alot but great when I do,5
Good,4
Good,5
Reasonable price,5
Good curier services. On time immediate,5
Nice app,5
What a bogus app and its drivers they just randomly accept and say no brother I can't go there.. cancel it and not this enough recently I have just booked a trip which was cost ₹300 and I was okay with that but driver was asking me to give ₹700 for it which was literally more than double and I said this is too much for 12km then he asked me to cancel it they just give me a penalty of ₹45 what a ridiculous & this is not a first time.. Now I am just being tired of it..,1
My driver was excellent,5
Fantastic trip,5
Great ride,5
Ek number,5
In my recent trip fare showed me 211 while booking and charged me 265 while dropping. Very bad,1
Can't call to driver,4
Good,5
Faltu appp,1
I am not ratings to Uber who dropped me the person who straggling a lot to run his family God bless him🙏,5
Nice app and affordable rides,5
Good experience,5
Drivers on this platform are so horrible. They say that they will coming but on the next moment they cancel the ride. We booked uber in hurry so we could reach our destination quick. If they behave like this then this platform is a total useless.,1
Worst app I see 😞,1
The driver took 450 instead of 75 and I contacted customer support to file a complaint and follow up with them it's been 7 hours and no one contacted me,1
Fast and safe,5
Good,5
Best travelling app,5
"A quantidade de motorista que cancela sem motivo, mesmo morando em uma região central de uma capital, é impressionante... Cerca de 20 minutos para conseguir uma corrida.",1
Wonderful journey and on time.,5
Hard to use,1
Good app 👍,5
Excellent,5
Excellent,5
Can't live without,5
Southern California approved.,5
Good experience,5
Awesome 😎,5
"I recently take ride which is for Rs. 246, but I given Rs. 265, after complaint to this, they resolved my query with refund very quickly. Thanks Uber.",5
a driver stole my phone. no-one from uber its contacting back with as. they don't have a phone number to call them for help. there have been 24 hours,1
"First trip so good so far, nice guy",5
It ruskel app. Driver don't pick up my call. And cancel trip. And charged 25 rupees why.,1
good service,5
Great,5
🥰🥰❤️,5
Good,5
"I have always tried to convince myself that Uber is a great app, but it constantly disappoints me. Long waits without the driver showing up, or the driver canceling the request for no clear reason, make my experience with this app extremely frustrating.",1
When i get uver everytime that was good experience and their on time,5
Excellent,5
My Driver (Charles) was the best! He drove safely and got me to my destination on time.,5
Great service,5
Loveable app,5
GREAT,5
Good,5
Excellent,5
"I had booked an auto , the driver itself had canceled the trip and the app is demanding fine from me . Highly unreliable",1
Best app for ride to anywhere..,5
Excellent,5
Very good,5
Amezing service,5
"The price of Uber ride increased a lot for last few years, with the Booking fee, administration fee is way too high!!!",3
Its very useful and affordable,5
I love transportation than my old one.,5
This app is the worst. Driver did not come to my ACTUAL pickup location so I'm late for work cause of him and support team can't book a ride for the inconvenience.,1
"Price amount change after ride, customer service not good",1
Good,5
Incorrect bookings and then charges me for it! Error message when I try to book,1
Excellent,5
"Worst app, have been facing a lot of glitches. I recently booked an auto and it was showing 67rs for the ride and he asked me to pay 108rs, saying that he has removed the coupon that i received. He was very rude and arrogant. I have been using Uber for so long and this is the first time I had to experience this. Wasn't expecting this from Uber. Worst experience ever",1
Good,5
The app have me errors while I was trying to change the payment method.,3
Great,5
Stupid app,1
The experience was smooth and seamless,5
Good 👍,5
Good service with good price,5
A+,5
"I think everyone needs to know this. Ordered food, delivery came to my house, they called me 8 seconds on the call they drop the call and drove off with my food in hand. What you paid for becomes the property of the driver. Nice, what a logical business model and its policy, of course 👌",1
Helpful,5
Good,5
Very Nice,5
This app is charged over charges to it's customers for the driver's fault 😡😡😡,1
Good ride,5
Am not given options,5
Good,5
Super service 👌,5
Not even getting installed. Says ' Data from similar devices shows App may not function correctly. But giving options of installation on to a other device from the current device. Only Google Apps and uber know what to run / host in the name name of technology.,1
There's a few unnecessary fees and the time on shared rides can be up to an extra 20-25 minutes with the consideration of traffic. It also doesn't make sense how i can be less than 10 minutes away from my desired location and the ride price is over $10,3
👍,5
good 👍,5
Good experience whenever I use uber ride.,5
Trusted and genuine,5
Thank you so much 😊,5
Everytime I try to do something in the app it closes on me can't do anything sucks,1
Very nice,5
"Easy to use, functional.",5
V good best,5
Good,4
Make it light for easy downloading,1
Driver was on time and very pleasant. I like the fact that she had cameras in the car for both driver and passenger safety.,5
Worst app,1
Good,5
Good,5
Superb,5
Very nice and comfortable,5
"Extremely easy to use, very user-friendly and secured.",5
Good,5
Best,5
Good,5
Easy and faster way to request a ride.,5
Worst app ever please avoid this app the taxi drivers demand more money than the money reflected on my screen if I could have given negative rating then I would have none of the drivers accept my ride and those who do they ask me very politely to cancel it,1
awesome 👍,5
Nice ride 😃,5
Charges me 10 a month fraud,1
Bad service. and very delay,1
"Very nice and comfortable ride, Thank you Uber",5
Perfect,5
Good,5
I would not recommend uber at all. They are unreliable and impatient was walking down the stairs after he just arrived and he drove off. I've also had a creepy guy in one of my rides before being invasive and saying he's going to take me to mine in a flirty way. So unprofessional and uncomfortable. Also the support team are useless and not helpful. Don't use them!,1
Awesome,5
So slow app and very costly app than street drivers very slow downloading in goggle play,1
Friendly driver,5
Good,5
Excellent 👍👍,5
Nice service,5
Good,5
Great when you can get a ride.,4
Good,5
"The driver, Mohamed, was extremely careful.",5
Worked very well and journey was smooth! Really happy!,5
More time booking cancelled by driver side,4
Didn't reach at time,1
البرنامج يزداد سؤاً يوماً تلو الآخر، لا يوجد سيارات و فترة و البحث عن طلب سيارة تستغرق إلا ما لا نهاية، لا انصح بالإستخدام أوبر مصر مجرد اضاعة للوقت,1
Very smooth experience,5
Excellent and professional,5
friendly ride,5
Nice Ride,5
app par booking nhi ho paa rhi hai please fix this bug,1
App is too bad. Taking so much time confirming the ride. Does not provide a proper light of whether the cab is booking or not. OLA is far better,1
Very good,5
Affordable rides,5
Nice drive,5
They don't serve the patient. I have tried to book a cab from hospital to my residence. Every driver rejected it after accepting the same. One of the driver refused to open the door after knowing that I am a patient. While asking for the reason he told that we don't drop the patient. It's our policy. I am really stranged to know this.,1
Aap bharosa kar sakte hai better ka,5
Good,5
Better than ola,5
Nice very good,5
It's Good,5
"Awesome,",5
Wrong charge and no way to ask for refund,1
"Complaint Regarding Overcharging by Uber Bike Driver Dear Uber Support Team, I recently took my first ride using Uber Bike, and unfortunately, it was not a pleasant experience. The fare shown in the app for my trip was ₹59. However, during the ride, the driver informed me that I must pay ₹100, claiming he would not continue the trip unless I agreed to his demand. Feeling stranded and with no other choice, I paid ₹100, which is significantly higher than the app's quoted fare.",1
Great,5
Nice drive,5
Very good service,5
Very good nature,5
Very good prices,4
Ok,5
Loda aapp,4
Good app,5
Great work,4
Good,5
Good,5
Good,5
"Pésima aplicación, siempre me hacen cobros extras en la madrugada.",1
Good,5
"My Uber ride was distressing and unsafe. The driver ignored my request to stop at the station gate, saying, “I’ll take you in; otherwise, someone might abduct you.” He overcharged, used offensive language, and seemed under the influence of alcohol. This experience highlights critical flaws in safety protocols. Ride-sharing companies must implement stricter driver screening, monitoring, and passenger protections to ensure every rider, especially women, feels secure and respected.",1
Very bad service not accept auto car bike Drivers amount is very low,1
Not fix rate.,1
So easy,5
Nagpur airport to NDRF academy it's my first time but with the help of uber i arrived safely,5
Awesome and timely,5
Very bad and rude drivers. Even the fare does not matches with the driver,1
Good,5
Good app,5
Good,5
Fast & Good service,4
Ziad was an outstanding driver & went out of his way to accommodate me,5
👍,5
Veryyyyyyyyyyy highhhhhh moonneeyyyyyyyyy demanndddddddd.so muchhhhb phaltuuuuuuuu .#bekarrrrr#Kharrrrab#moneyyyyy moreeeeee ajay sir maring#minryyyy no grebe,1
Such a bad experience drivers cancel the book and for that we have to pay cancellation fees. Most of the drivers don't even answer the calls. Initially the app was good cooperative but now it is the worst app for riding with family or in case of urgent needs. Very bad I just want to give zero star,1
Good,5
I love it,5
Good,5
Love it,5
He cares for his customers and very friendly.,5
Gud,5
Excellent service. Going the extra mile.,5
very good,5
I have never seen such cheap riding app.....pathetic experience and the drivers are the worst .....the app should take strict actions for them .....they are not willing to take the fair decided by the app and every driver demands double the fair and if you say no they would ask you to cancel the ride .....how pathetic I will never use this app again .....they have the worst drivers,1
Waiting time is crazy.,2
As compared to rapido.. Uber takes lesser amt,5
Nice,4
There great and very polite and friendly,5
Good service,5
Very nice,5
Very bad,1
Professional,5
Excellent,5
Very trip. EV is maintained nicely!,5
it is a very bad experience. The driver cancelled my request and charged me for the cancellation. is it my problem ? you wasted my time and also wanted to take my money.,1
Super,5
Nice,5
Good 👍,5
Good,5
Super great,5
I had a good Trip by uber,5
"Don't go for uber one membership it's a trap there is no such of benefits. They are making fool us, every mobile they have different mechanism. Such pathetic experience. Even they don't have any helpline number.",1
again poor service.no cab and no one is accepting.. Go with rapido,1
Good,5
Easy to use interphase very professional drivers recommended to all please use this app for better and safe ride,5
Good,5
First ride and Fully satisfied 😄,5
Some time show charges high.. Otherwise good and safe,4
Good,5
Smooth efficient ride experience,5
One of the best application,5
Nice,4
Good 👍,5
I like the fast response and customer care,5
lower price,5
Good service,5
Best app,5
"the shuttle option is not opening. i tried to update, yet the issue persisted",1
Nice service,5
Initially when you started courier pickup it was nice... Now it has become very poor because your most of the riders doesn't want to come to pickup at door location and rejects order which results in delay. Inspite of paying good money service is not compatible.,2
Wonderful experience,5
Excellent 👌,5
Nice service,5
Driver taken more amount not good uber worst app,1
Bhut sahi,5
"This app take money out of your bank account after trips they charge you extra amounts, and when you report the issue, they try to take that very sane amount out of your account.",1
Good,5
Good service 👍👍,5
good app at a reasonable price,5
Good communication,5
Super,5
Charged me twice,1
Great service,5
It was safe and comfortable,5
Gud,5
Good,5
Good experience,5
Nice,5
Best experience,5
Safe,5
"Need better vehicle inspections. I'm an experienced mechanic and rarely do I feel safe in the vehicle that picks me up. I can honestly say without exaduration almost every Uber I take has a bad Wheel bearing, also felt loose control arms making the rear end sway all over the road on a ride once. It's honestly crazy to me! Other than that it's been a pleasant experience I suppose tho",3
great,5
Good app,5
Didn't take any move on time. I am late because of this app,1
Very cool and polite drive!! I hope to have Christopher be my driver again .,5
The perfect taxi experience.,5
Good but rapido is best option cab not found easily on uber,4
Bekar sarvice hai ubar ki 4 5 driver ride cancel karne ko bolte rehate hai time pe koi aata hi nai jab dekho tab ride cancel kardo esa hi Ansar milata hai,1
Easy to use,5
Nice drivers and their price is affordable compared to other taxi app and continuous promotional offers. I highly recommend Uber.,5
"I use uber get to work as i genuinely don't have an alternative. when i started using Uber in around August 2024, it cost me £13 to get to work sometimes less. now, setting off at the same time, in the same conditions, its costing me £18. theres no explanation for this price increase and quite frankly its impacting my working life to the extent i may have to find another job (not easy btw). sometimes it even charges extra after. this is on uber one too. £5.99 to be ripped off like that is foul.",2
Not very travel savvy and this was seamless,5
It is good,5
excellent service,5
"I booked Uber-go to go at Kalyan for a important meeting.The waiting period shown was 10 min . When driver(Javed) was at 1 min.from pick up point I reached pickup point, however after waiting 10 min.driver called me, asked destination and cancelled my ride so overall time lost was 30 min.I missed my meeting. This is very disgusting.Once driver accept ride he should not cancel it considering the destination.",1
Was lovely journey,5
It was worst app. I have ever seen in my life. I wait for an hour than also Uber cabs are not available,1
बढीया,5
It is very beneficial travel and transportation application with map navigation and availability of vehicles by time line and fare price It also helps the drivers to reach their required points with passengers and cargo with 100 percent accuracy,5
Fantastic app for tracking route.,4
"I was urged by a friend to try Uber for my teenager's commutes, and I'm thrilled I took the leap. After 15 years of being his personal chauffeur, I set up an Uber account to give him independence. He hadn't used it yet. Tonight, with my vehicle temporarily out of commission, I finally experienced Uber firsthand - with my son along for the ride. The entire process, from booking to pickup, pricing, and the exceptional driver, was seamless and impressive.The experience far exceeded my expectations",5
Best drivers and cars,5
Wonderful,5
Uber service nice.....price resanble...,5
Great ride,5
WONDERFUL!!!,5
Good,5
Great service and user-friendly. Uber is very safe🙏🏽🙏🏽🙏🏽🙏🏽,5
"Great driver, fast and friendly",5
Lot of dropped rides,4
"Super app, just some discipline required for drivers.",5
Very nice and beautiful,5
Good service,5
Good experience,5
This app is clearly a scam platform . When I started my ride the price shown to me was 300 and as soon as the trip ended it suddenly changed to 600 so plzz use rapido or ola rather than this waste and scam platform,1
Good,5
Customer service refused to hear out my issue and proceeded to blame me for canceling an order after the app informed my I would have to cancel my order due to the inability to change an address after an order was place. If it's not an option it should not be on the app.,1
Unable to geolocate rides. Their one job,1
good and clean,5
On time. good Car & Very good Driver,5
Ok,5
It's a great hauling app with efficient prompt services.,5
"I lost my headphones in the car, and when I tried to contact the Uber service and call the driver, they did not answer me or help me, and I lost my headphones. Uber is really bad.",1
Nice👍😊,5
Lot more expensive then Didi,1
Very comfortable and pleasure ride. The driver was very polite.,5
"this is a bad app I thought it was safe but no l, it was my second time using the app and I was charged 80 and the driver gave me my change correctly but then in the app he put that I didn't pay him the full 80, so then that told me I owed 39, I complained and explained what happened all they said was I'm sorry for the inconvenience but we can't do nothing and they don't even take of the payment supposedly I owe so if you get robbed from them they won't do anything I do not recommend.",1
"Nice car, looks awesome with electric car",5
"La empresa es una buena alternativa de movilidad, pero los conductores groseros y muy descuidados al manejar.",1
Nice app,5
Keeps changing my delivery preferences to meet me at door and not keave it at door. Super annoying.,1
The uber driver is very excellent,5
Gud👍🏻,4
superb rider appl,5
Excellent,5
"Overall, very helpful. Rates can vary and the location isn't always accurate, but is extremely helpful if you are traveling and don't want to drive in an unknown city. (Please exercise normal safety precautions when traveling.)",4
Very good service,4
Greasaaat,4
Robert was an absolute pleasure to ride with,5
Good,5
Nice,4
Good 😊,5
Awesome 😎,5
Great app,5
Good driver,5
Uber is the best for online CAB Booking.,5
First time experience was the best.,5
Amazing,5
सबसे बेकार और घटिया एप्प है ये,1
Good,5
Great experience on my ride tonight .. Kristie was great and very nice ..,5
Pick ups and drives to destinations are quick and affordable,5
"Pay for priority taxi, wait where I was told to, only to find that 40 mins later and after 7 changes of driver, the taxis couldn't go on that road!! Low quality service. Last taxi driver made the effort to contact me and was lovely",1
EZ to use.,5
Excellent service,5
Good,5
Nice,5
Please update the app GPS to reflect the exact location for Lowe's Stella Nova Hotel. Uber drivers are getting sent to Lockheed Martin property across from the Orange County Convention Center and this location is incorrect. Google Maps has the correct location.,1
Good 👍,5
Super,5
Very good,5
Good 👍,5
Wait times ti bé added to another wait queue us unnecessarily long,2
"A luat o razna rău robotul in ultimul timp, cursa de 50 de lei dacă mergi 100 de metri se face uneori 10 lei",5
Great vehicles to ride in and friendly people that make the drive more comfortable,5
Exllent,5
Love Jose! Will use again!,5
"The app does not work properly, it takes booking and then when the trip needs to start it doesn't show up. The driver then cancels the trip due to non availability of otp. The customer is charged unnecessarily and faces harassment running from door to door for the cab.",1
I had a terrible experience with the Uber app. I placed an order for food that got stolen and they told me there would be no way for them to reimburse me for it since the restaurant had already accepted the order. So I don't get my food or my money? How does that seem fair? I don't appreciate that at all.,1
läuft,5
putof 4 tries I only was able to get a ride ONCE,3
"Very offerdable price, thank you Uberrrrrrrr",5
Great Nice guy good driver,5
"When it works, it works. When it doesn't, there is nowhere to get help, no support.",2
"All drivers are good, like talking",5
"I ain't gonna lie, best service. 💯",5
Is it just me or maybe someone else out there experience their Uber when I order a ride it's the same Uber driver keep showing up to pick me up. I also noticed that I'm using Uber eats it's very different the app looks like it's hacked because there only six shopping 🛒🛍️ store on my Uber eats delivery app.,5
"I've only used this Uber ride app once, and the process was simple. However, a lady name Bonnie came. If u can request a driver Mrs. Bonnie is excellent hands down. She was on time, I made it on time, and the ride was extremely smooth. I was shocked cause at age 40 I've only allowed 3 people to drive me out of fear. Yet, I'll ride with this lady anytime. Extremely professional",5
Excellent performance everytime😀,5
"Only once in my many years of using Uber did I have a ""iffy"" experience but it was resolved promptly. Always clean cars and friendly drivers who drive well! Thanks....well done!",5
Always fast,5
"Been using Uber & Lyft for about 6 years now. It's 4 stars bcz of drivers not from this country and their attitude towards women+ smelly cars. Lately , it's so-so. It helps me when discount is applied. Am senior citizen needing rides. Am sure it eventually will improve on vehicles being inspected b4 hiring filty individuals.",4
Really not worth it anymore,1
Trip was safe and nice. Driver behavior also good and cooperational.,5
Good,5
Excelente 👌,5
Wonderful first expirence,5
Good,5
Great,5
Good,5
cool,5
"The last update is not useful, it's require the mobile number and password every time when I tyr to open the app, the nearst point off the pickup and droff of points not appear on the trip",1
Except for one ride we have had excellent service.,5
Amazing experience,5
This App Is Spectacular! The Driver Was Spectacular and Safe. He is A Great Guy!,5
Good,4
Excellent service provided by the app I'm so happy to have and I suggest everyone to have it as it helps a lot,5
Since uber won't let me review my recent order I'll put it here: I don't reccomend Uber Eats. Recent order reeked of cigarettes.,1
Nice app,5
Great experience forver,5
A fast and comfortable application to use,5
I Enjoy the ride was very realistic vibes,5
Quality,5
Awesome and professional,5
Always very good,5
This is my first time using Uber pretty good experience,5
Uber eats its a scam.I order from a resturant that offered buy one get one .I never got the order the resturant blamed uber and uber never responds.,1
Driver was very nice,5
Works like a charm! 🧿,5
"Completely useless app. Couldn't get a ride, people that answered were weird, kept saying my phone wasn't my phone and hung up on me. It was the middle of the night and 911 but ended up walking after 5-8 attempts. Was hung up on, then ignored. Should be called useless, not Uber. Don't bother.",1
Your wait time before pick up is unnecessarily long these days. I wonder what the issue is.,4
"My first Uber ride !! Car was clean and the Driver was prompt, courteous, and answered all my questions - great experience :-)",5
Excellent way to get around and maneuver threw the city.,5
"Do not use if in emergency... Prices are fine, but we have to wait for nearly 20 mins for a ride to get accepted... So, kindly avoid if booking during emergency",2
You guys are getting better,4
Perfect App using in Lebanon,5
"Always on time, always friendly",5
Efficient and easy to use,5
it's good,5
Oveall good experience,5
Good service. On time,5
Really convenient and drivers arrive quickly.,5
Wonderful drivers,5
Thank you to all my drivers for getting me to work on time during the storms all of them going above and beyond,5
Jaii Hoo,5
There is nobody looking into these drivers! one child rape case is too many! Why are we hearing about multiple men from this app turning up to pick up children from school!?,1
Nice,5
It's a nice trip,5
Good Awesome,5
Osm app good service,5
It's very good,5
"I've discovered something fun today with a random extra $20 charge. Apparently drivers can now just report that you lost something in your vehicle without you reporting something lost and then say they returned it to you, and BAM as a rider you get hit with a $20 fee that YOU CAN'T GET REFUNDED. So drivers now have a process and option to straight up ROB you if they are dissatisfied with your tip. Good to know. Never using this again..and reporting this incident.",1
Worst experience.cars not available on time.nobody taking our request.what should we do in emergency.,1
Nice work in India,5
Oh hey is very good,5
Very good,5
Good,5
Driver was on time and good person,5
I am so grateful for this app. Uber has helped me so much getting me to wherever I need to go.,5
nice,5
"The uber eats is horendous for pricing and consistency. They overcharge at restaurants, raising the price in the app, then add a bunch of fees without any reasoning. The pricing is ridiculous and their transparency around pricing is non-existent.",1
Good experience,5
Driver was very patient and humble,5
"The Uber app is great and all, but I had a problem for 3 times now, where the driver makes random stops or taking a longer route. The price DO NOT change on the app, only for the driver when you have to pay when the trip ends. This is slowly but surely becoming a problem for me and the trip I request is only 20mins away from me.",2
"Driver was unable to begin my trip due to a technical error neither of us were able to address. There was no real live support, just AI generated chat, which went nowhere. After sitting in the vehicle for 30 minutes, trip was cancelled, and I was charged, couldn't book a new ride as the system said I was currently on a ride 🙄. Despite scheduling in advance to arrive to work early for a meeting, I was charged, had to seek other arrangements, and was late. Never again will I use your service.",1
Very good,5
Very good and very reliable,5
Top notch 👌🏾,5
always grateful for an alternative way of transportation 🗝️,5
Good service,4
Good experience 😊,5
The app shows good amount but as always when we contact the driver he always says to pay more amount then showed if they don't want go on this amount then why does they accept uber should take action against them and there should be an option that driver is charging more or else don't show this much less amount decide a fix amount like rapido or another app which would not be increased by the driver,1
First time using uber. Very easy and good experience.,5
Good,5
Awesome 😎,5
Price quoted was completely different from price I paid,2
Great trip. We talked like old friends.,5
Good,5
The absurdity of charging $25 dollars 10 minutes after setting a scheduled time is ridiculous. And the lie saying it's for the driver when they maybe see 10% of it. It's a predatory app dressed in a sheep clothes,1
I have never had a bad experience with Uber.,5
I reserved cab almost 45 min in advance and just noticed that pickup location was slightly away so I cancelled and tried to book again but app is asking me to pay 89 Rs. I don't know for what purpose Uber charge this and that's also i cancelled booking almost 45 min in advance and with in just 2 min of booking. It's better to uninstall app instead paying ransom to Uber.,1
Great,5
"Un genio, nos hizo reír todo el viaje!",5
Good experience.,4
Nice Lovely,5
Good experience.,4
Great fantastic,5
Why is there no options to take a picture of where I'm at for the driver ?? I got too tired of trying to explain where I'm at and the driver not understanding!!,1
Never use the share ride it's a joke and setup to steal your money. I used it the drive never showed up said my pickup location was at first pickup location whenever I shared my location and showed it wasn't even the same hotel.,1
Great service all the time,5
Good,5
update I couldn't help but to notice the price is seem to have gone up quite a deal and the accuracy is not all that accurate I filed my self correct drivers more often on short trips. Up Date 1/25/25 / price is a little better but new problem when I go to wash Max it keeps taking the drivers to fuquay when it is on South Post Oak get your GPS right it's been a year now.,4
♥️,5
"Great driver, great guy",5
My first time to ride an Uber and the experience was top notch 👌. Customer service 👌 ever,5
"Excellent services, timely, cost effective, efficient, honest, integrity, good drivers, service oriented (not just after money)(no unnecessary cancellations).",5
Just took a ride across San Jose (Costa Rica) with our driver Jimmy. Very good driver and good company .,5
Best,5
You'll get there....,5
Nice,5
Uber does not provide cleaning service for drivers after rider neglection behavior. It's driver responsible keep there car clean at own cost.,3
"My first experience with Uber was absolutely horrendous and unreliable. When I booked the ride, the app clearly showed ₹253 as the fare, but upon reaching my destination, the driver demanded ₹404, claiming it was due to their location. This kind of discrepancy is not only frustrating but also feels like a scam. Uber is supposed to provide transparent pricing, but instead, it left me feeling cheated. This incident has completely shattered my trust in the service.",1
Great service!,5
Nice app,5
Good app,5
"i am so disappointed in uber. ive been an uber one member for a year now and recently ive been continually disappointed by the drivers and the support. I've just had a driver not complete the trip which cost me R138 from R61. This afternoon a driver made an unrequested stop without checking with me and cost me R95 from R49. The support in-app sucks and the turnaround time for issues to be resolved is way too long, if the issues get resolved at all.",1
Very good,5
Be ready in any time,5
"The app is good but the uber drivers are ridiculous They ask for more money than shown in the app even if we give them +20,+30 they want twice the money shown. Disgusting",2
Good,5
Super,4
It's good aap,5
Great🤝👏 ✅,5
"First time ever using Uber ride. My driver was very prompt, professional, very kind. Great first time experience!",5
good,5
"Very polite driver, good chat.",5
I got denied a ride today after waiting in the rain because I did not have a car seat for my 2 year old. Uber support told me Its on the drivers discretion which I find it absurd.,1
"Why is this app requesting me to pay before, ?? I think it's a scam or something!!",1
Awesome riding,5
Excellent,5
Good experience 😃,4
Keep getting promotions that don't work. Sounds like bait and switch to me Updated 1/25/2025: Same issue is occuring where promotions do not work.,1
Nice,5
Excellent,5
تمن الرحلة بيزيد بعد التوصيل والسائقين بيلغوا الرحلة وانا بتغرم ولا يوجد طريقة فعالة لشكوى السائقين أو خدمة عملاء لا يوجد طريقة للتواصل مع السائق بعد الرحلة إذا نسيت اى حاجة فى العربية,1
Speedy response for booking and ride was Comfortable.,4
Uber puts pre-authorization holds on your account after they get their money. It causes issues with overdraft then you don't see your money back for days. They ask you for information that they already have. What's so unprofessional is that there is absolutely no way you can talk to anyone! It's ridiculous to run a business where every issue is handled through chat bots. We don't use bots to pay! How does a business get away with this??? LYFT DOESN'T DO THIS! I really give 0 stars!,1
❤️,5
Great time,5
Fraud app,1
Stupid apps Cant even confirm my phone number for month!!!,1
"Safe & efficient thanks..A, ride is requested now..",4
Good 😊,5
I got E riksha in place of auto...,4
Excellent service,5
Best prices,5
Very Good and Affordable,5
Driver's behavior was good. But Uber cab which we booked was 272. Later on when we reached home the price was showing on the app 408. Such a bad when price hiked this much almost doubled.,1
Nice,5
nice experience happy to had her as our driver,5
Good,5
Quick and easy,5
"""UBER! ""HAD ""GREAT! QUICKNESS, ARRIVAL! WITH THERE SERVICE, ""I LOVE❤️ IT!",5
Does what it says.,5
Good,5
Great,5
Extremely good,5
"Primeira experiência, rápido e muito intuitivo.",5
Everything is good. However talking to drivers on phone is next to impossible. When ever I call the call goes to some automatic answering machine and not the driver. Moreover there is need of increasing supervision over drives who ask for more money or delay to bargain more money.,3
I'm not the most tech savvy but my first time using Uber was very easy and enjoyable!,5
Great Service,5
Good helpfull,5
It is very useful 😀,5
Awesome services,5
Nice,5
"Good service, and simple app",5
"I've had multiple cases of drivers taking their own little detours and more recently a flat tire. A driver picked me up in a vehicle with a puncture only to go spend 30 minutes at a petrol station fixing it and Uber won't do anything because it didn't affect my fare. Over the last few months I've been late to work, a wedding and a job interview because drivers decided to take care of their own business during my ride but all Uber can say is my fare was unaffected, why about my time?",1
GooD chann el,5
Good,5
Very friendly ride,5
Convenient and safe,5
Good,5
"DONT USE THIS APP!!! No in app support, no contact email or anything for charges, nothing! ive order a total of 6 different rides, never picked me up, charging me a total of 90$ and got no refund for any of them. Waste of time and money, just order the taxi and pay the difference least you are guaranteed to pay when they arrive and not pay for them to not even show up and not even get refunded.",1
"Extremely poor service! The trips got accepted and cancelled thrice. When I spoke with one of the cab drivers, they mentioned that they do not get to know where they need to go without accepting the trip first. They always seek long distance trips as they will earn more. Apparently I just gave up due to time constraints and caught an autorickshaw from the street. Uninstalling the app post this review",1
Very good service is thank you guys,5
Fastest drive app,5
"For those wanting a time sensitive ride, plan ahead, schedule it. And don't be a cheapskate, tip your driver for ALL rides. They make less than Minimum wage, and they don't uber for their health. Passengers have abused the system long enough as it is. Plan ahead. Don't complain when they are not on the dot perfect. Put a cork in it James G because you aren't me, you're way too fickle and selfish in your review.",4
I booked your cab. There is no response upto half an hour. After I received a massage you are charged ₹ 40. This incident happened to me two times. Very bad Experience,2
Bien,5
I Love it❤️,5
"Disappointed and frustrated with a recent experience with Uber. I requested a ride through the Uber lite App, but the driver refused to take me to my destination. To my surprise, I received a notification from Uber stating that I had been charged a cancellation fee for not using the service. This is unacceptable, as it was the driver who refused to provide the service, not me. I request that you take immediate action to rectify this situation.",1
Nice app very useful,4
"Essential, best management ,Good",5
Everything went very well,5
Excellent,5
Amazing 👏,5
Great ride super fast,5
"Driver charged me extra payments during several trips and i can't even complaint in app. If the drivers can charge according to their convenience, then what's the use of this app? I have paid almost double price for trips🫤",2
Very comfortable and fast driving,5
Best experience with driver,5
Good service,5
Good,4
Very cheap,5
No customer care contact number available. How to resolve problems faced after my trip. Help section on app do not provide any help. We husband and wife both mistakenly paid the driver online and now I can't reach the driver. And there is no help provided by the App,1
Perfect 👍,5
Don't respond to being overcharged,2
Nice app,5
Good,4
"Uber didn't not pick up my person, but instead charged me a cancellation fee and took all my money because I cancelled the trip when I realized my person was not in the car",1
"Worst experience ever , and even they don't have a disciple to talk with their customers !!! Just hated it .. very poor and also high price",1
Good,5
ILLEGAL BUSINESS PRACTICES. MY RIDE SAYS IT COULD COST $10 THEN UBER CHARGED ME $22. REPORTING TO THE BBB,1
Good,5
Charges so much fine without any reason,1
Very good services,5
Excellent,5
Reasonable price,5
"Not happy with their services. I took a ride, the driver made unrequested stops and then I had to pay for that.",1
1st experience amazing loved it,5
حلو,5
Best,5
Ride book karte time 217 fair show kar raha tha inka driver route change kar ke le jaate hai muje ghaziabad se ghaziabad me kisi jagha jana tha but inka driver pehle muje ghaziabad se delhi me entry karke fir ghaziabad me lekar gaya jis wajehe se fair 217 se 430 ho gaye ab kisi bande ke pass na ho tab wo to yahi soch kar ride kar raha hoga ki 217 hi lagege par uber ke driver log tez hote hai jab delhi jana ka kaam hi Nehi tha to banda route change karke gya hi kyu first time book Kari thi taxi,1
"Absolutely horrendous serive in rural area of Ambernath. The drivers are overthinkers and count on things kilometres wise. They dont have a proper protocol to follow and always looking out for ""the next best ride"" and sad thing is they get them ! If the customer is penalised for canceling a ride the driver should also be penalised and informed about it so that they dont repeat the same behaviour. Too much cancellation rate too much leverage given to drivers",2
Good work,5
Good,5
Good,5
Fantastic,5
Very nice app,5
Very good 👍,5
great,5
Good,4
Good,5
Great sarvice,5
Excellent on time.,5
Charged 110/- extra than before book for tiny size cab. Before booking price was 260/- they deducted 370/- from Amazon pay. Cab is very small auto size... Usually ola charge is 180/-,1
Good experience,5
"Worst app ever, constantly trying to charge me for rides I didn't receive then proceeded to charge me 6 months after I got rid of the app and all memberships",1
Loved it.,5
Good job,5
Excellent service 👏,5
Best,5
Good job,5
Bad app no resend of code,1
I'm so happy,5
great so far. thank you,5
good,5
Nice rides and good drivers and fast.,5
Effective delivery,4
Good,5
Very bad service in kolkata. You ride confirm after Atleast 4-5 cancellation.,1
Very nice and affordable 😁😁,5
"App charges you fees even if the drivers cancel on you, pick up another person or even want to charge you outside the app. Why do the users have to pay when it's the driver's fault.",1
So much Respect for the most trustworthy ride app out there.,5
Always on time. Very convenient for someone without a car.,5
"This is very good ride sharing platform over the world & i am reviewing this from Dhaka,Bangladesh. I often used to with this for my quick ride. Need more feature full support & more accuracy on location, map & other activities. Mostly price should be less km wise, recent price is much higher than others comparatively. But more or less i recommend this as good for my town.",4
Since i started using uber it was only once where i experienced bad service but am happy so far,5
Good service,5
Very good Service,4
Very bad appp,1
These drivers are cancelling the rides after wasting our time uber we are very disappointed with the drivers few days back there was emergency I've to rush to the hospital and my rides were continuesly cancelled❌ pathetic.,1
Good,5
Driver is 10 minutes away and I get notification spam that he is nearby.,1
"Very good & quick response, thanks.",4
"i given a packet to deliver, through uber courier, but packet not delivered, and lost on 19.01.2025 at 4.30pm, till today no out put is received from uber side, so I m requesting to everyone do not sent any itme through UBER courier",1
It's really helpful for people,4
Good drive,5
Very convincing thank u uber,5
Nice,5
Always good experience,5
Nice,5
Good service,5
Good,4
"Very helpful, on time pick up and good quality car means UBER.",5
Worst ever experience i got from this website..they can't do anything but they the writer your feedback only .... please don't use this fraud app,1
Lovng,5
The driver was very helpful putting seatbelts on my children and polite,5
Bad,1
"Fast ,friendly, knowledgeable , & helpful.🤙👌",5
Very good!,5
Great and good services,5
Good app for rid,4
Exceptional,5
Good for ride,4
It was awesome,5
"Great experience with Uber overall. The app is easy to use, and the rides are usually quick to arrive. Drivers are polite and professional, and the cars are mostly clean and well-maintained. However, surge pricing during peak hours can sometimes make it a bit expensive. Still, it's a reliable service for getting around conveniently. Highly recommended!",4
"Super professional, thank you.",5
"Pick up was good, on time",5
"I am facing a lot of problems. For the last 3 to 4 days, the auto drivers cancel my ride. I have to go to the physiotherapy clinic daily. uber driver's not trustable",1
Worst cab service in Guwahati..too unprofessional,1
It has randomly changed the location of my saved addresses in its own,2
Wow,5
Drivers not respond,1
Best apk,5
Wonderful,5
Good service,5
Very good,5
"Tooo much late. And I miss my exam because they are waiting me 1.5 hours .. ,😡😡😡😡🤬🤬🤬",1
Good,5
"On time, clean vehicle and a great driver, thanks",5
"First time user in cochin,very satisfying,it was a short trip,looking forward in the future.",5
Good 👍,4
"Excellent, easy to be used, many offers,",5
Super,5
Good,5
I love it,5
Good behavior of driver,5
Safe,5
It's disappointing that all rides have to be paid by card why can't I pay with cash.,1
"Great, would use again",5
Bahut bekar Hai yah Maine pahli bar download Kiya but koi bhi driver pickup nhi le Raha h or jo le Raha h vo andar nhi ja raha h pls koi bhi is app ko Mt download kro pls😡😡😡😡,1
Good job,5
Superb,5
ride is good,5
Good service with affordable price.,5
Very good,5
Very good 👍 uber bike ride thank you,5
Excellent,5
Good time up,4
good,3
Nice one,5
Good well behaved/manared driver worth the bill thanks,5
Excellent 👌👍👌,5
Excellent and very efficient,5
excellent service and safe driving,5
Bakbad,1
Exceptional,5
Bahut ghatiya,1
Good,5
Excellent,5
Quick n easy,5
"Horrible experience. Booking price is always lesser than the final price after reaching destination, I booked a cab and the price listed was 277₹ and after reaching the destination the final amount was 428₹.",1
That's good service,5
Very useful and helpful for disabled people,5
Never had a bad experience with uber,5
Good,5
Very good,5
Bad,1
I have tried many times to ride using your application but the rider cancels the ride after confirming it. For this reason I am uninstalling your application.,1
Nice and good app,4
All good 👍😊,5
Very Very good 💕,5
great,5
Nice,5
such a bad company overall had the worst of worst experience with them I can never imagine not once in fact two times not only the drivers are rude but the support team and managers are equally rubbish would never listen to you and trying act smart over their mistakes even after providing evidence,1
"Lately, once a ride has been chosen, it is changed to another driver at least two minutes from arriving to a ride over 8 minutes away. So, I have to wait longer for a ride. Today, it was changed 3 times to another driver.",1
All good,5
good,3
Kept getting errors when trying to hail a ride. This app used to work easily and flawlessly,2
very good,5
reliable service,5
Cost-effective and fast pick up,5
Good You still owe me my refund for Uber collect I paid twice,5
Very good Driver,5
Very good 👍,5
Good Ride,5
Happy,5
Great,5
It's better than ola.,5
Jyada acche paise nahin Hai ismein,1
Excellent services.,5
Quick service,5
"The worst apps I been ever seen in my life All the bike raider, auto all demand for an extra charge the double ammount which is not decided by the apps The driver made itself",1
Perfect,5
Driver was very polite. Picked and drops was perfect. Enjoyed first experience using UBER. Keep the good work up.,5
Very efficient,5
I am deleting this app because it is too much time taking,1
Quick n sweet service,4
Pleasant He picked me up at exactly where I requested him.,5
Very good,3
Great experience,5
Comfortable app,5
Fare is very low,1
Mja aa gya,4
Overall good driver good drive,4
Nowadays no driver takes booking in city like gurgram Everyday I have to wait for around 20-30 mins to just book a ride with 3 4 cancellations The app is becoming a hell of now,1
best,5
Very good experience Thanks to uber,5
Great!,5
Good Experience,5
Fraud,1
"Nice, affordable and fast pickups...You are life saving",5
Very good partner,5
Helpful,5
Excellent drivers with knoladge about driving.,3
Today I rode with Cassandra she was 👌,5
Nice,5
"so 3 drivers cancel half way thru on their way,waisting my time as i am very late,a very solid 1 hour and 30 min spending my time on uber,not only,u take the money i have paid for uber to pick me,yet failing 3 times,i dont think that its fair to wait another 30 min or more,fix the way u opperate,USELESS!!!",1
The very 1st experience was so damn reliable and smooth...... thankful to the platform.,5
Driver was very nice,5
Loved,5
Good,5
Good service,4
Best app ever,5
Why not working on my device please check once,1
Very reliable to the point I rarely use ola/others. The minimalist UI does it for me. The fleet quality has gone down,4
Easy and secure to use,5
"The ride portion of yber has never steared me wrong. Love it. Love the drivers. The Eats side is a joke. I went out of town (5 states away) and ordered food to my hotel. However, the address never switched so it ordered from my last state. I realized this the second i hot confirm and i had to go through about 3 deop downs and talking to AI. By that time, the fast food chain had accepted the order. Not started making it, but accepted it. So i was charged for the entire order. Never again. Theft",3
Fine,5
Driver was very good.,5
Smooth!,5
Good,5
"HELP is cumbersome w/no way to write up the issue. I ordered a ride home from my 10-hour shift job. Driver canceled WHEN I GOT IN THE CAR. He had to get to ""his job"" on time, and his necessary round trip would make him late. HE arrived late AFTER I waited 20 minutes predicted. Talked to 2 people. 1st call concluded in a disconnect. 2nd call: ""a report was filed,"" AND I'd be called back to arrange a 2nd driver. NEVER HAPPENED. Had to call myself. Now I have to dispute original charge!",2
Very Good,5
Great,5
Being asked additional charges while booking cab or auto it's very annoying. Check and eliminate those drivers then only it will useful for us.,1
Great app and very convenient!,5
Their drivers ditch a lot. Misbehavior,1
Good,5
The best travel companion.,5
Frist show tha narmal amount after paying the amount extra amount bad Uber 😞 I am not refer uber,1
"Jose was exceptional! Easy to talk to, knows his culture and city. If you are in Panama... Jose is the one you want to ask for!",5
"I started being charged a monthly fee for some premium service that Uber thinks I'd signed up for 2 years ago. They couldn't remove the subscription or even provide the perks it supposedly offers. Couldn't get anyone at Uber on the phone, neither could my bank. Bank advised to uninstall the app and they blocked future payments to Uber. Taxi's are much better in Australia.",1
Good,5
"I am extremely disappointed with Uber's service lately. The waiting time to book a cab has become unbearable. Despite offering competitive prices compared to Ola, there's no point if I have to wait for hours just to find a ride. On the other hand, Ola manages to confirm bookings in less than 2 minutes. Uber seriously needs to address this issue, as the delay completely defeats the purpose of convenience. I hope they work on improving their availability soon, or they will lose customers.",1
"awful app. it gave me a discount to pay half the price in a ride, as soon as the ride ended and I had to pay the discount disappeared and I had to pay the full price. it also gave me money on an ""uber wallet"" but didn't let me use it to pay for my ride. Awful app, it's not transparent at all with the prices.",1
Fast and reliable,5
Very 👍,5
First-time user. Great experience.,5
GOOD FOR NEW IN CITIES,5
It took a long time to get a ride,3
We need this in Ireland,5
Good,5
Starting experience and uber services Good but now currently services very bad No Solution and driver not picking up the call 🤙. You are standing on the road at midnight and even after your cab is booked you still have to wait for 1 hour. And no uber customer care support ❌❌❌❌❌❌,1
Awesome 😎👍,5
Drivers are good people most of the time but between the gouging of drivers and passengers alike enforced with a monopoly of the services and the atrocious user interface on the app even the best service cannot save this symbol of bloated greed. Save your time and money buy an E-bike or something,1
Well done uber,5
"Hum first time banglore me aye he, cab driver sachin is very good person. And helpful person... safely drive... thanks uber...",5
Nice,5
"Very reliable. With one exception in ~10 years, I've had great service and a lot of good conversations while getting around. No reason not to continue!",5
Good,5
"All I have to say is - remember Taxis?? So much better now! Fast, cheap and reliable.",5
Nice,5
Very good experience and good riders,5
Good route and clear communication,5
Great experience and good conversation with cab driver,5
Nice,5
Very use full app,5
Good,5
Good,5
Cost saving rider app,5
Awesome trip,5
Very good,5
Grsat,5
Very good and professional service,5
Thanks for trip,4
Awesome,5
Good,5
Good,5
Bhot ghatia experience h,1
Nyc service,5
Instant and good drives,5
Nice,1
Nyc app and my tarvalong is very useful 😊,5
"delivering another person food when delivering my food is stupid and waste of time, i wait 1 hour 30 min for my food to be delivered!!!",1
Good,5
drivers demanding extra money,1
Very comfortable and felt very safe eventhough my ride was at 2am.,5
Good,5
Top notch,5
Good Service,5
Super service,5
Driver cancel their ride,1
Great 👍,5
Could have more offers,4
They took money from me for nothing,1
Always on time Courtesy drivers,5
The worst for so long i have been using uber. But today the uber diver just cancel my ride right infront of me cause the other request has a higher balance. And moreover every cancel make the next ride increase in prices.,1
Too good,5
Worst service no cabs were provided when booked multiple times it was a struggle for me to go home worst company,1
it just suddenly locked my account and I cannot contact their help support.,1
"Most of the time, ride is unavailable",2
Good,5
Great guy,5
First time using and was really easy,5
Very nice,5
Great good stuf,5
Always get a Reasonable Fare on uber Thankyou for your services.,5
Rider available on time,5
Always convenient and prompt.,4
The best when the best was expected!,5
Took a long time to find a driver,3
Handy out,5
Excellent,5
Excellent 🤩👍,5
Driver robe us and Uber support recommend us to use smaller bills next time....,1
"Just started using Uber,I've taken 3 rides all good,but ordered a ride the driver wanted cash for the ride it already we t on my credit card,had to cancel and was charged for canceling,when the driver wouldn't give us a ride.not happy about having to pay for cancelation fees qhen it was the driver that wouldn't give us a ride.",4
Wonderful driver! Our first Uber ever. Great experience. Thank you.,5
The ride side is great. On the eats side I've had a few bad experiences with very bad delivery drivers but other than that is great also.,4
"I already reported my driver for last night unacceptable service, but why was I billed basically double for the drivers and their systems error? The fare was ~$7 when I ordered it. But this morning I wake up to a $14.13 charge on my account for the ride. Why? I'd like a refund. Not a full refund but I want $10 back. 1 driver was a liar and the other was unsafe. What kind of people do you hire?",1
"I love in Montreal. Twice I needed to go the airIport early in the morning at 4am and I've requested the ride hours in asvance. Uber only starts looking for a car 10 min before the deadline, searched for 40 minutes and no rider or car found in my case. I don't understand why is looking only 10 minutes before the asked time. I should be able to rezerve a car before or look earlier if a driver can't be found in 10 minutes. I've called a local taxi company. I've got the taxi right away and reserved",1
Good experience,4
Location finding is excellent,5
No voice,1
Abdul was onetime and awesome! Thanks again,5
Good,5
Good service overall,5
Always on time so far. Reasonable price in comparison to ordinary taxis.,5
Uber rides is very low price ever rides,5
"First time in a long time that I've used the app myself on my own device and the driver that picked me up this morning was great. Friendly, talkative and professional. So far so good 👍",5
Superb app,5
Great!,4
Awesome,5
"It works fine, it's useful in a big city like mine, but sometimes it's hard to find a drive in a rainy day or in some neighborhoods",4
Nice trip,5
Nice,5
"This is in no way the Uber drivers fault. My ride was 4 km , and the drivers car broke down. we pulled over 3 times, the third time we pulled over, smoke started rushing out of the vents, and we both had to exit the car. The driver told me to cancel the trip on my end so I don't end up paying since I was not delivered anywhere near my destination. I walked the rest of the 3 km home, and Uber is refusing to give me my money back because because I was driven 1 km.",1
El tipo que me llevo no me habló en todo el viaje 10/10 best app,5
"Most of your drivers don't stop in my house when I book them. They will stop 2 poles away, claiming that their location map is where they stopped while I wrote my full address when I booked. They don't even care to look at the number of houses where they stopped. Sometimes, I don't even know where the driver parked. It is horrible.",2
Pleasant....,5
Good,5
No complaints.,5
perfect!!,5
Keeps getting better all the time. Love uber.,5
Bad customer support,1
It's takes forever to get a driver,1
Drivers are friendly,5
Have used it all over the world and love it😎❤️,5
Good app service,5
Very nice driver. And very helpful,5
"Totally rubbish cannot log in , keeps coming up with email i never use, security card cvv code does not work .",1
Good service 👍,5
Great 👍,5
Was quoted a price cheaper and final cost was more expensive not happy using Uber again. Driver was top class,2
👍 Good,5
Wonderful service,5
Good shi,5
Excellent service,5
Marvelous,5
"What's a cab....? Never use them, unless there is no other options. Uber is a great service very thankful.",5
Driver spot on. Thank you,5
"Always get friendly drivers, which will chat with you.",5
Good,5
Cheap fares friendly drivers fast pick up,5
Nice 👍🏾,5
Easy,5
very professional x,5
Always brilliant,5
Bad riding not pick up in time,1
There is zero customer support. It's all done by bot. When you try to resolve an issue your request is turned down.,1
Terrible app. Won't let me sign in without card info from over 5 years ago,1
Excellent,5
"My driver was very quick to pick me up, and he's a very good driver, I had a smooth ride , no bumps, no quick turns. Thanks for the ride, I'll be using Uber again and recommend Uber family and friends",5
Good so far. The map does not always calculate then the distance correctly in Jamaica. It stays on the main road mostly even when a more direct and good route is available. Hope the algorithm learns faster.,5
Fair prices.,5
Nice,5
Ok,5
I love Uber that's it,5
Clean and fun experiences,5
So far wonderful experience,5
Osm,5
Good service with small amount Thanku Team uber,5
Best driver,5
"Great, smooth experience",5
Always very good experience,5
"Worse app ever, forces driver ratings",1
Nice and polite driver. Clean car.,5
It's very good,5
Great App,5
exceptional,5
"Lack of customer service availability, nickle and diming riders, and not paying drivers appropriately.",3
From the experience of a rider the prices on this app are predatory same ride one day is $8 next day is $21 if it rains you can believe they will be charging you extra. From the standpoint of somebody who works in the food industry if there is ever a problem between you and the driver or you and the customer get ready to be transferred to another country who will fight you to the death over a couple dollars. If you have been scammed or wronged it doesn't matter they won't talk to you.,1
Can confirm great service,5
Don't support in app gallery,4
Good,1
"I just right now had a wors experience with uber rider ,there are saying I can take her life risk then they are ride to my location I told you guys please uninstall the uber app",1
"Shubham Shivaji my driver is indeed a hero & a person full of sincerity & honesty, that's clear from the act of his great honesty, I experienced on today's trip.",5
"Cansado de que me estafen los taxis, ahora uso solamente Uber.",5
Good guy,5
No proper customer support team or complaint resolution process,1
the app dies not launch because it needs an update but it does tell when tyring to use it... need to reinput the phone number after the update... fingerprint access not working anymore... again asked to put phone number after closing the app... 😪,2
"Never trust the ride amount indicated when you have a available vouchers / Uber credits. Uber deducts it in the background from your ride total making it look cheap, meanwhile it is unreasonably expensive and you only see it later when you get the breakdown. Corrupt and misleading.",1
Pleasant,5
Excellent,5
"100% Scam. Robbing well over 60% of the Fare, Stealing the Drivers Tips all while charging Overpriced rides. Greedy and Malicious.",1
@devs You need redesign the app to make it VERY obvious which account (personal / business) is being used to make a booking. Make it big and bold. Consider colour coding / allowing different profile images. Also same for payment selection. Cheers,1
Smooth experience ride is too good 👍👍👍👍 and safety features awesome experienced.,5
Driver told my girlfriend to get out of the car (while i went into Tops) and drove off saying he wont wait for me. This after i did add Tops then our guesthouse as drop off points but now Uber wants to charge me when the driver should be charged,1
"Great Value for money, especially compared to their rivals!",5
Nice,5
The only reason I didn't give it five stars because I don't use it all the time because it's a little too expensive,4
Uber is starting to suck and hard to find rides. Pay drivers more or decrease fees. I have been taking regular taxis because it's easier now to use them.,3
Good,5
"Uber is false advertising in regards to the price of the rides! When request ride share in order to save money, Uber still charge me the regular amount/price!",1
"It's incredibly expensive, if I need to go to work all week it's just about half my salary. Ridiculous",3
Nice drivers fast pick up and they don't over charge if your ride is $12 when they pick u up price stays the same it's a flat 1 time charge rate I love uber they don't charge extra unless u make an adjustment or add a stop to your ride thanks uber,5
Nice aap works best,5
Good job and the price is good,5
Need to update GPS. Took longer route!,4
V v good,5
Very Cordial&Respectful,5
"Worst experience. Take more time to search driver. If u have to go urgent, not useful uber cab. Ola is better and cheaper than Uber",1
No customer service! If you have any issue you can't resolve yourself it will not be resolved. Including being overcharged.,1
Excellent,5
UI is so long winded to search for a train. The slow step by step flow to get the results you want is so laborious. The design needs a rethink.,1
Good,5
Uber and bolt are the best I love their services,5
Nice Experience And Nice Cab,5
Cancel charges Rs.82,1
Fast and convenient,5
Very good drive excellent experience ok,5
getting a cab as become a big scam were prises can go from 9 pound to 20 in few minutes they call it peak hours I call it a scam ripping people off,1
Charges more than it depends during booking,1
Good driver. Polite and courteous.,5
Excellent app,5
Best app for rides,5
The app works fine. Getting a driver can be a hit and miss.,3
Good,1
Super 👍,5
It's better than rapido,5
I love it because compared to rapido price is much lower,5
Good,5
"Professional,pleasant and helpful.",5
Good,5
Of the countless apps it's very easy and accurate,5
A very reliable service,5
Great ride,5
Pathetic service,1
Most useful app ... I like it nd its service is too good,4
Uber bike some driver are like gangster,1
Wow superb 👌👌👌,5
Worst,1
"It's takes more money then it's shows before of journey Don't trust in Ubar transportation at any of the vehicle. Worst experience. It takes money to authenticate the Gpay account but not proceeding you to pay using that, it always show ""Something went wrong, try again after some moment"".",1
Fabulous,4
Good,5
Very best app,5
Very very bad experience,1
good,5
Yeri nais,5
They rip.tou off and steal your money. 18 months after a trip charging over £200 for a return trip that cost us £32 3 days previous and they refuse to discuss it. 🤬🤬,1
Nice!,5
Good,5
Best app giv me more offer,5
Terrible app,1
Excellent,5
good service,5
I am very disappointed to book uber.,1
Good 👍😊,5
"Very safe, countless promos and great features",5
Best service,5
Superb trip...amazing.,5
Company has predatory practices.,1
"It was a smooth ride, the driver was really polite, I recommend for everyone",5
Nice app,5
"Uber not support for riders, only for money taking",1
My driver was a really nice and polite young man.,5
Super,5
They keep sending me advertising notifications. App size is too big. And Uber charges people more who has Uber gift cards.,1
Nice app,5
Very smooth ride. Pleasant driver Karl.,5
Nice,4
"THIS HAS BEEN THE WORST EXPERINCE EVER. I HAD BOOKED AN UBER PACKAGE TO GET SOME MEDICINES DELIVERED. AFTER PICKING UP THE DELIVERY, THE RIDER WENT MISSING. WAS NOT ANSWERING THE CALLS. ITS 9:45 PM. Where am I supposed to find a DOCTOR AT THIS HOUR WHO WILL PRESCRIBE ME MEDICINES? ON TOP OF THAT THE STUPID EXECUTIVE INDRAJIT, HAS THE GUTS TO ASK ME TO MAINTAIN MY LANGUAGE. AND I WAS ASKED TO PAY FOR THE RIDE AS WELL CUSTOMER - ORDER NOT RECEIVED ORDER LOST RODER MISSING UBER - PLS PAY",1
Service just keeps getting worse and worse,1
Great experience,5
Nice app,5
Good,5
Awesome,5
Good,4
Waiting period is too long,2
Good,5
The app inflates the prices and does not assign rides when you need it.,1
Very user friendly for first time user like myself. Easy Breezy!! POSITIVITY IS CONTAGIOUS!!!,5
Super fast service,5
Good,5
"First time using uber, the driver went the wrong way and charged my account more for it. Other taxi companies charge £8.50 for this trip, uber charged me £20. Ridiculous.",1
Lovely drivers.,5
"Very bad , shows more amount during payment",2
Don't order food from this up never got food or money back problem was twice so don't,1
None of your uber drivers in india are accepting the exact payment.Everyone are demanding 30% more money..Seemed very unprofessional,1
Very good service,5
Nice,5
Good,4
Baddest experience uber get waited for an 1 hour and i am frustrated and sometimes driver behaves very roodly,1
Very bad,5
Can't speak or chat WITH ANYONE,1
Best bhot acha laga prefect time drop thanku so much,5
Driver arrived quickly today.,5
Need more drivers in the area but the app does work so here's 5.,5
They change their prices after trips.not very reliable,2
Best,5
nice app,5
Nice service,5
Very good,5
The drivers are always friendly and helpful.,5
Wrost app like there are accepting the ride after some times they are cancelling the ride and there are just playing with customer and irritating it was like more than 4to5 times this was happened.,1
Excellent service,5
Gut,5
Excellent,5
Professional service,5
Love it,5
Good,5
Good,5
Bad bhavier,1
EXCELLENT CAPTAIN,5
"Money is more important than quality. Pay more for a driver to get there in the advertised estimated time? Instead you'll get paired with someone 2x 3x as far away. Want to try a shared ride? Guess you'll have to take up to a ""3 minute walk"" that includes trespassing and jaywalking because the 3 minute area is not realistically set. Yes, 3 minutes is a realistic walk if trudge through private property and a creek. Lyft has proven to be worth cost because uber is overpriced",2
The service was great,5
Safe driving,5
Many time not working,1
Very good,5
They seem to have fixed most of the issues,4
"When I booked the cab, the fare was Rs 254/- but after reaching destination it increased drastically to Rs 444/- It's not justified from any point of view, whatever the reason. It's clearly a corruption. I suggest to not use this app. They also charging a hefty commission of 20-25% as per Driver.",1
Good,5
Good service but charges thode jda hai,5
Sometimes we have to pay cancellation charges without our problem,2
We had a wonderful experience and Omar was great and got us to the airport on time.,5
Helpful,5
Good,5
I am surching other and googal play sagesting me uber but i don't want,1
Always excellent,5
Good app,5
Grear driver and his cab was spotless and clean.,5
Uber taking money out my bank account don't want it,1
Good app,5
Best,5
"Momentos antes de pedir el uber, tedas cuentas que hay varios carros cerca de ti que tratarían minutos (a lo mucho 3) en llegar, pero te envían el que esta a kilómetros y tarda hasta 40 minitos en llegar no porque el quiere sino por la misma plataforma. Que lo escoge de esa manera. Cuando pagas por tarjeta te piden q le des una propina al conductor ya falta poco para q Uber nos diga paganle ustedes mismo al chof.",1
Location service is very bad,1
I added a specific place and the place he's gonna stop at and there was no traffic James and and when I arrived he made me give him extra payment and that's not fair so why?,2
I'm happy but not happy,4
Great,5
"Every time I have ever tried to order a wait and save it never came, just refreshed 5 times. Just now i tried to order one after several months, and it was taking a long time so it told ne not to cancel. Uber warned me not to cancel it cuz it would take longer, then cancelled the rice for me. I will now be late to work, and it is entirely Ubers really i first called a ride over half an hour ago.",1
👍,5
Great service and safety is guaranteed,5
App is not working not opening,1
"Discounts don't work. They put the compensation on my Uber balance and the next time I had a ride my balance disappeared (yes, I had to paythe non reducet amount for the ride). They are not giving me any compensation for this. Scammer company",1
Worst app ever used At booking the price was 395 but at arrival charges changeed to 583,1
"If you use Uber Eats and get seriously injured by an Uber driver's negligence, you're screwed! Take a local cab if you can. It costs more, but is less evil by orders of magnitute.",1
Superb performance,5
Very friendly and careful driver,5
Good job,5
Best expérience,5
On time love it,5
good,5
They did pay back my money even though I cancelled the trip,1
Very Safe driver,5
Ride confirmation waiting is too long,4
"Doesn't matter how many times I tell the app to pick me up in the same spot, or my actual address, it never gets it right. Every time, I have to manually set pickup or give the driver directions to my house.",1
নগডৃহত,5
ready to serve always,5
I've never had a bad experience and love the availability of vehicles when I need to get around!,5
Holy hell would you please STOP removing the option to request a new driver ever other ride?,1
Very nice,5
Swift service,4
I took away 2 stars because they overcharged my credit card. And I had to request my order charge fee back. Absolutely ridiculous,3
"Cancellation of the drive is taking too many steps. Due to this, my rating is going down. Just two clicks would be sufficient. Also, we should change measurement units",3
I will 0 stars for the app. The auto rickshaw fare was 136 rupees he charged me 215 rupees 79 rupees extra of the fare worst experience with the driver and app remove such people.,1
Exceptionally good,5
Excellent,5
Horrible ETAs and drivers show up and cancel all the time.,1
Excellent,5
your driver's have a good service,5
very nice,5
Good service,5
Only left with the option of give me a one-star instead of a zero as this company has no live customer service for the riders yet double charges or charges cancellation fees against posted terms and conditions also policies which riders have to obey but not Uber. Only left to a bot was charged 107.03 for services that were cancelled in minutes after reserved the. Double charged for the reserved ride but unable to cancel it and left to a bot with no resolve nor contact. Double think before usin,1
"Worst app I paid double amount, online and cash both.",1
Happy,5
Most of the drivers I've had have been chatty and helped me with my bags.,4
Excellent,5
Good service,5
Good job,5
Don't use the delivery service 🙄 they lost stole or just gave my bag to the wrong person. Never knocked on my Door even tho it was in the instructions,2
The best Taxi app,5
I ended up deleting the app and my account as they are disgusting.,1
i love the app,5
Nice 👍,5
Driver very nice man and good approach,5
Worst service in emergency I booked uber auto and taxi but even after to many confirmation many driver cancell not even pick-up call,1
Don't know what happened but for sometime now this app is working very bad ... it feels like it was downgraded,2
Nice app,5
"Most of the service is acceptable except the the way to communicate for any issue, it's like a stupid maze",4
Very good application for transportation and easy to use,5
❤️❤️,5
"I make a request early this year with Yamkela /Samnkelo I don't remember nicely his name. My mistake was to ask him what happened because I get the message that says I must wait for 7 minutes ,when it's 3 minutes left start again to 9 minutes, then I ask him how am I going to rate him if is doing such thing, he said I must ask Uber, and I said the only Uber I know is you. He said to me You've better get off because I canceled the ride I thought he was joking but he was serious.",4
Good experience,5
Good uber,5
Efficient and effective always finding drivers on time,5
The driver was very professional,3
You have the worst drivers i have ever seen in a company. I hope this company goes bankrupt with how terrible the services are.,1
Good,5
Nice apps,5
Amazing experience with Uber,5
Nice 👍,5
Nice,5
Good driving experience,5
"""I had a terrible experience with Uber Egypt . I sent an item through an Uber driver, and the driver disappeared with it. I contacted customer service over 20 times, but I still haven’t received any response or resolution. This is completely unprofessional and unacceptable. I’ve lost trust in Uber and will never use their services again. If you value your belongings and time, think twice before using this app.""",1
Day by day this app is getting worst..prices are shown high and bookin als gets difficult..they dnt accept only bookings..Only easy n high rates bookin are accepted.. Will giv 0 star,1
Nice,5
"Drivers being allowed to anonymously rate their passengers is disgusting, cowardly and unfair. They often misuse it to smear passengers over the prettiest things and don't care about how it affects us. I just got a 1 star rating and I have no idea what I did wrong! I have an uncomfortable suspicion that I was judged based on my disability. I have autism, social anxiety and tourette's syndrome, and I often struggle with communication and social cues. I don't think I can trust Uber after this.",1
Uber eats is completely unusable. They don't deliver if the restaurant is near by and in Sri Lanka you can't order something above Rs.2000 with cash as the payment method. Would not Not recommend,1
Very untrained and arrogant drivers,1
Nice,5
good,5
Good,5
"This app is amazing,you should try it....",5
👑,5
Good service,5
Nice,5
Good,5
Te fijas un viaje y a la hora te duplican el precio,1
Very good app,5
Super,5
Vedy good app,5
Excellent service,5
Recommended,5
"Uber app is very bad dnt use,,, ty cum alwyz late n cancelled anytme by ty own",1
Muitas falhas vou deixar de ser usuário,2
"Works well, makes travel easy",5
Very helpful 🤠,5
Works perfect with no worries for pickup.,5
Good,4
Good,5
I love this app but they need to work on being honest I'll request a priority ride and still end up waiting over 20 minutes,3
"Bad service, always asking for more fare. +50 the drivers are also very rude. I would like to give 0 Rating but lucky for them they atleast have 1 star rating.",1
Excellent,5
Nice,5
Excellent ride driver very reliable and pleasant and we wold definitely book this firm again thank you MRS A Janion.,5
Very good serves thank you❤ Uber but give atlist 10 rides 50% discount,5
"Overall, the drivers are ok. But the price per ride, especially for regular customers, is very high. The price keeps going up for no reason.",3
"This waste app never responds in an urgent situation. First problem is the app is full of bugs and phone gets heated a lot. Second problem is the drivers never respond to your ride request. Third problem is that they charge a little bit low amount at first and after the ride,drivers charge extra high amount. You get wasted high amount of time by requesting for a ride. Really bad experience on using this uber. If you are using this app, please keep in mind that this app will waste your time",3
Good man,5
Best,5
Good trip. Safe driver,5
good,5
Worst service. Not a single drive got booked. Driver denied to pick up.,1
Good,5
Wrost service Drivers are good But company policy and booking method is wrost. Even we can't see the vehicle or driver or pickup waiting time before confirming the ride. 3rd time going to pay 98 rs cancellation charge without my fault. And it will be a last time. I am switching to rapido,1
Good,5
The drivers steal and the app doesn't hold them accountable,1
Good,5
Super,5
I love the late safety feature where you receive and code and the driver need to put it to verify whether it's you or not.,5
Superb service.. Great driver,5
Good,5
"Worst app! I urgently needed to go to a place & I wasn't able to find a driver. When someone accepted ride,driver cancelled it after 5 mins. It's so frustrating! There is no proper customer care services & the prices are also very high. Edit: Today I had to wait for 20 mins. At last driver cancelled the ride & I got late. If a customer cancels the ride he has to pay charges but drivers don't need to pay any. WHY? Edit 2: I was charged Rs 30 extra by the driver but app is not taking complaint.",1
Good,5
Even if the driver cancels we are forced to pay. There is zero redressal opportunity.,2
"Because of driver not came in exact location added by me ibhave cancelled the ride, still I have to charge cancellation fees even my mistake is not there",1
So good app,5
Fine 👌,5
Good,5
Good,5
"I had an excellent ride with Uber Auto! The pick-up was prompt, with the driver arriving on time and at the exact location. The auto was clean, well-maintained, and comfortable for the journey. The driver was polite, courteous, and followed all safety protocols. The ride was smooth, and the GPS ensured we took the most efficient route. The pricing was transparent and very affordable, offering great value for money. Drop-off was precise, with the driver ensuring I reached my destination without",5
Jaisa nam aisa kam kam wait karate uba dete ho,1
Good ride. Punctual,5
Good 😊👍,5
Good 😊,5
Good,5
Exlent,5
I love this app he help me alot,5
Pleasant driver,4
I book a ride. Rider says he was stuck in traffic please cancel the ride and take another I cancel it many time but app is not working well. Then I got a message to charges for wasting driver time whenever I was in trouble to get another ride because of app.,2
It's retail price👍🏻 nice ride,5
Best application,5
Safe and comfortable,5
Awesome,5
The application tell me number has been blocked and l didn't know why,1
Bad experience,1
Worst ever booking app Wait was too long.,1
Great,5
"Unfair fare charges. Before booking and after reaching fare will change a lot. I tried complaint about it but no support email or input box as well. So uber longer required, dirty cabs, no transperency on fares. Good bye Uber👋",1
Only waiting,1
Best price,5
Try to add a customer service number in sri lanka without using the app👍,1
Good,5
Good,5
good,5
Best service,5
Good,5
Liked it,5
Good,5
Good,5
Exlent app help full,5
Best service excellent,5
Amazing nice driver very kind and considerate,5
Good 😊,5
good ap and comfortable,5
Superb experience,5
Love it,5
good job 👍,5
Good experience,5
I've always loved uber but now i don't know a driver took all my clothes I brought for my kids and food shopping and there is no support I've put in request and a week later it's still we will get back to U in 24 hours it's been week like seriously $500 dollars worth of stuff,1
"Clean car,nice music and good conversations with my driver",5
Excellent,5
"Discusting company. They have predators in Edmonton, Alberta working for them. A man who solicited a women for sex and locked her in his vehicle against her will and even with police reports they still have him driving for them. Ontop of that another incident where someone paid for groceries and only received half their groceries from the driver and Uber would not refund them the difference or hold the driver accountable for theft. Deleted my account you guys should be sued.",1
Its વેરી હેલ્પ ફુલ,5
Uber shuttle promo needed,5
Excellent,4
Reasonable amounts and security.,5
Asks to pay double charge. Your driver took charge via Google pay and your app is showing pending payment. Customer service representative ask to make payment again. Is my money is free to distribute. Uninstalled,1
So good . But sometimes driver doesn't take request. But over all best app and last moment app at any time .,4
Best ride,5
Good driver,5
Good application,4
Very reliable better,5
Supportive,4
"Driver is polite and the car is big and clean, very friendly driver, professional, Love the experience 😀",5
I have to login each time when I'm using this app.. This is so annoying at times. Sometimes it's struck. Verification each time is so annoying. Price will change whe we reach the destination. No service when we are in an emergency situation searchng for an uber. Same driver will be booked again and again when we cancel and rebook. God! Such a pathetic app🥵🥵🥵🥵,1
Wonderful,5
Super,5
My fair during booking is 148 and after dropping me driver taken 221 rupees from me Fraud drivers in uber....soo much disappointed 🙁,1
Great,5
Nice,5
Excellent,5
"Convenient, friendly drivers and reasonable price.",5
It's good ride and reasonable price,5
Osm,5
No proper resolution of problems.,1
The driver cancels the ride after taking it and we have to pay the penalty for that me,3
Uber को अब try करना चाहिए loading Vehicle में Market काफी बड़ा है । Porter देखो छाया है,4
First Experience is Best 😍,5
Well I feel comfortable in this app,5
Uber has become highly unreliable. I had to return to home as soon as possible due to an emergency but 40 minutes was wasted by just trying to book a ride but it just kept on finding and finding and finding. I would have reached home by that time if the cab would have booked timely. At last I had to use some other app.,1
Cheap Affordable price and fast service,5
Excellent,5
Really good,5
Quick and easy service. Great navigation as for the app,5
Ok,5
Nice 👍,5
Parcel 📦 not safe mera parcel lekr bhag gya ek uber wala or uber wale keh rhe hmari koi zimmedari nai,1
"Such a worst app I have never like this , there is no customer care number in uber app. Two days back I travel on auto the fair it displays 107 rupees and I used 77 from uber cash and remaining amount by cash i choosed , but the driver was not accepted the payment mode he asked to pay 107 if not he was not allowed me to go out. I had paid 77+107 total 181 rupees.",1
Worst payment option if driver not available we need to pay cancelation fee it takes additional charges for every ride,1
Awesome,5
Bakwash Application jb bhi ride kro kbhi nhi receive hoti 20-25 min hamesha leti h fir cancle ho jata h apne aap. Don't your sach an waste Application.,1
Best service,4
Rides available promptly and polite professional drivers,5
Best service,5
Best,5
"It's a good ride application but with mostly American settings, imagine using miles in Africa and I couldn't find any setting to change it",4
Customer care worst,1
👍,5
Can be better,1
"You are waiting for more than 10 minutes and driver was just 2 min away from you while all these 10 minutes.Finally you cancelled and you are charged cancellation fee, hurray!! Disgusting Following for refund but there customer care number doesn't exist.And nothing happens on writing note in help section.",1
Really Good,5
Good,4
"Uber eats only allows you to refund your money ONCE!!! NO MATTER HOW MANY TIMES THE RESTAURANT MESSES UP YOUR ORDER, THEY WILL NOT GIVE YOU EVEN A PORTION OF YOUR MONEY BACK!!! THIS IS WRONG ON SO MANY LEVELS!!! IT IS NOT OUR FAULT AS CUSTOMERS ORDERING THROUGH UBER EATS THAT THE RESTAURANT MESSES UP YOUR ORDER",2
Rider is asking more money then what is shown on the screen... Please check on the issue,1
Uber Best ride always,5
driver delivered food to the wrong place and claimed it was delivered,1
It's very good and secure driving 😃,5
UI is not so friendly unlike Ola. Payment options are also limited. Really disappointed. Price before booking and after booking are something very annoying and frustrating. They cheat you openly.,1
Very reliable,5
Nice,5
Very good experience. Easy and smooth process.,5
Very worst while booking a auto trip... Always drives are asking to pay extra Rs.30/-,1
"Uber app has a lot of bugs, even when I have cleared outstanding, it shows pending. When I click to pay, it says payment already recieved!! The user experience of this app is not good at all. When reserving rides from home to office, its successful, when reserving back from office to home it says payment method issue. I changed the payment method from CC to UPI, still it says the same. Customer support has no clue. Didn't expect this from Uber",1
Good experience,5
Good,5
"All they do is steal your money, make a small effort to use a different service and they will have to learn",1
Good,5
Good,5
Swift and efficient,5
Good service 👍🇵🇭🇹🇼,5
Travel cost too high and worst service.,1
Great,5
"I would like to share a suggestion with the Uber team. As a regular user of your service, I believe it would be helpful to display the car model and year after the cab driver accepts the ride. This would allow users to make an informed choice and ensure a better experience, as there have been instances where older car models were assigned, making the trip less feasible.",4
Super,5
4 times the amount for surge pricing is gouging. This is unacceptable and should be regulated.,1
Nice,5
Nice👍,5
"Every time I attempt to log in after formatting my device, my account gets locked. When I reach out to support for assistance, they simply state that they cannot do anything about the issue and refuse to provide any explanation for why my account is being locked. This situation is incredibly frustrating and needs to be addressed.",1
Very bad apk very late driver pickup location 20 minutes 30 minutes west of time is emergency is booking but not is the booking place where is low driving in pick up location very late,1
Delighted. Very friendly and competent.,5
Very poor driver telling to cancel if fare is not enough,2
My upi services in app is not working,1
Low price hassle free ride,4
"I was trying to pay with my debit card, everything seemed to be fine but now I can't use the app because apparently the payment didn't go through? I've been trying to fix it, but there are no options to pay for the trip other than my card. I couldn't find any help, at all. I'd like to pay, of course, but the app won't let me and the help center is useless. So, bear that in mind while downloading the app. They probably won't pay the rider... But there's literally nothing I can do about it.",1
Uber driver deducting extra money for parking + used slangs before by another driver. Suggesting users not use this anymore. -2021. Not changed a bit. It remains same. -2024. Lawre ka uber,1
Worst app till date,1
No cab available every time,1
Excellent service,5
Kevin was on time and was very Courteous and polite.,5
Awesome 👌,5
"I started using Uber eats because they offer deals other's don't, but 15% off an order doesn't help if I don't get all my food and have to place another order to get them. Nearly every order has been missing items, and the refunds for the missing items don't come close to the replacement cost of the items. I got $3.56 back for 2 large fries and 1 small small fry. It would cost $11.92 to reorder them, not including tax, fee, and tip. I'd rather pay full price with door dash and get all my food.",1
Safe dependable rides and the app is really easy to use,5
Super,5
Very polite,4
"Riding Uber is always a great experience because of your drivers. It is a shame you do not value your Uber drivers, and pay them what they really deserve",4
Very happy!!,5
They hide OrderFees into the actual price of food when doing pickup. Shady business practice and their service reps rudely cut you off.,1
Nice,5
Good when not having glitches,5
Polite and respectful on time,4
"beware of hidden fees. The app will charge you additional fee more than it shows even after the ride ends. I was tipping off of $40 but when it pulled money out of my account, it charged me $42 before tip. Uber Support refuses to help me on it. I can't trust Uber anymore.",1
Safety and on time.,5
Practically good 👍,5
I have been using uber for the last 8 years. Always the issue has been resolved timely. But this time I have to write a review regarding some technical issue which is highly unlikely in case of uber. I had bought a 10 trip shuttle package for my office route. And after 7 trips the shuttle package is still valid but not applicable on the shuttle rides. It always shows the amount Rs. 130 but it used to show Rs. 0 after applying package. So the package is still there active but is not being applied,1
Wonderful,5
This is great ride app,5
Good,5
Nice,5
Comfortable,5
Better option available with uber. Love it,5
Good,5
I use this when I go on trips. And also order food thur Uber eats.,5
It's great but more ways to relocate drop off would be nice,5
Good service,5
Good 👍,5
"The prices can really depend on your area, but overall, this is a really great app. I love the safety features of being able to see your driver and know their car make and model and license plate before you leave with them. I'm sure they also appreciate knowing who they are picking up as well! As someone with a disability the reasonable prices and availability make my life a ton easier.",5
"Not a reliable source of transportation in Huntington West Virginia, 25704. Maybe even the entire tri state. Nobody wants to pick me up. It doesn't matter what time of the day or the distance. The select few drivers that does assept. Never picks you up. They just drive around for hours forcing you to cancel. Not sure how much is the app or drivers. But just can't turn to Uber for a source of transportation.",1
Always good services,5
"The best, changed the world 💯",5
Love the 30% discounts. Keep them coming,5
Nice app,5
"El servicio al cliente de esta empresa es lo peor, tengo semanas tratando de recuperar la contraseña de mi cuenta de Uber y nadie me ayuda, a demás no tiene un tlf donde uno pueda comunicarse con ellos. Por otro lado les advierto que hay driver que están robando las cuentas de Uber el último ride que tuve el driver m÷ pidió que lo llamara y luego el me dijo que le diera el código del ride cuando se lo envié el driver cancelo el ride y después no pude login y ahora no tengo cuenta esto es en USA",1
Lovely,5
👌🔥♥️,5
Good main,5
Wonderful driver and fast delivery but the note I put into the App to make sure two packages were picked up didn't appear on Driver's phone so only one arrived. Luckily it was the urgent one. Uber please let these details be seen by the driver too to stop confusion. 5*****stars to the Driver Prince. Thank you,4
Do you guys actually employ a driver that will look at special instructions and read them and follow them I have not come across one driver that has read the special instructions y'all need to fix that problem,1
"The driver was AMAZING, made me laugh, a lot . I got lost of course, he was there to guide me all the way through it.i would suggest taking an Uber.",5
Very skilled & polite driver,5
1st time. So easy to use,5
Very Good,5
Awesome,5
Very courteous and quick,5
thank you,5
Great easy to navigate app,5
Very good service,5
Exlent,5
"Only 3 experiences and all 3 were great. I do remember Jeremy and Arun both picked me up at Ford Halifax. Very friendly gentleman, clean cars, great driving and I felt safe through my 16min ride. I have them in my favorites!",5
"I always get charged between $19 to $23 for Uber one every morning 950am from my house to my job not sure how or why today it charged me $27.55 when I have the annual Uber one subscription. What a robbery, now I can't even tip the driver because it's too much money for absolutely no reason",1
"Increasing prices for no reason (or for reasons such as ""escaping a mass shooting"") is greedy and disgusting Edit: couldnt find a ride home under $25 so i downloaded lyft :) $8 and im home in 10 minutes",1
Great service much better.than the past dated taxi services available and less than half their prices also and with very little to almost no wait time for your uber to arrive.,4
Ecselent,5
Keep taking money from my account,2
uber is great,5
Excellent,5
سائق أخلاق و محترم و زوق جداً ربنا يباركله,5
Always reliable and very helpful drivers. The driver this evening was excellent. He definitely deserves 5 stars!!!,5
"Excellent customer service from uber drivers... the app is great, easy to use & quick.",5
Good sometimes,5
Good awesome,5
comfortable,5
Good and quick,5
Great,5
Worst app in middle night this app disent open in my phone leave the booking matters worst app,1
Affordable & user friendly,5
I like it,4
Fantastic 😊,5
Driver doesn't respond I did advanced booking but in last moment driver doesn't respond only App is not at all useful,1
"Great company when I can get ride. I have great passenger rating, yet can't get rides and if I could it's about $15 more than lyft 85% of the time",2
The app hits you with spam once used with no easy way to turn off these spam messages.,2
Very nice improvement in Uber. Thanks Uber,5
EASY TO USE,5
Driver's always want to avoid toll roads and take longer routes than what I requested. But they keep accepting my rides when I'm clearly taking a toll road. Uber you need to inform your driver if they can't take a toll road to not waste my time taking my ride if they can't follow the route. They should never be allowed to take another route unless there's a unexpected detour.,1
"After manually entering address, pinning location, and ride confirmation, the app changes the location after the drive is en route. Scheduled a pickup, followed all previous steps, and when time came, it moved my location over 200 meters away thru a fenced parking lot into a field. Due to the driver not being able to get to the field, it canceled the ride. Offered another pickup 17 minutes later. I missed the appt. Called the ride line, told they have ""no customer service for riders."" Uninstall.",1
Good,5
"Super friendly ,kind and knowledgeable.",5
Great gentleman.. enjoyed the drive and conversation....,5
Good,5
Presicion exact time,4
this POS app won't stop sending me spammy ad push notifications even when I turn them off in the settings.,1
Excellent experience,5
"Always on time, drivers are almost always personable and kind.",5
The driver is very calm and very nice to talk to customer The driving is also very good. Dropped on time and safely. Very good service. Thank you.,5
Best emergency app in night,5
Works great. Especially in burmingham.,5
Good,5
Excellent service,5
Much cheaper and fast,5
Absolutely love this app and the drivers are amazing,5
Fantastic,5
"Very fast, reliable and cheaper than others",5
I am always satisfied with every ride . Thank you 👍,5
"Easy to use, reasonably priced fast service, friendly drivers almost all of the time and nice options for ride sharing if you're only doing one stop, one way. Also recommend Uber eats over gh.",5
Very very useful app. Thanks this app Maker and management family.,5
Good 👍😊 bike running speed and experience,5
my driver was excellent !!! my first ride in a Tesla was such a wonderful experience !!,5
Safe right good behaviour,5
Very nice,5
Easy to schedule pick-ups. Drivers are friendly and on time.,5
Driver was cool 😎,5
great,5
Cool,5
ممتاز,5
Best app ever 👍💯,5
good,5
I had wrost experience in Uber.I book my ride in just ₹259 after reaching on the destination fare increase to ₹415..It was bad experience...I want my refund.otherwise m going to uninstall uber app.,1
Amazing,5
Gotta Love Uber.!!!. Keep up the hard work. Greatly Appreciated. #NeverGiveUp,5
So good,5
absurd price surging and even more absurd wages for your workers,1
Third class uber,1
Superb,5
"Good driver, not lile ola driver, ola driver not good",5
Good,5
Ni es facil de manejar,4
"Adjusting the price en route is disgusting, you can predict the traffic easily. Lucky there are other options these days.",1
"Awesome driver, I enjoyed his driving su",5
Very good,5
"They charge you any amount and say it got inflated. Absolutely ULTRA WORST CUSTOMER SUPPORT. Better still they shall mention that they don't have customer care. They only want to THUG INDIAN PEOPLE MONEY. No other multinational company has functioned like this in our country. Had to actually CC their CEO to get the issue resolved. Had requested them over app, email, voicemail, their all helpline numbers. BUT THEY SIMPLY DON'T CARE.",1
Uber has gone downhill the past few months. Strongly recommend to use other apps and use Uber as a last resort,1
Good,5
Uber maps useless hai or driver bhi bahot kharab hai,1
Awesome,5
Exelente.,5
Good,5
Very nice driver,5
verybad service.you're talking with a robot forever,1
Never any available taxi,1
Hello Sir my uber account is not login new mobile my old mobile screen broken,4
Very nice,5
Nice price,5
My first time using the app. The driver David was very pleasant and had great conversation the entire trip.,5
This is not good another ride automatically another driver accept,1
Very good apps,5
Exlent app hai,5
Good behaviour on cab driver 🥰,5
Worst app everrr it has lot of bugs and problem in an app and their servicess firstly their app doesn't work properly and it increases price while riding and it didn't show on coustomer panel,1
"Won't allow me to do anything. Open app just for it to close on its own. Deleted apps thinking it was space, no. Cleared RAM, no.",1
Rates are too low .uber is un sustainable for driver's,2
"App has become so overcomplicated you can't find anything you need when you need it in a timely fashion, such as when a driver is messaging you and how to have correspondence or any communication with driver. You open Uber, and it immediately floods you with adverts, vacations, promotions, and food. Anything but the core reason to use it..TO GET CAR RIDES! Terrible decision making from this company. Go back to how the app was 7 years ago, and it would be an improvement over this abomination.",2
Very good,5
Easy everywhere and pays instantly,5
Wow,5
Excellent!,5
"Great trip, friendly driver is a legend",5
Arnaz khan is good drive than you,5
Excellent🔥,5
Fantastic,5
goog,2
Provide comfortable and affordable ride,5
Great guy. Great conversation,5
"NO IN APP SUPPORT. If you receive an incorrect charge, there is no way to contact customer support through the app. You can only navigate a labyrinth of help articles before being told everything looks correct. For some reason these articles are disguised as a chat and say powered by AI but it is not a chat or a bot, it's just a standard support tree with no way to describe your problem or be put through to an agent. Don't trust your money to this system.",1
Very nice,5
البرنامج وحش جدا كل الناس بعيده عني مفيش حد قريب وله في حد يقبل الرحله علطول ارجو حل المشكله,1
Very good 💯💯,5
"Very kind and easy to ride with,great safety and ease of changing the direction/added stop",5
the experience was good,5
good app for transport within the city.,4
Nice,5
"Worst taxi app in qatar, dont use it, there is severral alternative app with good prices and dont scam you",1
good,5
nice pickup and drop,5
Very good,5
Good experience very 👍,5
Great service,5
Very bad service,1
গুড,5
Great,5
Nice service,5
Uber is the best 👌 👍,5
Cost of price is ok,5
Good experience,5
Helpful driver,5
Amazing,5
Bestest ever,5
Nice app and friendly drivers.,5
Nice app,5
Superb,5
Amazing technology that works very well!!,5
Excellent,5
Does what it needs to,5
They money keep adding the money at the end of every trip,1
Good,5
"Good drivers,good company",5
"Requiring unnecessary informations Like sending a selfie of me ,, Unprofessional",1
great,5
The drivers show up right on time. Vehicle is clean. Drivers are friendly.,5
First time use Kiya very well ride super,5
"I am Pakistani. I don't know the Arabic language. But Alhamdolillah this driver was so humble by Uber company, and I am fully satisfy. Mashallah Jazak Allah",5
Not pick on time,1
Useful but car is unavailable always.,4
nice,5
Good,4
Super sarvesh,5
Very good service,5
Very disappointed.... Very bad experience with uber cont choose uber ... Riders cancel the ride very often... In background it books 1 and another rides followed it is ridiculous....,1
Totally unprofessional ..zero in grievance redressal and hence zero in customer satisfaction... I would have given zero star if it was possible..,1
Good,5
W app i can go anywhere fr,5
Driver is coming to the location and then telling us to cancel the ride.we told him to cancel.then he cancelled.But in next ride uber send me message to pay extra amount for cancellation charges.,1
We never get cabs/autos whenever required. Worst service,1
Very good,5
Trusted,5
Very exceptional 👏 👌,5
Brilliant service,5
Good experience,5
Worst app drive cancelled ride but i had paid for this. Pathetic service,5
Wonderful reliable service,5
Excellent,5
Good,5
expensive and takes too long to get a ride...especially at the price they are asking for,1
Bad service In my app show price 107 and in drive app show 167 . I paid 167 online I have payment proof but support team did not help .,1
Amazing,5
Good 👍😊,5
Very good👍,5
Very useful app,5
Great......,5
It's so difficult to reach their support executive. Not happy with the service.,3
Very usefull app,5
"It's amazing comfortable, you feeling safe ❤️",5
Very good.,4
Very nice 👍,5
Good,5
Good experience. Positive vibes,5
Worst service I have booked a moto ride and it shows it will take 30 min and then also haven't booked any ride very disappointed,1
Price gouging is illegal. Customer service is useless if you can actually figure out how to speak to someone.,1
The GPS takes you all around the world to get to your destination,2
all was good when I needed it but I accidentally switched my plan which would have renewed in a week but I was trying to cancel and I came to find out that they charged me the moment I switched plans instead of when I was scheduled to renew so be careful not to click the ads to upgrade they will charge you immediately,3
Nice,5
Good,5
useful,5
Great,5
Good service,5
"I have had two disputes with this company. An they have never helped good. Don't expect customer service to help. Other than that, they're sometimes well priced. An have decent drivers in comparison with most other companies.",2
"It is safe, comfortable and convenient, I love the courtesy that Uber drivers have, keep it up",5
"Worst experience ever, Uber shuttle take up to 14 passengers with four at the backseat which is not comfortable anymore, even microbuses don't do that !",1
Noice,5
Great service,5
Good service,5
"Can never call a driver when I need it, always buggy, never works, absolutely absolutely hate it, cannot tell you the amount of times I've been late for work, or just had a driver cancel on me, I wish that anyone in my hometown who uses this app as a job was competent, it's so ridiculous",1
Excellent,5
Ya van demasiados viajes que me cancelan y no se puede cambiar el idioma,1
Worst app😡 it increases my 560 rs by just 10 minute traffic i am not going to trust this app anymore,1
Good,5
Good,5
Good but not convenient,3
Convenience,5
Nice,5
Nice,5
So far excellent arrival time at requested pick up point 10 out of 10 each time whatever the time is and the same for drop off point time!,5
Good,4
"It is getting bad to worse. Their bot is not able to offer help and it is next to impossible to reach to a human customer agent. Uber is getting terrible day by day. They overcharge, show low but charge high. I know no one reads this but still thought I will share",1
Great everytime,5
"The app was telling me that the driver was 2 minutes away from me. When he was still dropping off someone else, it told me to go meet him when he was still currently on a ride. It had me waiting outside in the cold unnecessarily. When he was still on a previous ride simply, because it was close to my destination. You should not update the next driver.Until he's completed their first ride",3
I think it's disrespectful that I paid for Uber one and I still have to rely on Lyft because the prices were cheaper. Smh,1
Worst app,1
Failed to send sms repeatidly. Failed to accept code 2x,1
Very nice పెంటాస్టిక్,5
fix your app.,1
On time. Did not help load bags.,5
Prompt service with reasonable price.,5
Good 👍,5
Unfortunately can't give zero stars which is what would be appropriate. Ripped off to many times. Very bad customer service when issues arise.. don't get burnt use the alternatives.,1
Fantastic,5
Great app can always see where the driver is.,5
Excellent,5
So good,5
Excellent,5
Several drivers cancel trips even we book the destination inside core city,5
Easy to use and very efficient service.,5
Good,5
Best ride on Uber trip,5
Good,5
Better than lyft,5
Always on time. I love the service,5
Very peaceful,5
Not good sarvice,1
Super,5
Good,5
Taking much time to find driver 🙁,1
Fantastic service,5
I've recently started using Uber for booking train rides. Loved it! The only reason I don't give it 5 starts is because doesnt let you either add the tickets to your digital wallet or share them directly from the app. Please allow that and it will be the perfect app!,4
The Best of the Best.,5
Excellent,5
super 👌,5
Ekdum mast app hai,5
I loved it,5
Good,5
"It was easy to book and connect with the driver. But had to pay an additional amount of fees for the parking, which wasn't mentioned in the app.",4
Excellent,5
very helpful and reliable,5
Best best,5
Great 👍,5
Good,5
Good and faithful,5
"Bahut ageeb h ye log auto book krne k baad bhi nhi lene ate ,safety to baad ki bat Acha nhi h ye app for auto moto",1
They treat the drivers like trash.,1
"Nice person, clean car, safe driver, prompt, great experience.",5
Thank you 🙏 for picking me up,5
Good experience,5
Very good service very impress .,5
Bery nice ride,5
Experience and fare was good,5
Nice 👍,5
It is very good,5
Good,5
Great,5
Gooooooooooooooood appppp,5
Good one,5
Ek number app,5
Nice experience with safty,5
Great rates at a for sure time if need. 5⭐'s...,5
"Wasted app for the moto driver, fare is very low then the other app",1
"While 98% of the drivers are fantastic, Uber NEEDS TO UPDATE THEIR MAPS. The maps take you on the longest route mileage & time wise. Lyft can at least take the fastest route. But I guess since Uber doesn't pay for gas or maintenance in the vehicles what do u care the route taken. Also you need to make sure ALL your drivers speak & UNDERSTAND ENGLISH. THATS BECOMING A HUGE PROBLEM!!!!!!! THIS IS AMERICA WHERE OUR LANGUAGE IS ENGLISH. I'm of Spanish decent, so for me to say this is hard!!!!!",3
App not working,1
I had scheduled a trip to the airport for 5:30am days in advance. The uber driver canceled within 2 hours pickup time. It was in the middle of the night no other drivers were able to take the call because it was a long one and a half hour ride. I almost missed my flight and had to get a family member to drive me at the last minute. Do not ever rely on this company if you're a businessman or it could cost you thousands of dollars by missing your flight or losing your job. Recreational use only.,1
Good,5
Nice,5
حراميه واسعار زفت و مش امان,1
Very polite and an excellent service,5
I have paid by cash to the driver once.. but still the app showing unpaid.. and I'm unable to book.. Help center not active.. very bad app,1
Third Class Service,1
It is very good ride,5
This guy's hungggggg,5
Pleasant and easy.......,5
Gary was very professional and friendly,5
Please sort out your Maps,2
Nice,5
"sometime it's get superb offer but most of the time on compare to day one to today approx 500 time i didn't get cab,bike that's all done only in less than one year . recently i purchased uber one plus card so they increase price also they do not get ride so please don't purchase uber one plus card",1
The application withdraws the fare twice.,1
Good behaviour,5
Good service,5
Nice app,5
Perfect,4
I moved over from Lyft. Much better experience,5
Good,5
Good,5
Secure,5
Great,5
Drivers ne Chor bazari Macha rakhi h 7.56 rupees sonipat se pitampura ka dikhara hai aur driver bolra hai 1100 Lunga nahi toh cancel kardo Cancel ki to uske bad 24 rupees minus me dikhara hai hum kyu pay kare mufat me galti uber ke driver ki hai Aage se uber aap he delete kardena chahiye loot mar macha rakhi hai,1
Wow really amazing service,5
Good service,5
excellent rides,5
Best is best uber is best,5
Good prices...,5
Nice for traveling,4
GREAT!,5
"Trying to cancel Uber One subscription, which for some reason has to be done through the app. The app won't install because my device is too old. So, now, paying monthly, and can't use or cancel the service.",2
Ok,5
Drivers always charge extra .. 1200 is mentioned they took 2000 instead . . They always try that customer will book them private cab ..,1
Nice,5
Good with compare rapido,5
Gud,5
"Nice and smooth. Clean car, good area knowledge.",5
Good,4
Good service,5
Coustomer friendly -0 Coustomer support -0 Only concers about their business and riders .. looting coustomers only ..,1
"DO NOT USE UBER. It will give you an amount and then charge double. Once they do, they do not refund or price adjustment. Their customer service just says you're mot eligible when the price clearly reflects a double amount than the original. Uber is a thief who offers a fair amount in the beginning then up charges you Once the trip is done. Their customer service does not explain why you're account is now being deducted almost double. This app is a SCAM. Use Indriver or Bolt, they have integrity",1
Jaldi mein vehicle available nahin hote,3
Very useful and convenient,5
Excellent 👍,5
Good experience,5
Nice,5
Good customer service,5
Excellent customer service,5
Wonderful,5
This is the worst app for traveling. It will waste your time and nothing else. Don't download this app.,1
5 🌟 all the way premo,5
Excellent,5
Good,5
No service awrywhare worst service pls closed or devloped location all over Mumbai Thane bhiwandi and taloja navi mumbai 4 wheeler service,1
I just waited 2 min and the car came to me it was brilliant I am very happy about this behaviour,5
When the demand is high their drivers keep cancelling the trips after making you wait for minutes.,3
Super,5
It would be nice to order and uber with a provided car seat.,3
It was very good,5
Loved the service till now. ☺️,4
Friendly Uber app,5
Nice,5
Super rider,5
Nice,3
"Cancellation of Uber One is very obscure process. Missed one button in final screen and somehow did not cancel, while I thought I cancelled. Deliberately misleading users with UX Design = 1 Star.",1
"The driver I had was excellent very nice young man ,and thanked me for traveling with him and wished me a nice day 😊 beautiful person",5
The driver is so patien and friendly,5
Average,3
It's cool long as they keep the prices down. Like they have been recently. Ty most driver's are chill.,5
Fast and clean car with polite driver,5
I am in very bad experience in Uber আমি উবের ঠিক কোরেশি ৩৩৪ টাকা কিন্তু আমার লোকেশন আসার পর জানতে পারলাম টাকা হইসে ৪৭৬ টাকা যখন আমি ড্রাইভার কে জিজ্ঞাসা করলাম এত টাকা কেন আসছে ১৪০ বেশি আসলো কেন ওনি বলতেসে আমি। জানি না উবের এপপ্স থাকে দেখায় আমার জন্য খুব বাজে,1
Better than ola,5
Uber is useful. I just wish it didn't take for ever to download its app.,3
Excellent service at affordable prices,5
Vremry good..valuable prises,4
Good,5
Super sarvice and beautiful ride,5
Friendly and above the call of duty,5
Exceptionally good,5
Never a bad experience with Uber,5
Gud experience,4
Booking is too late,4
Horribly erroneous navigation system. Twice happened to direct the ride to completely wrong location wasting money.,1
Good,5
Thank you uber,5
Worth it!,4
Use uber everyday makes life easy to get around for me and also to get friends where they need to go as well not having I license to drive myself,5
"They are fast, easy and efficient",5
Very nice,5
Good 👍,5
العربيه نضيفه وسائق محترم,5
On booking drivers are coming for pickup with different vehicle and rude behavior. Uber customer care is also not supportive. Be careful and alert,1
It was overall good experience,5
Nice app,5
Exceptional,5
"Quick service, friendly and helpful driver",5
Safe and convenient,5
"So far soo good, all my interactions with the drivers were wholesome and good..",5
"I have been facing with some of the drivers on your platform. On multiple occasions, while booking an auto through the Uber app, the driver has asked me for an additional ₹50 in order to approve the trip. This has happened several times now, and I find it highly frustrating and unacceptable. I should not have to deal with such requests for extra charges that are not reflected in the fare displayed. I kindly ask you to investigate this matter and take the necessary action to ensure that drivers",1
"Upload my what??? Yeah, un-installed! Good luck with that 1",1
Jai ho,5
"Such a Horror experience and this is happening everyday with some other passengers especially in new delhi The cab drivers behaviour are very irresponsible My cab drivers forced me to get out of the vehicle in the middle of my journey and took the payment, moreover he left me on the flyover with all my luggage this is really not cool They are so arrogant and my cab driver was abusing uber service also..",1
Very good service by driver,5
Good,5
"Very helpful, I totally satisfied",5
Best experience,5
Best,5
Solid experience,5
I haven't had any issues. Works well. Reliable app.,5
"My UPI payment(cash mode ride) to uber driver was initially pending, I made another payment after the timeout. Later that day pending transaction also got settled and credited to the driver again. Reached driver using the UPI phone number but then after explaining he started ghosting me. Then I reached Uber support and they helped me recovering that money. Uber credited it to me, also debiting from driver account. This kind of support no one does. I love Uber for their support and experience.",5
"Uber has turned into such a horrible app! They've made it impossible to get in contact with customer service. I reserved a ride that was originally coming out to around $10 with an ""applied promotion"", during the ride there were no signs of any change in price and once the ride is completed I get an email thanking me for my $50 ride.. I was upcharged $40 which is fraud on their end and I tried all day trying to get in contact with a human being with no luck. My advice, STAY AWAY FROM UBER!",1
Excellent,5
"I've been using Uber for years. For the first time ever, on a route I've taken a number of times before, I was charged 3 extra fees that increased my amount by nearly double. These charges were not agreed to by me and not mentioned in the original amount. Basically, the prices changed after the booking was made. I've tried logging a complaint on the app, but it is incredibly obstructive and not designed to deal with general complaints. Un-installed, and I will never use Uber again.",1
Very nice Trip,5
This is the best Uber app.,5
"Uber is very handy, also assists massively when we get stuck for transport solutions within our company.",5
Displays short pickup time then doubles or more once ride is confirmed. Then can't cancel it without paying.,2
I'm deleting this app because it's refusing to open on my phone 📱,2
You can only pay online if you pay cash they don't give change ever . Plus once a booked a ride the driver passed me and cancelled the trip for no reason then the price surge after completing the trip and when it's damn important I don't get a ride for a hour plus the driver are most of them are pathetic I don't know how uber takes people in,1
Convenient,5
I think 🤔 best,5
Superb app,5
Nice,5
Why are you running the app when you can't provide a single ride?,1
Good service,5
Good,5
Good,5
Its ok it works 45% of the time everytime....,5
Lousy app,1
I love Uber,5
5star,5
Best ride ever,5
"This is a rubbish app, this app is looting a lot of money, if you cancel the ride, your money will be charged and even if the driver cancels the ride, your money will be charged, this is a very bad app.",1
Awesome facility but some time cabs are not book why ? Some time server are hacked,5
Love the riders and their kindness,5
Very good,5
Good,5
I find it very useful,5
Good,5
Doesn't work well with the phone cat s22,1
Awesome and super ride,5
Good,5
Easy to use. Very efficient and courteous driver,5
Hindistan'da şart,5
sometimes drivers are continuously canelled the trip after accepting my trip. Due to this scenario I am finding other sources.,1
Good cab,5
Very very good platform 👍 10 star,5
The help feature repeats the same information and doesn't cover enough topics. This rating is also about the company and how they handle cancellation fees and refunds. Very poor customer service and everything took to long to resolve.,1
"Doesnt let you use google voice, or anything else if your phone is off. It also can glitch out and not let you schedule rides with valid payment options. They can't get back to you on why in a timely manner so you could get stranded. Stopped using this in August and I remember why. Plan ahead.",1
Nice 👍,5
Nice,5
Good,5
Good,5
"this company has taken more than $40 from me now. Pro tips: - if you Accidentally submit an order for delivery, and the restaurant confirms, you are charged for the entire order. no matter how much time has passed between submission and canceling. - do not ever take advice from their drivers because even they do not know what the official rules are. - if asked by a driver to cancel in the middle of a ride, Do Not Cancel because you will be charged cancellation. No you can't dispute this.",1
Good,5
Handy,4
It's is cost efficient And usefull for old ages,4
For whatever reason I cannot use my app because it's still linked to an old debit card and phone number. This app sucks!!!!!!!!!,1
Easy to order and arrived within 3 mins. Nice driver.,5
Amazing App,5
Bakwas h ye wala,1
Great uber driver - international knowledge of Southampton Football club,5
"I used to love Uber but they aren't what they used to be. Such lack of quality control, the Uber Share service is so bad. The service gets worse and worse with each year. Time estimates are often wildly wrong. It's hard to report many types of complaints.",2
"BEST APP IN THE HISTORY OF HUMANKIND. WHEN DEMAND IS LOW IT'S EVEN CHEAPER THAN A BUS TICKET AND WITHOUT THE HASSLE OF WAITING FOR THE BUS AND WHATNOT. I THINK I'M GONNA BUY A COUPLE STOCKS OF THE COMPANY, ITS FUNDAMENTALS ARE SOLID (NO NEED TO DO THE ANALYSIS).",5
Best way for travel,5
Emon is very nice. The car is fast and safe!,5
I don't have a shuttle pass enabled in my app while others are getting it on the same route... There is no option to connect with the customer care,2
Worst app,1
Mike was very polite and his Tesla was very clean and nice . He helped me to the door because I had just had surgery on my arm. I would use Mike again and I definitely recommended him.,5
Best deal,5
nice,5
This is very good app and very fast,5
"I don't have my expired credit card to ""verify I'm me"" in the app, even though I verified both my phone number and email address through access codes, so it seems I cannot use Uber. What idiots are running this company? (Still broken 3 months after posting this review.)",1
"In only 1 trip after a long, I get to know the uber service is better & fast then ola service. And the fare is also very effective (budget friendly).",5
Arrived in Australia taxi driver tried to charge $100 from airport to Hotel. My Uber from Hotel to airport was under $50 thank you Acor thank you Uber 😊,5
I was shut out. I was accused of something that I did not do. Uber did not ask me any questions they just shut me out of my account. The only allowed me to send a response. They said that they would review my response and get back with me within 7 days but I have not heard from them and it's been beyond 7 days.,1
Thank you,5
"About every 4th time I use it there's some sort of random issue - logging me out for no reason, asking for verification, random error msgs, payment not working despite me knowing my bank card is fine, etc. Unreliable! The drivers in the UK are bad and hike prices to ridiculous costs. The drivers outside the UK vary from excellent to not good. There should be an Uber rule that the vehicles must have functional seatbelts (many in South America don't!)",2
Good ride good driver,5
Nice experience,5
Great app and great driver!,5
"I will rate this app 1 , costumer service is 0",1
Good,5
Nice ride,5
Nice app,5
Excellent,5
Great 1st time experience,5
The app is amazing but phone calls are busy too often for seniors!,5
Good service 👍,5
Our fare was supposed to be $12.98 then it jumped to $18 and change. I couldn't review the charges on the Uber app.,3
So late,4
Fast service and great value.,5
"Remove the tipping button, this is not America",1
Good personal people driver,5
Neat clean and professional...good experience,5
Awesome service,5
Helps a lot,5
Uber needs to show that the other driver has another ongoing ride. Too many times I'm waiting 20+ minutes for a ride that is allegedly 2 minutes away and I end up late to where I'm going.,2
Driver was prompt and friendly.,5
"Best in the business, best rates",5
Good experience and convenient.,5
"Uber never knows where I am. I travel all over the country for work. It has been stuck in Washington DC for months. It won't pull up locations anywhere else. It takes me sometimes 10 minutes to book a trip because I have to fight the app. When I went to Vegas,it refused to pull up any address in vegas. The chat they say they offer and email are no longer accessible even where they say it is. Unreliable app.",2
FANTASTIC,5
Bakchod app,1
"All good for the most part. A few glitches with some food orders from time to time, but that's to be expected occasionally.",5
Very poor service...most of the times my time was wasted in booking ..,1
Works great,4
Good,5
"As always, number one in ridding apps. Good cars and respectable drivers",5
"Cambió mi percepción de Uber, definitivamente la mejor app para el transporte",5
Driver's have been very great with customer service. But Uber overall charges to many fees. Membership chargers higher fees i.e ride-sharing is higher than food - if used app for rides (and vise versa) i.e use app for food - fees are higher than ride-sharing. A non-member account receive better discount and promo than memberships,4
it good to me,5
The driver was friendly and professional it was a great ride.,5
It keeps sending my information to different numbers,1
what I expected good driving,5
Brilliant very talkative nice person,5
He went above and beyond,5
"On time, friendly, excellent driver. The app is awesome!",5
Excellent👏,5
nice,5
Good,5
"Always reliable, always a great driver",5
Awesome!,5
this app verey good,5
"great service. on time , no problems.",4
Good driving with uber moto,5
Great service,5
"Uber One subscription is a waste of money. There's no commitment to ensure the benefits. You pay for the subscription upfront, but all benefits are ""subject to availability"".",1
Very frustrating stupid app. I can't select a place on a map to save as 'saved places'.,2
Amazing,5
Uber drivers can just cancel your ride without reason. And there's no way to trace back to report them once they cancel.,1
Excellent with good friendly drivers,5
Works great especially on cold Canadian days,5
First experience was excellent ran into an issue the second time and called. Women hung up on me. Received no assistance. Thanks.,1
Best,5
Good ride,5
I have been left stranded by this app in Major cities more often than I'd like to talk about. Ii have a solution if someone would like to reach out.,1
"Terrible, took an hour to arrive then cancelled. The worst app on the internet",1
"Love the drivers as a whole and the cars, when you are classy you go in class! Lol",5
"Driver showed up but someone else took my ride, I attempted to cancel the trip but I still got charged, and of course the AI used by the app has no proper way to report this. Why isn't there some sort of digital configuration process?",1
Very easy to use and extremely convenient. Prices are fair and shown clearly before you book the ride. I'm a fan.,5
Very good but was unable to monitor ride and see cost while in the Uber It could be a me issue,4
Awesome.,5
Very good,5
Tried using this to get a ride to the airport on my vacation in Mexico. It absolutely would Not pull up the airport even when I copied all the info from G-maps. When I finally got it to do Something it kept asking me what airline and then rerouting me to the flipping US. It also wouldn't pull up anything anywhere near me even with location on and typing in the exact address. It kept rerouting to like the next town over or something idk. Don't use this worthless app. You'll dye b4 getting a ride.,1
Very nice and respectful 👍 I like this person ride,5
Takes money from my bank account without me doing anything,1
Great ride. Nice man. Nice car!,5
Okay,5
"Stop letting drivers accept new pickups when they havnt completed the one their still in. the ...mins to pickup is always wrong , the drivers carry out extra trips while you wait and its never close.",1
Safe,5
Amazing,5
Very convenient.,5
Great ..very helpful,5
Fast and reliable. Just wish they had a night shift available.,5
It was a great ride and he had great conversation with me and the vibe was great and he drove me to my job safely and he had great music,5
"Never taking correct payment, twice payment for same ride, driver always crying for offline payment, not agree for online payment, very worst payment system of Uber. Very shameless.",1
"For the most part is good but another of them drivers are cell phone thieves,me and 3 others experienced this through them,no direct num er to contact them,cost me more then it was worth and did a week without my phone and alot of bs,so when goy my email and new number I couldn't get the name last ubber driver pos so it cost me alot,my friend of 1 of the people got there phones stolen got his girl to ping it and went to her house as she tried to deny having it but a guy there gave it back",1
"Other than the corporate structure as a whole, it's decent",5
"Very easy to use, friendly drivers, they do a good job, reasonable rates",5
Esta com muito bug o app para mim,1
"Awesome Drivers********** Thanks uber India**""""""""",5
"If I don't have enough, Uber let's me ride and pay later🥰",5
Love the features,5
Is the best,5
Mast ha comfartable app ha,5
You uber people must charge your driver staff instead of the customer who are not rejecting the ride. Unnecessarily you people are looting.,1
Michael was awesome braving the snow and icee roads. Hope to request him soon.,5
very kind driver. nice car. Thank you so much to the driver 🥳🥳🥳,5
Safe reliable app 👍,5
"I ordered food but not yet delivered , and I can't get hold of the driver.",1
Outstanding,5
It's was great,4
"What a useless customer service Uber has! Apparantly it's ok for a driver to press ""arrived at the pickup point"" before even arriving. And Uber will charge you for that! And when you explain it to the customer service, they recycle a useless message about "" how sorry they are! But that's the rule!"". I prefer to pay more, but not be humiliated like that by a corporate who is so cheap in mannerism for a dollar more! What a joke!!!!",1
very poor experience fake rates always over charges are shown at time of trip end,1
"They keep changing me about 3 dollars for wait time, every and each trip. I even stopped using Uber. There is no option to address the problem.",4
Good experience,5
Great conversation,5
Fantastic,5
"Awesome(Very) Honestly best darn employer out there changed my life by just giving me a chance after more than 2 decades. Thank You very much Uber I run straight Uber and please set your preferences the way you like to drive and quit shaking Requests they are sent to you for convenience, distance, price,and a couple other important reasons. You make our wages go down when you are gumming the system up because you don't like the #'s on Request but your the cheapest driver for Uber to send (+×all)",5
Good service 👍,5
Well done,5
Very good ride.,5
Good driverwing,5
👍 v good,5
Everything is good,5
Love it ♥️,5
This app is borderline unusuable sometimes and they have the audacity to take 66% of the money it takes to get a ride leaving the driver's with pennys expecting us to tip them this entire system is a huge scam this company is ripping off the driver's and riders for greed it's disgusting they don't do anything that deserves 66% of the money I pay for ride,1
❤️,5
Good 👍,5
"A atualização em Jan 2025 deixou o aplicativo inutilizável, aparentemente alguém achou ""inteligente"" trocar um app que funcionava por uma versão web que teoricamente exigiria menos manutenção. Parabéns gerentes de meia pataca.",1
On the spot,5
This app is best app for travel,5
Lied about arrival time on Uber share,1
Very good as more orders are comming than before but have a look at fare also for bike rider fare is very low,5
Drunk drivers,1
update 1/25: customer service is non-existent. AI to cut-costs but can't afford to issue full refunds when your order is late an hour past latest arrival.,1
Nice,5
Amazing person kind on time,5
Driver hike prices and unreliable,1
Top driver,5
"A thief app, I ordered a taxi for £14, but when I got there I took £23 from the bank without asking myself so be careful, then the road was straight and easy, but it took me through the streets . . . . But I traveled about 70 minutes without any problems. So I would say the worst taxi network",1
Excellent we discussed elephant collars and I explained where I'm from. He help me find my missing wallet .,5
OVERRATED AND I SHOULD STOP USING THEM BUT FOR NO KNOWN REASON I DO. PROB BECAUSE BOTH RIDES ARE ATE RIDICULOUS. HOPEFULLY IT WILL ALL CATCH UP.,1
Wow,5
Easy to go lovely experience. Dr Mariam,5
Good,5
Phenomenal,5
"Affordable, reliable, faster and very safe to ride with.",5
First time used Uber. Great experience.,5
Nice n superup app,5
Nice,5
3rd class service How rudely driver talks with customers and and he takes extra charger from me! This is very bad experience of uber and this is my first book of uber. I'm always books ola ride because of uber are provide 3rd class service! 💯💯,1
"Itna bakwas hai ye app jab kam aana chayiye tab kabhi kam nahi aata ab driver time pai kabhi nahi aayega saare driver apne chalate hai to tab cancellation fee bhi ham de 😡 mera Mann kare to ek star bhi naa du worst app ever and one more thing this app is so called ""radad app"".",1
Wonderful,5
Best rate,5
Good 👍🏻,5
"Uber is extremely unreliable these days. Rides mostly don't get booked, even if they do, drivers refuse pickup especially for non cash payment modes.",2
O principal feedback negativo é que o uber com frequência substitui o endereço que o cliente coloca para ser pego pelo endereço que ele acha que o cliente está. Isso causa transtornos tanto para os clientes quanto para os motoristas.,3
Fake app they can charge based on battery percentage your phone battery has 80% they can be charge little bit low your battery 🔋 below 20% they charged more. Fake App don't go,1
Very good Trip,5
Good,5
That's good app nd amazing drive services but short way distance charges is highly,5
"worst experience ever! I booked a cab for ₹490 but when my ride was completed I had to give ₹666. This is a complete scam, a fixed rate shall be charged at the beginning itself so as to avoid any misunderstanding. It was a very unpleasant experience.",1
It's nice app,5
Faltu service,5
Good for me,5
Excellent driver and super clean vehicle..,5
Awasome app,5
"Nowadays uber service is having worst. I was waited almost 3 hours for a shuttle, the driver delayed 2 hours, also the shuttle driver wasn't stopped at my stoppage, even he knew I was waiting for him, and I called him but he wasn't answering my calls. Finally he crossed my stoppage and cancel my booking. Now still I'm not able to get in touch of uber helpline or grievance. The help section is also worst! Uber customer service is worst, I don't know. Now I knew.",1
Amazing 😘❤️🌹,5
Good👍,5
Very nice experience in Auto at Bangalore,5
Affordable and comfortable ✨️ thanks uber,5
When I booked the ride it was R95. When they reached the destination thee bill was R198.,1
Muy útil,5
Nyc service,5
Good 👍,5
Excellent,5
First time in a uber exelent service good value for money,5
Best app,5
Very good app,5
This is app is not good I book a ride for prise255 after reching to destination it shows360,1
Decided to take a trip today to be charged double the estimate for 15mins of traffic,1
Worse app i have ever seen they accepting ride and then they cancel the ride if we are in emergency what should we do ? If you have to better rider then close your app and company,1
Bahut hi bekar application hai ye booking k time kam pese dikhata hai or drop k samy bahut jada kar deta hai ghatiya app h ye customer ko bewakuf bana raha h,1
Always on time when needed.,5
Too much uber eats push-up messages. Without possibility to disable it. Please fix it.,1
Very nice fust time drive Uber,5
First Uber ride! Wonderful!,5
Top,4
Good,5
I booked my ride the day before my morning flight. No driver showed up. No email or txt notification that drivers weren't available. Had to search app for that information. Unreliable and disappointing.,1
Thankyou Uber,5
Good for everyone,5
gud experience,5
"Uber is convenient for getting around quickly, but there are some areas that need improvement. While the app is easy to use and the availability of drivers is decent most of the time, I've had inconsistent experiences with ride quality and punctuality. Some drivers are professional and courteous, but others are less so, which affects the overall experience. Pricing can also be unpredictable, especially during surge hours, making it less budget-friendly.",3
best app,5
It's very costly nowadays for 2km also,2
Excellent app,5
"Bad experience. During ride My card payment is failed. I have paid the driver through upi, but he has not completed the payment and still payment showing pending on app. Worst experience so far",1
Good 👍App Easy to Use,5
Excellent,5
I am selecting according to price to destination. When l arrive final location price getting increase. I am confusing of my bank statement because totally different numbers are. I was in overseas and next day someone used my Uber account. How possible is it?,1
At metro cities service is good please expand service to second tire cities,4
App is confusing.,3
I often travell from Noida to delhi so it's good otion,5
"You give us a pick up time with out considering were your drivers are, and the traffic, it is not the drivers fault. If I choose priority you should only accept drivers that are really close and not on a trip.",1
Very nice,4
Good,5
Timothy was Awesome.,5
Great ride today,5
Ride was without any hassle and reached destination in time. Good behavior.,5
Lyft and door dash is way better. The app isn't laggy and their customer service is great. Don't waste your time with Uber they take your money blindly.,1
Super kind,5
OK this is good app and it is useful but there is one problem one bug from the rating time please solve this problem 🙂,5
Quick and easy to use..,5
Good,5
Very bad experience like every drivers cannot even know where am I and they tells you to cancel the ride and also uber charges extra money if cancel,1
Fast cool rides,5
Worst app ever....all bought review....scammers...,1
Nice,5
Convenient!,5
Nice ride,5
"Great driver, very personable. An enjoyable experience",4
Very friendly and nice.,5
These guys don't do their work properly 😡,3
Nice,5
Nice co operation,5
Great experience loved the moto saver facility,5
bast app really,5
Awesome experience,5
Is this and worst app Ridar asking to more money Since I am waiting for 1 hour ridar asking to more money All time getting screenshots,1
"It was a good trip. However, i request uber can expand their availability in villages and town as well at least up to certain period of time",5
Best service,5
Good,5
Good app 👍,5
كابتن محترف,5
Waiting time is so long,1
Very safe and secured,5
I am facing payment issues continuously.,1
Nice,5
"Uber auto has come as soon as I booked, auto driver behaved very nicely, we reached our destination within 30 minutes",4
Nice comfortable,5
👌,5
Very good.,5
The experience was and always is amazing each time traveling with uber has been amazing so much fun conversations .The rides are always safe and smoothly,5
Good ride experience,5
"Good app for transport, makes it easy and flexible along the places.",5
"Simple UI, Great UX, and a stable yet powerful app for Ordering a (Ride, Food, Groceries). Keeps getting better",5
Uber is better than rapido or ola coz driver is always not accepting the ride if your charge is low,5
Great driver very clean vehicle.,5
"I added Uber because it's a bit easier to save than Lyft but my few rides have left a sour taste. The drivers are good, no complaints there, my issue is with the estimated wait time for a ride. When I see a wait time is 1-2 minutes I won't order until I'm ready, only for it to change to 10+ minutes meaning I end up waiting, being late, and paying for a level of service I'm not getting. Lyft hasn't done that so I'm going back",2
very nice service very talkative nice driver,5
"During cold weather, knowing that you have no options, they extremely increase the ride fee. Greedy Uber.",1
I am a daily customer of uber but now i have notice few problems with uber. Earlier the prices are reasonable as compared to other app so i used to take uber but now as prices are high soo prefer other app for my ride and even the rider dont pick the ride quickly witing time with uber is too long as compared to other app. So now i use other app as well for my ride,1
👍🏻,5
Good service,5
"Don't use this app for toll and mcd they are charging additional money and the drivers only take those rides which are above 300 to earn money in single day and then they take that route for which they can charge you extra, fraud.",1
Best experience,5
My driver is very friendly and kind thank you.,5
good,5
"Drivers appear to be canceling rides looking for the highest fares. Frequently no rides available, unreliable. Use AVL Ride instead.",3
Im happy with Uber service in Pune Maharashtra.,5
"I dont think its fair to pay a cancelation fee if the driver decides to cancel the trip, i booked a ride, driver accepted it 2mins later my mon(for whom i booked the ride) phones and says the driver canceled, rebook the ride and got her picked up, but when the invoice came over email it says there is a X amount still due for the canceled trip. Which i will happily pay IF i was the one to cancel, but wasnt. Try finding support on the app, just kept me going around and around.",2
"Complete scam, UberOne subscription cannot be cancelled on the app, had to call some call centre twice and they still would not reimburse me ..DO not use this service and Uber has lost a customer",1
Badiya app hai,5
Disgusting and expensive,1
Good 😊 eazy to use,5
I wish to spoken as much abuses as I can pathetic experience increasing fare at closure of trip unethically and showing its crediting back .this is truly a mokery of law in India by uber .,1
Excellent person nice driver,5
Good service,5
Great job,5
"Exellent, I am satisfied",5
Good and affordable,5
"The cab availability at all times in a place like Noida and Delhi NCR has been dismal in the past months through Uber go/sedan you only get cab in priority. Even when you get the cab their ""top rated"" drivers either accept and then refuse the trip after asking mode of payment and destination but don't cancel the trip so you end up cancelling and then paying cancellation fee or if the accept they come to your location and ask you to cancel the ride in u er and go directly or they won't go at all.",1
Nice app with pocket friendly,5
Very nice.,5
Good experience,5
Un genio. Nos dejó trasladar a mis dos gatos en sus transportadoras al veterinario 🙌🏻,5
"They over charged for delays yet I waited for the driver for almost 30min ,,,from R26 to R60 I can confirm that I was scammed",1
It is very helpful for travel in safely with anytime.. any moment..... Thanks Uber.... 😅😅😅🤣😂😂😂,5
Good,5
Nice,5
Good affordable ride,5
Good,5
The best and trusted transport is under uber,5
Nice,5
Good experience driver is higher and on time,4
Third class poor app,1
"Useless app, as the driver cancelled my trip 3 times in a row, which wasted my time.",1
Best,5
Excellent,5
Good facilities for people..,5
Nice,5
Great no problems very smooth..great driver!,5
This unacceptable I'm getting charged $29 for a 5 minute ride.,1
Good experience,5
Good Service and customer oriented,5
Good,5
Driver cancel trip,1
Very nice good service good driving,5
Not connecting to driver ..,2
Helpfull,4
Good,5
Really helpful.,5
You are very helpfull,5
Wery good job,5
"too tired touse Uber, lousy program. bad experience. need to go to the pick up area. quite tired.",1
This app is not good,1
Very good,5
Great friendly,5
Good and fast service,5
Nice work in aap,5
Great service,5
Not giving change in cash payment,5
"Driver was on time, curious and easy to understand. Vehicle is in very good condition.",5
Good experience,5
Best experience best ammount 🤗🤗,5
Supar,5
Im an amputee he was Very polite,5
This time its good,4
Good,3
Good,5
"When I'm trying to use set location on map, the plan your ride page keeps popping up before I finish dropping my pin, before it doesn't do that, very annoying",2
Good,5
Good,5
Cool Ride,5
Good service and timely. Keep it up.,5
Good,5
Good job,5
"I was charged £6.01 for cancellation but the driver didn't wait, so why charge me? That's bad, please I need a refund 😞",2
Good experience for riding.thanks,5
This Uber app is not good.. It's deducting money from my account every month whereas I didn't request any ride.. please pay back my money,1
Exactly dropped and get payment... Even change also returned. Very good approach and service,5
Nice,4
Good service. Destination can be extended during the drive.,5
"The autos arrive on time, fair charges and very polite drivers",5
Good,5
Uber sucks tried using it for the first time n the first driver canceled then a driver 22 minutes away from picked up my order which was making me late getting to work I'll continue using Lyft,1
"I’m extremely disappointed with Uber's service. I ordered groceries to my home address, but the app glitched, and the rider was sent to my work address instead. There was no way to contact Uber about this issue, and in the end, I lost both my money and my groceries, even after explaining the entire situation. How is this fair to me? Anyways, I deleted my account.",1
Quick response,5
"very bad experience, before cancel ride app got hanged and cancel option not visible, after cancel by driver charged money",1
Nice,5
I appreciate uber is batter than ola and others in price comparison but drivers are rude they confirm my booking and than ask to cancel and refuse to drive and when I cancel my booking this ride to book another then uber fined me panalty drivers are to rude they don't even come at location I booked today ride driver was in another street and asking me to grab your stuff and come here I can't come there what I have my cousin and my aunt she was old enough to walk how can she walk another street?,2
Doesn't have option to complaint about driver asking extra money while in app. And there is no customer care number. Pathetic,1
"Good Driver,Clean Car",5
Excellent service 👍,5
Nice,5
Very good 👍🏻,5
"Your location finder don't work well and then when rider arrived at wrong location they don't pick the call and make us wait and get panick so they can make extra money without ride and then you make us to pay the price for making them wait , I don't think this is fair any how it happened with me multiple times I thought maybe it can be a glitch for once and twice but always not fair.",2
Good,5
Very reasonable ride cost and well professional drivers👍✅,5
Option to schedule rides to avoid delay,4
Good all,5
Good,5
very nice,5
Good,5
Good,5
Very helpful,5
3rd Class service... Waited for 30 mins with sick and old mother in Central Kolkata Region... Still there is no driver available... Never going to take their service in future...,1
Awesome,5
Good service,5
Add e riksha option also,5
Amazing,5
you have to improve your navigation work. it's not working properly,3
Good,5
Always on time. I wish the drivers would wait a little longer when they pick you up but in always running late so i should be more prompt when I know they are coming. My only complaint is that when your driver takes off on you you still get charged for the ride.,3
Good ride,5
Excellent Uber ride and helped me get walker out of his car.,5
Really poor service now. New scam where they make you wait ages for a taxi and offer to get you one if you're in a hurry for more £. Will not be using the service gone downhill,1
Exaltet,5
Great loving it.,5
Super,5
Good,5
Good,4
Very genuine,5
Very nice,5
Great work by UBER. Keep it up,5
Simple and excellent,5
Very good and traveling fee are cheaper,5
"Drivers are not good. When we book the trip uber shows Different amount then Driver tells us different amount. When we ask them to show us the amount showing on their phone, he denied to show the amount and took more fare then what was showing on our Uber App",1
Good experience,5
Nice services,5
Very poor service in Varanashi,1
Best service ever,5
Excellent,5
Good drive,5
Superb price,5
Best 👌,5
Good,5
"safe, smooth and easy ride",5
Very convenient 👌 👏,5
Superb middle class application,5
"Rides are very expensive. Earlier I used to get promotional offers , which doens't seem to be there since last 3 months. That's bad.",2
"BOYCOTT. I already stopped using Uber Eats over month ago. Now stop using Uber. They contributed traitor Trump. ANTI AMERICAN COMPANY. plus THEY ALWAYS OVERCHARGING CUSTOMERS. supports the racist, treasonous actions of Trump. I will not support any company that approves of his ANTI AMERICAN behavior. #GreatBoycott47",1
"I'm tired from this bcoz jab bhi uber book karo toh driver bar bar apni ride transfer kar dete hai, yaa fir 30, to 45 minutes Tak book hi nahi hoti.bor toh or jab ride book karo toh payment kuch show karta hai or jab destination per jaao toh payment itni bada dete hai, kabhi tex lag jaata hai. Pareshan ho chuke hain abh hum, complaint karne Tak ka koi option nahi diya hua.",1
Exilent,5
Good 👍,5
"It's very unsafe to ride uber nowdays. They don't even take steps against their criminal drivers, and also charge too much money than mentioned before",1
Good service uber,5
Best option,5
Cannot remove Google Pay as a payment method! Already have another primary payment method selected as default. Yet I'm prevented from removing Google Pay from Uber Eats and the Uber ride apps. 👋 Bye Ulesha,1
Super,4
"Great experience with uber,I have never came across anything bad eveytime I'm in my rides.Thank you",5
Best,5
Helpful app,5
Nice and easy peaceful things,5
Good,5
Nice i,5
very good,5
"A painless alternative, quick and simple.",5
Greatest,5
Thr trips are so expensive 😫,2
Better than ola,5
Slow on my generic device am upgraded member and am not happy,1
"As a student, I always go to another clg for writing as a scribe, usually uber states a normal rate (83rs)but today i just take a ride on that same place, they exceeded 20 rs ( 103 rs). Some people say its normal but B, I have a limitation to use my money as a student to meet my needs",2
Easy and reliable,5
"I'm fed up of being let down every morning and almost late to work, as these drivers can accept and cancel whenever they like. There is nothing in place to protect the passenger when this happens, the driver doesn't get fined or charged for cancelling and I don't find that fair. If they have decided to take a job on, they should have to follow it through until the end - otherwise they should not have accepted the ride in the first place. I will be using Bolt from now as I find this happens less.",1
Good service But location par to bike book hoti nahi hai bhai 4 pickup point mai se select karke waha jana padta h agar waha jakar ride start karni hoti to khud Ki vehicle se hi chala jata na vehicle nahi h jabhi to ride book karte h Kya matlab is pick up point par aa jao Is this is joke,4
Amazing transport,5
Great,5
This morning my phone died. I then asked my son to login in his using my email. I selected email but it kept asking for both email and mobile otp. Could someone assist. I wont have a phone for sometimes but i need my uber profile,3
الرحله بتعمل فلوس اكتر من اللي ظاهرلي اول مره والسواقين مش بيحطو الباقي في المحفظه,1
excellent,5
There's a glitch in the app,4
It's getting better,4
Gtttk 6 ll kooloiii hu or poo par ll poo pl ko application and 9 ooookll9.mntç5sodidrqkreke,1
"I booked a ride on Uber and after verifying the driver, after driving a short distance, he said that the location was somewhere else. My phone was showing from Patna to Hajipur but he was saying that my phone is showing more and we will not go. There was a sick person with me and the driver started making money for payment and started loading. I am trying to make payment to you. He must have walked 50 meters with difficulty. He has also physically harassed me.",1
Driver was very respectful man,5
"I strongly advise against it, it's the worst company I could use, I regretted using it, they took my star, it's just to leave my comment Unscrupulous",1
excellent,5
fantastic,5
Good,5
Badiya,5
Amazing,5
Always assist on last minute,5
Beautiful,5
Good Service,5
Good raet,5
Worst experience Increase rate upto 200 last moment at the drop point Showing less than 200 at pick up location,1
This is better app,5
Recently i went to Milwaukee and need to recharge my uber balance. But the process was too tough for any tourist who is traveling outside of his country. Even i couldn't see my uber balance. I recharged 60$ uber balance but i used 37$. But still i couldn't use my rest of the balance it was saying i don't have enough balance. So pathetic.,1
Excellent,5
Good 👍🏿👍🏿👍🏿,5
Good,5
Super,5
"Safe ,sufficient, on point! Very affordable and friendly ,respectful drivers. Highly recommend 👌",5
"I would like to express my extreme dissatisfaction and annoyance with you and the level that has become very low compared to the past. On my trip, the driver did not come, but passed the waiting point and left and gave me a notification that the trip had started and left me and the value of the trip was deducted from me, knowing that I did not ride, and the driver did not answer me and did not respond to my calls and messages. This is not the first time, but more than once.",1
Nice,5
The app really helps a lot.,5
Great app,5
Cant solve the problems which creat by others with drivers .,1
Always and amazing experience very professional bluecollar honest workers,5
Best,5
Poor service when we book it's shows 20 when we reached it's shows 80 rupees worst experience ever,1
Application doesn't work,1
All good,4
Very nice,5
"Can't get worse than this. Some portions of the app frequently fail to load or freeze and some others are always unclickable. Extremely buggy UX. If you are ever charged a cancellation fee, you can't use the app to pay it since that option sequence has a bug that won't let you proceed. It's the absolute worst app ever",1
"Unreliable as hell! Since a few weeks, to book a ride have to go through a minimum of 3 cancellations from the driver side. Why don't they get penalized for cancelling rides and wasting our time? Drivers randomly accept the ride and after 2-3 minutes, go in a different route and cancel it. Ola is 100 times better in terms of cancellation. And not to to mention Uber's random price hikes midjourney, wrongly charging extra, which when unnoticed, is a loss and creates trust issues.",1
Exillent,5
Great service,5
Most times very quick & pleasant,5
No complaints... Easy to use,5
"Very professional, car was clean, no odors. I couldn't have asked for a better driver",5
Good Service,5
"UPDATE: still sucks. I reported driver surge pricing. Uber ignored my claim and responded as if I'd reported a bad ride. I corrected them twice before they finally got the idea. Instead of investigating the issue, they chose to blame me for not booking ahead. I was at the airport, and there was a line of Uber and Lyft drivers just sitting around the other side of the Airport. Uber chose not to rectify this matter, and I have removed the app.",1
"Fare calculation is awful. Don't know what algorithm Uber uses, while booking it shows different fare and once trip complete it shows higher fare every time.",1
Googly,5
Nice,5
NiCe,5
Nice seevice..thnx uber,5
There is no zero rating I could give it to uber It has worst system of map location it located driver 300 meters away from me in totally new area my mental trauma to not find driver and again on it it charges me cancellation fees just shut this app man will write review on every social media this app doesn't even deserve one star,1
"Even after sharing the feedback of availability of taxi and auto, uber had not taken any action nor improved and process, same waiting time minimum 45 min to get a taxi.",1
Auto driver's are not accepting request from Sarjapur Road. From past one week it is happening.,1
"Long delay in booking, additon of tips is really disappointing.. issue still persists.",3
Auto drivers are not accepting request from Sarjapur Road. From past one week it is happening.,1
Excellent driver,5
At 9:53 pm today I was supposed to get my food but the uber driver stoled my food and now the company stole money from me so don't get uber food unless you want to be robbed and the cops won't do nothing for you than to arrest you cause the cops said that its not a emergency to them,1
Good,5
"Driver very nice to talk too and it does make all the difference when they do talk, rather than sitting in silence the whole journey. Overall it was a good journey will definitely be using Uber again.",5
Fails every time I schedule a future ride.,3
Devastating Customer support. Each message gets replied after a day. I opened a customer support thread to report an incident where the rider dropped me midway due to his oil being over. They increased my fare on that ride after I reported this.,1
My friend is handicap needed help . No hesitation looked out for him thank you will use him again . Still good people in this world😇,5
Most of the time service is good. From time to time the vehicle may not be clean enough.,4
Too pricey!!,2
Good,5
Very good experience,4
Great experience 😁 5 star plus....,5
Great app. Very easy to use,5
Great,5
"Prices are increasing everyday, this was one of the reliable app once a time.",1
"The cheaper the fair, the longer to wait",4
The wait time usually is too long and the driver sometimes just stops moving. There may be drivers nearby but it says busier than usual and spends another 30mins on nothing,2
Very good,5
"I ordered an Uber and it took my money, then cancelled my ride and gave no refund and no new driver, so i had to order another ride. and when i called my bank and reported fraud to get my money back Uber banned my account.",1
Very cheap prices,5
Very nice,5
Very nice ride,5
Always reliable,5
Best,5
Good working 👍👍,4
Very good service,4
Best service,5
You saved me again thanks,5
Good,5
Super,5
Good,5
Thanks Uber...,5
Good,5
Love it,5
Nice ride,5
Phenomenal,5
"I had the most comfortable ride ever, good driving experience and good communication",5
Peaceful very freindly very reasonable,5
🖤,4
"Imagine if you would, ordering food but realizing you made 1 mistake and cancelling it within 1 minute. Uber Eats will charge you the entire price of the meal for.cancellation. Imagine ordering some food a second time, just to have a driver drive past your house, completing his route in the app, but take off with your food, and support tells you that it's delivered. Then you learn the cancel buttons in subscription management aren't there. F Uber.",1
"it's opening chrome inside the app, i can't use the app. uber lite works fine though.",1
"great app, really appreciated",5
"Really hard to get in touch with customer support. Even after reaching customer support, the rep was extremely rude because she couldn't answer my question and hung up",1
good,5
"DRIVER WAS AN ABSOLUTE GENTLEMAN, POLITE AND FRIENDLY, WAS A PLEASURE.",5
Good Very good,5
Thank you for your app it allows me not to walk to work always available like a best friend awesome 😎,5
"Excellent app to use it for all times.. one suggestion, do not mandate users to give 5 star rating for previous trip, that should be optional, or at least, do not ask mandatory reason, can provide a comments box... This existing set up is not a good one...",4
Fast services I like it 👍👍,4
Very good,5
Good work uber,4
Donating $1M to Trump qualifies as an instant app. deletion. Poor form.,1
Helps me get around without a issue,5
"Friendly drivers, safe way to travel in Sydney",5
Impressed should have tryed sooner,5
Just what I need,5
"Me cobraron 18000 por un viaje y luego a los días me cobran 10000 pesos más, y según ellos ese es el precio correcto, pero el día que pedí el viaje me decía que era 18000, no son serios",1
Good,5
Easy and reliable to use,5
Customer support is useless. Surcharging is ridiculous. There is nothing you can do if a driver never moves or never responds to your message and wait for your to cancel. Use Lyft instead,1
"I had had a pleasant experience with Uber rides for over a decade, and also the occasional Uber Eats order. Then, all of a sudden, an order I placed was flagged as fraudulent, and they shut down any way to use my account. This locked me out of my Uber Cash balance, and none of the support team appear to care. This is some of the worst customer service I have ever seen in my life, and the few times I've received help from an actual human, they couldn't actually change anything.",1
Good experience,5
All good,5
Good,5
My 1st time using Uber. I must say it was a Great one. My Driver was on time and Polite. Thx Uber,5
Awesome,5
I've always had good luck with Uber.,5
Worst service and everyday is more and more expensive. The service is not safe at all and we are making rich to this companies who doesn’t care anything about users and drivers.,1
I add 70$ to my account. There was a problem with my credit card. I tried to fix it but a day after my account was blocked. Tried to get in from my computer but same result. Customer support is almost unavailable but when they are they put the problem on me. 7 days had past and still no answer from them. 70$ bits the dust. I moved to Lyft and it cheaper and they don't steal my money.,1
Don't bother requesting support for food orders at best it's run by AI and they can't help you once the merchant confirms an order no matter how fast you reach out.,1
Good service,5
"Uber has changed a lot over the years, currently it's deducting the money from your account before the job is done, you don't get it back. Will be completely uninstalling. Waiting upto 30mins for a ride to get to me. Just to not show up to my house, watched him take side street, then he was on the way to my destination and charged me the entire fee. Unreliable, very long wait and no option to include a comment as to why you're disputing deduction. This is a big safety concern as well.",1
My driver Eric was on time had plenty of room for me and my large bag and walker. He took my suggestion on route to my house. He helped me get into my house and made sure I was good to go. Excellent Uber driver,4
"New UI is a entire bug and old features are not working correctly, like the location to start ride. Can't see current ride and information.",1
It's ok. At least not as bad as Uber eats.,2
Everything is good,5
Carl was great. He explained what we were driving past as we were taken to our destination. I highly recommend Carl.,5
Best,5
Great service!,5
"Your driver canceled the ride I scheduled 10 hours in advance, and left me stranded in 4 degree temperture with no other drivers in the area. Thankfully I was able to get a LYFT! They seemed to have plenty of drivers!",1
Very nice driver. Thanks,5
Nice driver.,5
Great driver! Polite and guided me to final destination.,5
Nice Uber driver arrived on time.,5
Fantastic,5
"Great experience. driver was on time, very friendly and helpful.",5
Acredito que a qualidade dos carros na categoria confort está caindo muito,4
It deducted the money before the ride and when I cancelled it I didn't get my money back.,1
"This company has repeatedly charged me multiple times for the same ride. They're definitely scamming, be sure to double check your accounts after riding with them.",1
Great services,5
Excellent ride to my bank & back to my house and right on time.,5
La seguridad del pin me encanta!,5
very nice people best ride ever,5
Quick and easy. Cheaper than Lyft by almost $20,5
"The driver was very friendly and helpful, the car was very clean",5
"My first time, LOL! ""I'm a big kid now"" Miguel was very professional.",5
Unauthorized charge on my card. No response from Uber to fix it.,1
"It was an excellent ride. Mr. Young the driver, Was professional in every way. Thankyou so much.",5
I hade a good time the driver was nice keep up the good work,5
Easy to use and convenient in every way!,5
Good,5
Good,5
"My driver in San Francisco, David, was outstanding And came and picked me up early to get to the airport. I appreciated being able to order a ride for early morning ahead of time. Everything went very smoothly. David was able to take me to the terminal the airline said to use due to renovations at the San Francisco airport.",5
Exslent,5
Amazing app!! I love it!!! Keep up the amazing work!!,5
In night eating time is too long,2
❤️,5
Forces you to give feedback before u can use again. Dark patterns to get you to pay more or top Often more expensive now than other apps anyway,1
Good experience but it's turning too expensive!,3
Getting tired of this app. Just in today 3 times ride cancel on me find different drivers then don't accept people ride if not gonna come it happened this morning then going home I had way for 3rd uber cause they driver's kept canceling. Keeps happening I'm deleting this app cause this is getting ridiculous. I had a ride that was 4 mins away and she canceled on me a week ago I had ride she 1 min away and canceled on me don't accept people rides if not gonna come this ridiculous,1
Rain or shine the drivers are always curtious and kind. Also very helpful getting in or out of vehicle. I'm using a walker so it takes time to get situated.,5
Good,4
"excellent 👌👍 customer service first time Book please download and share all friends and family members happy to help every Auto Riksha stickers (outdoor,station.highway. Help always)",5
Excellent always,5
"Descent app, works well and very user friendly, and ride tracking is quite accurate, very little latency",4
The driver was very nice and on time,5
Nice,5
Very good aap,5
Excellently executed..,5
Ok,5
Nice 👍🏻,4
For the most part Uber is right there when I need them. I can get pretty good deals and cash back witb UberOne so it has been well worth the subscription price. I use Uber several times a day and each driver has been great. THANKS to them especially for always getting me safely to my destination.,4
Good driver and nice man,5
Always good,5
Love you guys,5
"Great and always friendly drivers. Every driver I encountered are friendly and courteous, I like people like that friendly and well spoken.",5
"Unreliable. Almost every ride it assigns a driver, makes me wait 10 minutes, then changes driver, then makes me wait. I won't use this for airport rides for this reason. I also tried scheduling a ride for a pickup time which was then cancelled and rescheduled for 30 minutes after my tour was supposed to leave. Then they tried to charge me for cancelling.",1
Very good,5
Thankyou to make life easy,5
"Skilled Driver, Genuine Fare",5
It's AWESOME 👌,5
Excellent,5
Ok,5
"Changing my review post the recent surge prices. They are charging 2-3x the usual amount. The app has also become buggy, when I try to scroll through to select other types of rides it gets stuck and jittery.",2
"My experience with Uber is really awesome 👍, and it is the most popular and safer transportation in Egypt. I wish them all the best ❤️🙏",5
Good,4
Good experience,5
Lovely service from all drivers. Clean cars.,5
Nice,5
Excellent,5
Came on time good conversation and got me there safely and on time thanks Uber 🥰🥰,5
Good Service,5
Very useful app to reach anywhere,5
Very good app and service,5
Nice and safe,5
Pick up was very quick hassle free and dropped safely to destination.,5
"Downloaded this app to set up the service on a recent trip. It didn't work well at all. We needed RIDES, to and from an airport location. We, were NOT PICKING people up and taking them to the airport! the app kept telling me my account was locked... an account which I don't have... because as soon as I entered my email... it told me, locked! REALLY! That was a year ago. tried Uber eats just 2 weeks ago, same thing! Locked! Can't find Customer Service to delete/UNLOCK maybe there is no CS!",1
Best,5
"So Uber support is a bot! They offer no remedy or resolution, just an apology for poor service! I had asked a question and when I asked a follow up question I received the SAME (what appears to be a standard) reply!",3
Good for getting to where you need to go.,5
unable to book ride,1
amazing,5
Ok,5
I like it,5
Excellent,5
"Unable to add review for driver, driver starting ride without passanger, additional cancellation fee getting charged while not showing ride complete. Driver uber app showing different destination location other than the booked location. Driver was rude as well.",1
Good service,5
"Nice cab service, in affordable rate.",5
Best,5
Hero,5
Nice 🙂👍🏻,5
Reliable,5
Price is to high,3
Wonderful 😊😊,5
"This new thing where I am ordered to walk to another address to get my ride, hate it, Especially being an oldish person on bad feet and icey sidewalks. It's a marvelous service but I have no way to decide nope I can't walk out there, just isn't any choice once the ride is booked.",3
Drivers always demanding extra cash. There is no customer service to complaint or suggestions,1
Awesome,5
Good,5
"Such a personable, inspirational man. A firefighter for our city when not an Uber driver. Thank you for your service.",5
Amount is High otherwise experience was very good,4
Good experience,5
Best,5
Ashkeen is very helpful,5
"Horrible customer service in response to Safety Issues. Driver got arrested for driving with a suspended license and under a false account during a trip. They offered nothing, not even apologies. The driver even showed as double verified.",1
He was absolutely FANTASTIC!! SUCH GREAT SERVICE,5
"No many options, but this one is better, faster when you need it.",5
Wonderful,5
Too good this app,5
great experience,5
Very good,5
Good,5
Exceptional,5
Totally incredible and fantastic app,5
They increase their price while you are traveling with them in South Africa. Without any notifications. Fees was R89 then by the time I got out they charged R118 after the agreed amount of R89. They credited the agreed amount of R89 and they took R118. I don't care what you want to label it. That is stealing. They call it a (surge fare) I call it stealing.,1
"I feel uber takes advantage of passages and does not provide up front fees for "" so called booking fee"" the so called insurance that they deem valid is ridiculous and any thing but valid.. no idea what 3rd party they claim "" booking fee "" goes too. But it's at the customers expense and it hurts the customer/passenger. I have found that I try to save money when booking the ""share ride"" ( example ) it charges me a fee that ends up being more than what I was quoted. No transparency in upfront $$",3
Excellent very nice mⁿ,5
Good service,5
الرحله السابقه مباشرة العربه ليست فى حاله جيده وغير نظيفه,3
This app is a scam. They overcharge you at the end of the ride. Even if the driver changed the route. Because your card is linked they decide to overcharge.,1
Got stuck in app,3
Essential for my routine,5
awesome,5
Best service,5
Excellent in All asoects,5
Good,5
Very good deriving,5
Juan was awesome!!!!! Thank you so very much!! Hugs!,5
comfortable,5
Good 👍 namaste,5
Prices are not accurate during night times..... especially gor ladies..... plz work on it so that women can travel using uber during night without overthinking on high price,4
Best,5
Good,5
Your app not coming in home screen,1
They help there self to a dame tios or take money off my dame card when they not supposed too,1
Excellent service,5
Good,5
Awesome,5
Nice boy,5
Nowadays every driver cancels the ride,1
A little difficult for seniors to navigate,4
Great App. Easy to use.,5
I'm enjoying my uber rides 😉,5
Thanks to you guys for a great job,5
Very good,5
Her Driving is so nice,5
It's better than lift taking a lot of my money.,5
ممتازة جدا,5
drivers are not good,1
"Worst app, jab aap book karenge to kuch aur price aur apke destination tak pauch jane par ye log price badha dete hain.",1
Nice ride,5
"Amazing, their rides and services are amazing and affordable",5
"Company sucks, had to cancel my debit card just so they would stop charging me for their subscription.",1
Good for long rides,5
Wonderful,5
Nice service ok,5
Excellent service by uber I appreciate 🙏,5
Enjoyed and good price,5
Pathetic services .....fraud Pathetic no improvement,1
Good,5
Good,5
Bohot achha auto chalata hai 😍😍😍,5
Very good,5
Good app,5
Good,5
One of the best app for ride in kolkata.Love uber❤️❤️,5
"I got fed up, because my second trip was canceled by more than 2 drivers and they asked me to cancel trip due to promotion price, they are not ready to come by promotion price, its very strang!!!! I disappointed with this. Total i have 5 promotion offer for auto, by uber but no use!!!!",3
Exlent,4
bad very,1
Good service,5
Enjoi,5
Worst app they blocked my new account without any reason and without taking any trip,1
In starting it's shows low amount at the end of the trip amount automatically changed,1
"Always in time and very friendly drivers. The driver I got today, could actually drive.",5
Excellent driver,5
Good. Pleasant. Safe. Drive.,5
Perfect,5
Very good,5
Super sarvice,5
"It's a very useful app, love to find a trip to go everywhere at anytime",5
Excellent,5
Fast and economical service,5
Good,5
Thank you,5
Best app with affordable price I only choose uber,5
Uber one subscription is worst thing happen to me. Since the rides has discounted prices iam getting more cancellation ever. And also waiting time is much increases,1
Best,5
Very bad app. Pathetic app. Uber dosent have any sence about app development. Noncense,1
Bro just delete your uber moto feature in the app It's completely useless No one accepts any ride,3
Nice 👍👍👍👍👍,5
Terrible customer service. Hidden charges. Absolute garbage app,1
Good,5
Drove very well even though it was raining,5
The shuttle pass is not working these days in Delhi-NCR. Your customer care service is very poor. The simple solutions take years to resolve.,1
Only my second time using Uber. Very pleasant driver... Was prompt and got me safely to my destination.,5
Lowest price,5
Extremely satisfied with Uber app,5
Very good driving,5
No 1 service,5
Ret khuc or dekha Raha or ley jaada Raha h,2
"Too much bad, first 4 ride ohk, then next rides too much charge",5
Allways fast service,5
Poor customer service and can't reach anyone with and issue very disappointed,1
Very easy and best in delivery,5
It great,5
It's been great so far,5
Fast and good service.,5
Experience is all good,5
Uber is one of the best ride so far,5
User Shuttle is a very good option for office commuters. Reliable and convenient service.,5
Worst app ever. They not only made me pay extra on one trip but also charged a cancellation fee on other trip. And I am not even able to seek help with my payment on their app. After resolving my ticket also they have not credited my online wallet on the app. Never using this app again,1
Very professional team and app.,5
Good 🥰🥰,5
"As a uber shuttle user, this app is the worst it can get. Especially money handling and customer service!!",1
Great 👍,5
Superb drive,5
Very Happy TY,5
Smooth ride ..clean care .. respectful driver,5
Driver very carefully drive,5
Haven't had any kind of issues. All drivers have been courteous and helpful.,5
Good service,5
Time sevings mean Uber,5
My first time to ride uber and very satisfying the driver is polite and kimd to speak with,5
Ticket friendly than OLA,5
Good 👍,5
Very very bad service not used this application,1
"Antes era bom, mas agora todos os motoristas tentam lhe passar a perna. Você manda um item pelo Uber, o item não chega. O motorista não tem troco, ele não deixa a diferença de crédito. Uber agora só tem ladrão!",1
Love it,5
Good,5
Best,5
Very nice 👍🏻,5
Very good,5
Reliable and helps me to get to work. Thanks Uber,5
Super app 🥰💥🚩 kannadiga 🚩🚩,5
Best,5
"When booking a trip in advance, thought it would stop trips being canceled by drivers and yet they still get canceled. Also had a driver arrive and as we walked towards car, he tried to drive away, and when I tried to ask him to stay he canceled trip and sped out of there. How are females supposed to get around safely if this is what the drivers are doing? Definitely not what Uber used to be. Very disappointed",2
Good behaviour and he trying to impress customer,5
This is first time I have used Uber and I will certainly use again . The young man was punctual polite & professional,5
"Quick, easy yo use, tracks driver",5
"Every time I book a ride, drivers ask for extra money which makes the experience worse. And this time I have not cancelled the ride but still your service asked me for cancellation fees, which is not right. If the driver cancelled the ride why should we pay the cancellation fees????",1
21/01/25 EDIT: DRIVER JUST LEFT ME MID ROAD AND CANCELLED RIDE AFTER HEARING PAYMENT WILL BE IN BKASH. IM UNINSTALLING THIS STUPID APP. IT'S A HASSLE! Drivers are cancelling rides when it's bkash payment saying they will only accept cash. Then why did this app even keep the bkash option? Such a hassle. Please fix your service. From Bangladesh FYI,1
Good driver,5
Very good,5
Excellent,5
Very nice ☺️,5
I recommend it 💯,5
😊,5
Thank you for good sarvice,5
Excellent,5
nice,5
👍 great,5
Good,5
Awesome App and interface.,5
Good,5
Ola Uber has reduced the rates so much that both the driver and the customer are upset. The driver does not take bookings and the customer does not get a cab. Now Rapido is the only option,1
"Changing review because you are charging different price from different users. Don't know how but, yes",2
Good,5
all fake they earn money for one ride in 2 modes one drive will take cash and uber will debit in online mode but if we ask they say they are not responsible for it.,1
Perfect,4
good,5
Good,4
Good service,5
Nice,5
Very good,5
Safe and affordable rides,5
Exelent,5
Good,5
"The driver was calm and not over speed, i really enjoy my ride. However, your price is outrageous, please do something about it toward making your price more competitive.",4
Good,5
Good of all alternatives,5
I paid $16.00 for a two minute ride which originally said $5.00,1
"Uber is good, but need to do some changes, today I booked one raid it took 10 minutes for me to get raid accepted, auto driver took 5 minutes to get to location, finally after waiting 15 minutes driver came to pick up point, said he want only cash he will not accept upi payment. Then I cancelled raid uber put 10.5 rupees fine and to get other raid I have invested 15 more minutes. Totally I lost 30 minutes time. Regarding this please show us while booking raid weather raider accepts upi payments.",5
Waste app for riders,2
Good,5
Please bring uber to my city satna Madhya Pradesh,5
great pricing,5
Best response.,5
Very nice,4
Nice,5
If theres traffic the amount eventually rises abnormal 😫😫,1
Good,5
Worst service,1
The best app,5
👌 nice,5
Good,5
"Good experience, pocket friendly.",5
Smooth,4
NICE,5
God bless the man who left us at Humayun Tomb Delhi. Left my bag and he responded so quickly and returned my bag. Gem of a person. I'll give him 1000 rating ✨,5
Good,5
Good,5
خرافي جدا,5
App is not accurate on pickup suggestion. Please improve. I can honestly say that every order is missing something. Often a meal and many times all the drinks. Why does this keep happening. A refund is good but every time someone misses out. I don't trust this food deliver service anymore.,1
Great job,5
amazing great.. service,5
Supar,5
Very helpful,5
Enjoyable experience,4
Is nice,1
"Slow, laggy app. The code must be a mess",1
This is very bad app specially in payment scheme. The total payment show something else and after reaching it increases and we have to pay extra and also the drivers demand more. Not going to download this anymore,1
It's impossible to cancel uber one within 48 hours of payment.,1
Good job,5
Good,5
Good,5
Nice 🙂,5
😍😍,5
Charged me money when the driver cancelled the trip. And customer service (unreachable) I wonder what would happen if someone is any danger and you only have an AI chatbot which runs around in circles to help you. Might as well die in that case.,1
Nice..,5
Very fast and conveniant,5
Ok,5
best app so far,5
Very bad,1
Is best,2
There is no option to lodge complaint other than standard specified. No helpline number given. Booking thru your app doesn't guarantee ride as drivers don't show up even after booking confirmation. How to lodge complaint? Yesterday booked and you changed driver 2 times but no one came to pick up. Had to wait for 20 min unnecessary. Why don't you impose penalty on such drivers? They are playing with your reputation and we are loosing our trust on you. Later booked ride thru other app successfully,1
How is this app half a Gigabyte of storage?!?,1
"Notorious pricing, no transperancy. Not a trustworthy partner for commuting.",1
Vary good service,4
"Drivers are really dodgy, they will cancel your ride so the fare price goes up the the point where it's not worth paying for the ride at all, be weary people, most of the drivers come from impoverished countries and only know how to scam. I've even had drivers ask me to cancel the ride and transfer them money instead like a taxi service... Very dangerous, hopefully these people are found and dealt with",3
This app is very nice,5
Best,5
App stability has issues,3
Great app,5
Nice,5
The best easier application ever,5
"Worst experience. After waiting for 30 mins, the driver cancelled the ride. And because of him I missed my train. His name is Alauddin Khan. This is the third time I'm experiencing. Will never use this app again.",1
Nice rides 👌,5
Good and low price,5
Excellent and a very friendly guy,5
Worst app ever. They pick the wrong location... i was waiting at the pickup point but driver said he was waiting at another place. And ask me to cancel. Because of which i have to pay extra charges to book another cab. I hate this app.... ek to 3 hrs wait kiya maine aur extra charge bhi mujhe hi pay krne ko bola.... Such a useless app.,1
Bosta,1
Can not and will not support this company!!!,1
Goog service,5
Super service,5
Nice Service,4
👍🏻,5
Good,5
Simple and fast when ever I need it,5
This is good app but rides come expensive than other apps,4
Nice,5
"I am beyond frustrated with Uber Eats' cancellation policy. I recently placed an order that never arrived because the address was incorrect, and I was charged a cancellation fee equal to the full price of my order. It’s unacceptable to charge customers the full amount for something they never received. Mistakes can happen, but penalizing customers in such an unfair way feels like a cash grab. Uber Eats should seriously rethink this policy and find a solution that prioritizes fairness and custome",1
Worst taxi services in india are provided by the one and only UBER.,1
"So much better than Lyft, Uber gives you a straight price without extra sneaky fees, and I can set the pin exactly where I need to be picked up. Messaging the driver is easy, and there's always a ride coming if they charge me.",5
"1. Their airport pickup service is a scam. DO NOT USE IT. Your driver will say he's there and then be 20 minutes away. 2. It's IMPOSSIBLE to connect to an agent. Their AI bot is completely useless and it is not possible to connect to a human even if you spam ""agent"" or ""representative"" or whatever. If you have a problem, you are SCREWED.",1
Good value,5
Paid uber my old payment which was not passing and riders keep cancelling after that. My payment gone and didn't got any ride waiting half an hour all riders keep cancelling continuously in very good area. Very bad experience got late for my exam,1
.good,5
"App is ok, and all the features are good. But the estimates to find a driver are WAY of. I consistently get about double the wait time that the app specified. If the app says I will get a driver in 5 minutes, I will actually get one in 10 minutes. This needs to be improved!",3
Nice and trustable app.,5
Good service,5
Good,5
"Love uber,👍👍👍👍👍",5
Very useful and comfortable app.,5
Good work Uber team,5
Good👍,5
Very good,5
Good,5
Not respond my trip still waiting but not answer ride poor service,1
"Uberhas gone from 5 star to 0 stars... it was hard to believe in the starting... but when i witnessed it 2-3 times happening with my own self.. i had to write about it.The wait time has increased from 10 mins to 21 minutes... pluse they say that if you want to reduce the wait time, then give tip. Keep your tip to yourself, this is India not America...be practical. Koi nhi tum apne paas rakho apna tip aur apna app bhi. Kitni emergencies rescue ho sakti thii, agar aap log theek se kaam karte.",1
Excellent response and revice by the app,5
Nice Experience,5
Good,5
Goob,5
Good,5
I am happy,5
Good service 👍,5
Lovely,5
Km pesa dikha ke jyada pesa leta he,1
Masha allah🩷🩷,5
"Good driver, friendly, he has a good personality",5
Shuttle package is showing but I'm still being charged. I've been trying to contact the customer support for 2 days now but they are of no use. They keep giving useless replies. Like I can see I have purchased the package for 1500 but it's NOT WORKING. UBER PLEASE SOLVE THE ISSUE. Else the package will expire. It's sooo frustrating especially during office hours 😑 ALSO WHEN YOU CALL THE GRIEVANCE REDRESSAL NUMBERS ON THE APP IT SAYS THEY ARE INVALID.,1
I love Uber 😂,5
GOOD,5
The issue of Uber person asking where am going yet they have the data is annoying,4
Worst app,1
"Uber has stupid drivers who neither know how to drive a car nor a bike and when they are asked not to take sharp turns or narrow roads, they don't think it is necessary to listen to anything. Their attitude is 200 percent and their manners are not even 1 percent. If tomorrow there is a pregnant lady and she tell them to drive carefully then they will not listen too. And even if an abortion happens, still they will not utter an apology. A case should be filed against Uber for riskingcustomerslife",1
V good 👍,5
I am consistently being given higher fares than other users. Everytime I try to book a ride and compare the fare using another device the fare I get it almost always considerably higher.,1
Works great,5
Good,5
"This kind for your information that, always drives demand extra amount. And no place to put complaint against driver. Also Company deducted fine charges from riders. Actually we use this ride for time save, that time they demanded high amount and cancel the ride. Please see the matter, today I cancelled ride maney times .",3
Budget friendly,5
Good 👍,5
Good driver,5
Good,5
ISSE HYADA GHATIYAA AAP NHI H ....BRO AUTO NA VAB KUCH BHI TIME PE NHI HOTA ....OR AGAR JAAM LG JAYEGA TOH INKI BAATEIN B SUNO KI HUMARA TIME WASTE HUA H ABEYY HUMNE THODI LGWAYA H JAAAM ...OR HUM CANCEL KRE TOH NEXT RIDE PE PAISE BHARO OR YE DRIVER RNDK JAB MARJI CANCEL KRDE ..ISKE OWNER OR YE DRIVER LODA LELEO BKL,1
Good,4
Double the price,2
Not working,1
Good driving and very easy to book to travel any were so easy,5
Very good experience save time & money,5
Contact customer service is to bad In case a problem happened,2
User friendly interface,4
This app is truthful ❤️🌹,5
good,5
Good service and affordable price,5
very nice,5
Good,5
Good,5
Excellent,5
Good,5
Good experience,5
Carey was the best driver I have ever had the pleasure of riding with. I would ride with him anytime.. thank you for tye great experience.,5
Nice work,5
Takes too much time to connect to the driver and cancellation policy is literally nonsense. If the driver has themself cancelled the trip (or provoked us to cancel it) then why the consumer has to pay the cancellation trip? Won't use this application anymore.,1
One of best transportation app.. easy for use,5
Thanks so much 👍,5
Great driver,5
Naaah yall ain't getting nothing how is it possible that I'm paying someone for something basically their job just for me to do their job and not get my order please.,1
"Uber showing Rs:250 but the driver asked me to pay Rs:500 ...what the hell is going with the Uber driver..why they call and ask me extra money .. nowadays auto driver are worst... Dear uber if we are cancelling the auto means they asked extra money that's why many people cancelled and exchange the driver... before we cancelling the driver please ask the reviews about the driver they charged extra money or not , please add that in review option",1
Very nice service,5
Service has been generally good from the drivers. Quality of the app is poor. The ability to actually post critical comments (constructive or not) is blocked (censored) by Uber. We are not allowed to see comments about driver/vehicle before we accept a ride from that driver.,2
Low price,5
GOOD,5
Excellent,5
Only way to get around.,5
Driver accept the booking. Then after waiting for sometime driver cancle from there side. Don't pick up the calls. Don't reply the message..,3
"showed less price while booking, price got increased after dropping",1
Best rides ever,5
The service is not good,1
Uber is worst app with third class service each and every time driver cancel the ride and never come on time always late i can not use abusive langauge here but i think uber is worst app and waste of time to book ride from uber,1
Very good . Thanks,5
Worst service Driver continue taking long root,1
Great driver. Arrived in less than 10 minutes.,5
Drivers are so bad demanding so much extra money all-time,1
Most useless app. Drivers always cancel the request. Never use when u r at emergency. Very much disappointed,1
🫢👨‍🍳..🤭😐🤨🤣🤭 m😐 😐😔😔😔😘🤐😜🤐😔😬😬😪🙄😌😔🫡 M.,2
If a driver doesn't want to pick you let him tell you to cancel not make you wait upon calling is when he tells you to cancel so uncalled for,4
Yea Mera first time book tha but very poor service 90 rupees dikha raha tha but 200 rupees chiye nahi to cancel kar dijiye saf saf bol diya Chi itna ghatiya service 🤮,1
V good,5
"Always increase price on ride, driver not confirm cl...and waiting time so long..on ride if u cancel..try to book again increase price...",1
Super service,5
good,5
Nice man,5
Safe and sound to destination,5
Gooooooood,5
A great service,5
Uber gas gone too far to irritate me ola is far better than uber. Uber drivers literally skips your normal fare rides even tho I waited for 20+ minutes on search and then they give me an unbelievable fare which is what they always do when a single person do alot of search for a single location. Use ola if you're in hurry don't use uber,1
Uber is serving pathetic experience.....I booked 5 times....drivers are not moving. Uber should put option to deduct money from Driver pocket in case they cancel ride or does not move,1
I love this app the only issue is that the price changed alot,5
Comfortable,5
Good,5
Cancels the ride and ask for more money,1
Can I get meta points for taking Uber?,4
nice,3
Good service,5
👍,4
Excellent experience....,5
Grt app for rides,5
Nice,5
Always on time,5
"How the hell you have survived in USA may be you have not enough competition there? It's so terrible service you provide , drivers are not loyal towards your platform, you need to take some serious and tough decisions to survive. Please go to ground level and talk . If drive don't perform or you don't perform you are responsible for your loss.",1
Nice perfect,5
Justine was very kind and it was quick service. I would use her again. Awesome experience. Thank you Justine!,5
Very good,5
Comfortable. Reliable.,5
It's fantastic,5
Gave my ride away in -7 degree weather,1
awesome 👌,5
Good,5
Got me home safe and sound. Very nice,5
Cheap rate. Good behaviour.,5
Very nice,5
"Make a way to report a driver for leaving you after calling you ""homeless"" then I'll discuss changing this. That was absolutely ridiculous. For the record i have a job and pay my own bills tyvm lmfao. I didnt even get a word in and he came to pick me up from the wrong spot :)",1
I really appreciate... Bcz I will go my journey quickly and safely so Thank you so much,5
Osum,5
Excellent,5
Extremely frustrating. Very difficult to get assistance from Uber if your problems don't fit into their menu options. I was left waiting over an hour for my prebooked Uber due to selections I was forced to make on the app and there was nowhere within the app or website for me to offer my feedback for improvements so this doesn't happen to others.,1
Very professional,5
nice 👍👍👍👍👍👍👍,5
Now a days Uber Auto is Not Working Properly. So Moving to Rapido Auto..,1
"I had to vacate my home in an emergency to a hotel due to the loss of heat in -0° weather. My cat escaped and went up in the attic, I had the Uber loaded, and the driver told me to unload my stuff because he couldn't wait 10 minutes because he was losing money, his money was more important than the life and safety of another human being, and I still had to pay for a ride I didn't use,",1
"Straight trash. I normally use Lyft instead of Uber when I'm at home, but I had to use Uber for this trip because Lyft doesn't operate in Puerto Rico. Renting a car might not have saved me money, but it would have saved me the constant aggravation of having drivers repeatedly cancel on me when they were 2-3 minutes from picking me up. Once, I got stranded at a beach at night after having 3 successive drivers cancel my rides, and I had to beg a ride from a stranger. Horrible.",1
Very good,5
I was taken from the airport to the Vancouver hotel fast.,5
"Never had an issue with Uber, drivers are smooth, when I request a pick up is always fast, excellent service",5
"Uber is a great app, easy to understand and some drivers are very nice and respectful. But I also have to mention the dishonest acts that some drivers have committed, this is the second time a driver has done the same thing to me, I paid then I got out of the car but they say I didn't pay the ride. Saying the customer didn't pay and you keep your money is a dishonest act and these people should not continue working at Uber, they should be on the streets and knowing what they do best (theft).",2
Baad aap driver is not coming,1
Excellent costumer service,5
Had 4 Ubers cancel. Took 2 1/2 hrs to finally get pucked up,3
Wonderful,5
Reliable and great service!,5
"There is absolutely NO support for riders. I tried to book my first trip in the USA and my driver never stopped at my pickup location; instead he headed directly to the drop-off and then called me. I was still charged for the ride. I can get ZERO support from Uber. In Costa Rica, the driver had to enter a PIN provided to my phone to prove he picked me up. Not so in USA, so riders get jipped, left standing out in the cold, and Uber offers NO rider support. The Help is an AI joke. USA Uber stinks.",1
Great,5
Charged too much than usual for no reason. Stupid app. Worst service.,1
Delightful,5
"App changed my delivery address even after I dropped the pin in the right location. Didn't get any help from customer service, big shame for the first time using the uber eats app.",1
Lovely trip with Ja,5
After a long day of work...driver had some relaxing music on the way home...peaceful,5
"I used to use Lyft. I decided to try Uber one day and I NEVER went back to Lyft, they're terrible! Uber made me feel at ease after I left my phone in the card. Bliss was so professional, incredibly kind and my interaction with her was ☆☆☆☆☆. She's just fantastic. My driver Blaine, was super kind as well. He had to bring my phone back because I accidentally left my phone in his car. I appreciate both of them and Uber should recognize both of these kind and awesome people.☆☆☆☆☆",5
Very good. Thank you,5
very efficient!,5
"Me estafaron 17000 pesos. El Uber nunca llego, y me cobraron igual. Espero que se comuniquen para resolver esto.",1
Wow such an amazing guy.,5
Excellent service by uber,5
"My experience was great did it once just for fun, when my car was in shop, I would use it more if I had to.",5
The amount of adds is annoying. I uninstalled the app once I use the app.,1
Love Uber,5
They got Uber pets,5
The worst experience lately.. very long waiting time and very few professional drivers,1
Great 1st experience,5
Over the years the service has gotten better. Good prices and not a lot of cancelled rides.,4
Good driver,5
The Best,5
good 👍,5
So superb,5
Very handy,5
Very good service,5
"Driver's device malfunctioned and he couldn't close the ride. Why's it that there isn't a straightforward option for the customer to report an unfinished ride? Instead the ride keeps going after the passager has been dropped. By accessing the passenger's location the app can confirm they have arrived at their destination, in case the drivers device malfunctions. Why is it that solutions just so simple like that aren't already available?",2
good,5
Way too many annoying text messages. There needs to be: 1. Direct navigation to a customer Feedback function IF Uber truly represents a legitimate company. 2. A more user-friendly way to cancel a trip. The current so-called method is way too difficult to manage. 3. A way to select specific inexpensive vehicle size when customers have some minor hauling to accomplish. Uber can expand its scope to minor hauling that is actually less expensive - yet competitive with U-Haul.,2
ابلكيشن زباله واسعاره زباله,1
Very quick and efficient.,5
We only use occasionally but works well,5
Good Driving******** Awesome work... Thanks uber...,5
One of nicest sweetest woman nice driver,5
Twas very good,5
Good Driving******** Great Quality Gaddi... Thanks Uber****,5
Es una solución efectiva.,5
Kaitlin was a wonderful driver and made for a very pleasant ride.,5
Good,5
To get a ride is easy. Drivers are pleasant .good pricing,5
Love it,5
"Never used Uber Eats. Order two pizza's. You pay a premium on the price of the pizzas, you pay a service fee next a a delivery fee. In return for this 10 euro premium you get a delivery guy complaining about needing to go up two stairs. Which I noted in the app. #neveragain",1
"Do not try to get a rental car from Uber!!!!! If you do, they take a deposit for your rental. When you get to your rental agency and they want to charge you more, don't even think about not paying them. If you decide not to pay the extra fees you had no prior knowledge of and cancel your reservation, Uber will pocket that said deposit money,and you're out. I've gone through the works talking to as many people as I could to get this rectified, but UberDOES NOT CARE about customer satisfaction.",1
It’s a very helpful app....,5
"The cost and fees is why I don't use these services more than I do, which is rarely.",1
Marvellous,5
A one service app,5
"Great app love my drivers !! Would like to see the prices more. Great app. , easy to work with and understand. comparable to Lyft in the Carrollton GA area.",5
Excellent,5
I have $150 in the wallet but it wont let me even use it. help,1
I don't know how to reach uber customer care number 😕 I checked in uber app for customer care number but I faced difficulties and on that time I didn't find or didn't reach customer care number on uber app and also on google! They should work on their customer support system on apk and also on google On price point they have a +point because comparatively with other apk uber provide lower price rides. That impressive and I appreciate But Mine main concern is the customer support system !!!!,3
We got lost because gave the wrong address. The driver was so patient with us. He even waited until we were safely inside the building before leaving. Thank you so getting us to our destination safely,5
App keep freezing up!,1
Always helpful!,5
Driver is very friendly I like the driver most,5
Good,5
The experience with Uber has always been very good. The drivers have been very respectful and the vehicles have been very clean & in great shape,5
Good service,5
1st ride was great.,5
"Never had a problem with uber ,always on time and v.good value.",5
👍,4
Love it ❤️,5
Best sarvice,5
"New phone, new number new uber card but it won't let me enter new payment method",1
good,5
Uber seems like is losing its edge when I request a ride it takes forever prices seems to be going up every time I order food get gets to me cold drivers don't follow gps dirty cares and they stink .,1
"Very bad application,, can't sign up , and didn't receive any code and when I try to resend coad ,, he told me can't request now come back after 30 min !!",1
I'm very happy 😊,5
Excellent,5
"kiraya Jyada lete ho aur dete kam ho, 12 kilometre ka 350 very unfair, garibon ka Khoon chuste Ho uber Walon, Bhagwan Tumhen Kabhi Maaf Nahin Karega, Yahi HAL Raha to Tumhari dukaan jaldi band Hogi",1
Good Ride Low Rate,5
I don't like being bothered to rate things.,1
Excellent transportation service at affordable prices!,5
"Such a great idea, it just works... everybody's happy, driver, passenger. Great company and app!",5
"On today's date 01/20/2025 The Uber captain's behavior is very bad It's not my fault that I asked for a car for delivery and the captain said I wouldn't be able to complete the trip and that he received the trip against his will And I asked him to cancel the trip He said no, you cancel And he left the situation as it was for two and a half hours and another delivery program was running and the Uber customer was left hanging And he resorted to delivery through another program or a taxi",1
STOP SENDING ME 100 NOTIFICATIONS A DAY ABOUT ADS FOR YOUR OWN PRODUCT YOURE ON MY PHONE WHEN I NEED A RIDE EVERY ONCE IN A WHILE SHUT UP!,1
Muy bien 👍,5
Nice,5
"good , fast ,clean vehicle, and good drivers.",5
Haram ka khari h,1
Very good,5
Super,5
"I can't order rides, app is slow, it doesn't allow me to order uber packages, literally can never get a ride for less that R50 , takes forever. Sometimes it says there's ubers and you wait like 15 mins, nothing pops up but the proxe goes up.",1
Best driver...great chat and proper service,5
Absolute disastrous app.. !!! Everytime I try to use the app it scares me. Pricing is not clear. Initial estimate and final estimate does not match.,1
Nice 👍 and,5
The prices increase from the original price that you were charged when the ride was confirmed.,3
"Very sad experience, was trying to book uber from Neral near Matheran today early morning for Vadgaon Sheri : Pune - initially driver dismissed the booking then it kept on searching searching and searching all in vain. Finally had to plan train journey via karjat. Uber claiming to start services in Mumbai beyond badlapur : Hello !!! Are you serious with your commitments?",1
Good 👍,5
"Nice driver, helpful, polite, and friendly",5
Super 👍,5
Exceptional,5
So far so good,5
Yalla what kind of drivers are you keeping huh today i waited at my location for more than 10 mins he didn't even called me neither picked up my call and I was already running late for work I had to cancel the trip and pay extra??? For the driver's mistake seriously today I would have slapped the driver if I met him I'm never using this app again useless pluse no access to contact the driver 🤷,1
Very good 👍👍,5
Nice and lovely,4
Good service from Clifford.,5
Verey usefull,5
Uber is very reliable and drivers can be trusted as well.,5
Good,5
Nice,5
The driver was cool with kids,5
I like it,5
Good,4
"Very good and cheapest price,nice rider",5
Where is your contact no for help and even today I was literally helpless because driver was drunk driving dangerously he was like I have 1.2 lac bike and I will drive like this even I contacted you but no support from your even ... .and he was drunk when he stop and yelling on me taking out this helmet I told him I will raise complain regarding that can you please look after this,1
Ok,5
"Throughout the years that I've had an Uber account I've never had any issues or a bad experience. It's always been consistent, safe and reliable not just for me but for my whole family",5
Very easy and their riders are very patient,5
Love this,5
Nice 👍,5
Picked me up quickly and took me home. Perfect,5
"Driver was on time, very polite and informative. I appreciated his information. A very enjoyable ride.",5
Can't switch to cash once digital payment mode is selected. I was forced to pay twice even after paying cash to driver. Not user friendly app,1
Osm app for quick ride and reasonable fair,5
Good service .. available on time .shuttle is also good,5
It's a good app,5
Very good experience 👍 😊,5
good,5
Nice app,5
Good,5
Worst cab booking app price increases automatically after book on a fixed amount 😡🤢🤮,1
Refund of extra money done but not the payment issue solved.,1
Right on time...super clean vehicle...nice choice of soft music...!!!,5
Khankirchele app laora,1
Good discounts all the time,5
Very nice driver patnar,5
Nice,5
Uber is vary good app,5
Awesome,5
Uber is not safe they charge you for the subscription thst i never did sign up for and trips I never took it's not fare.,1
É muito útil,5
Love the drivers.,5
Very good,5
Great app and service,5
Price heavy,3
garbage,1
Love it,5
Good,5
Good service,5
ممتاز,5
Nice,5
Awesome price fast and efficient,5
Just fine,5
Good,4
Better experience 😉,5
Good,5
Very nice 👌🏽,5
Quick and affordable as compared to OLA,5
"Will no longer be using this service, two separate people I know now have been robbed by their Uber driver, no longer safe.",1
A little confusing to use the first time.,4
Good 👍,5
Always been awesome experience ever,5
برنامج محترم جداً,5
Good,3
Koi ride accept hi nai karta shindhu bhavan road side..na car or auto,1
Card payment method is very dangerous with Uber.,5
Quick pick and drop,5
Good service,5
The CNG cabs are useless if you have luggage..I was traveling with only 3 ppl but has to book XL since the sedan didn't has any boot space due to CNG.Please indicate CNG so that such cabs can be avoided if there are luggage,1
Fine,2
"fast, friendly, 2 thumbs up",5
These app is not good whenever I book cab it not shows tolls included price and after it shows we are getting loss,1
arrogant drivers and didn't follow the client request very worst app,1
Very good service. Pick up on time,5
Perfect driver Thank you Uber.,5
"Honestly is amazing how the Uber service has been able to consistenty degenerate until becoming completely unreliable. Customer care is basically inexistent. I'd recommend limit the usage of the app as much a possible, specially if you have a corporate account linked to it.",1
great guy,5
Super,5
A very courteous driver.,5
Dear Uber Can you please tell how you are offering the help as page is non functional,1
"Started to be unclean old cars, Most driver are new and can't deal with maps .",1
Awesome way to get where I need ro go!,5
Good driving and safety,5
Excellent service by mr dasarath jha ji bahut bahut achha laga aapke sath deive karke very smooth likely word use and friendship,5
Good. I found the schedule a ride function a little confusing.,5
"Perfect, thanks 😊",5
Customer experience with the app has gone down especially for uber share. 1. Do not say a ride is nonstop after 1 rider drop off because for the most part drivers pick another rider sometimes 2 more which makes the ride way longer (a 30 minute ride with one other rider suddenly becomes 1 hr ride because of a 2nd or 3rd pickup) which is deceitful annd misleading. 2. Wait times are too long in terms having a driver pickup (drivers are assigned from 14-20 minutes away when there are nearer ones).,1
"Consistently, great, comfortable rides",5
Good 👍,5
Hopeless service...never rely on it when in emergency.,1
Goodservice and very good driver,5
Nice👍👍👍,5
Good 👍,5
Comfortable and very good.,5
It's always a new issue. I tried not to report. But it's not stopping. Please make sure you are selecting educated persons(Not referring to education but basic manners),1
"Bad experience bkz when need rider cancel ride,then second ride too costly but when reach destination ride payment different as costly",1
Comfort,5
Excellent experience,5
Excellent,5
Great drivers,4
Good service,4
☀️☀️☀️☀️☀️,5
Good experience,5
"Had a good experience..the driver who accepted my ride immediately,which was not the case earlier with ola.The drivers have kept me waiting n cancelling my rides multiple times.Also he didn't argue about the rate n accepted the given rate..Am impressed!! 👍",4
"If you need a ride somewhere, don't trust their scheduling a ride teacher. Because I scheduled a ride in advance for quadruple the price of the ride had it been immediate turns out, they did not get a driver for the ride. And made absolutely no attempt to notify me of that fact or fix the situation.",1
👍,5
I am happy that Uber lent the cost of a ride while I swapped credit cards.,5
100/100 fast and good 👍,5
Overall good,5
Good,5
Uber moto is really nice. Just make sure that the actual rate is given then it helps clear confusion,4
Better than lyft!,5
very good uber service,5
Good,5
Best experience with uber a verry god service,5
"""Uber is a game-changer for transportation! The app is user-friendly, and booking a ride takes just a few seconds. The drivers are professional, the cars are clean, and the GPS tracking makes it easy to know exactly when your ride will arrive. I love the fare transparency and the multiple payment options. It’s so convenient for daily commutes or traveling in new cities. Highly recommend!""",5
Good app,5
Fantastic app,5
Rider are too greedy. They ask for extra money like beggars.,1
Better than the main taxi around here,5
2025: once again the drivers on these apps are not reliable and some are even creepy. Reserved rides cannot be cancelled within the hour or you'll get penalty. I had to wait 30 mins for my reserved ride because a driver accepted a ride knowing he was more than 30 minutes late!!! The app will not work For some God knows reason I cannot request a ride or anything! The app is stuck on the world map screen and reinstalling does not work! I'm so upset,1
Excellent,5
Fine,5
Nice app low rate,5
Bakwas app hai bilkul kuch type karo pass ke area to intercity aa raha hai baar baar or. Amount bhi nahi bata raha ki choose kar saku,1
"One of the worst app do not install. No response from the driver and issue with connecting the calls, there is no prior information regarding the cancelation of ride",1
Great,5
You guys make me late to work all the time I am almost fired because of you guys,1
Nice,5
Great,5
Naice,5
Nice ultimate edition N services from this trip,5
Swell,5
So helpfull,5
Very nice application 👍 I will prefer to future ride in Uber only.. thank u uber,5
Several times the driver did not pick up the call and canceled the trip and took payment from me. Sucha a bad experience. Rapido is better,1
"Generally, I have found the Uber Ride service quite reasonable, quite reliable, and fairly priced. This is true over many years of regular usage across many nations. I travel quite a bit. The service level I experienced from the Store Pickup service was very disappointing. I requested the driver to pick up a document from a print shop manager at the door as the shop had closed. I was charged an exorbitant ""waiting time."" Despite all my pleading for correction, the establishment was adamant.",2
Amazing,5
"The only problem is the drivers not accepting the requests, it can take up to an hour to get a ride!!!",3
It is a good experience with uber thankyou,5
"Ordered ""Comfort"" taxi. Got same as the rest with his seat pulled forward. Trip is set to €40 by Athens. Was charged €46+ change in part because the taxi driver called us to ask us to meet him a 5 minute walk away because of traffic. Thinking we're doing him a favour, we agreed. Then he charged us a booking fee for the privilege. We were refunded some money by Uber, which is still on hold. Then a further €3.50 was charged immediately for some reason. I'm not convinced this is all that safe",1
Alway have uber as a backup plan,5
New UI is horrible,1
Very very bad uber don't book anyone The driver in this app are uneducated they will not understand the discount and they charged double to me,1
Dozens of rides and never had a bad one.,5
very good,5
مريحه,5
Very poor very bad service I try to book ride gurugram sector 48 to millennium City centre but no one receive request for ride. Very very poor app it is not helpful in any emergency situation,1
Nice,3
A good ride,5
"Tem sido difícil usar a plataforma. Preços altos, vezes que espero mais de uma hora pra conseguir uma corrida tendo motoristas por perto. Vejo que não está sendo bom nem para os clientes e nem para os motoristas.",2
"In recent times, I found it better than OLA, Rapido and Indrive",5
Good,5
Zero customer support,1
Works well in many countries,5
Sempre tudo certo. Uber me ajuda muito. Graças!!,5
Good,5
Nice driver,5
Good,4
Good service,4
brillint,5
Some time while starting ride it was not showing and after dropping it's showing that the ride was not started,4
Amazing driver,5
excellent!,5
Uber hires cheap and rude drivers these days. They are unsafe for the society..,1
Very reliable,5
supab nice driving,5
Easy to go anywhere wherever you want 24/7 Better to in cab instead of bike and relax,5
Thank you for this app,5
Good,4
Super comfortable,5
I was shown price of around 500 Within 30 second while I was booking it raised to 790 App makers think public is fool But this is pure looting I am uninstalling this app,1
Very good driver on difficult journey caused by Very heavy traffic,5
Good,5
Good service but sometimes when the amount is low it takes more time to connect you with the driver and in many cases driver cancels the ride by which we get late for work etc .This get me irritated.So please improve your service,5
This app is better than ola application and very fast serving drives and all drives are very safe,5
Delivery and pricing is topnotch,5
Little to no bonuses,2
Good apps,5
Excellent!,5
Waste of time for me,2
Ok,5
Nice app and reasonable cost,5
Very worth full but accepting take time,4
Nice app. Has everything needed for cab booking,5
Good ride,5
Great Srvice 👍,5
"quick, courteous and safe",5
Very good and cheapest.,5
good,5
Good👍,5
Uber you're being ridiculous to make me wait an hour for the ride to match with a captain whyyyyy is that????????,2
Good experience,5
Easy to use and very efficient.,5
Fare is good,5
Good,5
I was delivering a tender document and the driver was communicating on every step,5
Affordable price,5
Very good Autos,5
No cars in rural 💩,1
Good person Good drive,5
ALL UBER DRIVERS IN TAMILNADU ARE DEMANDING HUGH AMOUNT EXTRA QUOTING AMOUNT SHOWN BY UBER IS VERY LESS.,1
esds ZZ ruu xx z ZZ inn cxzZzzz sss dd xxsss,2
Is 1st ride free... Very good,5
Superb,5
Good,5
Niiice,5
Nice app and nice driver,5
Good experience,5
"Highly unsafe , they hire terrorists as cab drivers and when we complained to them, they didn't do anything.",1
They are seemingly incapable of insentivising their drivers to actually accept rides as I'm constantly stuck in a limbo where a driver will neither accept nor deny the ride so I can't get somebody who actually will accept.,1
Very late communication.,2
Nice,5
Block basatar,5
Good service and polite with the customer,5
Like,1
Nice,5
So humble,5
Why not creat new account of uber in qatar ? Why uber account is hacking for driver rider in qatar ?,1
"Harrassment and no customer service. I have been harrassed by drivers and they made lewd comments, I reported the issue nothing ever happened. Still used to app cause I needed it for convenience. Now drivers cancel last minute and I report the issue nothing happens. Not to mention, sometimes driver say they are coming and stay in the same place for 20 mins. Absolutely disgusting",1
Uber is a Life saver indeed,4
Great job! No problems and arrived to my destination on time.,5
nice service on time pick-up,5
"Poor service, avoid",1
Good,5
Too expensive related to others,3
Theeeeeeeeeeeeee Worst app,1
Good,5
Nice,5
"Very nice lady, got to know a little bit about her! Thanks for keeping us comfortable n taking us to our hotel! ❤️ The Miranda's",5
Convinient andppocket friendly,5
Very hard to understand,3
good,5
Best drive,5
The worst app ever,5
Always nice,5
"Application is pathetic, got stuck due to uber sending as to a pick up point that no driver could get to and had to constantly cancel the trips and you can't get hold of support, just pathetic.",1
Faltu app... Doesn't get login Cheap ui worst app of the year..,1
great,5
Very nice app. Fast and secure service.,5
Good,5
Good,5
👍,5
I use this everyday very safe and all the cars they use are clean and up to clean unlike bolt,5
Wow,5
Good service,5
Good,5
Best aap,5
Good,5
"Neat & Clean Cabs, Well behaved Drivers , Comparatively Cheeper Rides , Lesser Waiting Time , Overall Organising & Response of Uber is too Good 👍 & to our utmost Satisfaction.",5
Good experience,5
Thank you uber app,5
"I'm kinda annoyed with this app. After booking a ride it shows that the driver has been stuck for a long time, after 5 minutes I cancelled the ride and rebooked, it took me to the same driver again. Also some drivers' registration numbers were different from the ones in the app, and trips were automatically getting cancelled. Please do something about this!",2
Excellent.,5
App is very good,5
I am premier customers last 6/7 months uber service became worst use onther service. All driver eating mava & open door oftenly for spliting. They do not clean cab all cab and seats dirty. Request uber company put lice cc tv in all cabs compulsory,2
Easy friendly and ease of used,5
"Excellent well do guys, my driver was awesome, thank you",5
Their customer service is becoming too bad over the years. They don't really care to solve your problems.,1
Good service,5
Took 32 rupees extra for 50 metres,1
Good,5
EXCELLENT,5
Excellent app,5
"Not happy at all. I requested a ride, and it was accepted. Then the status changed to ""on the way to your location "", meaning I’ve been picked up but that never happened. The driver then canceled but because I used a digital payment method, the money was taken. I have been trying to get help from customer support but all they say is "" it shows that you and the driver were in the same vehicle"". I am so upset- I am done with Uber. Paid for a trip I didn't even take?",1
Nice,5
Good the driver so kind,5
"Worst experience, These auto drivers will not agree for tht ride price, they will say double of the amount and if they wanted to calculate the price as per there meter thn y should they register in Uber.. That's a bad experience I ever had..",1
Good 😊,5
Every thing is nice except most of the kolkata drivers are so demanding..In bike they always nag for extra chagres,5
Great experience and I've arrived safely. Thanks to Uber.,5
Nice,5
Good,5
Good,5
Good 👍,5
Super,4
"for past few months I'm getting duplicate/repeat ride fares while trying to book new rides. when in a hurry I had to pay up twice, many times. because otherwise they will not let me book. I'm saddened to see a trusted site misbehave. their customer support is very far and unapproachable.",3
Very courteous,5
app help me to meet and send gifts via parcel to my love🥰🥰🥰,5
Love it,5
"I've been a loyal Uber user, but the recent spike in ride prices is unacceptable. When I contacted support, they simply said the limit is over. This is very frustrating and unfair. As a result, I am stopping this service. Uber, please address this issue and make your pricing fair again.",1
Good,5
Most trusted app security and valuable,5
It was nice ride with diver,5
good experience using the app,5
Good,5
Best apps for cabs,5
i have booked Uber for my mother and Uber driver drop her on location properly but the issue is she forgot her wallet in the car and instantly i called the driver to check it out the but he decline my request and i ask him to stop the car to let me check wallet is there or not but he didn't stop the car and after one hour he saying tumhare baad customers aya tha ek usne leke gya hoga apka... AND AFTER ALL UBER SUPPORT TEAM ALSO DIDN'T TRY TO CONTACT ME OR SOLVE MY ISSUE I JUST HATE UBER SERVICE,1
"Disappointed. I lost my purse in the uber taxi. I tried to get it but there is no contact details of the driver in the app. When l tried to find it using uber app, the calling number of the driver (uber ph number) he is not attending the calls. I want to file an FIR but there is no cab number visible. If we were not able to find the lost item how we can trust the uber that it is even safe for travel.",1
Good,5
Convenient,5
Very friendly,5
Great experience,5
Better than ola,5
It's good and convenient,5
Good experience,5
Nice this,5
Very nice trip,5
Good experience,5
Nice,5
Amazing experience always,5
Nice experience,4
Safe driver,5
Excellent,5
Nice,5
Good service,5
Very gud experience in 1st time using uber,5
Fair,5
"Not sure what happened to this app, driver not even reached for pick up but strangely I got the notification to pay extra and that my ride is confirmed and yet to reach the destination while sitting in pick up point. Didn't expected even uber make such mistakes.",4
nice service,5
"This is a very useless app. Whenever I book a cab, it takes a lot of time and never works.",1
تطبيق سيء جدا جدا حيث ان سائقي التكسي على التطبيق معاملتهم سيئة ويتسببون بتاخير الركاب لاخذ احر زيادة و يجبرون الركاب على النزول في اماكن اخرى غير المطلوبة,1
I am still waiting to be refunded after money was debited and cash was also paid for same trip. Driver was dishonest.,1
A good and safe ride. Thanks,5
GPS sucks. It isn't accurate at all. 20/2 will have some sort of issue. The app doesn't work on my Google pixel 9 pro xl. But my iPhone 13 does? I'm moving my wallet elsewhere.,2
The best cab service in town,5
Gets you there and back.. It works,3
Good,5
"Uber just takes. Doesn't support drivers. Even worse with the loyal customers. Long wait times,, redirected to other driver constantly. Late deliverys",1
Pick up location given wrongly to driver,3
Extreme option and correct decision to ride these app,5
My driver was very friendly safe ride n made sure am fine n safe wen i got off 10/10,5
I rock with Uber. But the prices are sometimes ridiculous. And when they are busy it's a higher rate than usual. I don't think that should be. Because it's what they are paid to do. But overall I love Uber.,4
"App has a ""bug"" which makes it I impossible to cancel uber one subscription. I wouldn't call it bug though. It looks like it's purely on purpose",1
"Stupidest app ever, can pick rider or time of pickup but never both, nope that is way too complicated for this multibillion dollar company.",1
Nice 👍👍,5
Good,5
Ride not accepting after waiting a long time. I faced this problem before one month to continue. To much waste of time.,2
Very good service,5
Sav driving and comfortable for money,4
Good,5
From 1 hour I'm trying to book vehicle but no one is accepting. Including Auto also,1
يقوم السائقين بالغاء رحلات اوبر شاتل و التعويض ٥٠ جنيه عن رحله تكلفتها العاديه ٥٠٠ جنيه و خدمة العملاء لا حياة لمن تنادي وحتي طريق التواصل مع خدمة العملاء كتابه و لا يوجد تلفون لسرعه معالجه المشكله الرد الكتابي في خدمة العملاء آلي لا يميز المشكله,1
Does the job,5
Uber was great,5
This app comes through in a clutch is 100 different ways,5
Excellent,5
Nice all,5
One of The best cab booking app,5
So safety,5
Excellent,5
Great,5
Awesome Ride,5
"TOO MANY RECEIPTS FOR 1 TRANSACTION. RIDICULOUS , CHECK YOUR CHARGES. THEY MAY DOUBLE CHARGE YOU.",1
Good,5
Always friendly and punctual.,5
Very polite professional and got me to the spot safe ! I'm very grateful!;,5
Super helpful!!! Thank you,5
Best drivers and best prices much better than lyft anytime,5
Xe,5
Worest service pickup timings and location,1
Very easy and good experience really liked,5
Awesome,5
"Nice service,",5
⭐⭐⭐,5
Good,4
Worst app. No help support. Worst options to choose from,1
The wait time is too long,1
The cheapest company ever. It cares neither about the drivers not the customers. Disgusting 🤢,1
good,5
Today I logged on to get an Uber & had the most ridiculous hard time getting anywhere w the app. I don't know if they changed how the app works or what! I finally got the ride & when I was ready to go home it was ALMOST back to normal.,3
Excelente,5
"The recent price increase for Moto is concerning, exceeding even the cost of auto.",1
Exceptional service as always. Very positive use of technology. One of the best.,5
Amazing people love the hospitality,5
Bakwas aap hai ya koi request hi nahi la raha tha 2 phone se kar raha tha fir bhi pasai bade raha tha bus,1
It's taking big routes rather than small route and making us late and also increasing the fare of the ride and i use this app everyday but still it does this,1
I booked an intercity ride next day morning. Surprisingly the driver just won't appear. There was no prior notice. Such an unwanted situation.,1
"Always kind drivers, on time",5
If driver is showing late and you cancel the booking then it charges fine. Fraud company,1
Another awakening in unexpected place with a different nationality yet just another part of me and I him. Two people talking creator and being a part of and inspirational to each other. One word love,4
"NEVER USE THIS APP WHEN Y'ALL ARE IN A HURRY this app gives you false hopes by showing you that cabs are around you and a ride has been offered to a driver but in reality there are no cabs and they kept increasing the price but no drivers available . There is no honesty by the app, If they say there are no drivers atleast people can make some other arrangements but no this app just wants to ruin peoples time and mornings and take there money for unnecessarily high prices .",1
Very nice service,5
You cannot immediately report missing i items. You must wait 24 hrs after the order if either the driver or the restaurant messed up. You cannot report missing item at time of pickup either. This service has gotten worse. Uber One not worth it if i order 2 items and have to wait a day to fix anything. So either you bite the bullet or somehow get what you are supposed to get. Uber drivers also have been saying they have picked me up but left me outside in the cold with pnemonia. Was still charged,1
Bad experience where they charge me for a trip that I didn't take and refuse to give my money back. They overcharge when the trip time is out of your control and just deduct the increased price from your account. They have people that act like bots responding with unsatisfactory answers,1
They nice to me and my family,5
such a useful tool,5
Good helps very well,5
Good work,4
Good,5
Didn't use it yet .but thanks,4
It was a very good one,5
Quick and fast paced,4
Great journey thank you,5
Useful and good service App: good,5
"Fast service quick find cab thanks uber,🙏",4
Good,5
Very good aap,5
Nice trip on time reached the location,5
Great,5
"Driver was good, plus my balance was adjusted 110Rs",5
Good Drive,5
"Non existent customer service, have been paying for ubet one and still get charged WAY more than competitors. DONT INSTALL JUST GO TO LYFT",1
"o app no geral tem um bom serviço, ruim mesmo são alguns motoristas que aceitam as corridas e depois de 5 ou 6min segurando a corrida, ele cancela",4
"I don't have any problems with the drivers, or the food deliveries, so in my situation with not being mobile, it works well in my favor Hamim, was amazing!!! I gave him a $7 tip!! His car was so clean and it was quiet and serene, thank you!",5
"Uber left me stranded at the airport twice. Went to the Uber pick up spot and both my drivers cancelled. Would love to get my money back (horribly expensive by the way) but more importantly need to warn others. Uber charges you if your driver can't find the Uber pick up spot at the airport. You have been warned. Only download this app if you want to be stranded at night, alone, at the airport, in the cold rain and can't get your driver to respond. Then they cancel and you pay.",1
Great app,5
Very affordable and always on time no problems and really nice people driving,5
Nice 👍,5
I am trying to update my credit card information. I am a senior and this is impossibly confusing to navigate.,1
"Service as promised, clean cars and good drivers",5
Very bad driver not connecting,1
"Great, shareX is great",5
Cobra a viagem várias vezes e não chama motorista.,1
All of your drivers have been great. I'm not thrilled with the app. I've had a hold placed on my gift card on Jan 12. Still no access to the funds. Very disappointing.,3
Very awsome conversation. Don't run into people very often,5
Perfect gentleman.,5
"Spent $50 on Uber eats, never came. I called the store, they said it's an Uber eats problem. Uber support is AI and waiting. Save your money, don't be lazy like me.",1
Courteous Driver,5
So easy and fantastic.,5
"A good curtious driver and unloaded our cases, thank you. And arrived on time.",5
Very good Driving....... Awezing gaddi..... Thanks uber india********,5
Excellent Services,5
"Uber is the most crooked and company I have ever dealt with. I have used them both as a customer and as a merchant. On both ends, they have made every effort to steal money from me and my business. I strongly recommend to avoid using Uber.",1
Good,5
Good,4
Better than rapido,5
great!,5
Very nice app nd drive,5
"I don't know what's going on, but the last few times I used the app, it's force closing on itself. If I order a ride, it closes itself, and I can't view if I got a ride or not, and if I did, I can't get the code because the apo keeps closing on itself. I've uninstalled and re installed it, and still nothing. I'm done. I'll just bus it and lyft.",1
Very good but drivers are slow to get ti my pick-up...,4
"Never had a car. Don't need a car. Thanks Uber! One car less on the road, you're welcome!",5
Good app.,5
Good,5
Good,5
Love uber,5
Amazing,5
Good experience,5
Great service,5
Super,5
fair price,5
Very good service,5
Okay,1
works grat for me.,5
Great everything Great Great Great,5
Good service ever....🙏🏽,5
Best rides,5
I have never had a bad experience. Every driver is courteous and friendly without being overly friendly. I have never felt unsafe,5
Good experience,5
Good expirience,5
Awful customer support.,1
Cant control drivers when it comes to being punctual you can't force a driver to move if they want to wast your time and not show up uber won't do nothing about it you just have request another car and wait amd you can't complain to them because you can't find the the driver information big oof,1
"I had a gift card for Uber which I was able to apply to my account and then when I went to the checkout, it didn't deduct the money from the Uber money before making the payment so it charged it to my card. Not impressed!",1
"Tudo muito bom, até você esquecer algo no carro e tentar contato por dias e não conseguir nada. Burocrático e ineficiente. Se o motorista não atende de primeira você não consegue mais fazer tentativas, daí a uber intermedia e nada se resolve. A uber não manda notificação pelo App ao motorista, chega somente no email... aí só Deus sabe quando ele verá. Eqnto isso, as outras centenas de passageiros já devem ter levado seus pertences. Simplesmente patético, Burocrático, ineficiente e desrespeitoso.",2
Nice drive,5
Verity good ride. And the driver is very pleasant and professional.,5
"Hardly any problems Excellent, evolving!",5
Good drive,5
Excellent service and great rates!,5
Very good,5
Nice 👍,5
Poor service,1
"Please provide an option seperately to delete your account history, whenever i search for this topic it always gives same thing. Overall, the app is good but the app needs an update for the future.",4
Good,5
🥰,5
"if you have an issue don't expect help. extremely disrespectful agents. refused to do anything for me when I was charged for a ride but it was ""declined"" even tho they took my money.",1
Slightly too expensive at times and doesn't give the option to pay cash,4
"I am disappointed that I cannot reserve Uber Green. It never works when making reservations, it only shows one option, which is not Green. Therefore, i always need to book at the hour as I want Uber Green only to travel. Can you please fix this?",4
Nice driver,5
Good,5
Excellent nice service.,5
Nice,5
I've been having horrible experiences with Uber this past week.. On several occasions they have been taking additional money 11 hours after my trip and then have the audacity to refund it days later.. 😡,1
Good,5
Very efficient,5
Sachin was great in abiding by the time and he drew fast but safe.,5
Nice,5
Good work!,5
👌,5
Good,5
Better,5
"I do not have this app installed as I don't use the services in anyway, however today I could have been scammed out of a lot of money if my bank did not alert me to approve or decline a payment from going through, I obviously declined the unauthorised purchase, however that did not stop them from attempting a further 19 more times and each time was for different amounts, I had to have my my bank account temporarily blocked until bank reopens next business working day to have this dealt with.",1
I can't get ride afer deposit of 500+ in my wallet that not showing. Now I can't book and won't get refund 😔,1
I think there pricing them out of any top pick..used to be 26-32 to airport..now it's 38 to 61 bucks..no tip from I...,3
Excelente,5
Very good and considerate drivers.,5
My experience with driver chandan of uber excellent very human being person.,5
Nice 👍,5
Awesome for transportation.,5
Very very happy 😁,5
Easy and fast,5
Good,5
"Very Bad Service, I Dont Book any Auto & Add Charges on Booking 😞",1
Well driven and safe,5
Was first time using it,5
Excellent,5
Nice service,5
Try the best taxi app,5
good,5
Very nice ☺️☺️☺️ I am good at all my work,5
Good,5
Excellent,5
"Most of the time, it's not allocated any car in mumbai. And just searching drivers.",1
very bad,1
"The Uber driver name ""ANTHONY"" he put us out in a one way ride when me and my mom paid for 2 way ride and my mom is disabled and crippled and elder 64 years old. Put us out his car. At night in a dangerous neighborhood and we are females drop us off and left us there and we paid for a ride back home. So if y'all come up by a name on Uber app name Anthony cancel y'all ride he got 2 of my best friends like that then had the nerve to ask for 45.50$ the next day. He's making y'all look bad cause him",1
Good drivr,5
Nice,5
GREAT WAY TO TRAVEL GOD IS GREAT ALL THE TIME BABY ON THE HIGHWAYS AND BYWAYS.,5
Disappointing that Uber makes it so difficult to connect with a real customer support agent when it is so easy on Doordash.,1
Fraud,1
Reliable and prices are most of time farely cheap this is why I use it ..thanks Uber please don't raise the prices 🙏,5
Great and nice,5
Nice experience,5
good,5
Good,5
best of the best,5
Best,5
Excellent ride app.,5
Very reliable en fast,5
Good,5
"Interesting I've been noticing lately the price of the trip it shows for trips before seems like a minimum, today my trip was 92 when ordering but paid 165 that's almost double 🤔 funny enough I chose the higher 92 over bolt but now I'm noticing this I might not actually order again",2
My first trip was very comfortable...rider was very polite and sweet also...😊,5
Brilliant taxi service,5
Good,5
Good stuff,5
I'm only giving 4 stars for the Super Uber that I sent to pick up my boyfriend from a sketchy situation and all of the times I've needed y'all before. But I don't appreciate being promised $15 worth of food for $1 without being warned about the $10 extra fees and taxes. False advertisement is illegal and wastes the precious time of hopeful and hungry people who work just as hard as you do for their money. Thank You for everything.,4
Well comfortable and more affordable than OLA,5
Worst app don't use these app because customer care no response any complaint,1
Good,5
Very nice,5
nice,5
Relaxing 😎,5
I've taken an uber before but so far this trip has been the best and less stressful,5
Best experience,5
Very Safe and supper fast forward easy going any time any place any situation,5
Help services is too worst No one is responding to us On booking I won't recommend to use this app,1
"I order my order on Uber eats at 17:10 ,estimated arrival time was 17:40.It took 10 guys to pick it up and all of them canceled it's now 18:30",1
Very usefull,5
Waste app and worst experiences with captains,1
Bohot aacha aap hai sab log install kar lo jaldi🥰🥰🥰,5
Very efficient and friendly driver,5
Nice,5
Driver was quick and nice,5
Very good,5
Quick & Easy,5
Horrible experience ...i hv uber cash of rs 333 however unable to purchase shuttle package..after multiple follow ups also customer service not able to help...fraud people,1
Nice,5
Very descent experience,5
Good 👍,5
"Easy to use, reliable and drivers very polite.",5
Osm,5
Very good,5
Very awesome ride,5
"They advertise (4 minutes away) then the driver is 15 minutes away. Why did i pay extra just for me to still have to wait. Im disappointed, might as well try Lyft or something because you cant trust Uber to be honest on pick with times 👎",2
"Today evening I booked cab and 3 times my trip was cancelled by the drivers, also when I booked the cab, rent was 436 and after reaching at the destination I found charges were 543, only due to traffic issues charges got increased, I will recommend don't use this app.",1
Nice option,5
Superb,5
after long time i return and the experience was good,5
🫠🤟🤘☝️🫠,5
Amazing,5
Awesome service,5
"Métodos de devolução muito ruim, mal cuidado.",1
I cant buy rides or breakfast n i put $50 on the app so how th am i supposed to use it if i cant use it i want my money back,1
Good platform for booking Cab,5
Best ride,5
Affordable and reliable Keep it up,5
I love availing Uber Services. Thank you Uber.,5
Comfortable The driver was very professional,5
Good,5
Good for every time,5
It's a good service but Lyft is usually cheaper,5
Good service 💯💝,5
Great full service,5
Nice,5
Nice work,5
Easy to use app Keep it up,5
Awesome,5
I love it,5
Very good app.,5
Best,5
Nice,5
Worst app as I have booked more than 6 times but every time driver cancelled their ride.,2
I love uber,5
App charged extra amount. In advance payment they charged 100 rupees. Then next time i paid to the new trip then they add same amount in my last trip. Total 150 rupees extra charged to me. I contacted to uber by mail but they are not responding me about my trip.,1
great experience just wish I could have edited my pickup,4
"Driver drove the longer way, dropped me off somewhere far away from destination and uhr charged me R37 extra for his decisions. I'm uninstalling and number using this app again, neither am I recommending it.",1
Rates are very good,5
Third class app and service. Showing different fairs for me and driver after completing trip it's showing me 313 but for driver it's showing 414rs. How it is possible. It's a fraud app kindly don't use uber. Third class app and service. After contacting customer care they are saying we can't refund amount. This means we need to quarel with the drivers,1
Nice and quick journey,5
Super,5
Nice,5
Good,5
"Ride was canceled after waiting for a long time before I was given another driver to take me to my destination. The ride was cool, though.",4
Extra charges,1
Dekh Ker driver ku amount pay kijiye wo extra mange to math dijoye apke cell mein jo amount Bata raha hai wo he pay kijiye....,4
Excellent app,5
Excellent,5
Good,5
Easy to use!,5
Very nice driver. Arrived on time. 10 out of 10,5
Uber drivers are at the forefront of trip cancellations. Uber drivers routinely make customers wait for 20 to 25 minutes and then cancel the trip.,1
Saftey issues,1
Keep it up.,5
Nice ride !,5
"Y'all need to make it possible for us to reserve rides for other people. I INTENTIONALLY reserved a ride for one of my employees, just for the driver to cancel the ride. ABANDONINGY EMPLOYEE AT 1 IN THE MORNING. And before y'all say ""you can order the Uber to picke her up, by not reserving"" I have to open the store at 9 in the morning, not including traveling, I could NOT stay awake until 1 am. Which lead to me reserving the Uber, thinking it would be okay. BUT I GUESS NOT!",1
Good,5
Nice,5
"User hostile design. Finger slipped half a millimetre while requesting a ride and it signed me up for a subscription. No confirmation, verification, or email. Thankfully I noticed the charge on my card and cancelled it in time.",1
Comfortable,5
Very nice,5
Excellent,5
Good,5
Rate increase automatic,1
Good 👍,5
Very good 😊,1
"Worst service, trying to book cab from last 1 hour, once it's booked after waiting 15 to 30 drivers canceling the booking",1
Luv it,5
"Worst experience No support for customers for previous rides I booked an auto ride, when the trip ended the app showed me to lay 44rs to my driver but the driver demanded extra cash. When I tried to get support from their so called 24/7 custoner support there was no response and the ohone number was switched off. Unwillingly I had to pay him 70 rs. Worst ciustomer support ever.",1
Can't even use this app at all every time I try to create an account it won't let me I never even had this app before I always had Lyft,1
Good & prompt service.,5
thanks for taking me home safe,5
Always fast always affordable,5
Bahut hi accha app hai,5
Good 👍,5
"App is a joke. Estimated times seem to be completely arbitrary. Completely unreliable. There needs to be an option to review 1 star for drivers that accept a ride, then sit there not moving for 20 minutes. If you can pick me up, take the ride. If you're running errands and NOT picking me up, DON'T take the damn ride. It isn't rocket science, but feels like pulling teeth. What a joke of a service",1
Cannot fault your app - will certainly use it again in Plymouth The service was exceptional,5
Good,5
Good,5
very user friendly app. Best in the world,5
Nice,5
Its Good,5
Sometimes you are put in a car for a reason. 5 stars. Thank you David.,5
The mega bytes is very high,5
Good,5
"I have an Uber one subscription, yet my partner that doesn't have one gets cheapest fares than me. Total scam. The scams continue. Drivers get marked as arrived on the app meanwhile they're still further down a street , or hooked at a traffic light, or about to turn a corner or at the wrong side of the road and I have to cross to get to them, but I'm still charged 'wait time' , when I'm the one waiting for them. I'll just stick to Lyft.",1
"I had a very bad experience today when I booked an Uber. The driver accepted the request, then called and asked for extra money. I told him I wouldn't pay more than the app stated, and he behaved badly. I told him I would complain to Uber, and he said, ""Go ahead and complain."". People like this should not be driving for Uber.",1
Excellent,5
Good,4
Prompt and excellent service delivery.,5
Uber to the rescue! I was not late to mass.,5
Nice,5
Third class app that makes people comfused with poor navigation,1
Exceptionally disappointing experiencewhen dealing with eats related issues.,1
"i m not satisfied your work, the company policy is drive started from pickup location but the driver charges more to come to pickup location, and when i said them to cancel the trip they told me you cancel the trip this is not good and when they cancel the trip the company charged me for them cancellation i m not happy with that, i give you 2 star for this",2
Customer care se baat karna Kisi Ki complaint karna bahut Mushkil Hai,1
Better than rapido,5
Excellent,5
Very good and trustworthy,5
Excellent,5
"Really expensive, not for middle class peo6",1
Worst,1
Good,5
Good experience,5
Very reliable and convenient prices.,5
After waiting for an hour I still don't get ride,1
Nice,5
Best app among all the other ones. Kindly provide such services and reasonable rates ✨,5
Very good experience on time,5
Good,4
No inicia sesión en otro teléfono,4
Really good,5
Verry nice,5
The best,5
Third class application,1
Very helpful,5
Good service,5
I love this app,5
"Uber Team, Uber is worst cab booking app. Getting cab is now very rare here. I would prefer to go and rake auto from road. I can't depend on uber to get cab. I don't know why this app is even existing. Such a Useless App.",1
Excellent,5
Amazing,5
Nil,4
Easy to use for first time,5
Great service i recommend it to anyone,5
"Great service, very friendly driver 👍",5
"Affordable, quick and humble",5
Good service Kolkata,5
Reliable service.,5
My driver Brian was 👍🏼 great,4
Worst service,1
Nice,5
Good,5
Good,5
"Great app, works well and easy to use",5
This app is very good for book a vehicle and his service are also very good 👍🏻😊,5
Nice,5
Nice app,5
👍,5
