review,rating
"Perfeito!
Sem custo, sem manutenção, fácil acesso, sem chip no aparelho.
Já me acostumei tanto com o WhatsApp que tenho dificuldades de usar o telefone...",5
"Ta impossível utilizar o app, toda vez que abro a pasta com as figurinhas ele fecha e trava!",5
Baixei a ultima atualização e agora o aplicativo tranca toda vez que tento enviar fotos ou vídeos,1
Melhor de todos te amo ❤️,5
"Com esta nova atualização o WhatsApp ao sair da conversa para entrar em outra, buga o menu do rodapé.",4
"Voltei pra refazer a avaliação. Essa última atualização grava áudio, envia mas quem recebe não escuta algo. Evitem essa versão 04/09/17",1
"No IPhone 8 Plus, na versão mais atualizada do app, quando dou um scroll nas figurinhas em determinado momento o app quebra e fecha. Isso já vem há uns dois meses, aguardei atualizações mas continuou o mesmo problema.",3
"Meu app fecha sozinho sempre que pesquiso minhas figurinhas, não consigo mais entrar nas figurinhas salvas porque o aplicativo simplesmente fecha do nada. Já atualizei o software do celular e o aplicativo também",2
"Ter a chamada de vídeo e os emojis novos ia ser um app maravilhoso, arrumem isso please, muita gente reclamando disso e não tão fazendo nada",1
"O aplicativo é ótimo, muito bom. Como uma sugestão, seria a edição de mensagens, aumentando as possibilidades. Hoje já temos o cancelamento do envio, mas acredito que poder alterar uma mensagem já enviada seria de muita ajuda.

Obrigado.",5
Nova política de coleta de dados do WhatsApp para o Facebook é um absurdo. Falta de respeito com o consumidor,1
"Não está dando tempo de procurar e enviar as figurinhas , o aplicativo fecha sozinho .",3
Mano coloquem a pré-visualização dos status pelo 3D touch de novo!!! e tirem o whatsapp da opção tela escura pq ficou horrivel,1
"Olha, o aplicativo está deixando muito mesmo a desejar. Eu uso um iPhone X e sempre que vou procurar figurinhas animadas o aplicativo fica lento, trava e fecha sozinho. 
Por favor, ajeitem isso pelo amor de Deus que eu não aguento mais.",5
"Voltem com a cor azul, essa verde acabou com o app!",1
App fecha quando procuro as figuras pra enviar ... como resolver?,2
"volta pra cor azul véi 
tá feiao esse verde",1
"Quase 2020 e nada do Facebook atualizar o WhatsApp para oferecer o modo escuro.  Não tem coisa mais chata do que todos aplicativos no modo noturno, trazendo um ótimo conforto visual, e só o WhatsApp BRANCO cegando a todos. Não é possível que mudar uma cor seja tão difícil.",1
"Essa versão esta com problemas 
Nos status, quando vc esta vendo os status 
Apos passar para outro a musica ou a vos do anterior continua tocando no status atual q vc esta vendo",2
"Vocês alteraram a interface do WhatsApp no iOS está ridículo o espaço em branco entre as conversas, pelo amor de Deus concertem isso imediatamente.",1
"Última atualização está péssima para usuários de iPhone! O app trava na hora de enviar figurinha e fecha sozinho, os áudios pra ouvir precisa clicar exatamente em cima da setinha de reproducao! CORRIJAM POR FAVOR",5
"Ficou muito ruim a nova atualização. O design ficou muito ruim.
Por favor voltem a versão anterior",1
"No IOS está travando muito enquanto procura as fig ,chega sair do aplicativo. Não adianta desinstalar e instalar novamente que continua travando.",1
"Após a última atualização ao abrir vídeo/áudio dentro do app não é possível abaixar o volume pelo botão físico do iPhone 11, a barra de volume nem aparece ao apertar o botão.",1
"PÉSSIMO! Um espaçamento grande, sem necessidade, parece vago e sem organização.",1
Gostei muito,5
Depois da última atualização o app simplesmente não abre. Contatei o suporte e até o momento nenhum retorno,2
"Tenho muitas figurinhas em movimento e quando preciso procurar uma que esteja mais abaixo, o aplicativo fecha repentinamente. Ja tentei apagar e reinstalar o App, mas infelizmente não funciona. Devido a isso, não consigo usar minhas figurinhas mais antigas. O que pode ser feito para que eu consiga usar minhas figurinhas normalmente?",5
"Essa cor verde ficou estranha e não combina com o app, volta com a cor azul",1
"Versão 22.10.76 está com problema na configuração de armazenamento, tenho colocado para não baixar fotos, vídeos, áudios e quando abro novamente a configuração já tem mudado pra baixar todos pelo Wi-Fi, corrigir por favor",1
Só vai melhorar quando voltar para cor azul!!!,2
Atualizei meu whats hoje e as mensagem que chega na notificação aparece o nome da pessoa antes aparecia apenas notificação e ocultava conteúdo e nome como faço pra retorna como que estava antes ?? Espero respostas,5
Arranjem um jeito de nos podermos arrumar as figurinhas por categorias ou pastas pelo amor de Deus,4
"Travando e fechando sozinho, não posso procurar figurinha que trava e fecha o app",1
Sem recursos. O web não funciona sem o telefone estar conectado e mesmo assim perde a conexão com facilidade. Apps concorrentes dão uma surra nesse aqui. E se formos falar no quesito privacidade.... eu acho até que o app trava.,1
Azul tava melhor,3
"Tá muito feia essa cor verde (pelo menos no IOS). E o texto ta estranho também. Antes tava perfeito, mudem de volta porfavor!",1
"É inadmissível um aplicativo desses não ter nativamente um modo noturno, falta de consideração dos desenvolvedores.",1
"Após a nova atualização o download automático de mídia não desativa, se fechar o aplicativo ou depois de um tempo o download de mídia redefine automaticamente e volta a baixar tudo que te enviam automaticamente sem vc ter a escolha de decidir se qr ou não baixar a mídia.
Borá lá arrumar esta falha por favor 🙏🏽 👍🏽👍🏽
Obrigado 🙏🏽",1
"Odieeeeei antes no iPhone vc tinha q arrastar pra baixo pra aparecer as arquivadas, agora, assim que abre o whatsapp fica bem em cimaaaa quem abrir consegue ver , aí que ranço",1
A cada atualização parece que piora! Clico para abrir uma conversa e abre a debaixo!,5
"volta para cor azul ou pelo menos a opçao de escolher, o design ficou totalmente horrivel com esse verde forte, sem contar que deixou o app totalmente em desarmonia com o sistema, PESSIMO",2
"quero a cor azul do whatsapp de volta!!! não gostei do verde, cor ruim e tirou a essência do whatsapp no IOS.",3
Voltem com a cor azul,1
"Estou usando iPhone 11 com iOS 17.3.1, com espaço de 50gb sobrando no telefone e espaço sobrando na iCloud e mesmo assim meu WhatsApp abre e fecha instantaneamente. Ou abre e fica uma tela preta . O que devo fazer ?",1
"O WhatsApp está baixando sem que eu queira todas as coisas que chegam no meu celular, mesmo eu desativando nas configurações eles alteram sozinhos! Já desinstalei o app e restaurei perdendo muita coisa e mesmo assim nada mudou 👎🏻",1
App nao abre! Simplesmente parou de funcionar!,4
"Vcs poderiam, por gentileza, lançar uma atualização para cortar os vídeos longos do status automaticamente? Seria bem prático 😉",3
"Essa atualização tá um lixo, os trem nada a ver com nada , não tem nada a haver esses negócios do Instagram aparecer no WhatsApp , literalmente não gostei dessa nova atualização …",2
"Essa nova atualização está com um probleminha, sempre clica no chat abaixo de onde você clica",2
"Falta suporte do 3D Touch na pré visualização de mensagens nos iPhones XR , 11",1
Eu não estou conseguindo ligar por vídeo chamada no iPhone 4 eu já tentei de tudo mais não deu certo então resolvi falar aqui pois não agüento mais,2
"Tenho o IPhone 8 com o IOS 14 e simplesmente não recebo mais as notificações das mensagens q recebo, isso vêm acontecendo a uns meses já e não sei como resolver",2
"Agora que o app atualizou, quando passamos o story, o áudio do story antigo continua falando no próximo story … uma confusão !",1
"Acho que o modo escuro devia ter para usuários do iOS 12, quem tem iPhone 6 acabou ficando sem essa opção, poxa reveem essa situação? Obrigado",2
Depois que atualizei o meu WhatsApp não abre mais… alguém assim?,1
"Então WhatsApp, quase todos os celulares já chegaram os temas e pra mim não!! Arrumem isso! (iPhone 12 aq)",3
"Horrível, Eu não consigo nem entrar no WhatsApp, quando eu tento entrar ou ele trava ou ele fecha automaticamente, não consigo mandar nenhuma mensagem, já fiz de tudo já desinstalei, já reiniciei, já comprei iCloud, já apaguei conversas, já liberei memória, já mudei o teclado, já tentei baixar o WhatsApp business, até o WhatsApp business traço.. NADA ADIANTA,",1
"pior aplicativo do mundo, estou esperando a nova atualização dos “temas do chat” e até agora não chegou. chegou para pouquíssimas pessoas, achei muita falta de organização, horrível. facilmente pior app da app store.",1
"Atualização ficou horrível, está parecendo o Instagram, e fora que você é obrigado a ficar vendo lá em baixo na barra sugestão de seguir e não dá nem pra filtrar, se você posta um status e quer apagar é uma luta, a barra de status ficou péssima pra ver… resumindo está igual o Instagram se for pra ficar igual melhor ficar só com o Instagram… pelo amor voltem o que era antes que era perfeito….. o Instagram que foi feito pra seguir as pessoas….. Afff. 
O que poderia mudar é o tamanho dos vídeos que posta no whatssap aí seria útil….",1
Nota mil,5
"Meu WhatsApp está com algum problema que não consigo ver status que as pessoas postaram enquanto eu estava off-line na rede, assim que eu fico online não me aparece nada do que postaram quando eu não estava on",2
"CADÊ OS TEMAS????? MEU IPHONE É O 14, É NÃO CHEGOU AINDA😭😭😭😭😭",2
"Essa nova atualização do WhatsApp para o IOS foi horrível, mudaram a cor do aplicativo e ficou ridícula! Deixem do jeito que estava antes. Ou poderiam deixar pelo menos uma opção para escolhermos a cor",1
"Essa nova cor está ridícula, tinha que voltar pro azul mdm",1
"Atualizei hoje dia 22/05/20 e desde então não está abrindo mais, mostra a mensagem dizendo ESTE APP não está sendo mais compartilhado com você,para usá-lo compre Apple Store!
Por favor corrijam isso já fiz de tudo, desinstalei e instalei novamente e não está abrindo.",1
"Essa nova função de “atualização ficou muito chata, agr p vc poder apagar tem q ir apagando um por um, e agr vc tem q sair procurando até o status q vc quer ver, voltem cm o antigo pfvvv",1
sugiro que possamos desabilitar o modo escuro dentro do app,2
Depois dessa atualização (08/01). O aplicativo não abre.,3
Os vídeos fecham,1
"O app é maravilhoso em questão de comunicação privada ou coletiva mas a nova atualização é horrível. Na minha opinião, vocês tem que excluir essa atualização de canais e voltar com a antiga ou então criar um local pra arquivar ou ocultar o canais. Abro meus stts e em vez de ver só os stts tenho o incômodo dessa atualização nova.

Voltem com a antiga.",4
"Essa última atualização HORRÍVEL, ninguém pediu pra por canais",1
Versão 2.22.8.75 com bug severo na tela de mensagens. A tela responde ao click em setor errado. Péssimo para o usuário.,1
"Mídia de áudio ,imagem e vídeos não baixam pela barra de notificação no IOS.",3
"Na próxima revisão poderia haver uma forma de editarmos em pastas/abas as figurinhas favoritas, exemplo: somente figurinhas de joinha ""ok"", somente figurinhas dos ""nego"", somente figurinhas do ""laranjo"", somente figurinhas da ""família"", ajudaria bastante nos envios nas conversas.",5
"ATE ONTEM, MEU WHATSAPP ESTAVA PERFEITO, MAS AI ATUALIZOU, COMEÇOU OS BUGS, NA MINHA CONFIGURAÇÃO DO WHATSAPP EU SEMPRE DEIXO PRA NÃO BAIXAR AS MÍDIAS AUTOMATICAMENTE, MAS A PARTIR DESSA ATUALIZAÇÃO NÃO FICA NAS OPÇÕES QUE EU ESCOLHO, EU COLOCO PRA NUNCA BAIXAR E DO NADA MUDA PRA BAIXAR AUTOMATICAMENTE CONECTADO NO WIFI, @WHATSAPP VAMOS CORRIGIR ESSE BUG AI BORA??",3
"Notificações só chega quando abre o aplicativo, quando vai resolver isso ?",1
Esse verde  nas mensagens é horrível .. voltem ao layout antigo pelo amor de Deus,5
"A barra que mostra as opções de conversas, ajustes, status, etc, está aparecendo fora do lugar quando alterno de uma conversa para a página de Contatos.",2
"Quando estou em uma conversa e clico pra voltar, a barrinha lá em baixo da um buggy e fica em branco, volta com alguns segundos. Com vocês tb?",1
Qual o sentido da gente ocultar o nome na notificação pra não aparecer ninguém e vocês botarem a foto do perfil. Se eu quisesse que as pessoas vissem quem era deixava a notificação aberta e não oculta. Cada uma. Vamos mudar isso ne!,5
"Após a última atualização, o aplicativo não permite aumentar/diminuir volume quando estou ouvindo áudio, também quase não dá para ouvir o áudio, tem que colocar bem próximo do ouvido, ou ouvir com fone, e ainda tem que o aplicativo apaga a tela do nada.",4
Após a ultima atualização as vezes o app está fechando sozinho,1
Eu queria saber por que meu iPhone parou de funcionar o WhatsApp depois que eu atualizei???? Mano ta de sacanagem isso,3
só vou dar 5 estrelas quando chegar a atualização do whatsapp rosa pro meu celular 🖐🏻💔,1
"eu só queria colocar o tema do meu whatsapp rosa mas a atualização nunca chega, tirando isso, é um ótimo aplicativo",3
"Atualização de hoje, após o aplicativo realizar a “otimização” - não abre mais!!",1
"Eu não entendi, já atualizei meu WhatsApp e não chega os temas para ele ficar colorido !",2
"Com a última atualização as mensagens estão aparecendo bagunçadas e fora da ordem, não está notificando e não está permitindo compartilhamento de mídia para mais de uma pessoa",1
Desde a última atualização as fotos recebidas pelo whatsapp estão ficando duplicadas na galeria de fotos do celular,1
Não acha o contato buscado. Trava. Some o teclado. Fecha sozinho. Muito bugado. Parece que tá pesado.,2
"O WhatsApp em meu iPhone tem travado no mínimo a cada 1 hora, resolvam isso por favor !",1
"Ja tem umas 2 ou 3 atualizações e vocês não corrigem o bug que o volume nem aumenta e nem diminui no IOS , eu preciso fechar totalmente o aplicativo e abrir novamente para que ele volte a funcionar momentaneamente ! Sempre isso acontece nos áudios 🤦🏼‍♂️ já chegaram 2 atualizações depois que esse problema apareceu e vocês não corrigiram isso",1
Não dá opção de excluir os status postados. Tem que corrigir isso URGENTE 🫠,3
"Essa atualização me trouxe vários problemas o aplicativo não atualiza as mensagens em segundo plano, demora para enviar e receber mensagens de áudio",1
Consertem essa atualização está horrível do jeito que está está parecendo Instagram e Facebook sendo que o WhatsApp é um negócio mais pessoal!Poluição visual,1
"que atualização horrível, tiraram a barra de pesquisa nos status.... canais???? pra que isso, quanta poluição, isso não é instagram... corrijam isso",1
Tá horrível pra que vcs colocou canal no WhatsApp???????qual é o problema de vocês mano!!!!!,1
"Sempre tive meus grupos sozinha para lembretes e tudo mais e agora minhas mensagens pra eles não estão indo, resolvam por favor",1
"Tenho iPhone 13 e hj o WhatsApp simplesmente parou de funcionar, já reiniciei fiz de tudo e nada para ele voltar… recebo as mensagens quando vou entrar para responder ele simplesmente sai!!!",1
Está muito bom mais pra ficar melhor seria ótimo colocar uma nova atualização de BLOQUEIO DE LIGAÇÕES seria maravilhoso 😬,5
"Na última versão 23.14, quando tento utilizar o aplicativo pela rede móvel, fecha sozinho e gera log de erro. Só funciona por wi-fi.",2
"Depois que atualizei o WhatsApp não abriu mais no meu iPhone . 
O meu iPhone e o 6",1
"Depois da atualização quando envio msg para um grupo que só está eu, ele fecha sozinho",1
"Estão aparecendo outros contatos que nunca nem salvei, por favor ajeitem isso já vi que não sou o primeiro a sofrer com isso",1
Atualizei agora e não tem a opção de tirar o “on-line” no iPhone .,5
Meu WhatsApp tá com erro no status se a pessoa posta um status qualquer hora se eu for olha depois de muito tempo ainda fica aparecendo que postou agora mesmo,3
Cadê o modo escuro amado?,5
Downdoal do zap nao esta mais funcionando. Vc tira tudo do baixar automático sai do programa e nao fica salvo a configuração,1
"O app abre um lacuna entre uma conversa e outra.  
Quando isso acontece, eu aperto em um lugar para abrir a conversa e ela abre a conversa de baixo.",4
"não dá mais para ouvir áudio pela notificação ou baixar vídeo ou foto, tem que entrar no aplicativo para fazer as coisas, de saco cheio com esses problemas chatos",1
"Não consigo enviar nenhum documento, apenas encaminhando por outra conversa, quando coloco pra enviar o documento o botão de “enviar” aparece e some rapidamente impedindo que eu consiga enviar",1
"Aplicativo trava e fecha sozinho, trava enquanto está digitando!!! E não pode abrir as figurinhas que o celular todo trava e sai do WhatsApp",2
"O App Atualizou automaticamente , eu não consigo  mais entrar no aplicativo .. Não otimiza e não recuperar minhas conversas , pois quando chega em 7% sai do aplicativo ... Resolvam isso por favor ..",5
"Não gostei da última atualização, não aparece quem está mandando a mensagem nas notificações.",4
"Whatsapp esta perdendo o foco da facilidade 
Ja ta chato cheio de trem estranho
Cada vez mais difícil de mecher",5
"Odiei essa atualização onde colocou “canais” negócio chato, canal até de putaria ninguém merece.",1
"iPhone X com problema na hora de enviar mídia, não dá pra editar no modo retrato pois as ferramentas se encontram muito acima, na parte onde mostra hora e sinal e bateria.
Por favor arrumem.",1
"A regra nova é simples: sua conta será deletada ou você consente em compartilhar todos os dados que são trocados com qualquer conta corporativa, por exemplo, seu banco, plano de saúde, médico, advogado etc, incluindo notas fiscais para que os dados sejam cruzados - além do seu telefone, e-mail, tipo sanguíneo etc - com suas contas no Facebook e Instagram e qualquer coisa sob o domínio  deles, para efeitos meramente de “direcionamento de marketing” - que é feito, obviamente sem fins lucrativos (para você) e para seu próprio bem, segundo a filosofia deles. 

Bacana, né? Ou você autoriza legalmente que bisbilhotem sua vida aqui e cruzar seus dados com suas contas no Facebook e Instagram e o que mais eles tiverem OU VOCÊ NÃO PODE MAIS USAR O WHATSAP. 

O WhatsApp não é de graça. Privacidade não tem preço!

Existem opções que respeitam a privacidade do usuário. Procure a sua.",1
"Queria que essa nova atualização fosse por nossa escolha,tipo o visto por último,nós que escolhemos se ativar ou não.
A mesma coisa,deveria ser com essa atualização,que não vê se tá on-line,digitando ou gravando áudio.",1
cade meu whatsapp rosa ????,5
Por que vocês removeram a função do 3D touch?,1
Está com um bug quando entra na conversa e sai às opções que fica em baixo fica fora da onde é e depois volta 😪 espero que arrumem,1
"O meu celular é o iPhone 7 e na parte de baixo  onde fica as opções para postar status, conversa e etc... quando eu saiu de uma conversa e volto para a página inicial a barra de itens se mexe como se estivesse travando ! Já atualizei e desinstalei e instalei de novo o WhatsApp mas não volta ao normal! Podem resolver isso? Obrigada 🙏🏻👍🏻",3
"Poxa, acreditava que a proposta do app era somente para um bate papo, estão colocando canais, puts, isso vai acabar com o app, não gostaria de abrir o WhatsApp e me deparar com esse tipo de conteúdo. 
Tá virando blog?",1
"Após a última atualização parou de funcionar no iPhone 6, aplicativo simplesmente não abre.",1
"Nessa última atualização as notificações não avisam mais de quem é a mensagem, só aparece “mensagem”. Mexeram numa coisa que era muito boa e agora ficou péssima. Também acho que deveria ser implantada a opção de não receber ligações pelo app por determinado tempo ou por determinadas pessoas, que nem é no status.",4
Meu iPhone 5s no meu atualizei o WhatsApp e agora não abre mais por favor arrumem isso logo,1
por que apenas alguns receberam a atualização dos temas nas conversas??? já faz meses que espero e até agora nada!! e agora nem consigo mais atualizar o app. 😒 resolvamm!!! liberem os temas,2
cade minha atualização meo? to a meses esperando para deixar meu whatsapp rosa😡💔,1
quero o wpp rosa😡😡😡,1
"O meu iPhone 11 não aparece a opção de mudar a cor , acho errado pegar em alguma e outros não",1
a atualização dos temas não chegou pra mim,4
Não chegou pra mim ainda a,3
"meu whatsapp nao tem a nova atualização do tema das conversas, ele já está atualizado, mas nunca chega",3
tenho o iphone 11 e nn chegou a atualização de poder mudar os temas ainda 😡,1
"não chega a atualização de cores no meu whatsapp, pra deixar rosa por exemplo, queria muito ter",2
eu imploro,1
cade essa atualização de mudar o chat pra outra cor? eu so queria meu zap rosinha 🎀😭,3
"Não está chegando para mim a atualização de temas, preciso dela.",2
kd a atualização de tema whatsapp???? ta me excluindo até disso??? 🥺🥺🥺🥹,5
Pode liberar por favor!!!,2
cadê que não apareceu os temas ainda???,3
"O app em si é muito bom, porem essa atualização de não deixar capturar a tela na foto de perfil das pessoas é completamente desnecessária. Eu tentei tirar foto de um possível fake/golpista (que provavelmente pegou a imagem de algum outro lugar da internet pra se passar por outra pessoa) pra pesquisar se tinha a imagem no google, e não deu pois não tinha como capturar a imagem. Eu compreendo a preocupação, mas acho que já tinham politicas suficientes de privacidade de imagem quando se tratava de fotos de perfil (como deixar apenas contatos a verem, ou até mesmo contatos selecionados), então se a pessoa se preocupasse tanto com isso, ela podia ativar essas configurações, ou até mesmo que esse negocio de não poder capturar a tela da foto de perfil seja algo opcional nas configurações, exemplo ""quem pode capturar a tela da minha foto de perfil: todos, apenas contatos, apenas pessoas selecionadas, ninguém, etc"". Espero que ouçam a critica, forte abraço, feliz natal.",3
"Gnt esse App é mt bom eu amo o zap mais eu estou todo dia atualizando ele é não aparece as atualizações,faz mais de 5 meses esperando a atualização das fontes para conversa e não chegou ainda",4
meu whatsapp colorido ainda não chegou,4
"Por favor já faz meses que estou esperando essa atualização, atualizem!",1
"tô a meses esperando a atualização dos chats e não aparece nada, tenho o iphone 11 e ainda não chegou",1
meus temas não aparecem nunca,1
"Realmente, os temas é lenda urbana…",3
"Ridículo fazer atualizações para algumas contas e outras não, se for pra atualizar que seja para todos os usuários.",1
Cadê o chat rosa,3
cade a atualização do zap rosa,1
"até hj nn consegui personalizar a cor da conversa, já atualizei e NADA tô focando com raiva😡😡😡😡😡",1
Meu WhatsApp está totalmente bugado. As atualizações recendo dos status estão ficando em baixo e os antigos “que estão horas atrás” como os primeiros. Está totalmente horrível,1
O meu iPhone 14 Pro Max não recebeu atualização do meta IA. O que devo fazer?,1
cadê o meu whatsapp rosa? por que a atualização não chega nunca pra mim?,3
cade a atualização de cor desse whatsapp???? verde e feioooooo,5
cadê minha atualização pra deixar meu zap rosinha meu Deus!! Crueldade não atualizar de uma vez 👎🏻👎🏻,4
"Cadê meu WhatsApp ROSAAA, BORA WHATS",2
"A uma semana que eu venho atualizando o aplicativo e mesmo assim não chega a função de tema de conversa. Por favor, organizar essa questão .",4
Cadê os temaaasssss??????? 😭😭😭😭😭😭😭,4
Absurdo os usuários de iPhone ainda não terem sido contemplados.,1
"Não estou recebendo notificação de mensagens, só vou saber que chegou as mensagens quando eu abro o app. Tá horrível isso, perco trabalhos
e informações importantes.",3
"depois que atualizou essa semana de novembro as mensagens bugam o traço de recebido, a pessoa recebe mas fica só um tracinho 

sugestão 
por favor façam recado de vídeo em visualização única também 🫶🏻
muito bom o app parabéns",4
O de todos já chegou os temas menos o meu! Providenciem em mandar logo a atualização não aguento mais esperar!,1
quando vai chegar a opção de mudar a cor do chat? no de todo mundo ta chegando menos no meu 😭,3
"A opção que vem com a personalização de mensagens não chegou para mim, isso já fazem 3 ou 4 semanas.
Uso o iphone 14",3
Não entendi pq a galera com o iOS 18 e última versão do whats já tem acesso aos temas e eu não… Está sendo liberado aos poucos e qual o critério?,1
2 de 10,1
coloquem logo a atualização de temas pf😭😭😭,1
"toda atualização vou doida pensando que já tem os temas e nada, chega em todos os aparelhos menos o meu",3
Cadê a minha atualização de temas?!,1
"ainda não chegou a minha atualização dos temas de conversas, estou super chateada, e meu aplicativo está atualizado.",1
Todo mundo tem a atualização e eu ainda não! Que isso? Sou testador beta e mesmo assim não tenho essa nova atualização!! Resolvam isso!,1
pra mim nunca chega as novidades da atualização do app,1
"aplicativo está horrível, desde a atualização está travando o tempo inteiro, tenho que fechar e abrir várias vezes para poder conseguir digitar mensagem e hoje mesmo atualizando não teve jeito, travou de uma forma que tive que deletar o aplicativo e baixar novamente, perdi tudo…",1
"Está com uma nova versão em que as conversas não sobem automaticamente, você clica em uma e acaba entrando em outra. Esse erro está ocorrendo no iPhone 15",1
"cadê os temasss plmr, quero meu celular bem rosinha🙄🙄🙄 

@laauzv 🫦🫦",1
nota 0 quero meu zap rosa vsfd,1
CADÊ MEU WHATSAPP ROSA,5
Cadê os temas todo mundo atualizou e apareceu o meu nada,1
é lenda urbana essa atualização?,1
Meu iphone 13 tá sem a atualização dos temas 🥹🥹,1
"eu poderia avaliar melhor, mas eu não tenho o whatsapp rosa ainda, e esse tema verde é ridículo de feio, o azul era melhor",1
"Esse app é muito bom, dá para conversar, gravar, e etc.. Mas eu acho que essa IA deveria aparecer para todos sem precisar atualizar, eu atualizei meu whatsapp mas anda nn apareceu",5
Adicionaram uma tal “meta ia” sem meu consentimento! Desejo remover inteligência artificial de forma permanente!,1
Ia lixo acabou a privacidade,1
😭 wtz pelo amor de Deus cadê esses temas que todo mundo já tem menos eu aaaaa,1
Cadê meu tema rosa ?,3
"O número de telefone é um dado pessoal. Acho que seria muito útil poder entrar em contato no WhatsApp através de um nome de usuário, sem precisar passar nosso número.",1
Mulher libera logo os temas,5
Que o meu atualizou e nada até agora que show da Xuxa é esse,3
QUERO ATUALIZAÇÃO CHAT ROSAAAAAAA,5
"Odiei esse meta AI no WhatsApp 
Não gostei meus colegas e amigos também não gostaram por favor muda logo isso se não vai ficar difícil usar o app",1
"A empresa deveria permitir o usuário a escolher se quer utilizar a Meta AI ou não, e não tornar obrigatória sua utilização.",3
"O meu WhatsApp não tem o meta AI e já atualizei pra versão recente e não veio pro meu, já tem bastante gente que já tem o meta AI",1
até agora não chegou os temas para mim…,1
"Não tem a opção de NÃO receber ligações, é um app de mensagens, ligação os aparelhos já fazem, deveria ter a opção de desativar ligações no iPhone.",1
Há uma semana as mensagens chegam totalmente desordenadas. As mais recentes não ficam mais no Topo…,1
Volta a cor azul pros usuários de iPhone,5
"Acredito que esteja ocorrendo um bug no meu WhatsApp: recebo mensagens normais, aparece no meu display de pre visualização e recebo a notificação. Entretanto, algumas conversas não sobem quando a msg é recebida. Por exemplo, recebi msg de uma pessoa e a conversa dela continuou lá embaixo. Ao abrir o app, tive que procurar a conversa (rolar as conversas ate achar ou procurar pelo nome da pessoa), pq a conversa continuou la embaixo, mesmo que a msg tivesse sido recebida naquele momento. Isso ocorre tanto com grupos como como conversas com pessoas. E ocorre as vezes, as vezes nao. Ja reiniciei o celular e já desinstalei e instalei o WhatsApp, mas continua ocorrendo. Isso começou a acontecer após a atualização do IOS 18, não sei se tem relação.",1
"Após a última atualização, 08/10/24, as mensagens não se organizam mais por ordem cronológica. Áudios estão com pessimamente qualidade. Por favor, arrumem logo!",1
"WhatsApp não está atualizando as mensagens por ordem, as mensagens chega porém tem mensagens do dia anterior no meio de conversor recentes.",1
"As notificações das mensagens nessa nova versão chegam, porém quando eu abro o aplicativo, as conversas que fui notificada que chegaram, ao abrir, para vê-las, elas não estão no “ topo”. Estão totalmente desordenadas, trazendo dificuldade ao responder e muitas vezes nem vendo as mensagens que chegaram! Alguém mais?!?",1
Essa cor não tá maneira não.,2
"Está travando no teclado, um tanto quanto lento.
e além de tudo a opção de flash, tanto frontal quanto traseiro, simplesmente sumiu???!!! 
arrumem isso aí, pq mds",2
Depois que atualizou não tem opção de ligar e desligar o flash 😖😖,4
Quando q atualização para curtir vai está disponível para iOS,2
Peço por favor para voltarem com o WhatsApp azul ✅✅,1
No iPhone poderiam voltar pro azul ne ✅,5
"Por favor, lancem uma atualização que conserte o problema no iPhone. Quando envio um áudio a minha voz fica extremamente abafada, muito estranha, mal da para entender. E é apenas neste aplicativo.",2
"depois que foi atualizado, parece que o áudio ficou abafado",2
"Não estou conseguindo iniciar uma conversa no WhatsApp pelo Instagram. Geralmente os lojistas deixam o link do WhatsApp da loja na bio do Instagram. Ao clicar no link para ser direcionado para o WhatsApp, aparece a mensagem falando que não tenho o aplicativo baixado, sendo que já tenho!",1
"Tem que melhorar esses status que a gente posta a foto ou vídeo e a qualidade cai drasticamente, chega a ser ridículo.. notificações de mensagens e ligações que demora a aparecer, vários erros..",2
VOLTEM PRA A COR AZUL OU DEEM OPÇÃO DO USUÁRIO PODER ESCOLHER ENTRE A COR AZUL E VERDE !!!,1
"Agente queremos nossa interface azul novamente 💙pq realmente esse verde não presta viu, então cuide tragam a interface antiga!",1
"A gente devia escolher a cor q queremos, agr o WhatsApp ficou verde, todo mundo está reclamando.",1
Saudade do whats azul e branco no iPhone,4
Muito bom perfeito mais poderia volta o azul de iPhone 😕,5
volta com o whatsapp azuuuul,5
"As conversas não ficam com visto, apesar de não ter tirado e nem meus contatos",1
"Há alguns dias que não consta a confirmação de leitura para mim, sendo que não desativei e meus contatos também não.",1
"desde ontem o audio do aplicativo pra mim ficou horrível, parece que tem água no microfone, porém o problema se encontra no aplicativo e nos áudios! em outros aplicativos consigo mandar áudio normal, em vídeos gravados no próprio celular ou em outros aplicativos o áudio fica perfeito em ligação fora ou até mesmo dentro do whatsapp tá perfeito!! mas o áudio em conversas está horrível, se for um bug resolvam logo por favor, meu telefone é um iphone 14 e está praticamente novo!",4
Não sei oq está avendo .. Confirmacao de leitura está ativada porém quando fecho o WhatsApp e abro novamente mensagens que são respondidas não ficam com o ticks azul … mas quando já estou na conversa funciona normalmente….. ESTOU ODIANDO OQ ESTÁ ACONTECENDO,1
"Ontem começou um bug no meu whatsapp que o verificado das mensagens não funciona, está ativado, mas pra pessoa que tá recebendo a minha mensagem não fica azul, aparece que eu não visualizei a mensagem da pessoa. Resolvam isso por favor",3
"Ele está na versão mais atual, só que ainda não mudou pra cor verde. Meu iPhone é um 13.",3
"Por mais que fossas as notificações estejam ligadas e todos as notificações iOS ativação em segundo plano tudo ativado, só chega msg quando eu entro no aplicativo, fora isso as msgs não chegam.. obs meu celular nunca fica na função “ Não perturbe “",1
"O aplicativo é muito bom, mas esse tema verde ficou horrível, poderiam pelo menos dar uma opção entre azul e verde igual na versão preto ou claro.",1
"Pfr devolve o azulzinho do watts,essa cor verde é muito feia",2
"Meu WhatsApp não está  avisando que chegou mensagem, e muitas vezes as mensagens só chegam quando abro o app 
Como resolver?",5
Não notifica mais. Só qdo abre o app. Já fiz absolutamente tudo mas nada soluciona.,1
"Pessoal, pode ser que seja um problema no meu aparelho, mas faz uns dias q não venho recebendo as notificações de conversas e ligações, só atualiza quando entro no app, já configurei as notificações e permissões, mesmo assim o problema ainda insiste e permanecer, há algo a se fazer?  Tirando isso o app é muito bom.",5
"As mensagem não estão chegando!
Para receber as mensagens tem que ficar entrando no aplicativo, caso ao contrario não chega.",1
Odiei o WhatsApp verde não só eu como várias outras pessoas,4
"Não consigo mais abrir o WhatsApp após atualizar, dia 25/06/24. A tela fica preta e sai. Depois disso já apareceram duas atualizações , porém, após atualizar ,consegui entrar por um segundo no WhatsApp e saiu automaticamente e voltou o mesmo problema. Que bug é esse, meu Deus? WhatsApp messenger está horrível. Que situação,estou a vários dias sem conseguir usar minha principal ferramenta de trabalho. Estou tendo inúmeros prejuízos. O WhatsApp já foi mais responsável com seus usuários. Inadmissível um problema desse ainda não ter sido resolvido.",1
Não chega as notificações no meu celular,1
"Desde o iOS 17.5, as vezes o WhatsApp não entrega notificações quando o celular está bloqueado! Já reinstalei duas vezes e permanece o problema!",3
"para iphone, a cor verde das mensagens não ficou legal",3
"O WhatsApp depois que atualizei não abre mais, fica só a tela preta, por favor resolvam isso",3
Eu gostaria de fazer uma sugestão. Seria muito interessante se pudesse colocar gifs nas nossas fotos de perfil.,5
Depois da ultima atualização não esta mais chegando notificações de mensagens pra mim,3
"Nada a ver essa atualização dos botões na cor verde 
Azul mais bonitooooo",5
"WhatsApp pelo amor de Deus, criem a opção de desativar todas as chamadas do app, não aguento mais esse povo me ligando gastando meus dados móveis, eu não atendo mas o povo insiste em ligar pelo app.",4
"Após as últimas atualizações, está com um bug irritante de notificação falsa e dupla notificação. Quando recebo uma msg e o app está fechado, o celular vibra com a notificação, e aí quando abro o wpp ele vibra novamente. Além disso, ele vibra do nada e não tem notificação alguma. Wpp está cada dia pior, uma decadência.",1
"Detestei a forma que ficou o WhatsApp depois da atualização, quero que volte ao normal e com a cor azul ao invés de verde.",1
Nessa última atualização toda hora que abro o app ou estou em uma conversa fica notificando mensagem nova mas não tem nada novo. Irrita pq vc acaba tendo que olhar toda hora pra ver se tem mesmo ou não .. fora esse verde horrível,1
"Prefiro azul como era, pois fica mais compatível esteticamente com o sistema do IOS.",3
"Esse menu do WhatsApp verde ta muito feio, volta a ser azul, pelo amor! Além de ser um verde que já é feio, escolheram o verde mais feio de todos.",1
"Após alguma atualização, ao tocar na flag de figurinhas está direcionando primeiramente para a pagina de gifs. Esta atualização ficou demasiadamente ruim, deixou de ser otimizado. A usabilidade de fugurinhas é bem maior que a de gifs.",3
"Pelo  amor de Deus, quem teve a ideia de mudar a cor desse whats? Nunca ouviram falar que n se mexe em time que  tá ganahando. QUERO AZUL DE VOLTA",1
Quando eu vou fixar alguma conversa diz que só pode até três mais não tenho nenhuma fixada ainda,5
"quero o tema azul dnv, plmds negócio feio esse negócio verde",1
A aparência ficou feia agora que mudou a cor,2
No meu iPhone XR que está atualizado iOS o meu whatsapp atualiza porém continua com a mesma interface azul não muda nenhum ícone nem cor já desinstalei instalei e não muda nada. Arrumem isso,1
Ficouu feioo demais no iPhone tiraram o azul,1
"Essa atualização que implementou a funcionalidade de transformar em sticker TODA imagem copiada e colada numa conversa é terrível, não sei como tiveram essa ideia sem implementar uma opção “enviar como imagem” ou algo do gênero.",1
quando você apaga um contato o whatsapp está apagando a conversa junto de uma vez e some do histórico da conversa,1
"App fechando sozinho e não abre mais, já tentei reinstalar, limpar conversas, verificar armazenamento, olhar soluções em internet e nada, só não tentei ainda desinstalar apagando tudo e reinstalar",1
"O que tá acontecendo com o WhatsApp? Anteontem não quis abrir e tive que desinstalar, perdi um monte de conversa importante pois umas limparam sozinha e outras não… agora está fazendo a mesma coisa e não tenho coisas importantes que não posso perder !!!
Preciso de ajuda!!",1
Depois que colocaram “Escrever” na barra de escrita ficou PÉSSIMO. Está tendo muito bug. Não conseguimos escrever. Precisamos fechar e abrir o app várias vezes para conseguirmos escrever!,5
"Deletei um número na agenda do Celular , e a conversa dessa pessoa apagou automaticamente do meu WhatsApp. Isso NUNCA aconteceu , a agenda do celular nunca interferiu no meu WhatsApp. Perdi uma conversa de anos . Testei com outro contado e aconteceu a mesma coisa",1
"Não sei se foi a atualização da Apple ou do App , pois tento enviar 2 ou mais mensagens ao mesmo Tempo e não vai , isso acontece quando tem mídias diferentes , quero dizer , texto , voz e ou imagem, vídeo",1
"que horrorosa essa atualização do status, querendo ser storie do instagram. ta horrivel, antes era muito melhor, além de ficar mostrando essa coisa chata de canais.",2
"Pós atualização do iOS 17 o app não para de travar, demora para carregar as msm, muito mal otimizado",2
"Nunca aconteceu antes, mas faz uma semana que tem que ficar reabrindo o aplicativo.",1
"Depois dessa ultima atualização, o app fecha sozinho constantemente quando estou visualizando os status.
Corrijam por favor ou disponibilizem uma atualização para voltar na versão anterios",1
"Tá pessimo ultimamente, cheio de problemas, tá fechando sozinho, problemas no volume, problemas no papel de parede… A lista só aumenta.",1
"Corrijam esse bug, pela caridade! Há um mês lançam atualizações mas não resolve essa lentidão ao abrir o app. Se a economia de bateria estiver ativada, tenha o dobro de paciência pq se precisar pedir socorro, morre.",1
"Nessa ultima atualização, No iPhone não está dando para aumentar ou abaixar volume quando esta com o WhatsApp aberto. Não sou só eu que esta dando esse erro. Por favor, consertem isso, obrigada.",3
"Última atualização só trouxe problemas. Tem que ficar abrindo e fechando o app pra conseguir mandar mensagem, tento apertar no botão de figuras e não consigo, tento digitar e enviar mensagem e não dá certo. Muitos problemas.",1
"A gente não consegue mais abaixar e aumentar o volume dos áudios recebidos ou enviados no app, precisa abrir e fechar o app pra solucionar o problema , muita gente reclamando, uma coisa que parece fácil de resolver e até agora nada de uma solução, já deve ter uns dois meses esse problema",2
WHATSAPP NÃO DEIXA ABAIXAR OU AUMENTAR O VOLUME DENTRO DO APP ARRUMEM ISSO LOGO,1
não deixa aumentar e diminuir som do volume escutando áudio,1
No meu WhatsApp não dá pra aumentar o volume,1
Depois que atualizou não da pra aumentar nem diminuir o áudio. Tá bugado,1
"Depois da ultima atualização, nao da de abaixar ou aumentar o volume quando assistindo um video, pra fazer isso, só saindo do video ou indo nas opções do celular. Mas pelos botos fica inativo.",1
"Tantas atualizações, algumas funções sem critérios, e o app que era top tá ficando uma m…. Lerdo, ruim de digitar, no sistema iOS vocês cagaram o app! E todos os apps da meta estão ruins!",1
"tirem essa coisa de “canais” e voltem os status normalmente, com o design e aquela “pré visualização”.",1
"Péssimo! Voltem com a pré visualização do status e tirem esse negócio de seguir pessoas. WhatsApp é um chat, para seguir pessoa basta ir no insta",1
Não consigo reagir com emoji as mensagens,5
"eu odiei pois tirou o foco do status e a função principal do whatsapp pra mim é ver o status das pessoas porquê eu nem converso com ninguém, perco tempo vendo o status e agora DESVALORIZARAM O STATUS COMO ASSIM MEU POVO???? cê é bixuruco",1
"Odiei, ta pessimo , misturou um monte de coisa desnecessária na parte do status , veio com esses “canais” sem necessidade nenhuma , tava melhor antes se eu soubesse nn teria atualizado",2
"Se o WhatsApp criou os canais e as comunidades, por que não deixou esses dois juntos?
Para que colocar os canais junto dos status? Para confundir o usuário? Forçar um uso e deixar tudo bagunçado?
A interface ficou pessima!",1
"Passou da hora do WhatsApp deixar o usuário alterar algumas funcionalidades inúteis, exemplo: “enviar dinheiro”, minimizar nos status os “canais”, “comunidades”, cada dia o aplicativo tá mais poluído",3
"Após esta atualização o WhatsApp fecha antes mesmo de abrir.

Estou sem Whatsapp 😡😡😡😡",1
"Estão aparecendo contatos não salvos e totalmente desconhecidos na barra de pesquisar, estou simplesmente sem acreditar nisso. Falta de privacidade total! Tomara que arrumem logo isso, é muito invasivo!",1
"Contatos que não estão salvos no meu celular e nem na lista do WhatsApp, aparecem ao digitar na barra de pesquisa, sem nem ter os Contatos salvos no celular",1
Nova atualização está mostrando uma variedade de números de pessoas aleatorias e desconhecidas quando pesquisa o nome de alguém,1
"App está cheio de bugs, já não bastava o do status q Agr quando vc passa o status continua vendo música do outro. Agr vem o bug da privacidade do status, quando clica em quem quer ocultar simplesmente trava, tem q fechar o App e voltar, e mesmo assim não funciona !",1
Áudios dos status estão se misturando com os outros e está trazendo uma péssima experiência. 3 estrelas por ser um App incrivelmente necessário atualmente.,3
Essa atualização do dia 26/03/2023 deixou o WhatsApp com bug. Os Status está com áudio de outros status,1
"Estou com o iPhone 13 e o WhatsApp para de funcionar, não abre. Eu desinstalo o App e quando reinstalo novamente ele some todas as conversas, figurinhas … não faz backup direito.
Já entrei em contato com o suporte e ninguém me auxiliou.",1
"Por favor atualização urgente no status, qdo passa para o próximo fica reproduzindo o anterior",1
"Nem todos meus Contatos consegue ver meus status , e não consigo ver status  de alguns Contatos pelo celular mas no WhatsApp web consigo ver",1
"Demoro uma vida procurando minhas figurinhas. Que tal uma atualização que contemplasse a possibilidade de organizar figurinhas em pastas, nomeando-as (pastas e figurinhas)? Seria sensacional!",4
"Desabilito A função download automático porém a função se habilita sozinha, sem um comando meu.",1
"essa nova atualização tá bugando demais, vc clica numa mensagem e vai pra outra",5
"Fica um espaço “vazio” entre uma conversa e outra e quando vai selecionar uma conversa, o clic vai para a conversa que está abaixo da que vc escolheu. Como se o app estivesse cheio, pesado, lento.",1
Está com bug na rolagem das conversas fica um espaço entre uma e outra conversa e por vez não abre a conversa de cima só a de baixo,2
"No iPhone X as opções de editar fotos estão horríveis. Muito próximo da parte superior da tela, fica impossível selecionar alguma opção (cortar por exemplo.",5
"Clica na conversa acima, ele seleciona a debaixo, tem que reiniciar toda hora o App!",2
Essa demora para abrir para mostrar o logo by Facebook ficou desnecessária!,5
"É sério que estão ignorando o fato de não conseguirmos editar(recortar,adicionar textos,figurinhas e desenhar) as fotos antes do envio no WhatsApp?",2
"Depois da atualização, quando estou em chamada e saio do whats pra ir em outro aplicativo a chamada fica caindo ( ligação falhou) , tanto quando estou de fone e quando estou sem",1
"Meu WhatsApp não chegam as mensagens se eu não abrir o aplicativo , mas as configurações de notificações estão ativadas . Desde que atualizei meu aparelho pra o iOS 14.3 ele não funciona mais . Possuo um iPhone 11. Já reclamei tanto com a Apple como com o próprio WhatsApp e ninguém resolve . Já fiz de tudo , apaguei e instalei o app novamente , já resetei tb as configurações de rede do aparelho como também não funciona nem em Wi-Fi algum e nem usando dados .",1
"É uma baita sacanagem ter que se submeter a esses novos termos, ter que concordar em ter as conversas expostas a empresas de terceiros e etc. vocês que tanto diziam prezar por nossa privacidade e segurança estão simplesmente abrindo mão disso! O jeito é migrar para o TELEGRAM, desde já deixando de usar Facebook WhatsApp e Instagram, espero que reformulem esses termos absurdos que só favorecem a si mesmos e prezam lucros!",1
"Essa versão ta horrível toda vez que procuro alguém pelo status não parece nada, pfv arrumem isso.",1
"Simplesmente sem segurança, vou baixar TELEGRAM quem é muito mais sério",1
Deu pau nessa ultima atualização. Não abre mais.,1
"Poxa, o WhatsApp deveria disponibilizar o modo escuro igual o Messenger. Nós que não temos o iOS 13 ficamos de fora da brincadeira!",1
O meu tá com um bug no status quando eu posto algum vídeo o vídeo trava numa parte e fica travado até o fim do limite do status,1
"Tá na hora né meu fi de vc atualizar e colocar o modo noturno já ne, ninguém merece só vc não ter esse modo, todos os apps já tem ne man tmnc",2
"Sou nordestino e considero esse app excepcional, interface ótima e bem otimizada para rápido manuseio.",5
"Já foi bom! Mas agora no meu iphone 7 quando coloco vou colocar foto, a foto está perfeita e com ótima qualidade, quando coloco de perfil do whatsapp fica toda embaçada 🤦🏻‍♀️🤦🏻‍♀️🤦🏻‍♀️🤦🏻‍♀️ Arrumem isso por favor!!",1
"Última atualização veio com um bug onde a interface sofre um desmanche ao retornar de uma conversa ao menu principal de Conversas. 

Aguardo Resposta.",2
"Depois dessa última atualização, não aparecem o nome do contato que manda mensagem 🙄",1
Ao bloquear o meu iPhone não aparece mais o nome do contato que está enviando a msg na notificação....tem que abrir o app pra poder ver...Ruim isso,1
Contatos que nao deveriam ver meu status estão conseguindo visualizar! Complicado!,4
"Gente eu usava o whatsapp era lindo! combinava com a interface do IOS, ate atualizar para o verde😭😭😭😭😭Alguem coloca a opção de deixar azul de novo eu imploro",3
Não estou conseguindo aumentar volume  no WhatsApp alguém mim ajuda,5
Últimas atualizações tornou o aplicativo praticamente impossível de ser utilizado. Travando o app em praticamente qualquer ação no app,1
"Já que nessa atualização nova veio a opção do modo “noturno” ou “escuro” para iPhones, sugiro que possamos escolher qual queremos para usar no aplicativo pelo próprio aplicativo mesmo, só no aplicativo, e não ter que mudar o layout do celular todo para modo “claro” ou modo “escuro”. 
Minha humilde opinião.",5
Ultima atualização foi feita e agora não desabilita o download automático das mídias toda vez que fecha o aplicativo ele reseta as configurações de download automático,1
"Atualizei o WhatsApp e há cerca de três versões posteriores, eu não recebo notificação do app. Tentei redefinir as configurações, ativei e desativei as notificações, entrei em contato com o suporte e também não foi resolvido. Apenas fico ciente das mensagens recebidas quando abro o app, pois notificação não há.",1
"Após atualização não está sendo possível usar os botões superiores(recorte, lápis etc) quando se envia uma imagem que ficam escondidos ou cortados na tela.",3
"Com a atualização para o IOS 15 não consigo mais visualizar fotos e vídeos nas notificações de mensagens, só abrindo o App. Por favor corrijam isso 🙏",2
O app fica saindo sozinho quando abre as figurinhas. É impossível de usar!! Só estresse toda vez.,3
"Meu WhatsApp não funciona no modo tela escura. Já tenho o IOS atualizado para a última versão e atualizei o aplicativo. Mudei nas configurações gerais no iPhone para tela escura, funcionou para outros aplicativos mas para o WhatsApp não.",3
Amei  esse app sempre usei deus da época que baixo amei vcs tão de parabéns,5
"Não colocam quase nenhuma recurso novo para o iPhone 4, só serve pra ficar mais pesado, funções funcionando que é bom: NADA!",1
O meu celular um IPhone 6 e não atualizou todos os emojis. Resolvam isso por favor.,1
"Meu whats nao tem a funçao de mudar o tema da conversa, e ja esta atualizado 💔",4
Será que teriam como fazer outra atualização? Na tela inicial das conversas as caixas dos contatos estão grandes demais e as fotos dos contatos estão maior que as letras!! No ios,1
Quero atualização do meu wpp rosa 😭😭😭,1
oi cade o whatsapp rosa eu quero o whatsapp rosa ok,3
to na última atualização e nada,1
cade o tema rosa ? 😠😠😠,2
só dou 5 estralas qnd chegar meu tema rosinha coquette 🎀🩰dei uma estrela e achei muito tá,1
O app deixou de funcionar depois da última atualização no meu iPhone 6. O comunicado era que eu tinha até maio.,1
quero whatsapp rosa cade o rosa no meu whatsapp quero rosa na tela quero ele todo rosa onde esta o rosa,5
Após a ultima atualização (versão 251.2) o WhatsApp não abre no iPhone 6 (iOS 12.5.7). Tenta carregar mas a tela fica preta. Havia sido informado que o aplicativo deixaria de funcionar nesta versão do iOS a partir de 05/05/25. Há previsão de regularização?,1
"Parou de funcionar no meu iPhone 5S. O aviso que vocês deram é que o WhatsApp só vai deixar de funciona em Maio, mas essa atualização bugou o meu WhatsApp e ele não quer abrir. 
   Além disso, a sincronização do meu WhatsApp principal com o meu outro iPhone  bugou após esta última atualização. Quando tento novamente sincronizar meu WhatsApp principal com o meu iPhone 7 pra usar neste outro aparelho, o aplicativo simplesmente fecha inesperadamente. Por favor, consertem isso.",1
"Depois que atualizei no iPhone 6 não entra mas, alguém poderia arrumar isso",1
"Meu Whatsapp não está abrindo mais no iPhone depois que atualizei... Toco no ícone, ele abre e, após poucos segundos, fecha.
O que me está salvando no momento, é o fato de que eu tenho a mesma conta no Whatsapp desktop. 
Tremenda incompetência da equipe de desenvolvimento do Whatsapp, em não testar o app o suficiente, principalmente em iPhones mais antigos, antes de liberar a atualização.
Corrijam isso ASAP!",1
"Quando eu abro o meu 
WhatsApp ele fecha instantaneamente ou fica com a tela preta o que devo fazer?",2
"Essa ultima atualização meu zap não abre
Já desinstalei 
E mada",2
"Depois da última atualização simplesmente não abre e quando abre, a tela fica preta e se fecha. Hj tentei abrir de novo e apareceu uma tela dizendo prá entrar em contato na próxima tela, que não existe. Cliquei em fale conosco e tbm não abriu. Me ajuda, por favor!",1
"Estou enfrentando problemas para entrar no WhatsApp, ele simplesmente fica com a tela preta e sai do aplicativo quando tento entrar, começou desde ontem, dia 16/01/2025 e até agora não voltou a funcionar. 
Meu iOS é o 12.5.7. 
Utilizo a ferramenta para trabalhar, espero que possa ser normalizado em breve.",2
Estou no IPhone 6 Plus atualizei ele nn abre de jeito nenhum,1
Essa atualização não está permitindo abrir o app no iPhone 6.,3
"quero meu whatsapp rosa, ja veio em muitos celulares, desde o ano passado, e ate agora nao veio no meu.
já atualizei o aplicativo, meu celular, tudo
e nada do meu tao sonhado whatsapp rosa vir",1
Cadê a função de mudar a cor das conversar q não chega nunca essa atualização,3
"Porque está demorando tanto para chegar em alguns celulares, já faz meses isso, eu atualizo meu celular toda vez, e nada dos temas.",4
Cadê os temas novos não saiu até agora sacanagem,1
"coloca a opção de deixar a gente escolher a cor do whatsapp, entre verde e azulll",5
Volta com o whatsapp azul 😢,5
Man verde tipo a horrível😐,1
"Não gosto dessa cor horrível no WhatsApp 
Está ridículo, volta a cor azul",1
Quando que o WhatsApp vai voltar a ter a cor azul na interface do iOS ??,3
"Poderia ter a opção de escolher a cor azul ou verde, eu prefiro AZUL",5
"Infelizmente o app tem um problema muito chato, toda vez que eu conecto meu fone bluetooth, ele fica gravando o áudio usando o microfone do fone em vez do próprio iPhone, sendo que no Instagram não acontece isso… Daí o som sai muito baixo… Daí toda vez tenho que ficar desconectando e conectando quando querer mandar um áudio",1
Preferia a cor azul,1
"A estética verde ficou péssima, espero muito que os responsáveis revejam isso, porque querendo ou não, tem impacto na experiência, e pelo visto está sendo negativa pra todos.",1
Quero meu WhatsApp azulzinho 😪,1
"Por mim o WhatsApp poderia colocar a opção de temas, que nós mesmos poderíamos personalizar com cores diferentes, tornando mais personalizáveis",3
"Não estou conseguindo fixar conversa nenhuma no WhatsApp do iphone, é horrível pois ja tinha costume de fixar algumas conversas, quando aperto em fixar aparece a msg “ vc pode tucar ate 3 conversas” mas não fixa",3
Não gostei da nova atualização do WhatsApp do iPhone na cor verde odiei WhatsApp odiei iPhone quero minha cor azul de volta,1
"Gente, pelo amor de Deus! O que fizeram com o WhatsApp? Essa cor verde é horrível demais.",1
"odiei!!!! essa atualização com a cor verde ficou horrível, feia demais, espero que voltem pro azul logo",1
Tira esse verde horrível por favor!!!!,1
"Essa última atualização que deixou tudo verde ficou horrível, péssimo de verdade",1
"Não consigo receber nem enviar nada, já fiz tudo que podia, o aplicativo está com problemas, não abre de jeito nenhum. Já desinstalei e instalei novamente e nada de funcionar. Trabalho com isso, e estou com um prejuízo de 3 dias sem uso do aplicativo.",3
Não consigo fixar conversa e meu whats não tá verde e já atualizei mais nada iOS,1
"O meu ainda está azul 🥺
iPhone X",1
"Após a última atualização do aplicativo, não consigo mais receber ligações pelo WhatsApp, pois as mesmas não tocam e depois de um tempo vem a mensagem LIGAÇÃO DE VOZ PERDIDA.
 
Sempre deixo ativo o modo NÃO PERTURBE no meu iPhone, porém deixo liberado no MODO FOCO que alguns contatos possam me ligar e enviar mensagem para mim, como também autorizo que eles me liguem no ""ACESSO DE EMERGÊNCIA ATIVO"".

Em ligações normais (fora do whatsapp), tudo está funcionando corretamente, onde o problema é no whatsapp mesmo.

Reforçando que antes da última atualização do whatsapp, tudo funcionava 100% correto, agora quem me liga não toca no celular e depois vem a mensagem LIGAÇÃO DE VOZ PERDIDA.

Agradeço, se puderem resolver o problema.",1
.💙,1
Voltem com a estética anterior. Esse verde ta horrivel,1
Ficou horrível verde no iPhone 🤢🤮,1
"Façam o favor de voltar o WhatsApp normal!
Acredito que ninguém pediu pra deixar ele na cor VERDE.
Se for pra diversificar a cor, deixem a opção de escolha do usuário, não a cor que vocês querem.",1
voltem com a cor azul 😭,5
Está tema na cor verde é muito feio. Volta pra azul logo!,1
Essa atualização do iOS para cor verde e preto está horrível!,1
"O aplicativo atualizou e ficou com estética verde e tons mais opacos. A versão anterior com estética em azul e com cores vibrantes, tornava o aplicativo mais bonito. Sem contar que no modo noturno a tela não fica totalmente preta, mas cinza e não economiza bateria",1
"Detestei essa cor verde! Por favor, voltem com o azul!",1
"Pensei que faziam melhorias pensando nos usuários, a grande maioria dos usuários preferem a cor azul dentro do app e vcs não se importam em voltar com uma interface que já estava certa, todos usuários IOS já estavam acostumados. Vcs mexem no que está bom e esquecem de melhorar outras coisas que realmente importam. Se até aqui na AppStore é azul, no Facebook é azul, pq colocar um verde do nada no WhatsApp ? 
Por favor, voltem com o Azul !!!",1
"Por favor voltem com o tema azul padrão do Iphone, essa nova cor verde está horrível",2
O verde ficou feião,1
"Depois que atualizei o IOS 17.4.1 não consegui mais postar, trava teclado e tela😡",1
"Devolvam, devolvam agora o WhatsApp com detalhes azuis do iOS, esse verde não ficou bom aaaaaa😭😭😭",5
"Poderiam colocar mais opções de personalizar , essa última atualização , com os itens verde não ficou legal.",5
"Esse WhatsApp verde está horrível, volte ao normal por favor",1
"Essa atualização não ficou legal , a cor verde não ficou legal também , volta pra cor normal",5
"Enquanto editamos uma mensagem, ela podia desaparecer para o destinatário, ou aparecer um aviso de “mensagem sendo editada” para evitar que a mensagem seja lida enquanto editamos.

 Por algumas vezes mandei a mensagem errada, e enquanto editava, o destinatário abria a conversa e lia a mensagem errada, gerando certo constrangimento.

Outra sugestão é que removam a opção “apagar” e deixem direto as opções “apagar para todos” ou “para mim” na tela de opções. Pois isso também atrapalha quando mandamos aquela mensagem errada e queremos apagar, dificilmente alguém apaga para si mesmo, a função que mais usamos é a de apagar para todos.",5
"eu vi diversos comentários falando sobre a cor verde. Eu gostaria do meu Whatsapp na cor verde, eu adorei, achei autêntico e bonito! Seria legal vocês darem essa opção aos usuários de trocar a cor para a que mais lhe agrada. Vocês entregaram uma atualização para mim onde estava verde e lindo e depois removeram. Tenho um iPhone 11. Obrigado e por favor entreguem o Whatsapp verde para nós logo.",2
"Pelo amor de Cristo, voltem pro WhatsApp azul 🙏🏻😭",5
A cor azul é bem mais top!!,3
"essa atualização de tudo verde, não está legal. por favor volta com o azul",4
Simplesmente todas as fotos salvas na galeria estão sendo duplicadas pelo app!,1
"As fotos que recebo estão ficando duplicados na galeria, é muito desagradável.",1
"Boa noite!

Está acontecendo de sumir as mensagens no app.

Assim que abri o app, o chat das mensagens da minha esposa sumiu sozinho. Eu vi isso acontecer!

Isso aconteceu no meu smartphone e no da minha esposa!

Nossos smartphones é IPhone.",5
Pelo amor de Deus tira essa atualização de canais do WhatsApp. Estragou a parte do status com isso! Desde já agradeço!,2
"A opção de criar avatar você não consegue selecionar as opções que você quer, você clica mil vezes e não seleciona",4
Deviam deixar o numero oculto pra gente passar só pra quem realmente for de nossa confiança,4
"Não tenho reclamação do desempenho e uso do app, sempre estão melhorando, mas poderiam atualizar também os toques de notificações de grupos e mensagens, pois desde que o iOS  atualizou para a versão 17 este app ficou pra trás no quesito sons de notificação.",5
"App não abre
Estou com iPhone 14 Pro, IOS atualizado 17.3.1 e app atualizado. Ao abrir o app, ele se fecha na sequência sozinho, ao colocar em
Modo avião consigo visualizar as msg recebidas, porém não consigo enviar pois ao conectar na internet o app fecha sozinho.",1
"Aperto o ícone para abrir o app, ele abre e logo em seguida fecha. As vezes aparece uma tela preta pra depois fechar. 24 horas sem conseguir acessar o aplicativo.",1
"Meu WhatsApp entra no aplicativo e sai, não consigo ter acesso ao meu WhatsApp, não sei como resolver",1
Ao apagar um contato o app está apagando todas as mensagem junto,1
"Muito ruim nos últimos meses o aplicativo apaga as mídias das conversas. Não conseguimos ouvir áudio, ver fotos ou vídeos recebidos e enviados. Uso iOS",1
DEIXEM UMA OPÇÃO AONDE A ABA DE ARQUIVADOS PERMANEÇA SEM QUE AS MENSAGEM VOLTEM PORQUE ESSE “manter conversas arquivadas” não faz o menor sentido,3
"Na última atualização, ao editar o nome do contato na agenda, a conversa no WhatsApp apaga automaticamente. Que absurdo é esse? Corrijam com urgência. Perdi mensagens importantes por esse bug de vocês.",1
"Na data de hoje, 09/02/2024, atualizei o whatsapp e simplesmente ele nao abre mais!!! Ja reiniciei meu celular, fiz de tudo e SIMPLESMENTE NǍO ABRE!!! UTILIZO O APP À TRABALHO!!!",1
"Como é que a pessoa apaga só o contato e automaticamente as conversas some? Achei horrível , apagando a mensagemsem autorização da pessoa sendo que a pessoa só quis pagar o contato",1
"Após a ultima atualização do WhatsApp o aplicativo não esta mais abrindo, simplesmente fecha sozinho toda vez que tento abrir.",1
"Surgiu uma nova função, que se chama: Canais. 

Porém não há como bloquear canais e nem como excluir do perfil. Ou seja, sempre está lá, tem uma quantidade grande de canais adultos, e muitas crianças e adolescentes com facilidade a esse conteúdo para maiores de 18 anos. 

Aos criadores, sugiro uma criar uma forma de bloquear ou excluir do contato os canais indesejados.",1
"Não consigo mais abrir meu WhatsApp… Diz que o app não é oficial, porém baixei o App oficial e o erro continua. Estou a mais de uma semana sem acesso a minha conta e não consigo resolver esse problema.
iPhone 7 iOS 15.8.1
Erro : é necessário usar o App oficial do WhatsApp para acessar essa conta”
Podem ajudar ?",1
O aplicativo do nada disse que não uso o app oficial (baixado aqui na App Store) e o WhatsApp não dá nenhum suporte para resolver o problema,1
"O aplicativo é bom e hoje tornou-se o maior meio de comunicação. Todo mundo usa e tudo é criado um grupo. Mas, ainda precisa de umas coisas que facilitaria o dia a dia como, uma barra de categorias de conversas (trabalho, pessoal, estudo), uma opção de vê em quais grupos você esta inserido, sair de muitos grupos de uma só vez, poder manipular documentos office com precisão, dentre outras!",4
Sinto falta de uma atualização que permita escrever a mensagem e programar o dia e a hora para ser enviada.,3
"Eu gosto do app uso todo santo dia .. mas essa atualização que teve para adicionar esse canais eu não gostei .. para mim poderia tirar esse opção .. ou ter uma opção  do usuário usar ou não usar .. mas o app é ótimo como disse uso todo o dia todo, todos os dias ..",5
"O WhatsApp de umas semanas pra cá caiu muito a qualidade. Trava de segundo em segundo, ao mandar áudio no meio do áudio ele trava e fecha sozinho.",5
"Cumpre com suas funções, porém já vamos entrar em 2024 e ainda não lançam uma função de enviar uma mensagem programada, só tenho tempo para responder as 21h da noite, acaba ficando chato paciente meu recebendo esse horário, uma dica seria poder mandar a mensagem e programar para ela receber as 7h da manhã por exemplo.",3
Após última atualização não consigo enviar arquivo de espécie nenhuma l.,1
Já foi a época que o WhatsApp era bom… agora está cheio de bugs,1
Desde a atualização anterior tornou-se um problema usar o App! Trava toda vez que é aberto.  Responder msgs logo de primeira então! Ficou impossível! É preciso fechar o App e reabrir para qualquer tipo de ação. Um transtorno!,5
"Continua travando muito depois de 2 atualizações. Pra buscar uma conversa, demora, as vezes trava sozinho e tem que fechar.",2
"Nas últimas atualizações o app esta apresentando vários bugs e travamentos, fazendo o usuário ter que reiniciar o app constantemente.",1
"O WhatsApp está travando muito, toda hora tenho que fechar e abrir o aplicativo pra abrir",1
"Lento, travando… as ultimas atualizações pioraram muito o funcionamento do APP.",1
"Aplicativo travando muito, sendo necessário fechar e abrir novamente. Bug na pesquisa de conversas que não consigo realizar. Bug de áudio. Está horrível.",1
"App muito lento no iPhone 14, travando demais. Ficou horrível",1
"Horrível. Trava o tempo todo. Demora abrir. 
Desde Outubro de 2023",1
Trava muito!,1
"Trava muito, precisa fechar e abrir o app varias vezes, demora a pesquisar por mensagens. Ta péssimo…",1
Está travando demais - praticamente toda vez que abre.,1
"Melhorem o app, está impossível usar. Só travamentos.",1
"Está travando bastante na nova versão do IOS. Mas é apenas o WhatsApp que trava, outros aplicativos não. Então o problema deve ser no WhatsApp mesmo, pois trava e não volta até fechar e abrir novamente.",2
"Depois da última atualização o aplicativo se tornou praticamente inoperante, muito pesado. lentidão constante, travamentos sem fim. Se não corrigirem logo vai haver uma debandada",1
"Voltem para a cor azul, por favor! O verde é horrível. 😭",4
Nos iPhone nao ta tao bom nesse atualização ta tendo muito erro travando muito pra enviar fotos uma luta danada ta pesimo espero q tesolvan,5
Nova atualização do WhatsApp está travando muito temos q fechar o app e abrir várias vezes . Horrível,1
"Há alguns dias o aplicativo estão travando e lentidão, já houve uma atualização para corrigir esse erro mas continua.",3
Toda vez que abro status ou conversas o aplicativo fecha do neida,1
Sempre gostei do tema azul agora ficou verde gostaria de poder voltar ao tema antigo,2
Trocaram a interface do IOS pra verde isso tá ridículo,2
"O WhatsApp está simplesmente travando em todos os momentos, a tela simplesmente congela e só volta ao normal depois de fechar e abrir novamente. Já perdi inúmeros áudios e mensagens devido a isso, quando irão consertar??",1
"Atualizem a opção de ter mais emojis, de ver os stts sem ser preciso ativar a confirmação de leitura.",3
"Após a atualização o aplicativo ainda continua travando e essa nova cor de tema está horrível 
Mudem para o azul de novo , pelo amor de Deus",5
Está um lixo esse aplicativo,1
"Mano, pq colocaram verde? Que cor feia nmrl, poderia ao menos ter a opção de escolher o tema🤢",2
essa nova atualização que mudou as cores ta muito feio,5
"Agora está verde, antes era todo azulzinho, ficou horrível !!",1
"Muito bug essa atualização, a gente quer baixar o volume do áudio não presta, enviar msg fica dando problema",5
"Desde que passei a utilizar no iPhone 14, app travando demais! Recebo a notificação de msg e tenho que esperar um tempo até conseguir visualiza-la",1
"Aplicativo fica travando quando abre, após atualização.",1
"-Problemas no volume nas conversar
-travando no início dos vídeos
-Lentidão
-Não aparece as notificações quando você está em outro app, apenas vibra
-Ligações não aparem no Watch 
-última atualização horrivel",3
APLICATIVO TRAVANDO MUITO NO IPHONE 12 arruma esse diabo,1
Depois que atualizei não consigo aumentar e nem baixar o volume dos áudios e vídeos! Em todos os outros aplicativos estão funcionando normal,2
"Apagaram minha última avaliação mas vou postar de novo. 
1 semana e não resolvem o problema do volume e agora não tbm não dá pra ouvir áudio no ouvido só no viva voz.",1
pq o botão de volume não tá funcionando??????,5
"Não aumenta volume e quando a pessoa vai digitar fica subindo a parte das figurinhas e não para enviar a mensagem, nisso é obrigado a sair da conversa e entrar de novo para poder escrever",1
Gostava quando o foco eram os contatos. Agora a gente os status em icones pequenos e os canais como prioridade. Deveria ser opcional.,3
"Quando o app WhatsApp está aberto, os controles de volume não funcionam, somente em segundo plano, ouvindo audio, consigo alterar o nível de volume.",1
"Depois das últimas atualizações o app ficou horrível, não dá pra aumentar o volume (precisa sair do app pra conseguir aumentar ou abaixar o volume). Mas o PIOR DE TUDO é o travamento e a EXTREMA LENTIDÃO que o app tá apresentando há semanas e até agora ninguém resolveu nada! As conversas demoram cerca de 15 a 20 segundos para atualizar, buscar uma conversa ou contato para iniciar uma conversa também demora MUITO, está horrível utilizar o WhatsApp nesse último mês.",1
"Quando vocês irão tirar essa ferramenta de “canais” do aplicativo? Totalmente inútil, e aparece para mim com uma frequência enorme, um grupo totalmente inapropriado com coisas podres, chamado “cabaré” bem famosinho, só contém conteúdo pornográfico!!!! Não adianta denunciar, e nem nada, continua aparecendo!",3
Quando vão arrumar o botão não funciona quando está ouvindo áudio e quando faz ligação,2
"Canais possuem meu número , não por eu ter compartilhado mas por VOCÊS compartilharem ele para canais ! Se eu quiser acompanhar alguma coisa EU por vontade PRÓPRIA irei atrás! Agora eu entro no meu wpp e tem canal de sacanagem verificado , NÃO por ter ido atrás mas por vocês SEM AUTORIZAÇÃO deixar ali para as pessoas acompanharem, se fosse um menor de idade ? Vocês devem perguntar se as pessoas querem fazer parte desse conteúdo ou que as próprias empresas compartilhem seus Canais/Números para quem quiser segui-los e não deixar ali para todos, a pessoa deve ter o poder de escolher o que aparece no wpp ou não, se não quiser nenhum canal tbm deveria ser opcional, se a pessoa quiser acompanhar apenas um em específico também deveria poder . Não sei de onde vocês tiraram que isso é algo legal , sinceramente",1
Corrijam o bug do áudio do iPhone 11 por favor,4
iPhone 13 IOS 17.1 não consigo alterar o volume das mensagens de voz nem de vídeo,3
"O volume no áudio do WhatsApp não está aumentando e nem diminuindo. Tenho que forçar a parada do aplicativo e reabrir para voltar ao normal!

Continua com problema no áudio. Não aumenta e nem diminui o VOLUME. Arrumem pelo amor de Deus",1
"1o Bug - Volume não aumenta do áudio quando clico pra aumentar e não diminui quando clico pra diminuir(volume do áudio das conversas)
2o Bug - Quando coloco o iPhone no ouvido não apaga a tela e o rosto fica tocando na tela começa a mexer espontaneamente no iPhone.",3
"A um tempo no iPhone 11 o WhatsApp está com o problema no áudio, não consigo aumentar ou baixar o volume ao ouvir os áudios que recebo ou envio, ao menos que eu feche e abra novamente o aplicativo, aguardei atualizações, já saíram duas e nada de resolver esse bug.",3
"Última versão 23.23 teve um retrocesso muito grande. Mensagens de áudio não ouvidas antes era verde e após ouvir ficava azul, agora de toda forma é azul. O volume do celular não abaixa ou aumenta quando reproduz um áudio no wahtsapp. Muito bug",1
"Resolvam esse problema do audio
Nem abaixa nem aumenta volume quando aberto o app.",1
"Do nada o meu mudou de cor tudo que estava azul confirmação de leitura, aviso de conversa está tudo verde e ficou muito feio, prefiro tudo azul como antes",1
"Desde que miguei do meu iPhone 13 Pro Max para 15 Pro o WhatsApp não consegue diminuir ou aumentar o volume dos áudios.
Faço com frequência as atualizações mais mesmo assim está com esse bugs",1
"Após a atualização o volume quando vc aumenta ou abaixa o volume buga ai tem que fica fechando o app e abrindo novamente pra Abaixa e aumenta o volume misericórdia não era assim depois que atualizou recentemente está acontecendo esse bug no iPhone
Não é só o meu tem amigos aqui tbm está acontecendo isso 🤦🏽‍♂️🤦🏽‍♂️",2
"Já que alteraram a cor da interface poderia ter dado ao menos a opção do usuário escolher entre a nova e a antiga.
Devido a isso nem dá pra saber mais se realmente foi lido o áudio que a pessoa mandou principalmente vários em sequências",2
"Está com um problema, nós (USUÁRIOS DE IPHONE) não conseguimos aumentar ou diminuir o volume de muda quando estamos com o WhatsApp aberto, gostaria que vocês verificassem.",2
"Apos as últimas atualizações, nao consigo ajustar o som (aumentar ou diminuir) quando estou escutando um audio de uma conversa, ou ate mesmo visualizando um video com som.",5
Péssima ideia de adicionar esses canais na nova atualização,1
"Depois da atualização do iOS 17 não consigo ajustar o volume do áudio ou mídia enquanto estou ouvindo.
Tenho que fechar o aplicativo e ajustar por fora",1
"Depois da última atualização não consigo aumentar e nem abaixar o volume quando estou usando o aplicativo!
E cadê a atualização de transcrição de áudio que não sai ?",1
App não permite ajuste de volume,1
"Tá horrível essa ultima atualização, trava tudo
Não dá mais pra mandar as figurinhas, fotos ou até mesmo tirar a foto do próprio aplicativo, uma demora pra entrar no whats isso quando entra né !
Péssima essa atualização, mudem essa atualização por favor!",5
"Após a última atualização, não consigo regular o volume quando estou com o WhatsApp aberto.",4
"Após a nova atualização, meu whatsapp não está dando as notificações das mensagens, antes ele funcionava, agora ele trava muito mais e não estou recebendo as notificações que eu recebia antes!! (Iphone 14)",1
"Depois de algumas atualizações meu celular (iPhone), não está chegando notificação quando chega às mensagens. As vezes chega e as vezes não.",3
"Com a atualização não sei quando recebo mensagem de WhatsApp,mesmo ativado a notificações,só vejo as mensagens se eu for no aplicativo e abrir.",2
Na última semana após atualizado do IOS meu whats está lento e trava qdo envio figurinhas. Ja desinstalei e não resolveu.,5
"A atualização nova dos status é horrível, muito ruim",2
"Todas as vezes que atualizada o WhatsApp fica pior. 
Pesado, travando.
E também não sei por qual motivo de transformarem ele em similar ao insta ou Facebook seria uma coisa boa?!
As pessoas só querem trocar msgs e trabalhar! Pelo amor de Deus parem de introduzir coisas inúteis a esse app.",2
"As figuras congelam quando tento mandar figurinha pra alguém dps dessa última atualização desse app , arrumem esses bugues pfvr",2
"Não gostei 
Prefiro a antiga essa atualização está horrível",1
Atualização horrível volta pra de antes,1
Ficou horrível depois dessa avaliação eu antes via status sem precisar abrir agora não tenho mais essa opção no iPhone.,1
Ultimamente está cheio de bugs. O pior deles é não entregar notificações.,1
"Essa última atualização ficou HORRÍVEL, um desserviço. Tudo, tudo nessa atualização ficou ruim. Não sei pra que eu fui atualizar",1
"Quando aperto para abrir as figurinhas, o celular trava e fecha ou demora séculos para abrir as figurinhas.
Corrijam, por favor.",1
"O WhatsApp era perfeito até o deixarem igual ao Instagram… pra quê? Não conseguimos mais buscar o nome de alguém nos status, é para piorar, o Desing dos status está na horizontal… isso incomoda bastante!",5
"Quando clico na aba de figurinhas, trava todo o celular. O que pode estar acontecendo?",4
Volta a atualização pra ver os status rapidinho segurando em cima do status desejado,5
"Por favor tirem essa opção de canal , está chato é horrível !!! 😒",1
Eu detestei esse negocio dos canais ficarem tomando conta da tela toda. Coloca os status de volta no mesmo lugar e faz uma aba pra esses canais. ta horrível tora hora entrar no app e ja ta la a tela dos canais tomando conta de tudo.,1
"Boa iniciativa, porém a opção de canais deveria ser menos visível, pois não interessa pra muita gente.
Sugestão é voltar para como eram os status antigamente e deixar os canais do jeito que aparecem os status no momento (em ícones redondos na parte superior da tela que deslizam para o lado).",3
"Essa nova atualização imitando o telegram ficou péssima,nota 0",1
Mas essa atualização de status ficou ruim. Era melhor a de antes.,5
"Os status ficaram péssimo, sinceramente. Se um stts falha, não tem a opção de “tentar novamente” vc simplesmente só tem a opção de apagar e até isso, não tem como selecionar vários, vc tem que apagar de um por um, também não tem mais a barra de pesquisa no stts, vc tem que ir na barra de pesquisa das conversas pra ver, acho que a pessoa que criou essa atualização está tapeando vcs, e por favor, voltem com a última versão antiga. Isso tá muito ruim de verdade",1
"Não gostei dessa nova atualização,muita informação com esses canais odiei.",1
TIREM ESSE LANCE DE CANAIS JÁ ESTÁ CHATOOOOOOIK,2
"A última atualização ficou muito chata, agora na aba de status, tem canais, e isso é muito chato, sem contar na aba comunidade",1
"Que formato de status horrível e esse, pra apagar um status tem que passar pelos anteriores antes, isso só dá dor de cabeça",2
"Removeram a prévia dos status sem ter que abrir do ios, tragam de volta.

A tela de status agora abre a foto de vez, antes deixava ver todas as fotos e escolher qual visualizar…",3
"A última atualizaçãoficou horrível 
Péssimo para postar status",1
"O App ficou horrível! Sem possibilidade de apagar o status. Se colocar uma imagem por engano, como faz??
Os canais...É obrigado ficar vendo canais??",1
"Já não basta um monte de propaganda que temos que ver no Facebook e Instagram, agora inventam de colocar canais no WhatsApp, tirem isso que está péssimo!",1
Depois dessa nova atualização não conseguir apagar o “status” tá bem triste,3
"Cada vez mais realizam atualizações que ninguém quer! Aqui é um app de comunicação! Chega de status, canais e comunidades. Aqui a gente quer é só mandar mensagem e pronto.",1
"essa nova atualização estragou a forma do status, antes tinha como selecionar vários status para encaminhar ou aoagar, agr só dá pra fazer isso 1 por 1. HORRÍVEL!!",1
Essa atualização está dificultando demais. Horrível! Tirem esses canais. O status está muito mais difícil de colocar e apagar. Horrível mesmo gente.,5
"Que atualização lixo , tá muito embolado !!!",5
"Só recebo mensagens quando abro o app do WhatsApp. Enquanto não abro, não recebo mensagens e muito menos notificação. Arrumem isso. Está chato. Já faz 1 mês que está assim. O desenvolvedor solta atualizações e nada de arrumar este problema. Já foi verificado até as configurações e não dá jeito.",1
"Sinceramente, o aplicativo está ficando HORRÍVEL. o próprio que era pra conversar privadamente está se tornando um instagram!! com canais para seguir e mudando todo o design com qual metade dos seus usuários estão acostumados, vários familiares meus não estão sentindo-se seguros como antigamente. agora só falta virar apenas um perfil aberto ou privado onde pessoas te seguem para ver o que você posta, que seria justamente para os nossos contatos. O aplicativo já foi melhor, vocês desenvolvedores com intuito de “melhorá-lo” estão só arruinando o APP, passar bem!",1
"Pessimo! Após essa última atualização, piorou ainda mais, colocaram um “canal de atualização de status”, totalmente desnecessária! Um app de mensagens está se tornando só mais uma extensão do Facebook, outro app lixo!",1
"O aplicativos é bem útil, mais qual o sentido de botar um canal lá ?? Já não basta no Instagram e no Facebook não ?",1
"Horrível esses canais, muito ruim mesmo.",1
"Ficou muito ruim essa nova atualização de status , ainda mais com essas de seguir notícias , da ate desgosto ir vê os status , não vejo mais ficou sem graça",4
O aplicativo ficou inutilizável com essa inserção dos canais . Quem ser ver isso vai para outro aplicativo.,1
"Detestei as novas atualizações do zap,qual o sentido da privacidade de vc usar tipo a confirmação de leitura,vc desliga pra ver algum status mas qnd vc liga aparece q vc viu,aquelas sugestões de canal tbm não sei pra q , ja basta Facebook e instagram,e não tem cm vc ver mais um status a não ser q abra ele é aff.era bom pq era diferente agora Ta ficando igual Facebook e instagram. Não gostei",3
"O app está horrível! A nova atualização que trouxe esses “canais” é péssima. Poluição visual. Vamos de mutirão, galera! Denunciem!",1
Volta a ser como era pra que serve aquilo pelo amor de Deus não estraguem mais oq já tá estragado 🤮,1
"Palhaçada isso agora, era pra ser um simples app de mensagem e estão estragando aos poucos, queria muito voltar pra versão anterior, ou poderia ter a opção de ter ou não isso de canais 🤬🤬🤬🤬",1
"Um horror essa nova atualização, crianças usam WhatsApp e tem informações de mais desnecessária lá 🙄 nos canais. Então odiei gostaria que fosse como antes. Ou só colocar o tal de canais que quiser.",1
"Bom gosto muito de usar o App mais após essa ultima atualização não consigo mais apagar os status antes de 24hr, as vezes quero colocar somente aquele momento depois apago, sugiro que vocês voltem como estava antes, porque sempre acontece de errar alguma coisa e querer apagar pra corrigir.",2
"A última att que fizeram na área dos status ficou um lixo, o cara que teve essa ideia deveria ter usado drogas e quem achou a ideia boa pior que ele",2
"Depois desta atualização, a barra de pesquisa sumiu.",1
"NÃO QUERO TER ACESSO A ESSES CANAIS, SÓ MAIS UM CANAL PARA EMPRESAS EMPURRAR ANÚNCIO E PRODUTO PRA VENDER

HORRÍVEL",1
"Por favor, essa ultima atualização está horrível voltem pra anterior por favor!!!!!",1
Sem PRIVACIDADE! Sem OPÇÃO DE REJEITAR ESSES CAnais! ODIANDO! Invasão totalmente,1
"Minha crítica é pra que colocar status de canais ??? Já temos o Google, YouTube… ficou uma bagunça… outra coisa sumir com verificação de status em pré era ótimo agora não tem como ou vê ou não vê … e
Ainda some tem que clicar em vistas, fico uma bagunça….",5
"Valeu WhatsApp, péssima atualização 
Pra que canal no WhatsApp? 😭",1
"que o whatsapp é um ótimo aplicativo para comunicação já sabemos porém essa atualização que vem com canais ficou horrível, poderia ter uma aba somente disso ou ter como esconder ou então diminuir, é horrível você ir ver os “status” e ver essas bolotas gigantes, o nome de atualizações para substituir os status também foi horrível, as vezes temos que parar de inovar
fora isso continua a mesma coisa",2
Essa opção de seguir ou adicionar canais no WhatsApp que fica no status esta me irritando muito,1
"Para com esses coisas de seguir canais , nada aver agora o status tá ruim de mexer por causa disso ! Até pra colocar publicação tem que ir no + pra escolher o que quer abrir há não !
Tem … para selecionar o público ! Encontrar canais para neh",1
“Seguir canais” desnecessário!,1
"Muito chato essa nova atualização com que se tem a opção de segui canais, a rede WhatsApp é um canal pessoal que temos contato com quem temos o número e tal uma coisa mas pessoal, se eu quiser ver notícia vou em outras redes !!! Estão misturando td em uma plataforma só parece, quase td que tem um ou outro são as msmas funções.",2
"Essa nova atualização do 09/2023, está péssima, perdeu o foco do que é o WhatsApp, era para facilitar piorou muito! 
O status perdeu a graça, não dá mais para apagar vários status tem que ser individual!
Não pesquisa mais o status! 
Opção de Canais no WhatsApp! Péssimo isso 
Deixa só para o Instagram 
Perdendo o foco",1
"Por favor incluam a opção de desativar os canais, pelo menos assim o usuário pode decidir. Pelo menos para mim achei essa opção sem utilidade nenhuma. Ou removam logo",2
"Odiei a nova atualização, principalmente na área de status, acho q ficou muito poluído e cm muita informação, e n estou conseguindo achar onde apagar algum status. Melhorem isso!",2
"Como vocês colocam conteúdo de sexo no whats, opção de seguir pessoas, etc? Tem crianças que usam o aplicativo!!!!! Que absurdo!!!!! Sugiro que vocês removam isso o quanto antes! Vou parar de usar o wpp por conta disso. Se eu quiser pesquisar coisas do tipo, vou no Facebook, vou no Instagram!",1
"Imagino que assim como eu, mais gente não tenha gostado desta Atualização de Status e Canais, minha Sugestão seria a Opção de desativar quem não gostou",2
"Com essa atualização do WhatsApp, ficou bem chato, tá parecendo o insta, não entendi nada dessa atualização!!",1
"Não entendi o intuito da nova atualização, está parecendo o Instagram. O bom dessa plataforma é o diferencial, eu não quero duas plataformas parecidas com o Instagram. Essa opção de canais é muito ruim, tem conteúdo impróprio para menores de idade, e não tem sentido nenhum esse canais. Odiei!",1
"Totalmente sem função essa nova atualização de seguir páginas… sem propósito algum para nós, ficou mais do  mesmo, parecendo página de busca do Google. Não gostei!!!",1
Que atualização RIDÍCULA foi essa? Pelo amor de Deus coloca o WhatsApp normal novamente!!!!,1
"Não gostei dessa nova atualização,ficou horrível😤😤",2
Simplesmente desnecessário… tinha que ter a opção do usuário querer ou não ativar isso .,1
"Horrível essa atualização com “canais”, péssimo demais, devolvam nosso status original.",1
"Continuem atualizando assim, que o app vai cair.
Essa atualização de seguir páginas vai acabar com o wpp, as mulheres ciumentas vai mandar os maridos s4fados desinstalar o aplicativo, pois vai ser só conteúdo adulto. Coisa horrível.",1
"Não gostei dessa última atualização com esses canais na área dos status, ficou uma bagunça não é possível visualizar os status já visto ficou mt ruim.",5
A nova atualização deixou os usuários de iOS sem várias vantagens principalmente a de pré visualizar os status de WhatsApp. Não tem mas barra de pesquisa na parte do status odiei,1
"Por favor devolvam o WhatsApp normal, não transformem em Instagram e Twitter",3
"Que c@rai cês arrumaram, heim?! Que poluição visual desnecessária! Já seguimos as páginas no instagram, não misturem as coisas. Os status perderam seu espaço. HORRÍVEL. Devolvam meu Whats pelo amor de Deus.",1
"Por favor, coloquem a opção para desativar essa coisa inútil. Um aplicativo que era pra ser simples, tá cheio de coisas que só atrapalham.",1
"Depois que o wpp atualizou com os canais, fica aparecendo que tem um monte de mensagem e quando entra não tem.",2
"Está horrível! Principalmente após a atualização dos grupos em comunidades! Não consigo sequer mexer sem travar absurdamente! Também agora ficou impossível de mexer pois ele fecha sozinho, mesmo sendo um iPhone 13 Pro de 512 gb",1
"Nova atualização com canais de comunicação, muito ruim ! 
Parte dos status fico horrível!",1
"Voltem o wpp o status que era antes, novo canal de transmissão pra que? Não queremos isso ! Se quiser seguro alguém sigo no Instagram! Não dá nem pra apagar um status.",2
"O aplicativo é maravilhoso uso há anos !! Mas acho que poderia melhorar algumas coisas. Por exemplo , criar abas para separar conversas de trabalho , família.  Fixar mais de 3 conversas .",5
Horrível essa versão nova do status,3
Essa última atualização ficou péssimo na parte do status. No meu não funciona direito. Não consigo ver quem visualizou e nem apagar.,1
"Voltem com esse recurso, muitas vezes não queremos que alguém veja ou saiba que visualizamos o status da pessoa!",1
Depois dessa ultima atualização o WhatsApp está travando e não permite sua utilização.,3
Meu App não está enviando a notificação de mensagem em tempo real.,2
"As mensagens estão chegando para mim com atraso, mesmo com  internet boa. Até quando me ligam pelo app, o Whatsapp não me notifica, só aparece minutos depois aviso de chamada perdida",3
"Meu WhatsApp está desde ontem sem apresentar a notificação (14/08/23), hoje atualizei para verificar se poderia ser um problema da versão anterior, e não resolveu em nada. Só piorou, por que o ☑️ só aparece quando a pessoa abre a mensagem. Se ela não abre a mensagem, ele não aparece. Não sobe na barra de notificação as mensagem, tenho que ficar abrindo o WhatsApp pra ver quem mandou mensagem.",2
"Depois desta atualização as notificações pararam de aparecer. As mensagens só atualizam quando eu abro o app. Se eu não abrir, aparece para quem enviou, apenas um “v”.",2
Não estou mais recebendo as notificações de mensagens. As mensagens só aparecem quando abro o aplicativo,1
"Já faz semanas que não recebo notificações do WhatsApp, só quando abro o app. Não consigo resolver de jeito nenhum, até redefinir todo o aparelho tive que fazer e NADA resolve. Por favor, resolvam isso!

Edit: entra atualização, sai atualização, e continua com o MESMO problema.",1
"Depois que atualizou para o iOS 16.5.1 não estou mais recebendo as notificações se o aplicativo não estiver aberto. Já atualizei o aplicativo, mas não adiantou.",4
Fica conectando quando entra no aplicativo e trava quando vai abrir as novas mensagens.,1
"6/8/23 Mensagens não estão chegando de imediato! Às vezes leva dias para chegar! E com isso acaba por perder mensagens importante as vezes! Já verifiquei todos os tipos de configurações e testes e não há nada de errado ou diferente. Inclusive já testei em celular diferente e também o WhatsApp Business, e está acontecendo a mesma coisa. Uma pena para um aplicativo que já foi perfeito, está ficando cada dia mais pior. E desse jeito não dar para confiar e utilizar para coisas importantes, tendo que optar por utilizar outros aplicativos!",1
As mensagens estão com atraso,1
"Adoro o WhatsApp mas um problema que eu e muita gente com certeza reclama também é que quando você apaga uma mensagem, você não quer que a outra pessoa saiba, porque pode gerar uma certa desconfiança, então se eu apaguei uma mensagem porque a notificação “mensagem apagada” fica registrada no aplicativo da outra pessoa??? Se eu apaguei eu não quero nenhum registro dessa mensagem! Se esse detalhe for corrigido o aplicativo fica perfeito!",2
"Após a última atualização, o aplicativo não abre para o IPhone 6 -IOS 12.
Estou no aguardo para a solução 
Obrigada",1
"Meu WhatsApp após enviar link de vídeo ou qualquer outro link está fechando sozinho e não conclui o envio! 
Pessimo.",1
Desde ontem dia 17/07/2023 meu Whatsapp não funciona com dados móveis somente no Wi-Fi. O que houve?,1
"Essa nova atualização, ficou horrível, eu ainda tentei entender e aceitar, hoje é dia 13/07/2023, mas eu n consigo achar minhas figurinhas, está tudo embolado, está muito ruim! tentaram dar uma melhor visualização mas, zonearam tudo…",2
"tou tentando enviar mensagem, ja tentei pelo WIFI E dados moveis, e NAO ENVIA A MENSAGEM. O aplicativo fecha sozinho quando vai enviar",1
"Fiz outra atualização e não to conseguindo usar o app, abro e fecha na mesma da hora",2
"Atualizei ontem o whats, e agora só abre quando ta conectado no Wifi! 
Cada vez piora mais!",1
"Sempre q tento enviar mensagem em um grupo que tenho em que estou sozinha, o WhatsApp fecha e não envia a mensagem",2
"Estava 100% após a atualização de hoje trava ao usar o 4G do celular.
No Wi-Fi funciona

Corrijam esse bug

WhatsApp para iPhone 6",1
"Acabei de atualizar o app e está com bug, eu aperto pra ter acesso ao app, e infelizmente ele sai sozinho, providenciem uma correção no app",1
Fais dois dia que meu WhatsApp não está funcionando eu entro no aplicativo e fica só com a tela branca,1
"Versão 23.14.0 com BUG no IOS 12.5.7.
App nao abre depois da atualização, precisam corrigir com urgência.",1
"Depósito da atualização, não recebo mais notificações de chamadas, so recebo somente se o WhatsApp estiver aberto. Ja olhei todas as configurações e esta tudo “normal”",1
Não dá mais para ter WhatsApp. Qualquer estranho pode mandar mensagem e ligar por chamada de vídeo/voz. Isso é errado. É preciso ter uma feature de privacidade urgente! Excluindo esse app.,1
Celular iOS 16.5.1 (20F75) trava e sai do aplicativo quando vai procurar figurinhas (stickers) e quando vai mandar 5 vídeos inclusive para o stories só fica rodando e não enviar e dar erro,1
Eu sou muito ocupado para ouvir áudios e preciso dessa nova atualização que disponibiliza a legenda nos áudios.,5
Por favor quando vai chegar o recurso de transcrição de áudios?,2
"Muitas funcionalidades, mas infelizmente a qualidade das fotos no WhatsApp parece que estamos usando câmera de um celular de 2005. Perde total a qualidade da foto! HORRÍVEL",2
"Amo o App, porém poderia ter a opção de agendar mensagens, por exemplo, para serem enviadas automáticas em um  horário/dia que marcarmos.",3
"Meu WhatsApp está abrindo e fechando no meu IPhone, a memória não está cheia e ele simplesmente parou de funcionar.",3
"Após a atualização, estão aparecendo inúmeros contatos desconhecidos que não fazem parte da agenda. Você busca um contato existente na agenda pelo nome e aparecem vários outros números como “outros contatos”

Vi que já outros usuários relatando a mesma coisa. Já enviei e-mail para o suporte, sem retorno ainda. 

Por favor, corrijam isso o quanto antes. Essa é uma questão muito séria.",2
"Odiei nova atualização, onde qualquer pessoa tem acesso ao seu numero, que é algo pessoal no qual eu deveria escolher quem tem ou deixa de ter!!! 
Péssimo ….. já foi bom, irei desinstalar!!",1
Se um dia vc tiver um problema com seu WhatsApp vc vai perceber o quanto usar esse app é perigoso. A empresa simplesmente não tem nenhuma forma de contato . Torça pra nunca ter um problema porque o WhatsApp não vai lhe dar nenhum suporte .,1
"Como um aplicativo que se diz privado e seguro simplesmente disponibiliza seu número para DESCONHECIDOS??? 
MELHORE WhatsApp!",1
"vários contatos 
que eu não salvei e de gente que eu nunca vi na vida estão aparecendo no wpp!! pessimo",1
"Meu app está atualizado. Meu iOS está atualizado. E mesmo assim toda semana o WhatsApp não realiza o backup automático. Tenho que clicar para que e backup seja iniciado. Deixando claro, ele faz o backup quando eu clico pra fazer, mas não faz o backup automático que está definido pra ser feito semanalmente. E não é problema de espaço no iCloud, pois tenho 50 gb, dos quais não usei nem 2/5 ainda.",2
"Está aparecendo nas conversas quando pesquisa vários números desconhecidos em outros Contatos, favor resolver.",1
"Aplicativo fechando sozinho de 20 em 20 segundos ou congelando a tela e travando, impossível usar no celular! iOS 16.5 iPhone 11 Pro Max. Por favor resolvam",1
abre o aplicativo mas logo em seguida trava e não consigo me,1
"Nossa, há duas atualizações atrás que o WhatsApp ficou inutilizado no meu celular, não atualiza as mensagens em segundo plano e quando abre o app, ele carrega tudo de uma vez e demora MINUTOS pra responder aos toques, ficando travado e fecha, até que na terceira ou quarta tentativa de usar o app ele volta, mas é só fechar pra acontecer tudo de novo.",1
"Acabei de atualizar o app com uma atualização que saiu a menos de 10min, depois disso o app decidiu que não quer mais abrir",1
"WhatsApp parou de funcionar desde ontem, mesmo atualizando o IOS, continua sem funcionar. Não recebe ou envia mensagem e fica recebendo uma ligação a cada 2 min que não posso recusar ou atender(contato que não conheço), não aparecendo no histórico de chamadas. BUGADO. Sem funcionar.",1
"QUANDO IRÃO ARRUMAR O BUG DO STATUS????
QUANDO PASSA STATUS PARA PRÓXIMO AINDA FICA SAINDO ÁUDIO DO STATUS ANTERIOR. TA RUIM DEMAIS IOS 16.4.1",1
"Por favor, consertem o erro dos Status, quando passo para o próximo status, o áudio fica do anterior.",1
So o meu que os status sai o som do status anterior?,1
"Ao pular de um status para o outro, o de trás sai com som no da frente, fica misturado os 2 sons.",5
"Nós status quando vc passa pra frente pra ver o status de outra pessoa ,continua tocando a fala ou a música do status anterior ,por favor concertem esse bug está um saco … de resto o Whats He muito bom … quando concertarem o bug eu mudo pra 5 estrelas !!!",4
"A música do status anterior não para, permanece nos demais status",4
3 dias sem o app porque quando abro ele fica com tela preta e fecha,1
Não consigo abrir o aplicativo. Fica abrindo e fechando. Estou sem minha ferramenta de trabalho. Péssimo,1
Ele abre e fecha. Por favor resolvam isso!,1
"Espero que com a nova atualização os status volte a aparecer para as pessoas, pois mesmo sem estar bloqueado não aparece",3
"Desde ontem 23/03, por volta de umas 17h30, que estou sem conseguir abrir o WhatsApp, meu celular é iPhone 11, já reiniciei, já desliguei e liguei de novo diversas vezes, e nada resolve, minha ferramenta de trabalho é o WhatsApp, como fico agora? Totalmente prejudicada. Precisamos de uma solução.",2
"Fica travando quando posto status e quando apago ,pra quem tem muitos Contatos e muito ruim pois fica um bom tempo travado",3
"não está aparecendo os status pra ninguém, ngm ver o meu status faz mais de 1 semana esse bug",1
"Não consigo visualizar a atualização do status dos meus Contatos, sendo que eles possuem meu contato é não me bloquearam.",1
"ultimamente está péssimo! não mostra todos os status pra mim, e a pessoa nem está me privando de ver.",1
Essa ultima atualização tá péssima não consigo ver o stories das pessoas,1
"Estou com problema de vê status que algumas pessoas, elas não estão bloqueadas nada do tipo, de 4 status que a pessoa posta eu só consigo vê 2  já fiz de tudo e não consegui arrumar 🤦🏽‍♀️",2
Alguns status nao está aparecendo o que está acontecendo?,1
Não estou vendo status de quase ninguém,1
"Bom gostaria de uma solução pro meu problema, faz umas duas semanas que o status do meu esposo não aparece pra mim, não estou bloqueada pra ele, dele e de algumas pessoas não aparecem… tenho um iPhone 8",1
Os status dos meus Contatos não estão aparecendo pra mim e não estou bloqueada. Tá péssimo,1
"O WhatsApp ficou horrível de uns dias pra cá. Problema pra mostrar status das pessoas, as pessoas postam, mas não aparece",1
"A versão mais recente , não está chegando os status dos meus Contatos pra mim !",1
"Façam o favor de voltar a opção de apagar para todos! Meu Deus, está horrível essa nova atualização!",5
"Depois dessa atualização as pessoas não consegue ver meus stories e nem eu consigo ver de algumas pessoa. 
Resolvam isso pelo amor de Deus.",1
"O que está acontecendo? Não consigo ver os status dos meus contatos e nem eles os meus, e não tem ninguém bloqueado, depois dessa ultima atualização o WhatsApp vive com bug para enviar áudio dentre outras situações como a do status. Espero que a próxima atualização traga melhorias.
Resolvam…",1
"Depois que eu atualizei pra essa nova versão do WhatsApp, eu não consigo ver a maioria dos status das pessoas, só aparece no WhatsApp Web e não no aplicativo do iPhone.",4
Meu WhatsApp não esta aparecendo o status dos meus contatos,1
"Com a nova atualização os contatos que eu havia bloqueado, foram desbloqueados sozinhos. Todos eles.",1
Para ficar perfeito só falta a opção de “ editar “ no status quando nos digitamos algo errado é queremos corrigir sem ter que apagar o status 🫡✅,5
"Antes eu podia apagar as mensagens para todos independe do horário enviada, agora voltou a antiga atualização e só posso apagar no prazo curto",1
"O meu não está recebendo notificação, somente quando abro o App, já olhei todas as configurações do meu iPhone e está da mesma maneira que antes ou seja não é o aparelho. Não sei o que fazer!!",1
"Varias vezes não grava o audio, não tira foto, não consigo postar status",1
"Ultimamente tem um BUG ridículo acontecendo que me faz não conseguir gravar nenhum áudio, só é possível depois que eu tenho que reiniciar o celular inteiro TODA VEZ.

Não, eu não uso a versão beta, e meu celular não tá desatualizado, é um Iphone 12 mini. Além de o app ter todas as permissões para usar o Microfone, etc.

ARRUMEM ISSO!",1
Programei meu WhatsApp para fazer backup diariamente e ele não está fazendo. Fui fazer manualmente e o app fica “preparando” e não realiza o backup de jeito nenhum. Qual problema WhatsApp?,2
"O aplicativo não está fazendo backup automaticamente,e mesmo fazendo o comando manual,ele não realiza o backup.
Estou a semanas sem backup.",1
"nova atualização não me permite mais visualizar fotos ou vídeos de visualização única, sou usuário de iphone 6, palhaçada isso.",1
Não recebi a última atualização chateada,1
Quando terá a opção de tira o on-line do WhatsApp para iPhone?,4
"Meu celular é iPhone, a opção de tirar o online não está aparecendo pra mim",1
"Seria interessante retirar o on-line, há momentos em que não desejamos ser vistos on-line, principalmente relacionado a trabalho.",5
"Eu continuo “on-line” mesmo tendo saído da uma conversa, as vezes por minutos e só quando fecho o aplicativo é que “realmente” fico off-line. Como resolver isso? Podem me ajudar?",5
"Meu WhatsApp está ficando on-line sem eu estar utilizando as fica minutos ou horas isso tá me causando dor de cabeça, arrumem por favor. Já atualizei desinstalei instalei de novo e não resolve arrumem isso.",3
"Depois da última atualização eu não estou conseguindo usar as figurinhas! Elas não estão abrindo, e o celular sai do aplicativo, não consigo procurar naadaaa",5
"Fica mostrando “online” mesmo o aplicativo estando fechado, todo dia minha namorada briga cmg pq mostra “online” sendo q a internet tava desligada, ou aplicativo fechado, um bug pior q o outro🤦🏼‍♂️

Vcs já perceberam isso ??😳👀",1
"O WhatsApp poderia aumentar o limite de fixação das conversas de 03 para 05 conversas no topo, ou seja na parte superior.",3
"Após a última atualização o app colocou para baixar automaticamente todas as mídias e ao efetuar a modificação para nunca baixar, no outro dia a configuração volta para baixar automaticamente mídias. 
Gostaria que a correção desse problema fosse feita o mais rápido possível.",5
Quando chega a nova atualização para esconder o on-line estou super ansiosa!,3
"na barra de notificação, como tirar pra não aparecer a foto do contato e sim ícone do whatsapp … tem como ?",3
"Agora que o WhatsApp dessincronizou o desktop do app ficou horrível. As conversas aparecem como não lidas (quando já foram) e a conversa demora muito tempo para abria no desktop, pois tem que aguardar carregar tudo. Achei um retrocesso.",1
"Nova atualização não dá opção de não fazer download automático de mídias. Se você selecionar ""Nunca"" em ""Download automático de mídias"", ele volta ao padrão assim que você fecha o aplicativo.",2
Depois dessa última atualização o download automático de mídia fica restaurando sozinho. Mesmo desabilitando o Download automatico ele volta sozinho depois de um tempo!,2
"Por algum motivo o aplicativo não está salvando minha configuração em relação ao download automático de mídia, programo para NUNCA fazer o download automático, porém o aplicativo não salva a alteração e restaura pra fazer o download, enchendo a memória sem necessidade.",2
Depois dessa ultima atualização as mídias estão baixando sozinhas mesmo vc colocando pra NUNCA baixar !!!!,1
"Já tem um tempinho que eu uso a função de carregar fotos, vídeos, áudios e documentos desativada e agora vive ativando automaticamente essas funções, já desativei e logo em seguida reativa sozinho, o que eu faço.? App atualizado me ajudem",1
"Após a atualização os downloads ficam baixando automaticamente, mesmo que eu coloque nunca, ao fechar e abrir o aplicativo volta tudo para baixar automaticamente e baixa tudo quanto é imagens e vídeos de grupos e conversas, já tentei contato, mas não foi resolvido e continua o problema.",1
"Depois da ultima atualização, todas as minhas mídias estão sendo baixadas automaticamente, quando altero, fecho e abro novamente o aplicativo volta novamente pra baixar automático.",1
"Depois dessa atualização, as mídias no WhatsApp estão baixando automaticamente. Agradecemos sua mensagem. 
 Eu coloco a configuração para nunca baixar, e ao fechar o aplicativo, a configuração volta para baixar sempre. 
Já abri um ticket sobre esse problema e até agora não foi solucionado o problema.",1
"No iPhone XR você desativa os downloads automáticos e mesmo assim baixa automaticamente imagens, áudios, documentos e vídeos.",1
"Após atualização está baixando automaticamente fotos, mesmo mudando a configuração",1
"Toda vez que fecho o aplicativo e abro novamente, ativa SOZINHO os downloads automático de fotos, vídeos, documentos, etc. Está impossível usar desse jeito pois toda hora a galeria está lotada de fotos aleatórias que recebo de grupos, POR FAVOR ARRUMAR URGENTE.",1
"Após essa última versão o download de mídia só fica configurado como automático, mesmo eu alterando ele volta para a configuração padrão",1
Apos a ultima atualização o app não salva a configuração de não baixar mídia automático! E é um transtorno por fica baixando as midias sem eu querer!,1
Quando o WhatsApp para IOS vai ter a possibilidade de reagir a mensagens?,5
NAo consigo utilizar a opção de responder com emoji. No meu celular não aparece a opção.,5
"Vi que várias pessoas estão reagindo as mensagens com emojis(que nem no instagram) mas eu não tô conseguindo, e não aparece atualização pra mim, o que eu faço?",4
Porq eu não consigo reagir a mensagens ?,5
"Estou com um Bug após atualizar o IOs rolagem das conversas com problema. Touch tb quando clico num conversa, abre a debaixo",5
"Desde a última atualização fica um espaço em branco nas conversas e ao abrir a conversa o bug abre a conversa de baixo como um toque fantasma na tela, além disso quando abre os stickers o aplicativo trava e fecha do nada, estou usando um Iphone 7",1
"Estou colocando o iPhone no ouvido pra escutar os áudios e continua falhando     

Ficou assim depois da ultima atualização 
Por favor consertem isso",5
Atualizei o App mas mesmo assim não consigo reagir às mensagens ! O que eu faço?,3
"Está tendo um bug quando a pessoa vai mandar fotos/vídeos pelo wpp para outra pessoa a parte de cima da tela onde tem os ícones: cortar, escrever, adicionar emogi e aquela caneta para você usar na imagem ou vídeo para escrever ou destacar alguma coisa e também para você cancelar o envio da imagem se quiser está com bug. Está cortando na tela do IPhone X. Pelo visto só está acontecendo isso no IPhone X porque tenho outros amigos com outro modelo de celular que o wpp está normal, somente quem tem o iPhone X que está assim. Espero que corrijam. Obrigada",4
"Não consigo acessar as opções de edição de imagem porque ficam no alto da tela, como se estivessem atrás do autofalante de cima e da câmera!",1
"Conforme vi alguns comentários sobre a mau funcionamento da última atualização no iphone x , gostaria que vcs arrumassem por gentileza uso o aparelho e os ícones estão fora do lugar.",2
"Ao compartilhar uma foto da galeria, ou ao tirar um foto com a câmera do WhatsApp, as opções de editar a foto antes de compartilhar ficam atrás do Notch, e não dá para clicar nelas, não consigo nem fechar a foto, preciso fechar o App!!!",3
Após à últimas duas atualizações não consigo ajustar a imagem antes de enviar. A aba de recorte e ajuste fica no note e não consigo clicar.,1
"Toda vez que aperto o botão para enviar uma mensagem em uma conversa (seja privado ou grupo), o teclado pisca como se sumisse e voltasse pro lugar.
Já tentei de tudo, achei que fosse um bug no teclado do iphone ou do ios, mas em outros aplicativos não acontece e baixei outros teclados e o problema persistiu.  
Acredito que seja mesmo um bug no WhatsApp ou algo do tipo, já mexi em quase todas as configurações que envolvem o teclado ou coisas próximas e ainda nada. Espero que na próxima atualização isso pare porquê incomoda muito estar no meio da conversa e o teclado ficar piscando como se tivesse algum problema.",3
"Última  atualização está saindo fora da tela os comandos do cabeçalho, não consigo mais recortar imagem para anexar nem pintar ou fazer algo ão anexar imagem.",1
"Depois que atualizei para o ios 15, não recebo mais notificações de msg, eu preciso abrir o app para atualizar e as msg chegarem. Quem envia pra mim visualiza apenas um tracinho, tá horrível!",2
"Quando vou enviar fotos pelo WhatsApp, não consigo editar as fotos no App, nem cortar, desenhar, nada.. as opções estão “cortadas” na parte superior da tela.. parece que é pela tela ser pequena, e não caber as opções de edição.. não dá nem pra fechar a foto! 
Por favor WhatsApp, corrijam esse problema",2
O app não abre mais depois de atualizá-lo,1
Não consigo fazer pré vizualizações na barra de notificação,1
Não dá mais pra abrir fotos/vídeos e ouvir áudios pelas notificações sem entrar no aplicativo.,1
"Por que conversas arquivadas agora não recebemos mais notificação?

Posso arquivar para tirar da tela principal e continuar depois recebendo mensagens, porém em arquivadas não vejo mais…antes da atualização funcionava melhor….",4
"Desde a ultima atualização. Não consigo mais ouvir áudio, ou ver fotos ou gifs só pela barra de notificação do WhatsApp no iPhone. Tenho que entrar no WhatsApp pra poder ouvir ou ver a foto.",2
"Incrível como o WhatsApp SEMPRE retira a qualidade das fotos e vídeos, horrível! Sem falar que não posso mais nem abrir as figurinhas que o App fecha.",3
Não é possível envio de documentos em pdf.. onde aparece o botão “enviar” aparece opção de “compartilhar” e abre uma nova opção de seleção de compartilhamento gerando um loop eterno!,1
"Depois dessa ultima atualização não consigo enviar nada, só aparece a opção de compartilhar e nunca opção de enviar",1
"Desde ontem que atualizei não consigo enviar nenhum documento, sumiu o botão “ENVIAR”, fica apenas a seta que me direciona sempre a mesma página! Arrumem isso uso o whats pra enviar pdf sempre!",1
"Não está compartilhando PDF, ou fotos, ou comprovantes de bancos, etc. diz que tem abrir o aplicativo. Está assim depois da nova atualização.",1
Depois da última atualização não to conseguindo enviar documento,2
"Nao consigo mais enviar documentos pelo Whatsapp, ao selecionar a opção do nome ENVIAR mudou para um simbolo de compartilhar, e vai p outra tela. Nao é possivel mais enviar arquivos pelo Whatsapp.",1
Pq vcs tiraram a opção de apagar os áudio e mensagens das conversas de vez? Tá ficando cada vez pior usar o WhatsApp,4
"Desde as últimas atualizações as mensagens só chegam quando abro o aplicativo, fora que nem as notificações de mensagens aparecem mais.",1
"Quando estou em uma ligação no Whats, e alguém envia uma mídia ela não carrega, para carregar só desligando a ligação, está horrível. Espero que arrumem!!!",3
"Está dando muito bug no iPhone, quando vou escolher as figurinhas o WhatsApp fecha do nada ou então trava!!",1
"O App está com problema a 3 semana, não atualiza as msgs, tem que ficar entrando no App toda hora para acusar as msgs",1
"Lixo, podre
É abrir a janela de figurinhas o app trava e fecha sozinho 
Um
Lixão mesmo",1
"as notificações estão chegando com atraso ou só quando entra no App, ta péssimo no Iphone além de outros bugs.",3
"HORRIVEL! Mesmo com tanta qualidade vocês invadem nosso Watssap, e veem nossas conversas, áudios, fotos. NUNCA BAIXEM! NÃO RECOMENDO NEM 1%😡 DENUNCIEM! Nós devemos ter privacidade😞",1
Estou migrando para o telegram pois não pode mais mandar uma mensagem pra qualquer pessoa que as palavras chaves utilizadas ja aparecem propagandas nas redes sociais sobre as mesmas,1
Aplicativo removido após novos termos do app com clara violação a Lei Geral de Proteção de Dados Pessoais!,1
Partiu telegra e signal,1
Acho melhor vocês mudar esse termo de vocês muita gente tá indo pro telegram .,5
Triste eu ser espionado por meu próprio celular por ambição do criador do WhatsApp. Vergonha. Vergonha.,1
"Pouca Vergonha é Essa Whats? Querer Tira Nossa Privacidade? Saber Tudo Que Nos Conversa, Até Em Grupos? Chegou Negócio Pra Mim Concorda Que Se Até 8 De Fevereiro Não Atualizar Whats Vai Parar De Funciona, Sosto Pra Cara De Vocês, Vocês Num Falava Na Nossa Privacidade Cade?",5
Horrível essa nova atualização na política de privacidade.,1
"Uma vergonha os novos termos de privacidade do app, desrespeito aos consumidores!! Viramos meras mercadorias, expondo nossas conversas e ideias a quem pagar mais! Graças a Deus e algumas leis AINDA existe a livre concorrência. Desinstalando o app dia 07/02/21!!",1
Telegram humilha de tão superior que é,1
"Após a última atualização não consigo postar nada no status, diz erro e pede para tentar mais tarde.",5
"Depois que atualizei não consigo mais postar foto e nem vídeo, como posso resolver?",5
"estava perfeito, mas agora não consigo posta stts com foto fica dando erro 🤡",5
"Pesquisas de status nãos estão aparecendo.
De resto tudo perfeito",5
"O som de quando vc grava video ta mt ruim, ja testei com a camera normal e outros apps e é só com o whatsapp esse problema",4
Depois dessa atualização não estou conseguindo pesquisar por nome o status ! O que houve ?,5
Por quê quando pesquiso um status ele não aparece ?,2
namoral ai qual a necessidade da nova atualização tirar a coisa pra pesquisar os status tipo ??? tanta coisa que da pra colocar dnv no app vcs tiram uma coisa sem necessidade de mexer,2
"Eu gostaria que quando eu compartilhasse um link no status aparecesse a imagem e título como quando manda pro mensagem normal, por que eu quero que quando eu compartilhe algo importante que chame a atenção do meu contato porq que de for um link normal ninguém vê, obrigada
*e o bug da criptografia concertou, muito obrigada*",3
"Ótimo aplicativo, prático, rápido, aproxima as pessoas. Mas está estragando o prazer com ideologias, encaminhar mensagens limitadas, a depender para uma só pessoas. Péssima mudança. E quando chega mensagem fica aparecendo na parte superior da tela, acredito que sem necessidade, as vezes atrapalha, bastava aumentar o número de mensagem individuais ou em grupos e bastava. Porque quando vc tentar utilizar o aplicativo ou celular vc toca sem querer e faz ações que não desejo.",5
"As notificações de mensagens estão chegando bastante atrasadas. Às vezes leva cerca de dez minutos pra avisar que uma mensagem foi recebida. Quando é uma ligação, não chama. Só fico sabendo depois quando vejo na lista de chamadas perdidas.",3
"tem algumas figurinhas animadas as quais não consigo enviar pois o whatsapp diz que são grandes demais, sendo que antes dessa atualização isso não acontecia.",2
"Horrível depois da ultima atualização, fica fechando sozinho, demora para abrir , e enviar mensagens.",1
"Meu WhatsApp so entra mensagem quando eu entro no aplicativo. 
Alguém está passando por isso ?",1
Agora não posso enviar mensagens que já foram encaminhadas várias vezes para todos que eu quero. Até desanimou de continuar usando o aplicativo. Desse jeito vou migrar pro concorrente... 😕,5
"atualizei meu app na sexta (22/05) e desde então o mesmo abria e fechava mostrando a mensagem “este app não está mais sendo compartilhado com você”, estava aguardando uma nova atualização, já que não queria apagar o app e instalar novamente, pois perderia meus dados. mas hoje, domingo (24/05), resolvi dar umas pesquisada na internet e encontrei uma solução que resolveu meu problema e não perdi nada, meu whatsapp estava exatamente do mesmo jeito antes da última atualizado e recebi as mensagens que chegaram desde então.

eis a solução: apenas desinstalar o app, sem precisar apagar (existe as duas opções e são diferentes)
ajustes >> geral >> armazenamento do iphone >> whatsapp >> DESINSTALAR APP

depois você reinstala e pronto",4
O aplicativo deixou de abrir hoje (22/05/2020) depois que instalei a versão mais atual do IOS (13.5),1
Baixei a ultima versão e ele parou de funcionar no iPhone 7 (versão mais atual do IOS),1
"Toda vez que entro no App. Trava, não consigo usar o App.",1
Acabei de atualizar e não consigo abrir o aplicativo. Está dando erro junto a App Store,1
I’m not receiving any notifications. I have to open the app to see the conversations.,1
"Ficou uma porcaria, no meu iPhone não abre mais o aplicativo",1
"Sugiro permitir que as figurinhas possam ser associadas à palavras-chave, da mesma forma que os emojis.
É muito cansativo ficar procurando as figurinhas que queremos.",4
"Modo escuro ficou legal, só não gostei do fundo verde do escrito. Dica de podermos escolher a cor de fundo da letra, seria legal.",5
"Limitar a quantidade de compartilhamento para uma pessoa, ficou péssimo",1
"Esse App já era!!! Depois de restringir a apenas 20 compartilhamentos por mensagem, depois caiu pra 5 e agora somente 1. Palhaçada!!!",1
Desde a ultima atualização a função 3D touch não funciona mais para conversas e status,1
Sugiro que liberem o modo escuro também para o IOS 12.4.5.,5
"Deveria ter uma opção dentro do próprio WhatsApp onde a gente pudesse desativar o modo escuro. Porque gosto do modo escuro nos outros apps, mas não gosto no WhatsApp. E não quero ter que voltar a usar tela branca em todos os apps apenas pra ter o WhatsApp branco.",3
"Antes dava pra clicar segurando o status das pessoas sem abrir, dai vc via o q a pessoa postou e ela não sabia q vc viu, agora essa versão tiraram essa função, não funciona mais, por mais q faça esse processo obriga vc abrir e dai a pessoa vai vê q vc viu, sei q tem a opção de tirar isso mais se tirar não vamos vê tbm quem viu, NÃO GOSTEI, como tbm na versão escura a msg fica com fundo verde horrível aff.",1
"Aparece a atualização para nem aparecer a opção Modo Escuro. Coloca apenas no aplicativo sem precisar ativar a função no próprio aplicativo de configurações do telefone, fazendo com que a configuração seja utilizada em tudo.",1
"Deixem a opção ativar o desativar o modo escuro, isso está me atrapalhando. Odiei esse modo escuro",2
"Detestei, pois tenho um 5s e a versão do IOS é 12.4.5, e não está disponível o tema escuro pra mim. Se tem pra um, tem pra todos! E não ficar escolhendo qual vai ter ou não . Não gostei! #chateada",1
Depois da atualização as prévias com o 3D Touch não estão funcionando. Por favor concertem isso!,5
"Atualizei meu whatsapp e o mesmo não ficou em modo noturno, sendo que meu iOS já está atualizado no 13.3.1!",5
Tirem isso de verdade! Coloquem opção de ativa e desativa pra quem gosta e isso.,1
😓😓 depois que atualizei não funciona mais o 3D Touch nos status...,2
"Tanto tempo pra soltar o modo escuro e colocam essa porcaria , primeiro que ficou totalmente horrível segundo que é automático não tem como você tirar e terceiro que não dá mais pra usar o 3D touch pra pré visualizar os status ! Arrumem esses defeitos pelo amor de Deus.",1
"Esperava MUITO mais do modo escuro hein. Aquele verde horrível que dificulta a leitura, parece que as conversas não tem espaçamento e ficam todas amontoadas. Muito cansativo pros olhos. 
E por não ter a opção de modo escuro dentro do aplicativo, tive que voltar a configuração do meu celular pro modo claro pq o WhatsApp ficou simplesmente horrível.",1
"Sem recursos e inseguro. Existem muitas opções melhores no mercado como o Telegram por exemplo. Só quem não se importa com a própria privacidade e não liga em usar algo tão obsoleto como SMS ainda usa esse aplicativo. Levou 2 anos pra lançarem algo simples como o Dark Mode, sendo que o Telegram ja tinha de forma melhor e mais personalizável desde 2017, chega a ser ridículo.",1
Esse tom de verde no balão de mensagens ficou muito ruim e feio no modo escuro. O modo escuro para o WhatsApp poderia ser opcional e também poderiam disponibilizar mais cores para os balões de conversa.,2
Coloquem modo opcional dentro do app pq está horrível,1
"Excelente aplicativo, mas poderia deixar colocar os toque de mensagens comprados no iPhone, só aparece os padrão",5
nao tem o dark pra iphone,1
Cadê o modo noturno para iphone??,2
"Sugiro o modo noturno, isso ajudaria muito e seria de grande importância para App!",4
Quero meu modo nortuno pra ios na minha mesa agora,3
"pelo amor de deus gente, já tá na hora de colocar tema escuro no whatsapp, toda vez que eu entro fico cega!!! se continuar assim vou ter que começar a usar o telegram!!!",1
"App bom mas por favor, adicionem um botão para mostrar / filtrar apenas mensagens ainda não lidas. Obrigado!",5
"Após atualizar na madrugada iOS 13.3 e WhatsApp 2.19.121, app não funciona mais. Já reinstalei e o problema persiste!",5
As atualizações para IPhone tinham que ser mais rápidas de chegar,4
"voltem com o design antigo da aba de conversas e confirmação de leitura, tá horrível assim",1
Design tela inicial ficou horrível,1
"Essa nova atualização do whatsapp é muito ruim, agora não sei mais se tem mensagens novas nos grupos silenciados, pois não aparece mais os números de mensagens novas...
Silencio os grupos para o celular não ficar parecendo um “tremedor ambulante”, mas ao abrir o celular gostaria de saber se tem mensagens novas, agora tenho que abrir o whats... 🤦🏻‍♂️
Tinha que ter a opção de indicar ou não novas mensagens nos ícones do aplicativo.",1
Poderia ter a opção modo escuro !,5
Por que colocar essa logo no início do aplicativo? Quando abria direto nas conversas era bom...,2
Igual ao do Messenger,1
"Esse app precisa se modernizar muito, sem ficar salvo tudo na memória do aprelho e tendo que fazer backup, precisa de modo escuro, funcionar no computador sem depender do celular",1
"Tá tendo bugs na hr de vê vídeo nos status, poderia corrigir isso tá muito ruim no iPhone 6sPLUS",1
Não gostei,5
Atualizou e n quer mais abrir fica uma tela branca,5
"Quando quero encaminhar ou copiar uma mensagem demora muito, antes da atualização do IOS 13.0 era rápido mas agora está demorado e isso incomoda o usuário.",3
"Precisa melhorar a qualidade das fotos nos status, a foto pode estar em hd, mas quando envia ficar realmente grotesca",4
Agora com o novo iOS já está na hora de incorporar o dark mode também no WhatsApp.,4
"Deveria ser possível configurar se você quer receber mensagens de áudio. Se vc optou por não receber não conseguiria enviar também, daí a pessoa ao tentar enviar receberia a informação que não é possível.",1
"Na próxima atualização poderia aparecer a opção de agendar envio de msg... às vezes a gente lembra de falar alguma coisa com alguém muito cedo, ou muito tarde... porém, se for esperar o horário comercial ou convencional para enviar a msg, corre o risco de esquecer com a correria do dia a dia... sinto muito a falta de uma função assim.",4
"Já reiniciei o celular e já desinstalei e instalei de novo o aplicativo e nada dele abrir, apenas sai. Solucionem isso!!!!",1
🙋🏾‍♂️ voto por um tema escuro!!!,5
"Acabei de atualizar e não abre mais, por favor corrijam isso URGENTE! Eu preciso abrir pois tenho coisas de trabalho salvas em conversas e não tinha feito backup... 😩🙏🏻",1
Depois da atualizaçao do dia 8/4/2019 o aplicativo não abre mais!,1
"Por favor queria que me auxiliassem na questão de fazer backup, a umas 3 semanas tento renovar meu backup mais ele não inicia sempre fica aguardando enviar e depois diz que não tenho internet ou que estou sem espaço no iCloud sendo que possuo ambos!",2
"O app no IOS 10.3 parou de receber mensagens quando o aparelho está bloqueado, não notifica, não vibra, fica off-line e ao abrir o app ele recebe as mensagens, o mesmo acontece no WhatsApp web, ao bloquear o aparelho o web diz que o aparelho está desconectado, bug total.",1
Ta uma porcaria depois de algumas atualizações... As mensagens só chegam quando a gente entra no aplicativo.. Em segundo plano na maioria das vezes as mensagens não caem e não da notificação..,3
O meu celular um IPhone 6 não está com os emojis novos e não diz que precisa atualizar nem nada.,2
Ótima ideia!!!!,5
"Última atualização ficou horrível, agora não da pra saber quem mandou a mensagem sem pré visualizar a mensagem, toda vez que recebo zap tenho que abrir o App, resolvam isso!!!",5
Meus emojis não atualizam 🙄,1
A barra de ferramentas de baixo estar budaga e o aplicativo com algumas travas.,2
Atualização 2.18.101 deixou travando. Quando abre uma conversa e volta pro menu inicial a parte de baixo da tela onde tem status/ligações/câmera/... sai do lugar e volta em seguida.,1
"Após A última atualização a notificação apresenta defeitos, pelo jeito propositalmente. Sempre deixei desativado a prévia de leitura na tela bloqueada e aparecia somente o nome de quem enviou, agora com essa atualização só aparece o ícone e “mensagem”. Não aparece mas o nome do contato que te enviou a mensagem e você tem de abrir o app para saber quem te enviou.",1
"Boa noite,
 Deveriam implantar uma opção de aceitar ou recusar quando tentam colocar você em algum grupo. #canseidegrupo kkkk",5
Péssima atualização,1
"Muito bom, porem algumas vezes meus contatos não são importantes",5
"Whatsapp Web no Iphone 4 que é bom, Nada...
Esqueceram dos usuários de Iphone 4?",1
"Ao tentar enviar uma mensagem de voz, quando se clica no microfone, o próprio desativa sozinho, só da segunda ou terceira tentativa, ao apertar o microfone, que a mensagem é gravada sem corte!",5
Nova atualização de 2018 não abre no meu aparelho. Fica otimizando eternamente 😡😔,3
"Já são existentes muitas reclamações sobre isso e ninguém faz absolutamente nada! Edição de status é o problema do IPhone 5C, versão 10.3!
E agora nessa nova atualização não mudou nada, pelo menos no meu IPhone!",1
Não aparece as flexinhas das msg,1
WhatsApp nem abre mais depois da última atualização ontem. Que isso????? Vai sair nova atualização quando?,1
Essa última atualização corrompeu varias conversas minhas. Simplesmente ignorou as últimas 12horas de interação e perdi inclusive imagens importantes enviadas nesse período....,2
Após a atualização 2.1810 no iPhone 5s o app parou de funcionar ... não recomendo atualizar pois ele não abre mais o app,1
Atualizei o meu WhatsApp e não quer abrir agora!!!!!,1
Essa atualização fez com que eu não consiga abrir meu WhatsApp,1
Passou uns 20 min dizendo que estava optimizando depois disso não abre mais. Excelente atualização não? Claro que não.,1
"Arrumem isso, depois dessa última atualização de hoje o whatsapp entra e fica parado, travado e não recebo e nem envio mensagens.",5
"Acabei de atualizar para a última versão, e o app abre e fica travado na tela de mensagens.",2
Bugs concertados? Apareceram bem mais bugs agora! Eu n consigo nem fazer um unico scroll sem meu whatsapp fechar!,1
"Acabei de atualizar o app e já deu erro, consertem por favor pq apagou todas as minhas conversas no aplicativo 😡🤬",1
Essa Bosta depois da ultima atualizaçao nao quer mais entrar !,3
to começando a achar q o tema rosa e lenda urbana 🥲🤣,5
Piora a cada atualização,1
"Obrigada por voltarem a cor azul, detestava aquele VERDE RIDÍCULO.  NÃO MUDEM NOVAMENTE PARA AQUELE VERDE HORRÍVEL, PAVOROSO E RIDÍCULO.",5
NAO CONSIGO TER O WHATSAPP COQUETTE E TODO MUNDO CONSEGUE AFFFFF 😭😭😭😭😭😾😾😾😾,1
"Poderiam aumentar a quantidade de comentários fixados, pelo menos colocar uns 5-6
Outra coisa, os vídeos dos status poderiam ter opção de ser postados em HD também assim como estão agora os arquivos compartilhados nas mensagens 
Tô dando nota baixa só pra tentar chamar atenção, com as sugestões",1
"Cada dia que passa tá um lixo 
O Whats no iPhone tá horrível 
Feio verde 
Por favor dono do WhatsApp volta essa configuração ao normal 😭😭",1
A alteração de cor para VERDE ficou péssimo ( iphones). Deveria ser opcional!  Voltem com a cor azul !!,5
"Há semanas vi o anúncio de que chegaria a função de “tirar” o on-line, que teríamos um botão para escolher não mostrar a ninguém e que já estava em teste na função beta e chegaria logo em breve ao app oficial e até agr nada. Agilizem isso",5
"Está dando erro em algumas funcionalidades, depois que eu fiz a atualização não consigo escolher a opção de quem pode ver meu status.",1
"Não consigo cortar ou fazer qualquer alteração nas fotos na hora de compartilhar, os ícones estão flutuando, sendo impossível clicar neles!",5
"Gente, libera essa opção logo!!!!!! Agosto já no fim e nada de vocês liberarem esse negócio pelo amor de Deus.",3
"Nao estou conseguindo reproduzir as mídias na barra de notificações., áudios, vídeos e fotos",5
EU QUERO A MINHA ATUALIZAÇÃO PRA AUMENTAR A VELOCIDADE DOS ÁUDIOS!!,4
"Depois da versao 15 ios.
Não consigo responder pela tela de bloqueio.
Pede senha e não tem responder, apenas configurações.
Antes podia liberar o responder ou não.",1
Tento enviar um arquivo em pdf e não envia vira um loop e não envia,2
"Muito bom, mas as figurinhas animadas ficam travando. Por favor, corrijam isso.",5
"Toda vez que vou procurar na aba de figurinhas as favoritadas, o app fica com tela preta e, simplesmente, fecha. Já vi vários outros relatos com o mesmo problema e já atualizei o app e não resolveu. Por favor, resolvam esse problema, pois já faz tempo!",2
"TIRARAM A VISUALIZAÇÃO DO ÁUDIO para quem desativa o visto, PÉSSIMO PÉSSIMO",1
"Só uso porque o povo tá nisso, fazer o que!
O app Telegram está super à frente. Da até pra enviar filmes e materiais completos pelo Telegram, são generosos 2gb contra 64mb do Whatshitapp. Sem falar a interface feia e a dependência absurda do aparelho pra funcionar. Bateria de iPhone é pequena, ai já viu. Telegram permite conexão, mesmo sem o aparelho. Enfim!",2
Não se pode tirar uma fotografia que o sistema trava e você é obrigado a excluir e baixar novamente ! Nota -1000,1
"Após atualização do IOS, se eu enviar foto via câmera dentro do WhatsApp ele trava e não abre mais, a não ser que seja desinstalado, já desinstalei e instalei, fiz backup, não resolveu. Reiniciei iPhone e nada. RESETEI O IPHONE DE FÁBRICA, e mesmo assim problema persiste!!! 

Tenho iPhone 11. 

Obs: vídeos  também não são reproduzidos dentro do App.",1
"Vocês precisam criar um 0800 em casos de roubo da conta. Minha conta foi invadida, o sistema de verificação de dois fatores foi burlado e o e-mail de recuperação do PIN/senha aparentemente foi modificado pelos golpistas.
Solicitei via suporte a desativação da minha conta o que não foi possível por causa da confirmação de dois fatores. Quando mando outro e-mail, recebo uma reposta padronizada dizendo: “parece que nós respondemos a sua pergunta recentemente”.
A confirmação de duas etapas se mostrou totalmente ineficiente, assim como o serviço de suporte!",1
Porém podia ter um opção para o usuário ter que autorizar quando alguém ( que não está na lista de contatos) quiser começar um conversa com o ele.,4
"Sugiro que peguem boa parte de conteúdos que tem no telegram, pois vejo que jaja vcs irão perder para eles",5
whatsapp qual é coloca no iphone também preciso do modo noturno,5
"Quero fazer uma reclamação, vivemos em um país livre, essa limitação de vcs a envio de mensagens é uma ditadura, um desrespeito a nós brasileiros e garanto pra vcs somos quem mais faz desse aplicativo um sucesso. Exigimos respeito 🇧🇷",1
"E um erro só bota o modo escuro pra os aparelhos que tá o iOS 13
E os outros com iOS 12 ou 11",2
Bom,5
Depois da ultima atualização a barra de ferramentas tá bugando 🤷🏽‍♀️😒,1
"Mesmo com sinal, a ligação é horrível!",1
"Esta atualização está uma bosta ! Quando baixar vídeos ela não reproduz, ele não está mais conectando no computador ! Está uma merda se não melhorar essa merdas vou migrar para o telegrama",2
😎❤️,5
"Arruma isso por favor, o whats não está carregando as mensagens enquanto você não abre o aplicativo, aí quando vai abrir fica carregando as últimas mensagens",2
"Quero logo os temas, o de todo mundo atualiza, menos o meu. O que é isso?????",5
Doida pra atualizar o WhatsApp e ver que ele voltou pra versão azul de antigamente 🥲 voltemmmm pro azul pelo amor,2
Quero a opção de deixar as conversas rosa!😭,5
"Até agora nada de chegar essa atualização pra mim! não entendo porque essa prioridade que só chega para alguns usuários e não para todos. Já atualizei diversas vezes, horrível isso!",1
Quero meus TEMAS que nunca chegam.,1
Até agora não chegou os temas mas conversas!,3
"ainda não atualizou meu watts, as conversas ainda não posso personalizar da cor q eu quero",4
"Esse ngc de tema colorido NUNCA chegou pra mim, vi isso no mes 10 do ano passado (2024) e ate hj nunca chegou, tamo quase em fevereiro e ja atualizei meu whats mais de 20 vezes nesse meio tempo, e so chega umas atualizações inúteis, q raiva disso",2
cade meu whatsapp colorido,5
Eu quero o meu temaaa,2
Já atualizei tantas vezes e nada do meu whatsapp ficar colorido:(,4
"a anos usando ios e não recebi os tão aguardados temas, já meu namorado que acabou de pegar o primeiro iphone NA VIDA já recebeu. por favor senhores da meta, libera pra todo mundo ou tira logo",1
"o app em si é muito bom, mas a atualização dos temas ainda nao veio pra mim e faz meses que eu atualizo e espero vir , mas nao aparece pra mim, o meu iphone é o xr, e mesmo atualizando ele, nao aparece a atualização de temas",3
"meu iphone é o 12 pro e ta atualizado o software E NAO CHEGOU NEM A IA NO E NEM AS CORES, EU TO INDIGNADA 😭😭😭😭😭😭 oq o zap tem contra mim?",2
"Meu app simplesmente não abre mais, já desinstalei e instalei novamente e nada, será que fui banido!?🤦🏻‍♂️",1
"Venho sugerir a inclusão de uma nova funcionalidade no WhatsApp que permita aos usuários escolher se desejam ou não receber mensagens de voz e vídeo. Muitas vezes, esses formatos de comunicação podem se tornar inconvenientes em determinadas situações, como ambientes de trabalho, locais públicos ou até mesmo para pessoas com preferências por texto, que encontram na leitura uma forma mais prática e discreta de comunicação.

A ideia seria a implementação de uma configuração no aplicativo que possibilitasse ao usuário optar, de forma personalizada, por bloquear o recebimento desses tipos de mensagens ou convertê-las automaticamente para texto. Isso seria especialmente útil para aqueles que possuem dificuldades auditivas, limitações de tempo ou preferem a comunicação escrita por questões de conveniência.

Benefícios do Recurso:
	1.	Flexibilidade e Personalização: Oferecer aos usuários a autonomia de decidir quais tipos de mensagens eles desejam receber.
	2.	Maior Discrição: Em situações onde ouvir um áudio ou assistir a um vídeo não é possível, o recurso garantiria mais privacidade.
	3.	Inclusividade: Pessoas com deficiência auditiva ou limitações temporais se beneficiariam de uma alternativa que tornaria o aplicativo mais acessível.
	4.	Eficiência na Comunicação: Para muitos, a leitura de mensagens é mais prática e imediata do que ouvir um áudio longo ou assistir a um vídeo.
	5.	Melhoria na Experiência do Usuário: Tornaria o WhatsApp ainda mais alinhado às necessidades e preferências de cada indivíduo, aumentando a satisfação com o uso do aplicativo.

O WhatsApp já é uma ferramenta robusta e amplamente utilizada, mas essa funcionalidade agregaria ainda mais valor à experiência do usuário. Por isso, acredito que essa sugestão merece consideração, pois tornaria o aplicativo mais inclusivo, funcional e adaptável às diferentes necessidades de sua base de usuários global.",5
"Atualiza meus temas por favorrr, quero o whatsapp rosaaa",4
"gente pq a opção de tema demora tanto p chegar hein, aff",3
"Já tem dias que quando tento abrir o meu WhatsApp, ele aparece por uns 2 segundos e fecha. Não estou conseguindo acessar.",1
só irei avaliar com 5 estrelas quando o whatsapp colorido chegar pra mim! já chegou pra um monte de celular e o meu nada ainda!,1
CADE O MEU WHATSAPP ROSAAA EU NAO AGUENTO MAIS ATUALIZAR EU TO ESPERANDO ISSO DESDE QUANDO LANÇOU,1
gente já é 2025 e os temas vão chegar quando ????? liberem os temas pra todo mundo logo !!!!!,2
O meu não apareceu a opção de “tema de conversa” para mudar a cor :/,4
"Minha conta foi banida , simplesmente por que estava divulgado meu trabalha enviando mensagem para vários Contatos , o período de análise e de 24HORASS, acho um absurdo esse tempo , sendo que muitas pessoas dependem do WhatsApp pra trabalhar , estou esperando até agora a análise e trabalho logo cedo 🤦🏻‍♀️",2
Whatsapp eu quero minhas conversas com temas tambem! Quero meu zap rosa!!! Atualiza logo!!!🥺🥺🥹,2
Meu WhatsApp parou e não entra está dando tela preta o que fazer ?,3
"Fica só com atualizações mas nada de novo, os temas viraram uma lenda urbana",3
"Não atualiza igual os outros! Estou no aguardo do tema das conversas, de todos que conheço entrou o meu não entra nunca! Muitos meses e nada ainda o que fazer ?",1
E o lançamento dos temas ? Nada ainda?,3
"Olhe, eu to começando a achar que esse negócio de personalizar mensagens é falso, pra mim já virou lenda urbana, desde o ano passado que eu espero",1
"tenho iphone 14 pro e nada do tema rosa…. QUERO COLOCAR OS TEMAS COLORIDOSSSSSD, essa att só não chega pra mim",1
"esperando chegar no meu iphone 12pro essa atualização, o do meu marido é o mesmo que o meu e já chegou, e o nosso ta na mesma versão do whatsapp. 😡😡😡",1
Está fechando sozinho,3
porfavor whatsapp eu quero os temas no meu celular 😭,1
"Por algum motivo não está abrindo no iphone 14, pro depois da atualização de hoje.",1
pra todo mundo já chegou o tema e pra mim não ???!!!!!,3
Depois que atualizou o WhatsApp fica saindo toda hora sozinho dor iPhone 6,1
O WhatsApp abria e fechava rapidamente,4
"meu whatsapp não quer atualizar, não chegou nem a meta.ai nele! inclusive a atualização de mudar de cor também não.",3
Atualizações demoram horrores pra chegar pra todo mundo.,1
"Ponto negativos: as mensagens são armazenadas na nuvem enchem o ICLOUD de besteira , seria bem melhor se as mensagens fossem integradas ao próprio app, ou seja as mensagens criptografas na nuvem, como em um certo app azul ou até mesmo como em certas redes sociais . É evidente, que essa tecnologia de salvar no celular é muito arcaica vejo que isso não evoluiu nos últimos anos do aplicativo é seria muito interessante. Porque ter que mudar de número ou trocar de celular é muito difícil pra salvar as mensagens já enviadas na minha nuvem é não na do aplicativo.

Ponto positivo: o aplicativo é o mais popular do Brasil mesmo não sendo melhor no quesito técnico, isso facilita a comunicação com qualquer pessoa",3
Meu WhatsApp esta fechando sozinho desde o dia 27 de Dezembro,1
"Está consumindo basicamente toda bateria do meu iPhone depois da última atualização. Nunca foi assim, mas está impossível. 
Quando vejo o consumo, 48% em algumas horas são do WhatsApp. Está péssimo.",5
"Gosto mt do app,porém não chegam os temas do WhatsApp pra mim nunca,aff!",5
"Informava que ao migrar para o Business transferia tudo, e perdi todas fotos, vídeos, …",1
Muito ruim,1
"Volta pra atualização azul , assim ta feio e com esses  canais pior ainda tirem !
Sem contar que toma muito espaço aqueles canais, e tmb esse meta nao sei pra q ..",2
Vocês só deveriam atualizar se for para melhorar e não para piorar!!!,1
quero o chat rosa logo pf,5
um lixo nem abre mais vey dps dessa última atualização!!,1
"Porque ainda não atualizou o meu com
Novos temas ? O meu eh o iPhone 15",5
"EU QUERO OS TEMAS WHATSAPP, LANÇA LOGO PFVRR 😭😭😭QUERO TER O WHATSAPP ROXO",5
O WhatsApp com os termas coloridos já virou lenda urbana para minha pessoa. Pf me mande a atualização com os termas obgd 😘,2
WhatsApp abre e fecha sozinho no Iphone Xr,1
Quero a versao rosa 🥹,4
"Ha quase 1 ano eu relatei que havia um bug do WhatsApp com o iOS nos iPhones XS. Tudo atualizado e mesmo assim eu não recebo alerta quando as mensagens chegam, o que me obriga a olhar o app com frequência. Será que precisarei trocar de telefone para ter uma normalização dos alertas?",3
Não atualiza logo no iphone 14 para ter os temas coloridos!,2
não chega nunca atualização,2
"Meu aplicativo não está abrindo mesmo limpando memória,reiniciando,atualizando,ele continua com erro!",1
Cadê os temas para o iPhone 13??? Faz isso comigo não!,1
"Meu WhatsApp parou de funcionar, fica tela preta. Não existe nada que eu faça pra voltar",1
"ja virou lenda urbana esse capeta, deus o livre",1
Após atualização não abre mais WhatsApp no aparelho,5
"Há cerca de um mês deixei de conseguir salvar Contatos a partir do WhatsApp. Já atualizei o app, já solicitei assistência autorizada e não tive sucesso. Solicito avaliação e atualização que corrija o bug reportado.",1
"Meu Whastap não está funcionando , abre e fecha sozinho IPhone 11",1
Não tenho os temas no meu iPhone 8 Plus,5
Bom porém precisa melhorar muitas coisas e incluir funções que já tem no WhatsApp Gb a anos,5
cade a atualização do whatsapp rosa plhaçada n chega nunca,1
O meu é um iphone e até hoje não tenho a atualização de mudar cor das conversas etc… já atualizei e até hoje nada,4
Cadê meus temas?? 😭😭😭,1
Não está abrindo no iPhone 13,1
Cadê os temas?,3
"app ÓTIMO, mas não chega a atualização do WhatsApp rosa nunca! 😭",5
Até o iPhone 11 da minha ex recebeu os temas e o meu que é o 12 Pro Max nada ainda.😤,1
"aff q demora pra chegar atualização, cadê meu whatsapp rosaaaaaaa",1
"E um app muito bom , porém n consigo ver novas atualizações nele como a dos temas , se puderem me ajudar com essa problema ficarei agradecida!",2
"Tô a tempos aguardando essa atualização, até o IOS eu atualizei e nada. Resolvam!",2
"A barra de digitar mensagens some, contagem dos áudios travadas em 0.",3
CADÊ OS TEMA CACETE 😡,1
"Até hoje (11/01/2025) os meus temas do WhatsApp não chegaram,sendo que essa atualização lançou ano passado,então gostaria que agilizassem esse processo para liberar o tema para todos os usuários,pois está demorando muito e muitas pessoas estão reclamando!😭",1
cadê a opção de mudar a cor do chat???? atualizem logo!!!!!!,1
"Não apareceu para eu colocar mensagens rosa ou outras cores, peço que resolvam!!!",1
Eu quero temas novos!!! Me mandaaa 🙆🏻‍♀️,5
Tenho um iPhone 15 ProMax e até hoje não tenho a Meta IA e nem os temas no meu WhatsApp. Quando receberei essa atualização?,1
Quero logo a atualizaçãooo!!!,2
"Cadê esses temas das conversas, atualiza tudo menos os temas. Duas semana sem atualizações",1
"Atualizei agora e quando fui testar uma das “novidades”, não existe essa opção no meu WhatsApp: “Agora é possível manter a contagem de mensagens não lidas no ícone do app mesmo depois de fechá-lo. Acesse Configurações > Notificações e desative a opção Limpar contagem na seção Notificações na tela inicial.”",1
"Totalmente desatualizado, sem nenhuma novidade desde 2024!",1
"Meu IPhone 11, iOS 18 não consegue abrir o WhatsApp",1
"whatsapp vey, NÃO CHEGA A ATUALIZAÇÃO NO MEU CELULAR, SÓ QUERIA MEU WHATSAPP ROSA😭😭",2
"Não tem IA CHATA e TEM TEMAS!

TELEGRAM É MUITO MELHOR

TELEGRAM É MUITO MELHOR

TELEGRAM É MUITO MELHOR",1
"O WhatsApp simplesmente parou de funcionar. Clica, abre e fecha sozinho. Já tentei realizar todas as operações para restabelecer o aplicativo.",1
"apesar de estar com o sistema do celular atualizado e com o aplicativo tb, não consigo mudar o tema das conversas!!",3
"O app depois dessas atualizações, os status ficam fora de ordem, quando vc apaga algumas conversas, o contato fica perdido no meio dos outros contatos, utilização péssima!",1
"A atualização dos temas chegou a muito tempo para outras pessoas, mas para mim não chegou até hoje, já cansei de tentar atualizar e não conseguir mudar os temas. Atualizei várias vezes e nada, além de que não é a primeira vez.",3
Nunca chega o temas pra mim e já está na última versão !,1
cade OS TEMAS WHATSAPP TEMAS DE CONVERS,1
Cadê o wpp rosa ? Nunca chega essa atualização,1
o meu não atualizou ainda pra poder escolher o tema!,2
"só dei uma estrelinha, pois o whatsapp não me enviou os temas coloridos ainda…",1
o meu papel de parede ainda segue sem atualizar,1
"Não tá chegando atualização nenhuma pro meu WhatsApp, não chegou IA e nem tema de conversa.",1
A atualização não chega para mudar a cor das mensagens😭,5
gente cade a atualizacao zap rosinha cade as cor atizap cade😭😿,5
"Sem atualização, WhatsApp parou no iPhone 13 e não abre mais... Mesmo atualizando o problema persiste",1
App vc entra usa um pouco do nada ele fecha e vc tem que abrir novamente. Fechando sozinho em poucos segundos. Suporte aqui ninguém dá atenção !,1
"Problemas no app, não estou conseguindo abrir e usar o app",5
Ao entrar no app sai automaticamente e somente tela preta,1
"Volta pro azull , nao aguento mais esse verde horrivel pelo amor Voltaa azuuuul , queremos azul de voltaaaaaa , volta azul volta azul volta azul cade  os temas q nda ate agora",2
"Wpp tá fechando sozinho!! Não consigo mexer em nada, já atualizei o app, já atualizei o meu celular e não funciona!!! Já fiz até desinstalar e instalar de novo e não consigo mexer 😡",1
Tenho um iPhone 13 e do nada meu WhatsApp não abre mais,1
"Eu só quero informar um erro que está acontecendo.
 Quando uma mensagem é arquivada era pra ficar silenciada, mas não está ficando, mesmo arquivada ela está tocando o som padrão.",4
"Meu WhatsApp está fechando sozinho e não consigo acessar nada, atualizei e continua com o mesmo erro",1
WhatsApp rosa chegou pra todo mundo menos pra mim me senti excluída,1
"DO NADA o app não abre mais! Eu clico em abrir e ele abre e fecha sozinho, não consigo abrir nenhuma mensagem. Eu recebi notificação, consigo ler pela notificação, mas qnd eu clico em abrir, o app fecha automaticamente. Já não sei mais o q fazer. App está atualizado, memória do celular ok, sistema operacional atualizado tb… não posso desinstalar e instalar pq não posso perder histórico por conta do trabalho. Não sei o q fazer!!!!",1
"Falha no whats, ele abre porém só fica com a tema preta, já atualizei o IOS 18.2, porém mesmo o erro persiste!",1
"O WhatsApp não está abrindo no meu iPhone mesmo após todo suporte sugerido , do nada travou e não abre mais .",1
"Após a última atualização, o app não abre no iPhone 13 pro.",1
"Tenho um IPhone 12 Pro Max, e desde o dia 27/12 o whatts não está abrindo mais no meu celular. Já tentei varias coisas, e nada funciona. Relatei isso através de uma reclamação no suporte, e estou no aguardo da devolutiva para solucionar esse problema.",1
Queria saber o por que não atualizou no meu celular iphone11,2
Não está abrindo no meu celular,2
Não consigo mais acessar o app inicia em seguida fecha automaticamente no meu iPhone 11 Pro Max,2
"App não abre no Ios18.2 . Já atualizado , desinstalado e reinstalado . Bug/ erro",5
"Não estou conseguindo acessar meu app, quando tento acessar ele, o app fecha automaticamente. Não tem atualização disponível 😓",1
Problema que não abre o aplicativo fica fechando toda hora sozinho,2
"É o app que o mundo todo mais usa e não chega a atualização pra todos, tô esperando faz um tempo pelo os temas das conversas e nada, todos os dias tô aqui olhando se tem atualização e só tá comendo memória mesmo!",2
"Boa tarde! Estou com uma situação do WhatsApp no meu celular, iPhone 11, está na versão de software iOS 18.2, quando tento acessar o app, ele fecha sozinho. Por gentileza, pode me ajudar, tenho dados importantes.
Desde já agradeço.",5
"O app nao abre mais, fecha em 1 segundo",1
Seria importantíssimo que tivéssemos uma versão para o Apple Watch! Já passou da hora! A experiência de uso no relógio é pessima e necessitamos de apps de terceiros para usar com certa qualidade!,4
"Atualizem o wpp pra deixar a confirmação de leitura só pra pessoas selecionadas, igual o visto por último.",4
"Todo mundo do Tik Tok com o wats rosa e eu aqui sem nada, atualiza isso logo pfvr",4
Estou no IPhone 13 iOS 18.2 e o meu WhatsApp não abre...,1
O app está abrindo e fechando no iPhone versão do iOS iOS 18.2 (22C152),1
"Péssimo, o aplicativo simplesmente fechou no celular e não abre mais, já reinstalei, já limpei todo o aparelho, já restaurei a versão do meu celular e não abre",1
"nunca chega esses temas parece que vcs botam pra 1 pessoa a cada mês, coloquem pra todo mundo por favor o meu ainda nem atualizou pra aqls barrinhas que ficam no superior do aplicativo, que ficam ""arquivada"" ""não lida"" ""grupos"" e etc… imagine os temas, coloquem logooo",1
virou mito essa atualização de trocar a cor da conversa? vamos trabalhar ne,1
"Du nada meu whats não quer funciona, ele entra da dois segundos ele sai sozinho do aplicativo, já até atualizei o sistema operacional do meu telefone e não resolveu. Aplicativo bugadão",1
Muita demora pra liberar um tema.,1
"A atualização de temas não chegou para mim, não consigo colocar as cores rosa, roxo e etc. fora isso amo o WhatsApp",3
Cade os temas por que não chega logooo,1
Estou aguardando a autorização sobre os temas e até agora não recebi nenhuma resposta.,3
"Depois dessa última atualização , o Gif sumiu . Nada aparece, fica só a foto de dois gatinhos dizendo que não tem nada. O mesmo acontece com as figurinhas.",1
Se atualizar msm e mostra quem tiro print vai acaba com a vida de muitos fofoqueiros 😂😂😂,5
"Essa bolinha no canto da IA atrapalha muito, fico abrindo ela sem querer, horrível, não sei quem deu a ideia disso mas merece ser demitido.",1
"Se a gente apaga a mensagem é com o objetivo de que ninguém veja, qual o sentido de informar que a gente apagou a mensagem? Fazer a gente passar vergonha? Mostrar que a pessoa é insegura? No telegram quando excluímos a mensagem é excluída pra todos e não faz a gente passar essa vergonha. Melhorem isso é sem lógica alguma deixar a mensagem lá, se querem deixar claro que a gente apagou coloquem de uma forma mais discreta e não tão descarada assim…",1
"WhatsApp depois das atualizações com IA tá horrível, demora dms pesquisar uma conversa, um contato, abrir as coisas, travando dms. Tá horrível!",1
"Eu estou tentando me comunicar com o WhatsApp mas simplesmente ninguém me responde fui desativado de todas minhas redes sociais que eu possuo a mais de 10 anos e ninguém me dá uma resposta, eu preciso das minhas redes sociais s de volta",1
Nota 0,1
"meu marido com iPhone 8 Plus e minha mãe com iPhone 12 já têm, eu aqui com meu iPhone 13 nada ainda. libera aí seu Mark nunca te pedi nada",3
Falta possibilitar realizar backup de conversas no PC.,1
meu whatsapp está na versão 24.25.89 (iphone) e ainda não tenho a inteligência artificial meta que desde outubro foi lançada.,4
"Está fechando sozinho , iPhone 11",1
Esse app tá travando pior do que tudo no iPhone 15 pro Max.,1
"Eu quero ter temas no meu WhatsApp, todo mundo tem menos eu",1
"Espero que arrumem o bug de cortar a foto, está saindo desregulado quando recortamos, faz algumas semanas já",2
"O  WhatsApp é uma boa rede de comunicação porém, ainda não dar pra ter 100% de confiança no app. Tem alguns bugs. Os áudio tem saído com ruídos como se estivesse sendo acessado por terceiros. Ao receber um áudio nem sempre sai o som com o que a pessoa está dizendo. Algum tempo depois o mesmo áudio aparece som. A voz das pessoas tem alterações de tom. E o áudio ondula o volume ao ser produzido. Tem horas que parece que a voz da outra pessoa foi editada. O envio não está sendo imediato. Está demorando um tempo para a confirmação de recebimento no WhatsApp aparecer. Quando estamos online várias pessoas mandam mensagens e há muita interação. Ao fechar o app e passar algum tempo sem entrar, simplesmente parece que o WhatsApp não recebe mensagem. As notificações não estão chegando em tempo. Muitas vezes pra saber se há alguma conversa só quando entramos no app e chove de mensagens não lidas.",3
"Até agora nada de chegar, sempre atualizando mas nunca chega",3
"O aplicativo apresenta bugs constantes que só pioram a cada atualização. O áudio para no meio e trava , o teclado aumenta do nada o volume, as vezes  demora pra baixar um documento … poderia rever esses feedbacks para corrigir o mais rápido possível e entregar um aplicativo com fluidez",2
Nunca chega tema colorido,1
Trava tudo na hora de digitar,1
Pq somente alguns usuários tem os temas do WhatsApp? Sempre atualizo e nada dos temas.,2
a atualizado das cores na conversa não chegam nunca pra os usuários de iphone 13,1
"Bem que poderia vir uma atualização, que poderia colocar foto em modo live no perfil, eu acho q não só eu iria ficar feliz com isso, mas sim uma boa parte dos usuários",5
"Eu tava achando que o problema era o meu celular q é o iPhone 11 mais outros do mesmo chegou e o meu não,cadê minha atualizaçãooook",2
"Ja to a meses esperando meu iphone atualizar os temas, até o celular da minha VÓ tem, faça algo whats",2
WHATSAPP ME DA A ATUALIZAÇÃO DE DEIXAR O ZAP ROSA,5
"To esperando ATÉ hoje chegar o modo de mudar as cores , não chegou ainda , tá esperando oque ? Virar o ano ?",1
"não consigo colocar o tema na conversa, já atualizei e não aparece",3
Liberem logo pra todos!🥹🥹,2
"já atualizei meu celular várias vezes ,até já desinstalei o app mas não chega atualização dos temas 👎🏻👎🏻👎🏻",1
cade esta caralha desse tema rosa que nunca chega pro meu ???????,5
"seria PERFEITO se eu tivesse a atualização de mudar o tema da conversa, vejo um monte de gente tendo e eu até hoje nada mesmo que eu SEMPRE atualize",4
whatsapp CADE meu whatsapp rosa seus canalhas! meu celular ta tudo atualizado e essa atualização de caca NAO CHEGA,1
cade o whatsapp rosa cade cade cade virou lenda urbana ja eu so quero por meu whatsapp rosinha fofinho todo mundo ja tem menos eu por favor eu quero por meu whatsapp rosa por favor por favor,4
Fiquei muito decepcionada por que no meu WhatsApp não tem a META AI(nova inteligência artificial do WhatsApp)e todas as pessoas que conheço e que usam WhatsApp tem essa nova inteligência artificial,4
"A 3 dias que ao abrir a aplicação apenas mostra essa mensagem. Não entendi até agora o motivo. Instalei e desinstalei o aplicativo e nada. Tentei reportar o erro por e-mail e não foi possível. Uma falta de respeito, não confio mais no aplicativo que bloqueia os usuários sem motivo, e não permite que eu tenha acesso às minhas mensagens e não tem um canal de comunicação.",1
E ultil e pratico mas tem algumas funcoes esteticas e funcionais que eu ate agora nao consegui obter como a funcao de criar a figurinha com o proprio whatsapp que ja tem faz tempo e a funcao de mudar os temas,3
"Meu aplicativo teve várias atualizações, mas ainda não apareceu o IA, meu aparelho é um iPhone 14 Pro Max.",3
Estou morewndo cade o whatsapp rosinha coquette,1
Cade os temas wue nao chegam NUNCA???? Eu quero o WhatsApp rosaaaaaa,1
cade meu tema rosa que nao chegou ate hoje? 💔💔,1
"Não sei o que está acontecendo mas o meu wpp não está com a inteligência artificial ainda, e olha que o meu celular é um iPhone 13 viu, se alguém souber o que eu posso a estar fazendo
Me ajude por gentileza",3
Após a última atualização parei de receber notificações de mensagens. Só recebo mensagens quando abro o app.,5
Porque o iPhone XR já tem mudança de temas e os mais novos não?,2
Cadê a atualização dos temas que n chega nunca?🙄,2
"Geral têm WhatsApp colorido mas ainda não chegou esta opção pra mim, já atualizei mais d 5 vezes!",3
"Apos a atualizaçao 24.25.3, meu whatsapp nao abre mais, na verdade ele abre e fecha automaticamente, nao consigo fazer nada no WhatsApp, nem ver mensagens nem mandar mensagens, logo após abrir, ele se fecha automaticamente. Meu celular é um iphone 14 pro max que esta na versão do iOS18.1.1.",3
"Áudio não pega ,não consigo enviar áudio",1
sem atualização com meta ai até o momento no meu iphone 11 64gb,1
gostaria de saber quando vão atualizar para mudar a cor das conversas,2
"o whatsapp de todo mundo atualizou e da pra mudar a cor, menos o meu… eu tava tao ansiosa por essa atualização",1
"Não chega nenhum tipo de atualização em meu telefone, se chegar fica alguns dias e depois some, igual a “IA”.",1
cade meus temas whatsapp. libere meus temas,3
"Após última atualização, mensagens não são recebidas com o app fechado, e aparecem todas de uma vez quando se abre o app. As notificações não aparecem.",1
Nada de temas no WhatsApp,5
Já esteve melhor o app agora quando mando áudios sai baixinho toda hora tem que fechar que fica comi se tivesse gravando quando saio dele mesmo que reinicie o celular,1
cade meu whatsapp que muda de cor nao chega nunca ?,4
"Não conecta no app para web. Lê o QRcode, mas depois dar errado e diz que tem problema na conexão, mas não tem nada de errado com a internet.",1
"ate agr n chegou atlz dos temas, os status estão fora de ordem e não tem notificado novas mensagens 🙄",1
"Meu cll é um iphone 11,já tem a IA e a opção de curtir status,porém os temas não chegam nunca,sempre fico de olho nas atualizações e quando tem já atualizo e NADA!!!Não entendo pq já vi várias pessoas q já tem essa opção no whatsapp!!!",1
"Por favor criem uma função onde o usuário pode escolher se quer receber mensagem de áudio ou não. 
Pq tem pessoas que odeia áudio.",4
cadê meu whatsapp rosa😭,5
Quero muito a atualização com a mudança de tema,5
"Poxa, ja faz mas de meses que estou esperando a atualização dos temas de conversas, quero meu WhatsApp rosa, não aguento mais esperar, ja me conformei que não vai chegar pra mim, uso iphone 11 e nunca chega.",1
Eu quero meu wpp rosaaaa😭😭😭,4
cade o temaaaa,1
Eu quero os temas por favor😭😭,1
Eu quero os temas😞,1
Zero,1
quando irá sair a atualização de cores do app?,4
"Não chegou pra mim, mas tá chegando pra todo mundo não to entendendo. Tá virando lenda urbana já",1
o meu sempre demora ora atualizar. estou a semanas esperando atualizar a cor e nn foi,4
Cade a atualização 😭,4
Já atualizei meu WhatsApp várias vezes já até apaguei a conta mais não aparece o opção de curtir status já mandei mensagem pro suporte mais não responderam nada 🥲,2
"nao aguento mais atualizar o whatsapp e não liberarem meus temas, que sacoo",1
"Pelo amor de Deus coloquem opção de personalizar, adicionar toques de mensagens fora os de iPhone, ninguém merece ter tudo toque igual!",1
O aplicativo é MARAVILHOSO mais nn atualiza nunca essa bomba de temas pra mim vey q raiva,3
"Não estava reclamando porque sei que as atualizações demoram para chegar para todos, mas, poxa, já faz quase dois meses que meu irmão recebeu os temas, e eu nada 👎. Que demora é essa?",3
"NÃO ESTÁ APARECENDO “TEMA DA CONVERSA”, eu quero trocar meu whatsapp de cor mas não consigo.",2
Queremos tema rosa para todas!,1
"Estou decepcionada, nada d e vir os temas do WhatsApp pro meu celular",1
"eu quero os temas, cadê??",3
"Eu gostaria que no meu WhatsApp tivesse como mudar o tema, eu já atualizei e desinstalei e instalei novamente e não apareceu a opção",5
"Já atualizei duas vezes o app pra ver se consigo usar essa função e não veeem 😭😭 meu marido, minhas amigas conseguem me mencionar na hora de postar algo no status, mas eu não consigo repostar o que eles mencionam e muito menos postar alguma coisa mencionando alguém, atualizei a versão do IOS tbm e mesmo assim não aparece essa função 🥺",1
"vocês não liberam os temas para mim, se for atualizar, atualize para todos.",1
Ótimas atualizações só poderiam voltar com a cor azul para usuários de iPhone invés do verde já tinha me acostumado agora ta estranho,4
CADE A ATUALIZAÇÃO DOS TEMAS,1
Kd meus temas????,4
"Não devia ter tirado a cor azul no iOS, sempre a mesma coisa tanta atualização pra nada😒",1
"Todos tem menos eu, quero imediatamente!!!",3
Quando vem a atualização de mudar a cor dos balões de conversa?,4
"Avalio este app com uma estrela pelo simples motivo, não tenho o tema rosa. Meu celular é iPhone 8 e dizem que chegou até para 7, menos para o meu! Atualizo sempre que posso e nada... Espero que concertem isso.",1
"Abro os status das pessoa é vejo, mais fica como se eu não tivesse visto, está bugado, já atualizei tanto o WhatsApp, quanto o telefone para o iOS 18.1.1",1
cade os temas com cores diferentes????,1
sempre que atualiza não muda nada e não recebo os temas,1
Cadê meu tema WhatsApp,3
"Não dá para mudar a cor das conversas,estou muito chateada,as minhas amigas já tem…",3
Libera o temas pro meu WhatsApp 😭😭😭😭😭,1
IA no iPhone 12 quando?,3
"Nessa última atualização quando você apaga uma conversa ela fica com a data que vc apagou e não com a data da última resposta, como antigamente.",1
Não chegou a atualização das cores pra mim mudar o meu texto não gostei,1
"Todo mundo de iphone 13 já tem o Meta Ai e eu tenho iPhone 13 e o meu ainda não apareceu. Podem verificar, por favor?",1
"Separem as conversas dos grupos por favor🥹
Uma aba para conversas e uma para grupos.",5
queria mudar o tema da conversa mas n chegou ate agr qsaco,3
QUERO O TEMAAAS QUERO MEU WHATSZAPP ROSA CADE A ATUALIZAÇÃO EMPRESA LIXO,1
"Meu WhatsApp não atualiza com os temas, e tenho IOS",1
"Essas atualizações não mudam em nada o meu continua do mesmo
Jeito",1
Quero a atualização dos temas das conversas,1
Status do WhatsApp está fora de sequência a alguns dias,1
"Não dá mais pra mudar o papel de parede pra alguma imagem de nossa preferência no iPhone, só os que estão disponíveis lá! Odiei isso!!!",1
"Eu tô me sentindo excluída, juro, quero colocar a cor do balão da mensagem de rosa, chegou pra todo mundo e pra mim não, já atualizei o IOS, já atualizei o aplicativo e NÃO CHEGA",1
Ainda estou sem o meta ai,1
Já chegou para a maioria e para mim nada ainda 😫,3
"O app é realmente muito bom, oque me deixou com raiva é que a atualização dos temas nunca chega no meu WhatsApp",3
"faz mais de 2 meses que eu vejo o pessoal postando sobre o whatsapp rosa, na opção de temas. decidi atualizar um monte de vezes mas até agora não chegou essa opção",2
Tenho um contato que vive postando coisas demoníacas já cansei de denúnciar e nunca acontece nada!,1
"sempre que eu atualizo, não muda nada!!!!! parece que nem estar atualizando meu Deus",1
"Por favor, façam uma atualização pra deixar a foto de perfil com boa qualidade, porque nesse quesito está péssimo.",2
Todo dia esse App atualiza e nada dos temas,1
Conheço quem tem o iPhone 8 e já tem a IA. O meu é o 14 e ainda não tenho 🤣,1
Coloquem a opção de desativar a ferramenta de IA,1
"WhatsApp, deveria soltar logo essas novas atualizações com temas e redesenhado o status do WhatsApp que atraso meu Deus",1
"Não tenho que reclamar do app mas ultimamente aqui no iPhone o áudio da uma travada. Ao ouvir um áudio, vc dá o play e o audio começa, aí o ícone fica de colocar pausa mas não sai disso. O áudio termina e o ícone de pausar continua, não tendo como colocar pra ouvir novamente, só fechando o app e abrindo novamente.
O iOS 18.1.1  está atualizado mais recente",5
"Não entendo por que quando você exclui as mensagens ela não some da tela inicial, mostrando que você apagou. Se você apagou é porque tem um motivo. Então seria interessante descer por tempo que mostra a última conversa, como era antigamente",4
CADÊ O WHATSAPP ROSA CARAAAA EU TO ESPERANDO DESDE OUTUBROOOO,1
Ta todo mundo falando que ele atualizou pra mudar a cor da conversa! E o meu não,1
"demora pra aparecer notificação, não atualizou os temas, colocou umas atualizações inúteis, melhore viu",1
Aplicativo que atualiza para uns e para outros não tendo o mesmo modelo de celular e o mesmo software,3
"Até agora n liberaram a atualização de IA pra mim, quando o suporte decidir funcionar e liberar a atualização pra mim eu atualizo aqui",1
"IOS atualizado e WhatsApp também, só que a atualização não chegou já faz uns 5 dias que as redes sociais não param de mostrar, espero um retorno sobre isso!",3
"Não tenho atualizações de temas, transcrição de áudios, e ícones de bate papo.",1
Só gostaria de ter meu app atualizado,2
"Bom, ultimamente o meu WhatsApp estar tendo bugs…principalmente um, que acontece com uma certa frequência. Bug consiste em o WhatsApp do nada travar !! Isso acontece dentro do grupo. Ele trava e não volta mais. Fecho e abro o app ficar livre por 3 segundos e trava novamente. O outro consiste em por conta desse travamento eu desinstalo o app e instalo novamente, e quando vou pra recuperar as conversas trava lá. Fica em 97% e não sai de lá. Quero mudanças!!!!! Isso aconteceu no iPhone 8 plus.",1
"Cadê a tal da atualização que deixa o wpp com outra cor alem do verde?!

Ta virando lenda ja..",3
"Pelo amor de Deus,quando vão conseguir arrumar todos esses bugs,está péssimo.
Vc ouve o áudio uma vez,aí não consegue ouvir de novo",1
"Estou tendo problemas a semanas quando tento cortar uma imagem,faço o recorte e quando dou OK ele envia somente o canto da imagem",3
muito ruim pq a pessoa escuta um áudio e o áudio buga isso ta horrível detestei ai a pessoa tem que sair do whts e volta pra poder escutar de novo namoral viu arrumem isso logo pela fe,2
Mensagens só chegam pra mim se eu entro no app,1
"todo mundo com whatsapp rosa bonito e eu aqui com esse verde tenebroso, já atualizei umas trocentas vezes, toda semana mandam uma atualização diferente e nada do wpp rosinha, o que é isso??? que injustiça é essa???? pq tão demorando tanto pra soltar pra todo mundo? uns com tanto, outros sem nada. bora empresa, libera esse whatsapp rosa pra gente🙏🏻🙏🏻🙏🏻",1
Meu dispostivo ainda não atualizou pra mudar a cor do tema 🥹,5
Eu já apertei num sei quantas vezes pra atualizar quando aparece e nunca apareceu a atualização pra muda as cores das conversas já tô ficando chateada  (IPhone 7plus),2
Transcrição de Texto ajudava bastante e estava funcionando bem e vocês tiraram. Não são uma dentro né? 😂,2
Melhorem essa atualização!,5
Os stories de uma hora atrás aparecendo cima de quem postou agora mesmo. Meu WhatsApp tá todo bugado,5
"app mto bom, ma estou esperando ate agr a atualização da mudança de tema das conversas",5
Não gostei a nova atualização chegou pra td mundo menos pra mim.,1
to com odio que pra todo mundo teve a atualização de mudar o tema e pra mim nao,1
todo dia eu venho atualizar e nada de zap rosinha 😭😭,4
"O aplicativo ficou com um problema depois da última atualização, as mensagens aparecem que não foram enviadas e também aparecem que não foram visualizadas, mesmo sendo enviadas e visualizadas no mesmo momento em que eu as enviei.",2
Distribuição das atualizações muito lentas. Muitas já perderam até a graça quando chegam 🤦🏻‍♂️,1
"Não está notificando no iPhone já faz 3 meses, chegam as mensagens e só notifica se estiver com o aplicativo aberto, se tiver com aplicativo fechado você fica sem saber se recebeu alguma notificação, estou tendo prejuízo com esse aplicativo, Lamentável…….",1
"Antes era 5 estrelas só que agora está dando muitos problemas , espero que resolvam logo porque tá ficando chato 🙄",3
"Essa recente atualização que faz a conversa permanecer no mesmo local mesmo após apagar mensagens não faz sentido.
Apago mensagens de hoje em uma conversa. Daí as últimas mensagens que ficam nessa conversa são de 5 dias atrás e o contato permanece no mesmo local ao invés de descer para os contatos de 5 dias atrás. 
Não faz sentido, pois se eu for procurar esse contato, vou instintivamente para as conversas que estão no histórico de 5 dias atrás. 
Essa atualização não faz sentido temporal para procurar um contato que se apagou mensagens recentemente.",1
"Está horrível, a pessoa visualiza os status mas continua lá como se não tivesse visualizado.",1
"Horrível, pq meu telefone é um iPhone 14 e toda semana pede atualização e não vem as novidades",5
"Está travando muito, entra em conversas aleatórias, muda de aba. Ta horrível gente .",1
"enviem logo os temas para todos os celulares!!! isso é horrível e demora muito, já tô quase desistindo desse app",3
"vei eu to começando a achar q esse bgl de tema eh lenda urbana, pelo amor de deus nao chega nunca, so queria deixar meu whatsapp rosa e da em todo whatsapp do tiktok, MENOS NO MEU",3
Cadê a nova att no iPhone 16 pro max eu já att várias vezes não aparece transcrever áudio e nem temas,1
cadê a opção de mudar a cor das conversas em wpp ngm merece essa demora,1
cadê meus temas????,1
"Quase todas as marcas de celular já chegou os temas, só no iPhone que ainda tá essa palhaçada.",1
esse meta IA é totalmente desnecessário,4
na hora da troca do papel de parede trava e não consigo atualizá-lo,3
"20 de novembro de 2024 às 23:30, estava na casa da minha namorada, saiu atualização do whatsapp, e eu, minha namorada, meu sogro, e minha sogra, simplesmente perdemos todas as nossas conversas em nossos respectivos telefones, simplesmente lamentável para quem tem informações importantes!",1
"Quando você apaga uma mensagem,não atualiza a ordem !!!",1
👍🏽,1
"O meu WhatsApp não quer ficar muito do jeito q eu realmente quero,e eu não gostei da cor verde não",3
esperando ansiosamente pra chegada dos temas!!!!!!!,2
Cadê os temas que ainda não chegou no iPhone 11,3
um problema é que quando eu mando alguma foto para o meu próprio numero ela nunca carrega e nao abre,2
"WhatsApp cadê os bate papo colorido , está todo mundo esperandooo !!! Chega nuncaaaa",4
Cadê meu WhatsApp rosa?,1
"já atualizei um milhão de vezes o whatsapp e nada dos temas, esses temas já virou lenda urbana, QUERO OS TEMAAAAAAS",1
Estou vendo muitas pessoas mudando o tema do app para várias cores e não chegou em muitos aparelhos avançados inclusive o meu!,4
"O Whats está horrível com essa função IA. Só trava, não acha as conversas. Péssimo!! Péssimo!!",1
Você sobe um vídeo pro status e fica parecendo que foi gravado com um galaxy pocket,1
Aí quando entra na conversa novamente só continua um tick,3
"As mensagens que eu envio aparece como não enviadas mas as pessoas conseguem ler mesmo assim; as notificações de alguns contatos não estão chegando; os áudios não gravam nada, e quando recebo o áudio para e simplesmente aparece que não é possível reproduzir. Ajeitem isso.",2
ja atualizei essa merd 2 vezes e nada,2
"Toda vez que entro no aplicativo tiktok, o whatsapp simplesmente fecha o segundo plano e desliga chamada de voz.",1
"Após esta atualização meu iPhone 15 está travando muito, sumindo foto dos contatos, e travando bastante, está tudo atualizado, tanto o app quanto o iOS",1
CADÊ A ATUALIZAÇÃO PRA MUDAR O TEMA DA CONVERSA,5
"Essa última atualização está deixando com que as mensagens fiquem atrasadas. Só chega um visto ao invés de duas, mesmo que a pessoa esteja com internet. Corrija isso imediatamente!",3
Quando vão liberar os temas no WhatsApp para quem usa IOS? Alguma previsão?,5
"Bom dia, após a última atualização, o aplicativo começou a travar e com lentidão.",1
meu whatsapp com tema personalizado não chega😭😭😭😭,3
"queria muito a nova atualização de temas, todos meus conhecidos ja tem, porem para mim não chega nunca!",2
cadê meta ai pra iPhone 12?,1
Toda atualização fica indisponível a opção de conectar dispositivo adicional.,1
"O aplicativo em si é muito bom porém vamos falar dessas duas novas atualizações,a IA e os temas,percebi que mesmo eu atualizando diversas vezes o aplicativo é o celular não aparece nenhum dos dois para mim,também vi que não foi só eu que não recebi.Por favor liberem para TODOS os celulares!",1
"Eu necessito dos temas das conversas,EU PRECISO WHATSAPP!",5
"e otimo,mas td dia eu venho aqui atualizo e não aparece a atualização de mudar o papel de parede e nem a de deixar a mensagem com cor diferente",4
Atualiza logo pra todo mundo conseguir usar os temas.,5
oi aplicativo muito bom mas cade meu whats rosa?,4
Excelente app,5
Bom a maioria dos iPhones atualizaram e o meu ainda não. Já desinstalei e instalei mas nada acontece,3
Quero que chegue logo os temas no meu iPhone 12 😪😪😪,1
"eu tinha amado a atualização de transcrever áudios, me ajudava muito no trabalho pois tem horas que não posso ouvir áudio, e a opção de transcrever estava ajudando muito, não entendo porque tiraram",3
Libera logo poxa,1
CADÊ MRU TEMAAAA CADEEEE,1
"A atualização dos temas chegou pra todo mundo, menos pra mim 🤡",1
O app é ÓTIMO mas eu já atualizei o WhatsApp e o meu celular e não aparece certas coisas como a função de mudar o tema que era uma das coisas que eu mais gostei nas atualizações!,5
"No ios trava na hora de abrir as conversas, se mandou mensagem demora para subir",1
"Desde a última atualização, as conversas em que mandamos mensagem não sobem automaticamente ou demoram a subir, então quando se clica em uma conversa, acaba abrindo outra. Erro ocorrendo desde Outubro/2024. iPhone 14. APP TRAVANDO!",1
Cadê meu WhatsApp rosa?🙄,4
Ainda não chegou a atualização dos temas 😭😭,4
"No iPhone , qualquer versão , a mensagem só chega uns 5 minutos depois e ainda perde ligações",2
"Outra vez, conversei com uma pessoa de ontem e apaguei as mensagens de hoje, mas por que a conversa não desce para se agrupar aos contatos que conversei ontem? Simplesmente fica junto dos que conversei hoje.",2
"Não estou conseguindo ajustar a foto do papel de parede,está travando toda vez que vou mudar !",1
"Meu celular é um iPhone 7 Plus e até agora não chegou a atualização da “meta ai” mas no iPhone 6 da minha amiga já chegou, eu já atualizei e nada.",2
"Nesses últimos dias, o meu WhatsApp costuma: 
•travar nos áudios
•demorar para carregar 
Entre outros. Gostaria de uma atualização que ARRUMASSE DE VEZ essas coisas. A cada atualização piora. Grata",4
Quero meu tema no chat por favor,5
Todo celular que conheço já recebeu a atualização com a IA no Whats App e o meu até hoje nada.,3
Estou esperando ansiosamente meu WhatsApp ficar rosa 💕,4
"Já atualizei meu WhatsApp e ainda não foi liberado os temas de conversa para mim ( iPhone 11 ) , quando será liberado para todos ?",4
"atualizei, 2 vezes desde a novidade, mas até agora nada 😭",3
"O aplicativo está falhando o áudio, horrível de ouvir.",1
"Quando vai voltar a se poder apagar uma mensagem de uma conversa e ela ir para baixo?
Desde que atualizou a alguns meses, quando apago uma mensagem de uma conversa, a mesma continua como última, mesmo que a última mensagem não apagada seja de 2 meses atrás. Voltem para versão que quando se apagava uma mensagem a conversa ia para baixo e no topo ficava as mensagens mais recentes das conversas!!!",3
Não estou conseguindo fazer Back up das conversas,3
"Cadê os temas ??? Pro meu iPhone 11 nada ,minha irmã tem o mesmo modelo e chegou ,oque explica isso ???",1
"Todos os celulares já estão com a atualização do IA, e o meu até agora nada",1
Cadê a atualização dos temas meu Queridooo💚💚,5
"Eu estou atualizando pela decima vez E EU SÓ QUERIA OS TEMAS, queria meu chat rosa",1
Cadê a atualização do tema veyr?,4
"N chegou a atualização que todo mundo tem,nem no meu xr e nem no 11 pro max 

      Tô muito triste e esperando",4
"Uma boa tarde a todos, eu vim aqui mostrar minha completa indignação, como assim no Motorola da minha tia que foi lançado a sei lá quantos anos atrás chegou o tema primeiro que o meu SENDO QUE O MEU É DE QUASE ÚLTIMA GERAÇÃO???????, Uma boa tarde para vcs viu.",1
Cadê ossss temasss quero meu WhatsApp rosa,2
"nota 5 pro app, menos as atualizações, que demora do cão em",4
"Eu quero minha atualização man, eu quero colocar td rosa bonitinho 🎀😔 Br zap zap, lança essa atualização logo😭🙏🎀",4
"Tudo trava; figurinha, se vai editar foto não edita, está péssimo!",1
MDS CADÊ OS TEMASSSSSSS,1
Já estou na 24.22.83 e nada dos temas chegarem aqui!! (Ip 15 pro),2
Cadê a opção de mudar de cor que não chega nunca pra mim ??,1
Poxa WhatsApp não atualizou era pra chegar até hj a atualização e não chegou cara eu vou te processar te odeio WhatsApp eu te odeio eu só queria os temas de conversa caramba a partir de hj vou usar mensageiro que é muito melhor que vc seu lixo de rua seu podre,1
Libere os temas vey. 🤦🏽‍♀️,3
"Eu simplesmente amei esse WhatsApp, ele não TRAVA como todos dizem, e super bom pra trocar mensagens com quem você quiser, só tenho uma coisa a reclamar, a atualização do WhatsApp rosa não chegou no meu celular, e em todos os outros iPhones chegou (o meu é iPhone tb).",4
Já está atualizado na última versão e não chega a atualização dos temas.,1
Ruim,1
Cadê os temas que não chega para todos ??? Muito injusto …..,1
o meu n fica rosa 😭😞😭😞,1
"Estou aguardando os temas e não chega, quero logo",1
O meu não tem meta ia,5
muito bom mas a atualização de mudar a cor das mensagens nao chega no meu iphone 11,3
"Já atualizei, mas não apareceu a opção de curtir stts😕",4
eu atualizo toda hora pra aparecer temas de chat e não aparece! Eu atualizo meu iPhone (o meu é treze) e atualizo o WhatsApp também! E oque?? NÃO APARECE !!!,1
CADÊ A ATULIZAÇAO DE TEMAS PARA O IOS???,1
"Pelo menos no meu celular IPhone 12pro, não estou conseguindo mais recortar uma imagem e a mesma ficar centralizada.  Depois de recortar a imagem fica totalmente fora de foco pra envio.",3
⁉️⁉️⁉️⁉️,1
Prometeram e até agora nada,2
Quando chegará a todos os usuários?,5
"Eu tenho iphone 11 e até agora não chegou para mim, eu atualizei agora e não chegou. E também a atualização do tema. Tirando isso o app é otimo",4
ja atualizei duas vezes e NADA,1
"Estou bem chateada pois atualizei meu WhatsApp e as novas atualizações não ficaram disponíveis para mim, não entendo o porque liberam para alguma usuários e outros não!",3
girl give me my pink whatsapp😭😭 it seems like everyone has it but i don't have it I WANT IT NOW,4
Quero atualização dos temas😔,1
"Mesmo apagando as mensagens fica marcado que conversamos com alguem, no iPhone esta bugado, quando apaga ao invés de sair fica marcado. O bug ainda continua se vc apagar a mensagem a conversa fica em cima no iPhone",2
"Deveria ter a opção de bloquear pra não receber chamada e não só de gente desconhecida,era pra seve pra qualquer contato,sendo ele salvo ou desconhecido",1
manda os temas pra gente por favo! estamos muito ansiososss,1
"Nunca vi isso. Tirei um novo número de celular. 
Baixei o WhatsApp e em 30 min apareceu a mensagem : vc não pode usar o WhatsApp; literalmente me bloquearam sem fazer nada. Afffs",1
"Olá tem 2 meses que meu WhatsApp não refez a atualizado do meta AÍ 
sou do Brasil 
E nada do meu WhatsApp ter a atualiza 
Todos os meus colegas já tem e no meu cll está por fora 
Gostaria de saber o por que 
Sendo que atualizo ele sempre !!",1
"Depois da atualização do meta está impossível utilizar o WhatsApp. Trava áudio, desliga a tela, as mensagens ficam subindo e descendo sozinhas e até estressa usar o aplicativo!",1
"Quero os novas temas no meu WhatsApp também , já atualizei muito e não chega pra mim essa versão 🥺",5
Pelo amor de Deus adicionem uma opção de desabilitar essa inteligência artificial em grupos! É irritante e ela não sabe de nada,1
quero a nova atualização de mudar a cor do whatsapp 😩,5
"Gente vamos liberar os temas logo no iPhone , o Brasil tá esperando por isso já faz tempo",1
cade os temas logoo,1
"Não fazia tanta questão de usar o WhatsApp, mas como atualizou com alguma mudas principalmente a troca de temas de conversa comecei a gostar mais, porém até agora não chegou a atualização com os temas pra mim, e vivo verificando pra vê se atualiza…",1
O usuário deveria ter a liberdade para ativar ou desativar o Meta IA.,3
"A opção de retirar a AI generativa do whatsapp? pois podem ter usuários como eu que não querem ela no whatsapp, já basta no instagram. Agilizem a opção para quem não quer. O WhatsApp está deixando de ser um aplicativo de mensagens e está virando uma rede social…",1
"App bagunça as conversas, apago uma mensagem e mesma continua no top, mesmo sendo apagada, conversa do ano passado fica no top das conversas! Que merda…",1
CADÊ O TEMA P GIRLS ANSIOSAS VEYR,4
"Na atual versão, essa opção de inteligência artificial passa a ser obrigatória, o que deveria ser OPCIONAL aos usuários.",1
"Impossível cortar uma foto direito, você corta e a foto dá zoom do nada. Áudios que travam a toda hora, tento gravar um e ele para, nome das pessoas ficando por cima de mensagem… isso porque estou no 15 pro.",1
"Meta AI disponivel pra quase todo mundo que eu conheço, menos pra mim!!!",1
Não vai ter AI no iOS 15?,4
Cadeee,2
Quero ser um testador beta,5
"Tirem essa inteligência artificial do WhatsApp, NÃO QUEREMOS ISSO.. TEM Q TER A OPÇÃO DE DESATIVAR!!",1
"Recurso fútil, que consome energia e polui o aplicativo, sem necessidade.",1
Eu quero a opção de desativar a IA!,1
Atualização horrivel de Meta Ai.,1
"Muitas atualizações novas não está disponível para o meu iPhone XR por que, já instalei já formatei o aparelho já vi tudo e nunca chega novas atualizações e no outros iPhone já chegou menos no meu",5
"Poxa vida meta, quero um tema lilás pra ontem. Libera essa atualização por favor",5
"Gostaria de saber o dia que vocês vão liberar os temas para mim, já atualizei e nada! Várias pessoas já tem e no meu não chegou ainda.",5
"Cadê os meus temas,to esperando até agr e nd 🤔",5
Minha avaliação vai para uma estrela após a Meta empurrar a Inteligência artificial sem minha permissão sem a possibilidade de eu excluir a meta ai do aplicativo,1
Não aceita cortar a foto! Já atualizei e não corrigiu o erro! Manda uma parte que não tem nada a ver,1
"Só dando erro ao enviar foto, vídeos, áudios ou figurinhas 🤬",1
Várias pessoas já tá aparecendo o Meta IA e o meu está atualizado e não aparece! 😕,1
cadê as cores whatsapp? chega logo por favor 🥹🥹🥹,1
"Gente, essa nova atualização tá horrível. 
Não precisamos de uma inteligência artificial no nosso WhatsApp, plmds.",1
"Pra ficar perfeito só falta chegar a atualizado que eu consigo mudar a cor da conversa para rosa, já vi que algumas pessoas já tem acesso, quero no meu tambemm, atualiza o meu aí por favor  WhatsApp",3
"Tem várias atualizações que não chegam para todos, mesmo o WhatsApp estando atualizado",4
Porque só o meu não atualizou pra poder mudar os temas ainda? Um monte de gente usando faz tempo e aqui até agora nada. Agilizem por favor.,4
quero atualização de mudar de cor logo que demora,1
só o meu q n tem atualização pra ficar rosinha o zap😭😭💔,1
Cade novos temas ? Tou esperando a décadas,1
Quero a atualização dos temas!!,1
Essa atualização?,3
Amo o WhatsApp porém queria muito que a atualização de mudar a cor dos balões de mensagem tivesse chegado no meu também,3
Bug não tem opção de temas,1
quero a atualização pra mudar a cor do chat 😿😿😿,5
Cadê meus temas coloridos WhatsApp!!!!,3
"Por favor disponibilizem os temas, e dê a opção de mudar essa cor horrível verde 😭😤",1
não deixou eu colocar o zapzap rosa. #nota0,1
whats o meu nn atualizou o negocinho do filtro😭😭😭,5
"Eu vejo uma atualização primeiro no TikTok (de 2 semanas atrás) e ainda nem sequer atualiza no meu celular, nem aparece a opção pra atualizar manualmente (iPhone 14 pro max iOS 18.1), muito chato ficar esperando, entrega pra todos os aparelhos juntos",1
Tamo aqui o tempo todo esperando pelos temas e até agora nada,1
"muito bacana, mas falta o app para ipad",4
Quero os temas,4
Estou aguardando os temassssss,5
Boa noite queria deixar minha opinião o WhatsApp deveria ter a opção de stataus visualização única para melhor privacidade dos usuários mim contrate para da opniões,5
Me desbane pfv,1
"recurso de transcrição de áudio no WhatsApp  Não está disponível???

Tenho limitação na audição, e recebo muitos áudios 🥹🥹🥹",4
Ninguém precisa de mais uma forma de roubarem seus dados. Não dá nem para desativar essa Meta AI. Horrível.,1
"A galeria de Fotos agora para enviar Fotos/vídeos ficou única, não separa foto de vídeo nem
Mostra todos os álbuns, só os compartilhados e mais alguns, ajustem isso, está péssimo",1
Não é possível fazer a leitura do qr code no iPhone para conectar o WhatsApp web e nem ativação através do numero. Só apresenta erro,3
"Está aprensentando instabilidade, a tela quando recebe msg fica como se estivesse tirando print",1
"Meu WhatsApp está congelando, travando, meu celular é um iphone e está funcionando normalmente para outras funções, inclusive estou escrevendo esse texto através dele, entretanto hoje o aplicativo começou a dar esse “bug”.
Tentei entrar em contato com o suporte na hora de enviar a mensagem da erro e manda eu tentar mais tarde.",1
"Olha sempre usei o wtts app porem depois dessas ultimas atualizações n tá fácil, trava, demora pra enviar msg e figurinhas. Infelizmente estou tendo q usar outros apps pq está inviável. 😣😢",2
"Nas últimas atualizações, tem bug nas notificações não fica aparecendo no ícone a quantidade de mensagens. Tenho que abrir o aplicativo dessa forma atualiza as conversas e consigo vê que tem mensagens que não foram notificadas.",1
"Ruim, está bugado, péssimo desempenho",5
Desde a última atualização não consigo mais ver minhas notificações e a ordem das mensagens estão confusas,1
"Deixem o layout do WhatsApp mais bonito.
Por favor, coloquem sons novos para as notificações, mais simples e bonitos.",3
"Desde essa última atualização não recebo mais notificações do WhatsApp, preciso entrar no aplicativo para verificar as mensagens novas.",1
"Bom dia, estou há alguns dias com problemas no aplicativo, ele só me notifica mensagens quando eu “abro” o aplicativo, já atualizei o software, já contactei operadora, já fiz todas as configurações e liguei e desliguei inúmeras vezes, porém o problema persiste e não sei mais o que fazer, trabalho com o aplicativo como ferramenta do dia a dia e não consigo solução, abraço!!!",1
"Aplicativo está com muitas falhas, minhas msgs não estão atualizando para o topo da lista e fica travando o tempo todo",1
"Minhas mensagens recentes não sobem para o topo da lista e ficam lá embaixo, quando vou ver já estão antigas! Eu que trabalho usando o aplicativo, tá me atrapalhando bastante, começou depois que mudei para o sistema IOS 18! Tá horrível isso…",1
"As mensagens estão perdidas, não estão ficando por ordem de recebimento, sendo necessário rolar para procurar as mensagens não lidas.",2
"Na última atualização ficou bugado pra mim, recebo a mensagem mas a conversa não sobe para o topo, estao ficando fora de ordem",1
"As conversas estão ficando com uma marcação em cima, como se fosse uma seleção. Por exemplo, eu abri uma conversa com a pessoa X, quando saio da conversa e volto pra lista de conversas, a conversa com essa pessoa X fica marcada, como se estivesse selecionada. Isso mostra quem foi a última pessoa que vc conversou",1
Áudio do WhatsApp com delay de 4 segundos para começar a gravar o áudio,5
"Minhas mensagens estavam ficando fora de ordem
Mensagem recente está ficando perdida pq vai la pra baixo",2
"“As mensagens que chegam no meu WhatsApp estão ficando fora de ordem. As antigas aparecem no topo da lista, enquanto as mais recentes estão ficando mais para baixo, o que está dificultando o acompanhamento das conversas em tempo real.”",1
"Quando que vão criar a função de bloquear todas as chamadas através do zap? Até de números conhecidos, tá faltando isso… odeio receber chamada pelo zap e queria bloquear essas ligações.",4
As mensagens estão ficando fora de ordem nessa nova atualização,1
"Depois que atualizou, as mensagens estão chegando bagunçadas e fora de ordem.",1
"Não consegui entender se foi implementando um novo algoritmo pra organizar as conversas, mas aparentemente sim. Não está prático. Conversas não estão sendo organizadas por data/hora. Estou precisando dar mais cliques pra responder as pessoas que estão interagindo comigo, usando o filtro, e já deixei de responder por não aparecer no topo. Entendo que estão organizando por frequência de interação, mas o “fixar” já ajudava nesse ponto. Não gostei.",2
"Quando chegam novas mensagens eu recebo a notificação, porém quando abro o aplicativo a mensagem não aparece no topo. Tenho que buscar pra encontrar. 
Já tentei falar com o suporte mas sem sucesso. Resolvam",1
"Desde as últimas atualizações, tenho recebido notificação de nova mensagem e quando entro a mensagem sumiu, como se não tivesse chegando nada!",3
"Quando envio áudio, foto, mensagens ou videos, aparece a mensagem que não foi possível enviar, ai preciso tentar novamente, toda hr isso",1
"O ícone do flash na câmera(frontal, e normal)do WhatsApp não está aparecendo, foi logo depois que atualizei, aí agora não sei como ativa o flash da frontal",5
Depois desta atualização o WhatsApp não está achando mais o álbum favorito está muito ruim de encontrar Fotos,1
"Meu Wpp fecha de maneira inesperada a todo momento.

Já desinstalei, restaurei as configurações do celular de fábrica mais ou problema permanece.",1
Nessas ultimas atualizações removeram os álbuns favoritos e ocultos quando põe pra enviar mídias.,2
Não gostei desse tema verde nos iOS volta a cor azul denovo!!,1
"Alguém mais não está conseguindo ativar o flash em gravações direto no app?
Após atualização perdi essa função.",1
o botão de flash sumiu da câmera frontal e traseira,1
"O whatsapp com detalhes verdes são muito feios, voltem pro azul💙💙💙💙💙",2
Nova atualização é PESSIMA,1
Não funciona mais nada como antes,1
queria que voltasse pra cor azul e liberasse o mb 🫤,5
"Vcs precisam ajeitar esses bugs no iPhone, tá travando muito",2
As mensagens chegam as notificações só chegam quando a gente abre o celular pra mexer,1
Poderia ser bem mais otimizado e confiável,1
"Horrível desde a última atualização o tempo todo dando erro ao enviar áudios, vídeos, figurinhas, fechando o app sozinho quando está na cnvs e passa as mídias. Ficou horrível",1
"O WhatsApp nao esta nos direcionando nos links para conversas ou entrar em grupos, ficam mandando baixar o app mesmo ja instalado",4
"Por que quando o bloqueio com Face ID habilitado, aparece a opção desbloquear com Face ID? Deveria logo tentar ler do Face ID e não esperar que o botão seja clicado para realizar a leitura.",4
Nova atualização deixo ele verde fico mto feio,2
Pessimo com problema no áudio nessa última atualização,1
É impossível mandar audios enquanto conectado ao bluetooth. O mesmo problema não ocorre em outros apps ou no aandroid.,1
é muito bom o aplicativo gostei muito,5
WhatsApp links on Instagram are not opening after last iOS update,1
"Aplicativo super bom, mas tem como voltar para azul o tema ? 😭",5
"Péssimo. Estou há semanas esperando as novas funcionalidades das novas atualizações, mas mesmo atualizando na App Store, meu aplicativo continua o mesmo antigo e velho WhatsApp. Queria as funções de filtro das conversas, como “Todas”, “Não lidas”, “Favoritas” e “Grupos”.",1
Queremos interface azul,1
"Por favor liberem a função de editar stts , quando erramos a escrita temos que apagar pra postar de novo por erro de uma palavra 🙏🏻🫰🏻",5
Áudio parou de funcionar pelo auricular depois da atualização para IOS 18,3
"Meu WhatsApp parou,travou depois q atualizei e até antes tbm.😣",1
"Não gostei da nova atualização que ficou verde, deveria voltar as ser azul",5
"Nao gostei dessa atualização, o “EDITAR” sumiu e eu preciso deleeeeee",1
o unico problema desse app é que reduz a qualidade da imagem quando postamos no status. Nem se compara com a qualidade que fica no snapchat,1
"Sempre que vou usar o app, digitar ou enviar um áudio a tela fecha sozinha, fora que está travando horrores, ja desinstalei e instalei o app ( Busines e o Normal ) ambos estão igual, meu aparelho é um IPHONE 13 pro IOS 18, em contato com a Apple a mesma pediu pra falar com os responsáveis pelo App pois o BUG é só nesse app.",1
"Gostaria de saber porque o IOS ainda não tem a opção de não precisar ouvir o áudio, podendo o usuário apenas ler o conteúdo do áudio",5
"Ultimamente essas atualizações do WhatsApp estão vindo com muito bug.
Um app mundial era pra ser o melhor em qualidade.",3
Não está notificando as mensagens no IOS,3
"meu áudio está ruim, somente no whatsapp e não é meu aparelho muitos usuários de iphone também estão com esse problema, que na hora de enviar o áudio e escutar ele, a voz fica zumbindo a fala toda!, mas fora isso é um ótimo app.",4
"Após essa última atualização as figurinhas demoram muito para serem enviadas, além disso, percebi também problemas no carregamento de fotos, vídeos e áudio.",3
"Depois da atualização do IOS 18 os áudios estão com problema quando coloca no ouvido. O app entende que eh viva voz e o som sai altíssimo. O áudio no applecar também está com problema, falhando o tempo todo",1
"As gravações de áudio estão péssimas!! Parece que estou gravando com fone de ouvido, tento atualizar e não resolve!",1
"Ao clicar para inserir figurinhas trava tudo
Precisa fechar o zap e não
Volta ao normal 
Depois da última atualização ficou travando 
Arrumar urgente",1
"Não recebo notificações ou ligações nenhuma, as mensagens chegam apenas quando abro o aplicativo. Ele também não recebe mais ligações, e não precisa nem estar bloqueado, só estar com o aplicativo em segundo plano que já não funciona nada. Mandar mensagem no suporte não ajuda em nada…",5
Toda vez que vou enviar figurinhas nas mensagens o aplicativo trava e fecha ou demora muito para enviar. Isso começou depois da última atualização que fiz do mesmo.,3
Coloquem a mudança de cores nas mensagens pelo amor de Deeeeeeus!! Saudades do meu WhatsApp no iPhone.,1
"Meu WhatsApp trava ou é nada faz ele voltar, já tentei de tudo! Meu iPhone é o 12 pro",1
"migo, depois que eu coloquei o IOS18 todo o meu celular ta com o audio normal, mas quando entro no whats fica muito estranho",2
Pfvr volta o whatsap a ser azul e branco no iPhone igual antes branco e verde é muito feio,5
"meu microfone fica abafado somente no whatsapp, em todas as outras redes sociais ele fica normal e no gravador do celular também. 
queria entender o q é isso",4
"Depois de uma atualização o áudio ficou horrível, e é somente no WhatsApp, resolvam",1
"Péssimo esse áudio!! Parece que estou gravando com fone de ouvido, tento atualizar e não resolve!",1
"corrijam a gravação de áudio 
no mesmo , saída com distorção na nova versão do whatsapp horrível!!!!!",1
Colocar a cor azul que era antes por favor 🙏🙏🙏🙏🙏,1
"Depois das últimas atualizações o gravador de áudio tem ficado horrível, como se fosse uma voz robotizada. Já tentei de tudo e continua desse jeito e é apenas no app do WhatsApp. Nos demais e até no próprio gravador do iPhone o áudio fica normal. Por favor, corrijam isso",1
"ja estou a mais ou menos 2 meses com meu audio abafado, horrivel e é só no WhatsApp",1
"A atualização deixou o audio do WhatsApp péssimo com uma qualidade horrivel. Fiz o teste em outro app e o audio continuou com qualidade, já no WhatsApp está abafado, parece que estou usando mic de fone de ouvido! Espero que resolvam porque está muito ruim. Meu aparelho é um iPhone 11",2
"melhorem a qualidade do áudio, está péssimo quanto mais atualiza fica pior!",3
"Tiraram a pré visualização de status, não gostei se eu pudesse voltar a versão anterior eu voltaria, e poderia ter opção de personalizar som de notificação e por um som da nossa escolha dos arquivos.",4
"depois que dessa atualizar de hoje meu WhatsApp simplesmente trava quando abre, não vai pra lugar mais nenhum",3
"Depois dessa atualização meu áudio e meu vídeo estão pessimos! Parece que estou gravando dentro de uma bacia 

Áudio tudo tampado, vídeo fazendo um barulho super estranho! Odiei! 

Arrumem isso pelo amor",2
"Após a atualização do dia 9 de setembro, o áudio ficou orrível, é como se utilizassem tanto supressor de ruido, que afeta a qualidade do áudio do app.",1
"VAMOS QUERER RESOLVER ISSO EM WHATSAPP, NÃO TÁ ADIANTANDO!",1
"Teve atualização do zap e não consigo tirar esses canais 
Preciso voltar como fica antes os status dos meus contatos em lista… agora tudo ruim em quadrados…",5
Que verde podre é esse?? E eu achando que aquele verde mais escuro era horrível…Como que vcs preferem o WhatsApp do que o Telegram cara?,1
Volta a cor azul pro IOS,2
"Meu WhatsApp só esse mês caiu 4 vezes, 4 vezes que aparece “está conta não pode mais usar o WhatsApp” eu mando análise e fica quase 24 horas para me liberarem",1
"N gostamos dessa cor, poderia deixar a cor azul a normal seria perfeito",1
"Eu acho que não deveria constar que uma mensagem foi apagada ou editada pois prejudica a privacidade, não vejo motivo pra aparecer “mensagem apagada” ou “editada”",3
Devolvam o coraçãozinho que pula na tela 😭😭😭😭😭😭💔,5
Esse layout da atualização do status é a pior que já vi. Está pessimo!!! Coloquem a opção do usuário escolher se quer em modo de lista ou modo de grade,3
"O microfone está abafado e esse problema é apenas no WhatsApp, nos demais app está funcionando perfeitamente, já desinstalei, já atualizei o iOS do meu iPhone 13 e nada",3
Bom com o tema azul com preto excelente,3
De uns tempos para cá não consigo mais abrir o WhatsApp por link do instagram. Passa para uma tela que diz que preciso baixar o whatsapp sendo que o mesmo está baixado. Meu modelo é iPhone 14 Pro e está todo atualizado.,1
"Funcionamento perfeito! 
Apenas os emojis que você coloca com sua cor de pele não fica mais toda hora que você vai enviar um emoji precisa colocar cor de pele novamente (👍🏼🤝🏼🙏🏼👏🏼)",4
"Só que faltava
Toda vez que vices mexem nas atualizações estraga alguma coisa 
Agora é o stories. 
Na hora de publicar as fotos o aplitivo trava, trava de um jeito que tem que reiniciar 
Atualização que não vale a pena vocês mexerem",5
Bem que podiam colocar uma função para colocarmos temas para ficar bonito! Seria perfeito,4
"eu queria que o whatsapp voltasse a ser azul, ele é um app muito bom, mas quando era azul, era melhor. Esse verde florescente é muito feio, voltem pro azul!",1
voltem com a cor azul!!!,3
Não consigo conectar no computador na atualização do iOS 17.6.1,1
"Não estou conseguindo abrir os link de whats no insta, quando clico aparece que tenho que baixa o app mesmo já tendo ele",2
"Não estou conseguindo iniciar uma conversa pelo Instagram, é como se eu não tivesse o aplicativo baixado e não consigo de nenhum outro jeito.",2
Poderia voltar a cor azul do WhatsApp como era antes no iPhone.. depois que mudou pro verde ficou sem graças .. arruma isso por favor ..,1
"A interface azul era o símbolo do iPhone, tem que voltar",5
"A lente 0.5x sumiu do WhatsApp, poderia ajustar isso.",3
"Meu app atualizou e simplesmente apagou tudo, nem o backup funcionou.",1
Não consigo abrir meu aplicativo,1
pq não pode tirar print da foto de perfil? e nem gravar!,1
"Por favor! Nos deem a opção de trocar esse verde, me irrita, me dá gatilhos, eu tô odiando. Pelo amor de Deus! Nos de a opção de escolher!",1
"Poxa!!! Se vai mudar a cor, deveria pelo menos deixar uma opção no app, para escolher entre verde ou azul... aguardando na próxima atualização",3
"Antigamente ficava animado quando via uma atualização do WhatsApp… Pois achava que haveria uma nova funcionalidade.

Hoje, tenho medo, pois sempre algo deixa de funcionar corretamente quando aparece uma atualização. 

Mais uma vez, o WhatsApp voltou a ficar incompatível com a Siri. Tá um saco isso.",1
"Vocês poderiam aumentar a quantidade de envio de mídia pra 100? Enviar de 30 em 30 é muito ruim, sinceramente.",2
"voltem com o tema antigo, esse verde ficou horrível",1
"Aplicativo com atualizações que bugam o app, estou a 15 dias com a gravação de áudio somente no aplicativo abafado e com baixa captação de áudio, não revertendo com a nova atualização 24.17.1",1
"O meu áudio do WhatsApp quando envio fica extremante abafado, já levei meu celular na APPLE e o problema não é nele, inclusive no WhatsApp Business ele não fica abafado, áudio extremante abafado parece que tem algo tampando, é somente no WhatsApp messenger.",1
Ta bom do WhatsApp colocar a função de você bloquear pra ninguém ligar pra você,1
Volta a cor azul 😭,2
"que ódio, esse verde é horrível, voltem pro azul",5
"Nao consigo ver o horário que as meus contatos postaram um status, pq simplesmente sumiu e além disso, a ordem ficou uma bagunça, os recentes ficam no meio dos que já foram postados há horas, todos misturados.",1
"Olá! Eu gostaria de saber porquê não obtive o novo design do WhatsApp ainda? Mantenho o aplicativo atualizado assim que há atualizações disponíveis e ainda tenho a interface antiga do app, corrijam isso na próxima atualização. Por favor!",1
Porque o meu tá,5
Uma coisa que devia arrumar é a qualidade de fotos e videos quando são postados nos status qualidade fica péssima,4
Poderia volta a ser azul nos IOS KKKKK,2
"Poderiam atualizar para poder fixar mais conversas. Ajudaria muito em alguns momentos do dia.
Ou criar pastas de conversas importantes, pra gente poder selecionar quais conversas queremos ver naquelas horas do dia.",5
"Era lindo,só o tema verde que ficou horrível…. Se voltasse como antes seria perfeito!",2
"Meu Deus, ficou horrível verde, coloquem a opção de mudar para o azul, por favor.",3
AZUL AZUL AZZULLL VERDE E HORRÍVEL,1
Não gostei da nova interface do WhatsApp quero a antiga de volta,2
Podia colocar opção de música no status,4
Voltem para a cor azul pelo amor de Deus. Horrível essa atualização,1
"Uma grande palhaçada, no ios ficou verde, tava ótimo o azul, pra que colocar verde?! Estragou totalmente a estética do WhatsApp no ios. Espero que tirem esse verde horrível e coloque de volta o azul!",1
Volta os ícones em azul,5
"Ninguém aguenta mais o WhatsApp verde, por favor volta  WhatsApp azul no IOS",2
"O som do áudio está horrível, todos os outros aplicativos o som sai normal, no whatsapp parece que estou conectada a um fone ou o áudio está abafado, está horrível!",1
"Pra ficar melhor ainda , poderia ter a opção de editar a legenda no status , muitas pessoas escreve a legenda errada e por não ter essa opção de editar , acaba excluindo o status pra postar de novo . Ou deixa a legenda errada mesmo 😂",5
"Pessima atualização se já existe a função de n colocar foto perfil e oculta, tirar print n deveria ser proibido.",2
"Depois que atualizei para última versão, toda vez quando chega mensagem individual e vamos abrir, o telefone vibra e faz um som. Outra coisa tbm, é o teclado que do nada aumenta o som do retorno tátil e fica alto incomodando. Por favor, arrumem! Por favor, voltem a cor azul que era o diferencial do iPhone, pois esse verde é horrível.",4
"Fotos e vídeos ao postar nos status com a qualidade péssima mesmo mexendo nas configurações, já foi melhor.",1
Está tudo ótimo mas deveriam colocar a opção de congelar o visto por último seria bem interessante outras configurações,5
Não gostei dessa cor verde! Azul era lindooo cara pelo amor de Deus né quando que volta?,5
"Meu áudio do whatsapp NÃO funciona! Não é a primeira vez que venho pedir ajuda e NINGUÉM resolve! Não, o problema não é meu celular pois o áudio funciona normalmente em outros aplicativos! O App está atualizado e tem acesso ao microfone, mas quando gravo um áudio, aparece uma notificação de que não está mais disponível. RESOLVAM LOGO INFERNO",1
"O que aconteceu com a qualidade dos áudios após a atualização? Totalmente abafado, parece que estou usando um microfone ruim, e é do próprio whatsapp, pois no gravador de voz e nos outros apps fica completamente normal!",1
"Há alguns dias que não consta a confirmação de leitura para mim, sendo que não desativei e meus contatos também não.",1
"Oi, estou muito chateada. Atualizei meu WhatsApp e agora aquele azulzinho confirmação de mensagem lidar não esta aparecendo. Mesmo ativo nas configurações, mas aquele ✅ esta cinza sempre. Alguem do suporte poderia me ajudar ou orientar sobre?",5
Volte com a cor azul!!!!!,2
"Volta com o WhatsApp azul…
O verde estragou o WhatsApp do iOS…",1
Na confirmação da leitura,3
"Era tão bonito o azul, tira esse verde aí nmrl",1
"NÃO GOSTEI DESSA COR VERDE, PELO AMOR DE DEUS DEVIA TER A OPÇÃO DE UTILIZAR UM OUTRO, JÁ VI MILHARES DE RECLAMAÇÕES E VCS NÃO FAZEM NADA A RESPEITO, SIMPLESMENTE NOS FIZERAM ENGOLIR ESSA COISA FEIA, PÉSSIMO O RESPEITO DE VCS A NÓS!!!!!! 👎🏽👎🏽",1
"Eu amo o aplicativo,muito bom…mas eu ODIEI q colocaram verde.Orrivel",4
"deixa o áudio um uc, parece que o celular entrou 2 litros de agua e eu ainda to gravando dentro de uma caixa d’água",1
Como faço para deixar azul os números de quantas menssagens,5
"Tenho um IPhone 11 e o meu WhatsApp iniciou com um bug de só receber notificações atrasadas, hoje pela manhã um bug novo aconteceu, o bug faz com que qualquer mensagem que eu mande para os meus contatos apareça como se não tivesse viste, mas só ocorre quando eu não estou no WhatsApp, pq se eu estiver no aplicativo, as mensagens aparecem vistas normalmente. O que tá me estressando demais. Por favor resolvam isso",1
É normal meu WhatsApp continuar azul? Mesmo estando na última versão ?,5
"Eu queria que ele voltasse a cor normal dele mesmo, essa cor verde não tá legal 🫠",5
"O WhatsApp é realmente um aplicativo incrível, facilita muito a comunicação tanto para trabalho qnt para cvs pessoais. Mais ainda gostaria de deixar aqui uma sugestão, o fato de poder fixar apenas três cvs na primeira tela, nn é ruim mais desfavorece na questão de grupos de empresa que precisam ser pesquisado, que normalmente é mais de 4 ou 5, e se retirarem esse limite de fixar cvs ia ajudar bastante, pois nn seria necessário ficar pesquisando grupos. Desde já, agradeço pela atenção e por terem criado essa ferramenta incrível!",5
Eu gostaria que voltasse a ser azul😭,3
Poderia voltar com a cor azul novamente ou deixa a opção 😕😒,2
Poderia voltar o azul 🥹,3
"Meu WhatsApp parou de receber mensagens. Apenas recebo quando abro o aplicativo, e aí chega tudo de uma vez. Esse problema já está acontecendo há 1 mês.",1
"As mensagens e ligações não aparecerem até o aplicativo ser aberto manualmente, levando usuários a perderem alertas sobre mensagens importantes. iPhone 12, tem outros usuários com mesmo problema.",1
"Faz uma semana que tento postar um status e só fica carregando já fiz de tudo e não resolve e não estou tendo suporte, isso para trabalho já reclamei na central do aplicativo ninguém me deu retorno",1
"Meu Deus, a interface verde pra iPhone está feia demais!!! Voltem o azul, por favor!",1
Por favor volta a cor azul de voltar esse verde no iPhone está horrível por favor por favor volta a cor azul 😭🙏🏼🙏🏼🙏🏼🙏🏼🙏🏼🙏🏼,5
"Mudei meu número e desde ontem que solicito o código de verificação e nunca chega. Já fiz vários procedimentos, não é questão de chip, sinal de cobertura ou demais fatores mas sim o próprio WhatsApp que não envia esse código de verificação",1
Eu queria que voltasse a cor azul para iOS 😔,1
As mensagens apagadas não deveria ter notificação que foram apagadas. Já que quando a gente apaga é justamente pra pessoa não saber/ver oque mandamos. Deveria ser igual o Instagran ser cancelado o envio e não ficar lá que foi apagado!,4
Podia mudar pro azul dnv😭😭😭,5
"Pelo amor de Deus, coloquem na atualização a possibilidade de criar pastas e poder
os separar/organizar as figurinhas 🤝🏻🤝🏻",1
"Muito bom o app, só acho que deviam atualizar esse negócio de mostrar quando apaga a mensagem. Se a gente apaga, não tem sentindo de constar que foi apagada.",5
"O WhatsApp, é muito bom! Mas no meu aparelho está fechando sozinho depois dessa atualização, manda outra! Já está sendo “Necessária!!” 😡",1
"por favor arrumem a parte dos favoritos,
pra que encontra o contato com facilidade se não consigo iniciar a conversa ? clica no contato e nada  acontece, deem uma atenção nesta parte.",3
"Meu app sjmplismente não quer abrir,fechou no meio de uma conversa e não abriu mais. 
Desinstalei e reinstalei e não adiantou de nada
Continua igual. Bem provável que perdi muitas coisas importantes.  E agora o que fazer ????",4
"estava usando normal, quando ele notificou que eu n poderia mais usar o whatsapp",2
Tava melhor quando aparecia “respondeu seu status”,3
Não aguento mais essa cor !! Verde quero o azul com vermelho do IPhone logo 🤡🤌🏾,1
Vcs deveria volta com a cor azul de novo 🥺,3
"Deveriam testar melhor antes de lançar novas versões. Quase sempre após uma atualização, à integração com a Siri no iPhone deixa de funcionar 😡🤦🏻‍♂️",1
Queria que o WhatsApp voltasse azul pfvr 🥲,1
Pra que tem a aba de comunidade se também fica na página inicial incomodando !? E impossível de remover sem sair do grupo! PESSIMOOOO,1
Não consigo responder status de ninguém!,2
"Faz uns dias que o aplicativo WhatsApp está dando erros, no dia 24/07 perdi todas as conversas do wpp, não faço ideia de como recuperar já tentei de algumas formas. O que é muito triste pois tenho conversas muito importantes e mídias que não foram salvas, decepcionadíssima.",1
Não gostei dele desse jeito a versão azul era mil vezes mais bonita,2
"Tio zuk, por favor. Coloque a opção de bloqueio de envio de áudios em grupos. Ajudaria muito. Obrigado!",5
"Eu apenas quero a nova aparência do meu WhatsApp, mas NÃO MUDA. 
 E o suporte apenas, na verdade SEMPRE, apenas pede meu número",1
"Mesmo atualizando sempre o App, ele não está ficando com a cor atual padrão verde, sendo que em muitos aparelhos Apple que vi, já estão na cor verde há um tempo. Porquê no meu celular não está ficando na cor verde?",2
"Esse WhatsApp verde tá horrível, por favor volta a ser azul, pelo amor de Deus",1
"O WhatsApp simplesmente parou de receber notificação, é necessário abrir o aplicativo para carregar as mensagens recebidas.",1
"Já faz tempo que meu whatsapp fica fechando do nada quando utilizado, já pensei que fosse a versão do iOS mas não é",1
Volta com o tema azul,1
"volta com o azul po, que verde feio da miséra",1
"Há quase um mês que o meu áudio tem dado problema somente neste app, em vídeo, mensagens de vídeo e qualquer outra coisa neste app funciona perfeitamente, mas as mensagens de voz estão saindo abafadas, como se estivessem sido gravadas através de fone. Já tentei diversos contatos com o suporte, mas até hoje não fui atendida.  Em todos os apps está tudo funcionando corretamente.",5
"Meu whatsapp está notificando minhas conversas arquivadas sempre que abro o app. Como uso o celular no silencioso, toda vez que abro o aplicativo e tenho uma mensagem nos arquivados, meu celular vibra. E olha que sempre estou deixando o app atualizado para não ter bugs
Por favor peço que consertem pois se fosse pra ser notificada eu não deixaria as conversas arquivadas!!!",1
"Ele simplesmente não abre, ele fica na tela de abrindo e do nada fecha, peço que por favor resolvam isso, segui alguns tutoriais de desinstalar e instalar e nada resolveu, tentei até mesmo formatar o celular e ainda não foi corrigido esse erro, isso chega a ser frustrante.",1
"O app não tem o que reclamar, porém, poderia ter a possibilidade de separar as conversar e grupos em categorias ( trabalho, pessoal, futebol) seria bem mais útil que as abas lançadas atualmente. Do resto segue o padrão.",4
"O novo whatsapp não coloca as conversas na ordem de data quando você apaga, tratam-se de ordens cronológicas e ignoram isso.",1
"É triste pensar que uma empresa do tamanho do Meta tenha desenvolvedores tão porcos a ponto de permitir que golpistas travem seu WhatsApp com mensagens que nem se quer você precise clicar, só de enviarem já é o suficiente…",1
"Horrível, não consigo responder status, arrumem isso",1
"Eu adoro o watts mas acho que poderia ter como mandar vídeos maiores do que 1 min
E adorei a nova atualização que da para fazer figurinhas.",4
Quando vai voltar a cor azul do WhatsApp do iOS ??,4
PRA QUER FICAR VIBRANDO A TODA VEZ QUE ENTRA NO APP! SE EU ARQUIVEI UMA CONVERSA É PQ NAO QUERO SER NOTIFICADA. TODA VEZ QUE ABRO O APP ELE FICA NOTIFICANDO QUE TEM MSG. AFFFFFF,1
Não importa quantas vezes atualize o celular ou WhatsApp ele não sai da versão antiga e permanece azul. Já até resetei o celular pra ver se não era do aparelho e infelizmente não muda de cor!,2
Coloquem pelo menos a opção de poder escolher entre azul ou verde,1
"Gostaria muito que o app tivesse um botão para enviar som, ex: aplausos, risadas, gato, e muitos outros do nosso corintiano, seria uma forme de interação que outros apps ainda não tem, queria testa se possivel",5
wpp azulll,1
não sao apagadas no aparelho principal quando sao apagadas pelo whatsapp web.,4
"Com as últimas atualizações do app, está com um delay para carregar as mensagens, enquanto antes era na hora. Agora está levando entre 4 a 5 segundos para carregar. Isso é normal? Há algo que dá para fazer para ajustar isso?",5
"O app era otimo, mas já tem meses que, algumas vezes, ele dá tela preta e sai sozinho",3
"O suporte não me responde, aparece pra mandar um e-mail e ele simplesmente não vai, preciso muito do app pra trabalhar, tô em desespero",1
"Após a última atualização, ao abrir o aplicativo, a tela fica preta e o aplicativo fecha inesperadamente. O WhatsApp deveria revisar as atualizações antes de disponibilizá-las aos dispositivos.",1
"Muito ruim depois das últimas atualizações, meu telefone não toca mais quando recebo chamadas de vídeo ou voz pelo WhatsApp. 
Tentei atualizar e não funciona direito.",1
"Ao excluir uma mensagem só para mim, a conversa da pessoa não desce! Se alguém souber resolver o bugue 64 99925-9146",1
"Querendo o whats do ios azul de novo, por favor!!!! 🙏🏼🙏🏼🙏🏼",2
"Gostaria de função de bloquear qualquer tipo de ligação pelo app… as ligações são lentas, ruins, e ainda por cima não toca o telefone.",3
"Só acho que tem que ter uma atualização onde podemos tirar a confirmação de leitura, mas continuar vendo que viu nossos status ☺️",5
A atualização das cores dos balões de conversa muda coisa mais isso fica do mesmo jeito 🤷🏽‍♀️,3
Falta só selecionar pra quem você quer que veja que visualizou sua mensagem!,5
"Antes dava pra ouvir áudio e ver fotos e responder sem precisar entrar direto no aplicativo, apenas pela barra de notificação, agora não dá pra fazer absolutamente nada sem entrar diretamente no aplicativo, um lixo de atualização. Voltem com a antiga.",1
Após essa última atualização as notificações das mensagens não aparece na tela mesmo as que não estão silenciadas. Apenas quando abre o App que começam a carregar. Já tentei diversas maneiras que encontrei na internet mas continua da mesma forma. WhatsApp verifiquem isso! Terrível!,1
"As notificações não chegam mais com o app fechado. Ou seja, pra mim saber se chegou mensagens só entrando no app 🤡👎🏻",1
"fica chegando notificação de mensagem fantasma, não atualiza contato novos, cor verde horrível",1
"Toda vez que tentamos abrir uma imagem/vídeo, recebemos um erro. Apos tentar a segunda vez, a mídia é baixada. Esse problema já está a mais de 1 mês.",5
Vai voltar a cor azul do ios quando? 😢,4
"Aplicativo muito pratico,mais podia voltar a cor azul do iphone",5
odiei essa atualização cor verde nos iphones!! teriamos que ter a opção de escolher a cor por que essa verde sinceramente foi a pior atualização . e eu prefiro meu azul 😪😪,2
Esse verde ta mt feio kkkkk coloquem um azulzinho ai por favor,4
"Amo esse app,mas odiei a atualização verde dele,ficou horrível!!!!",3
Nao chega notificações com app fechado,3
"Eu amo o whatsapp, porém essa atualização de cor, é horrível e eu estou odiando!
Trás a cor azul de voltaaa😭",4
"Quando voltar com a cor azul, eu dou uma boa avaliação 👍🏻",1
"tenho um iphone 11, ele ta na versao 17.5.1 ele nao atualiza esta com icones azul ainda e nao muda nada.",1
"Gostaria de entender porque até agora ou meu ainda não ficou verde ! 
Já atualizei ele e nada.",2
Não consigo ouvir o som do status,2
"Já passou da hora né META, de seus aplicativos terem os próprios espaços de Armazenamento em Nuvem para os BackUP’s, pois ser refém do iCloud e do GoogleDrive, não está sendo nada divertido!  e ainda defendo que Precisamos de uma versão simples do Whatsapp, que não tenha função de STATUS, o whatsapp original se quando surgiu.",1
Deveria ter um suporte melhor.,1
"Depois da atualização não estou mais recebendo notificação da de mensagem, recebo todas quando entro no aplicativo!",1
O unico update que me interessa é que o usuário possa escolher se quer ou se nao quer receber mensagem de audio.,2
Ridículo tirar o azul do IOS,2
Diversos bugs frequentes !,1
"Não é mais preto o fundo e sim acinzentado, a noite se percebe mais ( tela oled se nota LCD não), coisa que a poucas versões atrás se notava que era preto ou seja pixel apagado,  outro fato é a cor um verde horrível ao invés do azul que sempre combinou bem... No dia que mudarem isso eu dou a devida qualificação...",2
Depois que atualizei não abre mais,1
"Simplesmente acordei dia 25/06 e o meu APP não abre mais, da tela preta e uma mensagem falando que não foi possível entrar no WhatsApp, dentro desses dias, não recebi uma resposta, uma devolutiva de nada, já fiz tudo que dava para fazer! Todas atualizações e instalar novamente o APP.",1
"Estou desde domingo sem conseguir acessar o WhatsApp, fica uma tela preta ou uma verde dizendo pra contatar o suporte. Precisam resolver isso.",1
"Já faz um tempo que meu celular, vibra, ou faz barulho de mensagem recebida mesmo não recebendo mensagem. 🫠
Mais alguém? Como resolver ?",5
"vocês poderiam se importar mais com as avaliações das pessoas com o aplicativo, quase ninguem que usa iPhone gostou da mudança de cor",1
"Me ajuda por favor, meu WhatsApp não está abrindo, entrando há 1 semana! Já fiz tudo que pode imaginar, seguindo instruções de vídeos , configurações, atualizações! Nada adiantou, não volta ! O aplicativo está atualizado, o IOS também! No aguardo do feedback! Obrigada!",1
"muito feia essa cor, pode voltar pra a cor normal, essa tá muito horrível pelo amor de Deus",1
"VOLTEM COM A COR AZUL, EU IMPLORO.
NÃO AGUENTO MAIS ESSE VERDE RADIOATIVO. 😭😭😭😭",2
"Não gostei dessa atualização que o WhatsApp colocou por iPhone que está muito estranho e ruim, Volta por ícone Azul de volta pro IPhone.",3
"Depois que mudaram atualização no sistema IOS ficou muito ruim, preferia os ícones azul antes.",5
"é realmente muito útil e bom, mas não esta me enviando notificações, apenas quando quer, ja mexi em tudo e nao volta ao normal",4
"Não gostei da atualização pra cor verde de notificações, esse era o diferencial do WhatsApp no iPhone.",1
"Nessa nova versão, as conversas não ficam mais ordenadas por ordem cronológica quando apagadas. Se apagamos uma conversa recém recebida ela continua no topo da lista em vez de ir para a posição referente à última data em que conversamos com aquele contato.",2
Meu WhatsApp não abre.,1
"Não abre, é quando abre da uma tela verde, não foi possível abrir WhatsApp. Pede para clicar em fale conosco mas não da continuidade. Meu aparelho iPhone 14 Pro Max",1
"WhatsApp paro tem uns 3 dias , não consigo entrar  , não é memória , não é atualização de software , simplesmente paro de funcionar, pfvr resolvam pra mim vcs ai , que tá complicado",1
Não está indo as mensagens,1
"Meu perfil foi roubado por um contato malicioso e mesmo eu tendo o chip do número cadastrado não consigo acessar, porém os bandidos de um smartphone qualquer estão utilizando, se passando por minha pessoa. Lamentável.",1
Eu não estou conseguindo acessar minha conta e estou tendo prejuízos!,1
Apos a última atualização o WhatsApp parou de notificar as mensagens,1
Volta para o whatsapp azul pfvr,4
"Essa versao verde ta um lixo, volta a versao azul pra ios pelo amor de Deussss!!! ta um lixo assimm",1
"Por que temos que visualizar por tanto tempo essa barra na parte inferior da tela informando a quantidade de mensagens apagadas? Isso é EXTREMAMENTE CHATO, além de INÚTIL.
Por que temos, também, que passar pelo constrangimento de abrirmos uma mensagem que chega de alguém que não queremos visualizar naquele momento, pois a barra na parte superior da tela cobre a indicação de voltar à tela inicial? Bastaria, neste caso, somente a metade superior direita e não ela toda. Quando isso acontece, abrimos uma mensagem que não queremos.",1
Voltem com o WhatsApp azul no iPhone pf,5
"Poderiam dar a opção para os ios escolher a cor, se querem azul ou verde.",2
Pq o whatsapp no iPhone ficou verde ? Preferia ele azul 🥰,5
Está travando no meu iPhone toda hora manda reiniciar o telefone pra poder pegar,1
"volte com as mensagens azul pfv, ninguém tá gostando das mensagens verde",5
Volta o WhatsApp como era antes azul,1
"Aplicativo maravilhoso, melhor de todos!!",5
"Deveria ter uma opção de escolha, aonde eu poderia escolher entre a interface azul ou verde! Adorava a azul 😪.",1
"Meu zap tá vibrando e fazendo barulho de chegar mensagem, quando eu vejo, é de grupos arquivados.",2
"Não gostei da alteração da cor do app no iPhone, prefiro mil vezes a cor azul , verde ? E pra androide",3
"quero a nova atualização logo, com o tema AZUUUL. 
 esse VERDEEE tá pessimo, não fica bonito nem com papel de parede e todos estão tecla, então voltem com o AZUUUUUUL, e o mais bonito de todosssss!!!!!",4
"Com essa nova atualização meu celular está vibrando do nada (não só o meu, de diversos usuários).",3
Estou aguardando ate agora o meu atualizar para a cor verde e nada 😢,1
Quero mostrar aqui minha insatisfação meu whatsapp está atualizado na ultima versao e continua azul. Todos meus amigos com a cor verde no whats pq  só eu?,4
"depois que o WhatsApp atualizou para essa cor verde ele ficou tenebroso, volta ele como era antes",1
"Por favor, alguma opção de continuar com as conversas arquivadas SILENCIADAS. E alguma opção que possa desativar essas ligações,eu não tenho interesse em receber, inclusive,já coloquei no meus status,mas o povo faz de conta que não viu ou liga de propósito",1
"O WhatsApp comum tá maravilhoso com essas novas cores, espaçamento etc., mas estou sentindo falta no WhatsApp Business, de trabalho, que é o que mais uso e já ficou cansativo a interface antiga! Melhorem a Business também, por favor!",5
Meu wthaszapp e o único que não está saindo áudio no status das pessoas,5
"bom, primeiramente o aplicativo na cor verde, ficou feio demais nessa cor, prefiro o de antes que era o azul e destacava mais, eu particularmente prefiro o azul, quero que volte ele dessa cor ou que a pessoa mesma escolhe a cor que quer. Está vibrando desnecessariamente quando chega mensagem nos arquivados, quando entra no WhatsApp ele já entra vibrando e tals! gostei um pouco mas prefiro o de antes. Os arquivados antigamente você arrastava e via, agora já fica no topo e podem ver os seus arquivados. Obrigada pela atenção e mudem por favor.😉🙏",2
"O WhatsApp se retornou uma ferramenta muito importante na vida de todos. E não receber notificações fica difícil. Por favor, reparem logo esse problema. Tenho um iPhone 14 e desde a última atualização do iOS que estou com esse problema. Grata",1
"App indispensável!
Sugestão só seria integração dos sons de msg com a galeria de som do celular.",5
"Pelo amor de Deus, tirei essa cor verde está horrível dmais",3
Só precisa voltar a cor azul !,5
"Todas as vezes que entro no app as conversas arquivadas ficam vibrando quando chegam novas mensagens e isso incomoda bastante, espero que consertem isso!",1
Essa cor verde e preto acabou com o WhatsApp. Está RIDÍCULO. caso não volte estarei migrando para o telegram ou ficar só no Instagram.,5
"O WhatsApp no iPhone ultimamente anda bem bugado,cheio de problemas. Mas a única coisa que eu peço é VOLTEM COM A COR AZUL,POR FAVOR!!!!! Isso era o diferencial do WhatsApp no iphone. Voltem por favor!!!!!",1
Quem mandou colocar o tema verde gente eu odiei no iOS q repúdio,1
"O aplicativo é muito bom,porém odiei essa nova cor no iPhone ,poderia deixar da mesma cor que  estava antes,era mais bonito.",5
Volta com a cor do WhatsApp azul,1
"Não estou conseguindo responder os status. 

I can't respond to statuses",1
"Queria fazer um reclamação, meu WhatsApp foi banido e queria recuperar ele, se algum suporte técnico poder entra em contato comigo eu agradeço! Uso minha conta para trabalho",5
"Depois dessa atualização onde deixou o WhatsApp com alguns detalhes verdes e brancos, confesso que ficou horrível… chega doer a nossa visão, por ser uma cor forte e estourada, por favor, volte com aquela cor azul de antes. Muita gente não gostou dessa atualização!",1
quero a cor azul de volta 🤡😭😭😭😭,2
"Do nada meu WhatsApp não abre mais e fica uma tela preta, não sai disso!",1
"Status fica piscando, não consigo rolar pra baixo pra visualizar status antigos muito ruim e meu aparelho é iPhone 11",2
"Está apresentando bugs não recebendo notificações ao receber mensagens, só chegam ao abrir o aplicativo. E as mídias recebidas nas conversas não estão fazendo downloads automáticos sendo que está habilitado essa opção sendo em Wi-Fi ou dados móveis.",2
Podia voltar pra cor azul,2
Só falta voltar a cor pra azul,4
essa cor verde tá horrível,2
Quando o IPhone terá a função de buscar algo dentro da conversa?,5
Só quero o meu wpp azul de novo ! Obrigado,5
"Toda vez que muda de aparelho, mesmo que tenha backup, perde muita informação.",1
Após última atualização botão para desligar chamadas de áudio sumiu,1
"Aos poucos o WhatsApp vai se transformando, vai ganhando atualização e vai perdendo seu real design... Hoje estamos sem o verdadeiro “sinais de visto” de msg... As famosas setinhas ao lado de cada contato sumiram... os ícones de chamadas estão mudando aos poucos, as atualizações estão sendo entregue aos poucos para cada usuário, tons de verde para uns e outros, filtros acima do chats para uns e outros... WhatsApp from Facebook esta se desgastando aos poucos.. Aos poucos o WhatsApp vai esquecendo seus verdadeiros usuários... #Whatsapp.Começa.A.ouvir.Seus.Usuarios.",3
Voltem por favor pra cor azul o verde é feio,5
Eu odiei a nova cor verde,1
Tira essa interface verde. Pelo amor de Deus. Coisa horrível.,1
A cor tem que voltar a ser azul dnv pfvr,2
Multiple accounts on iOS please,4
"A interface do WhatsApp verde, não está legal, a diferença que tornava única o do iOS se perdeu.",3
"Essa cor ficou muito feia! Nos dêem a opção de usar o WhatsApp como ele era no IOS, azul!",5
"Completamente insatisfeito, fiz a atualização do meu WhatsApp no iPhone ontem a noite e agr quando entro na barra de status o status fica dando bug toda hora piscando e carregando status sozinho, da nem pra fica olhando quem postou status direito",2
Não consigo fazer comentários nos status dos meus contatos,5
"Após uma atualização não é mais possível arquivar conversas em comunidades. Para quem utiliza o recurso de arquivamento para organizar as conversas isso é horrível.
Devolvam a possibilidade de arquivar as conversas de comunidades!",5
"Por que é tão difícil colocar a opção de multicontas para nós, usuários de iOS? Não vai ter nunca?!",3
"Já tem uns meses que quando estou digitando o som da tecla sobe, fica muito chato!",1
"voltem com a cor azul do whatsapp no IOS, por favor !!!!!! 😭😭😭😭",2
"Por favor retornem com a cor azul no IOS ou dê a opção para os usuários escolherem a cor, ficou péssima essa mudança",4
"falta deixar o whatsapp do iphone da cor que era né, Azul",1
Essa cor verde está horrível!!! O azul era muito melhor.,1
"A última atualização precisa ficar alterando a cor da pele nas reações toda hora! Antes depois ele uma vez já ficava automático a cor escolhida... Arrumem aí, porfa!",4
"Agora a aba de mensagens arquivadas fica sempre visível no topo da lista de conversas, não sendo possível ocultá-la como antes. Isso não está certo, se arquivamos as conversas é justamente para não ficarem visíveis e acessíveis à qualquer pessoa. Por favor, voltem a possibilidade de ocultar esta aba. 
Ah, e também a cor azul no iOS. 
Obrigado 👍🏻!",3
"Não estou conseguindo gravar e escutar áudio, após a atualização.",1
"Tirem essa Cor verde do WhatsApp no iPhone, ou Coloquem para escolher algumas cores, pra não ficar só uma!",2
"Meu iphone está atualizado, o aplicativo está atualizado e ele fica fechando toda hora enquanto eu digito uma mensagem ou gravo um audio. Estressante. Tenho memória no celular também… não sei o que fazer.",4
"As atualizações mais recentes vieram com alguns bugs, como, sempre que abro uma conversa pela barra de notificações vem junto a barulho de nova mensagem (irritante), ou o bug de que as vezes abro uma conversa mas ela fica limpa, ai tenho que fechar o app e abrir dnv para voltarem",1
"pelo amor, volta com a interface azul no ios",2
N está notificando quando chega mensagem só quando entra no aplicativo,2
"gostaria de voltar a cor azul, o verde não combinou muito!",2
"Última versão está com bugs, no meu iphone 11
Eu tento sair dos grupos ou limpar as conversas de qualquer grupo e o app simplesmente fecha.E agora não consigo mais abrir o aplicativo que ele crasha. 🤦🏾‍♂️",1
"O aplicativo fica me notificando como se houve alguma mensagem nova, quando vou verificar não há mensagem alguma! Nossa isso está incomodando mto. 

Resolvam, por favor!",1
Resolvam essa chatice de ficar vibrando toda hora que entra no aplicativo.,1
"Quando abre , da um som come se estivesse com a conversa aberta e tivesse chegado msg , um bagulho nada haver , sem contar a cor verde que esta os icones e tudo mais",3
Volta a cor azul pelo amor de Deus que cor horrível essa verde,1
Muito ruim depois da atualização. O WhatsApp está fechando do nada as vezes estou digitando pra mandar ou em ligação. Precisam consertar urgente.,3
Agora o WhatsApp fica notificando mensagem nova aberta fantasma. Que irritante!,1
"O aplicativo é ótimo, mais mudar do azul pro verde não foi legal, ficou feio, queria tanto o azul de volta e sei que muitas pessoas também",3
quero a cor azul do whatsapp no iphone novamente!!!!🤬,1
"O app não notifica as mensagens, somente notifica quando abre o aplicativo. Arrumem isso.",1
"Deveria ser outro tom ao invés de verde, ficou horrível",1
"Essa nova atualização do WhatsApp para iPhone com cores verdes deixou o contraste muito forte e meio agressivo. Caso o plano não seja mais voltar para a cor azul de antes, poderia ao menos deixar um verde um pouco mais claro e leve, pois o azul passava uma sensação de tranquilidade, já esse verde não causa o mesmo efeito (pelo contrário).
Uma outra alternativa seria dar a opção de “tema”, para o usuário poder escolher a cor que mais o agrada no app.",5
Muda a cor pro azul novamente que eu mudo a avaliação,1
"Horrível demais, voltem para o azul

Toda hora que abre o WhatsApp ele notifica sem ao menos chegar mensagem",1
Este WhatsApp na cor verde tá horrível,1
"Depois da atualização estou recebendo notificações dos grupos arquivados, meu celular vibra toda hora, sem contar que esses grupos estão silenciados PERMANENTE, isso irrita muito, se puderem arrumar isso, agradecemos.",1
Hoje dia 28/05/2024 tive minha conta bloqueada sem nenhum motivo.,1
não consigo mandar mensagem em grupos,1
"Não gostei da interface verde, deveria ter a opção de manter a interface anterior",1
Desde a última atualização não está notificando mensagem e ligação só notifica a partir do momento que abre o WhatsApp,1
Pq essa bost@ ficou verde ?,1
"Assim como eu, vejo várias pessoas reclamando da nova atualização, as mensagens só caem quando abrem o aplicativo, e fica vibrando, pelo menos para os aparelhos iOS.",2
"Aplicativo ótimo, uso há anos… mas toda vez que recebo uma mensagem, entro no WhatsApp e faz barulho como se a mensagem tivesse acabado de chegar (????), creio que seja um bug, aguardando a próxima atualização",3
Tirem esse verde horroroso pelo amor de Deus,1
"Ta horrível que tá mudando, o do iOS tá verde.",3
"Tenho 2 aparelhos e em ambos o WhatsApp parou de mandar notificação de msg. Só notifica quando abro o app. Todas as configurações estão ok e já não sei mais o que fazer, pois tenho deixado de responder rapidamente a mensagens importantes pela falta de notificação.",3
Meu wathsApp só chega mensagem quando abro o aplicativo. Poderia resolver?,1
"Esse app é mt ruim, fui ver o áudio de visu unica do amor da minha vida e ele simplesmente fechou vey, não da , ou vcs resolvem isso ou eu vou ter que denunciar vcs no 190 seus lixo 🤮",1
"Nossa antes era tão bonito, e com esse verde no fundo gasta mais bateria já que em telas oled o preto desligava",1
"Não sei que atualização foi essa, que meu wpp começou a chegar notificações sem ter nenhuma mensagem, mudou os toques no qual colocamos para pessoas específicas, quando a conversa de alguma pessoa está aberta começa fazer o som de mensagem recebida sendo que nem mensagem a pessoa mandou! Tá péssimo",1
"Odiei, o azul é perfeito não sei porque mudaram , to triste 😥",1
Pfvr coloquem o azul dnv🙏🏼😭,5
"Essa última atualização ficou horrível. Mudaram a cor dos ícones, ficou estranho. Não gostei, deveria ser opcional. Se um dia voltarem para como estava, mudarei minha nota. Porque antes estava ótimo.",1
"O meu já atualizei diversas vezes e não
Muda a cor, o que devo fazer ?",5
"Depois da nova atualização ficou com vários bugs e a cor verde ficou horrível, voltem pro azul pf",2
Preferia com a cor azul do que a verde,1
o Ios deveria continuar com os detalhes azuis....,3
"Particularmente, preferia a cor azul mas poderiam incluir uma aba de personalização para que o próprio usuário escolha se prefere azul ou verde. Também poderiam incluir mais opções de sons de alerta de mensagens no IOS.",3
"pelo amor de deus voltem com a cor padrão do whatsapp, essa atualização ficou horrível, as cores então, só por deus.",1
"Essa cor verde ficou horrível, pior ainda e não poder mudar ela caso o usuário não tenha gostado",1
"A COR VERDE DESSA ATUALIZAÇÃO FICOU HORRÍVEL, VOLTEM PRA AZUL DE ANTES",1
Já uso no modo escuro por conta da minha fotofobia aí vão lá e jogam um verde limão kkkkk,1
Voltem com a cor de antes no IPhone por favor. Esse verde parece bst de cavalo,1
Seria ótimo se tivesse a função de deixar uma mensagem agendada para ser enviada automaticamente em um horário escolhido 😁,5
Não gostei da cor verde😔,1
"A pior mudança que fizeram foi mudar os detalhes predominantes em azul para esse verde ridículo. Já que querem tal mudança, poderiam deixar a cor configurável e cada usuário define de acordo com seu gosto. Esse verde ficou péssimo!!! 🤬🤬🤬",1
O meu não está com os símbolos verdes,4
Porque não temos mais a opção do WhatsApp azul ? Libera escolhas de cores para utilizar no app,1
"trocaram o design do app, oque o deixou ridículo e horroroso, tirou toda a credibilidade do usuário de iphone, horrível!",1
"O aplicativo pra comunicação em si é bom, o problema mesmo é que desde que tenho um iphone, quando envio uma mensagem, o som do app estoura, faz tipo um “tuc” muito alto. Isso so acontece quando o som do teclado esta ativado. E agora depois da atualização o app ficou mais feio.",3
"Minha interface continua azul, gostaria que atualizasse para o verde novamente.",1
A vibração de notificaçao so chega quando abre o app,5
"Por favor voltem com a pré visualização dos status 3D tough , isso adianta muito em várias situações! ME ATENDAM !!",4
"Se eu quisesse WhatsApp verde teria comprado Samsung, não iPhone.",1
O meu não está ficando verde!,2
"Por que detalhes em cor verde?! 
 Tem que voltar os detalhes em azul.",1
Achei que não ficou bonito os detalhes em verde e deveria ter mais opções de cores pra que nós possamos trocar aí fica bom 👍🏼 só minha opinião,4
Horrorosa essa nova atualização no iPhone,1
Queremos o WhatsApp azul de volta para o iPhones 😭,2
"Gente pelo amor de Deus , tira essa interface verde, acabou com app era mais lindo, na cor azul",1
Péssimo. Voltem pro Azul,1
"odiei essa nova atualização onde o WhatsApp vem verde, tá a coisa mais feia. Deveria voltar a cor normal",1
Pelo amor de Deus voltem cm a antiga ou até msm cm a PRIMEIRA,1
Odeie isso whats azul no iphone era mais bonito!,1
"Essa cor está horrível, esse novo tema está pessimo",1
Voltem a cor azul 😭🙏🏼🙏🏼🙏🏼,1
"Já passou da hora do desenvolvedor dar suporte integral para o Watch. Visualizar imagens e vídeos pelos Watch, assim como disponibilizar teclado para respostas, consultas de mensagens antigas, enfim, suporte integral para o Watch. É a versão para iPad? Quando?",2
iPhone 12 pro max não ficou verde,1
"Já poderia ter a opção de bloquear a pessoa, e a pessoa não saber que foi bloqueada. Exemplo : a foto não sumir. E quando a pessooa for desbloqueadas , as mensagem que ela mandou quando bloqueada chegar normalmente. 😂😂😂😂😂😂 olha que perfeito. As vezes a gente só bloqueia pra 1  minuto de paz, não queremos confusão .",4
"Não gostei dessa nova atualização, essa cor verde! E tem gente que concorda comigo, prefiro a cor azul novamente",3
Porfavor voltem para cor azul esse verde tá horrível,1
"O whats de todas as pessoas mudaram do azul para o verde, e eu quero meu whats verde!!! o que posso fazer?",5
Pq o meu wpp ainda não tá verde?,1
"Tiraram um item muito importante que era o botão para visualizar as msgs não lidas! Pq tiraram? Estragaram o app, o interface nem me incomodou não, com verde, agora tirar esse item foi tiro no pé! Favor colocar novamente!!!!!",1
"Quero a cor verde , até agora nada . Meu celular está fadigado de atualizar esse WhatsApp e nada de vim essa coooorrr ! 
Socorro, alguém arruma isso please .",3
"Excelente para comunicação, porém a nova atualização com as cores verdes é péssima e também o novo tom verde dos balões de conversa enviado é horrível machuca os olhos e da vertigem.",4
"Volta a cor azul, ou pelo menos deixe o cliente escolher a cor.",1
Voltem com a cor azul pelo amor de Deus,1
"Por favor tirem esses detalhes verdes do iPhone, está feio.",1
"esse verde ficou horrível na interface, mudem pra azul de novo",1
"Quero meu whats azul, essa cor verde está horrível. Poderiam criar uma opção para o usuário escolher a cor. Quero o AZUL de volta!!",3
"Para os iPhones ficaram com a interface horrível, versão anterior melhor e mais bonita",1
"tenho autismo e essa cor nova do WhatsApp me deixa incomodado, preciso q vcs coloquem uma opção pra mudar a interface como antes, no caso azul, prfr 😢",1
"Muito zuado, prefiro o normal",3
Não gostei da cor q fizeram poxa a versão pra iPhone azul tava ótima os cara vem e muda gostei não. Da nem bota no tempo branco do celular q fica feio mais antes deixa no tempo preto do iPhone.,1
Tirem essa cor verde plmds,1
"tava ótimo na cor antiga, aí inventaram de colocar a cor no verde… cagou com o app na versão de iphone 🤷🏾‍♂️",1
WhatsApp agora fica tudo verde aff não gostei,2
"Nova atualização horrível, o zap ficou marrou com verde, literalmente tudo está assim, pelo menos o marrom está fraco, mais mesmo assim continua feio, não gostei 
Se tivesse como voltar para antes da atualização eu iria com certeza",1
odiei essa cor verde nova,1
"essa cor verde ficou horrível, volta para o azul, urgentemente!!!!!",1
"Odiei essa cor verde nessa atualização,podem voltar com o azul",5
Quero de volta os botões azuis 😭,1
"HORRÍVEL!!! Trocaram para a cor verde que tem baixo contraste, tenho problema de visão e está me causando muito desconforto!!! Vai ser difícil, mas vou migrar desse app que tanto gostava. NÃO TEM COMO USAR ASSIM!!!!",1
A troca da cor azul pela verde não ficou legal.,1
"Ótimo app, mas, porém, todavia, entretanto eu prefiro a interface azul, que já era característico do Whatsapp no iOS.",3
"voltem com o wpp azul pelo amor de deus, esse verde tá estranho e feio!!!",1
"Mesmo realizando as atualizações do app, a aparência do front não muda para as novas cores (iPhone 14 pro max).",4
Se tirasse essa cor verde ficaria melhor muito estranho essa cor pro WhatsApp!!,1
"Ficou uma p******* essa interface com detalhe verde, feio demais. Tinha que ter uma opção de voltar a azul porque não combina com nada no cel.",1
"Volta a cor azul, o verde está horrível",1
Tem como devolver? Tem como?☝🏽,1
não gostei dessa atualização,1
"Esta travando muito e os áudios demoram muito para carregar , mesmo com uma internet boa",4
"Horrível essa nova interface verde, voltem para o Azul, por favor… E quero relatar um bug de não poder fixar alguma conversa, porque está dizendo que já tem 3 conversas fixadas, mas não existe nenhuma conversa fixada.",1
"App realmente bom, porém queria só saber quando irá voltar os ícones na cor azul, não nessa cor verde a esta agora",4
"não fixa a pessoa favorita é prioridade, tá aparecendo somente 3 pessoas pra fixar , sendo nenhuma pessoa fixei 🤦🏻‍♂️",1
voltaaaaaaa,1
"Oi, gostaria de sugerir ao administrador do app q na próxima atualização, ele ponha uma configuração que permita aos próprios usuários a escolher a cor das notificações do app. 
Pois quem tá habituado a ter o app azul como era no caso dos iPhones, tem usuário q não gostou agora na cor verde. 
Então q a gente possa escolher, ou azul, ou verde, ou rosa, ou vermelho… enfim…",2
Muito ruim a última atualização no iOS. A cor azul era mais bonita,1
"Eu estou atualizando quase toda hora e o WhatsApp não aparece na mesma cor de muitos videos por aí , pra mim ainda ta azul",5
Sim,5
Não gostei da cor verde! Preferia azul.,1
"MEU WHATS AMANHECEU VERDE, TA PARECENDO A MATA ATLÂNTICA",1
"O WhatsApp está verde mas sendo sincera, não gostei dessa cor. Vocês poderiam criar uma opção com algumas cores para podermos escolher.",4
"ODIEI A MUDANÇA NA PALETTA DE CORES DO WPP PRA MIM QUE TENHO PROBLEMAS DE VISAO A NOVA COR VERDE ESTRALANDO ME INCOMODA E MUITO, É ALGO QUE AO MEU VER É SEM NECESSIDADE, SE VOCÊS QUISESSEM DAR A OPÇÃO DE MUDAR DE COR QUE SERIA PRA CAD USUÁRIO MUDAR ""SE"" ELE QUISESSE, APP ESTÁ SE TORNANDO INCÔMODO DE USAR!",1
"não estou conseguindo fixar as 3 conversas desejadas e o msm relata que ja existe tem e não é o caso, horrivel",1
volta com a cor azul por favor 😩,5
"Nada a reclamar, só queria o esquema de cores antigo!",4
"Pelo amor de Deus, que cor de verde horrível é essa que está no aplicativo???? Por favor, voltem com o lindo azul de antes, era muito mais bonito e chique, esse verde é uma escolha pessíma.",3
"Quero a cor como era antes 😡
😡",1
1 star review for the new design. IT IS HORRIBLE. This monochrome thing with this horrendous green. Bring the blue back!,1
"Essa cor verde é o cúmulo de horrível, tirando isso o app é ótimo",3
"A atualização que deixou os componentes em cor verde deixou a aparência muito ruim, deixando o visual pesado e dificultando a leitura.",3
"Meu WhatsApp atualizou sozinho e ficou verde, um horror, pelo amor né amados, deveriam perguntar se a pessoa quer essa atualização grotesca ou não. 🤮",1
Prefiro a cor azul no ios,3
Voltem com a att antiga..,1
Essa última atualização onde alterou por completo o Layout do iPhone ficou horrível.,1
Acredite preto e azul é melhor q esse verde atualiza dnv o normal,1
"odiei essa cor verde horrorosa no whatsapp do IOS, quero o azul de volta pelo amor de deus 😭😭😭😭😭

por favor parem de querer mudar o que já é bom",1
"Dei uma estrela por obrigação porque se pudesse não dava nenhuma, quanto mais vocês mexem no app mais vocês pioram.
Essas paginas para seguir incomoda e atrapalha, a cor verde ficou péssima deixou a tela com cara de tristeza.
Mudem para melhor, para de ficar inventando.
Quem faz pagamento via WhatsApp gente??????
Gostaria muito que viesse um aplicativo bom e pratico de comunicação e finalmente acabasse de vez com whats, um saco depender disso para comunicação, ja que ninguém hoje em dia atende ligações tradicionais! 🙄",1
Não gostei dessa nova atualização do qual muda a cor da notificação e ícones para verde. Acho q vcs poderiam fazer uma atualização do qual o usuário possa colocar a cor que desejar. Inclusive o azul era muito melhor.,5
"Voltem o wpp azul, por favor!!!!! O iPhone fica melhor no azul 
 VOLTEM COM A COR AZUL!!!!!",5
anao pfvr tirem esse verde do iphone plmds 😩,1
"Atualização veio cheia de “bug’s”.
Não consigo mais fixar as conversas (toda vez aparece a mensagem dizendo que somente 3 fixações são disponíveis, mas não tem nada fixado). 
O teclado some absolutamente do nada durante a conversa.",2
"Trocaram o azul por um verde super forte que dói os olhos. 
Porque já não colocam um tom cinza que ajudaria até alguns grupos de daltônicos?",1
"E quem nao gosta de verde como faz pra mudar pro azul ? Sou contra os verde, por favor me ajudem",1
Nao consigo fixar mais as conversas,1
Não consigo fixar nenhuma conversa no iPhone ! Ta terrível essa atualização,1
"Estou tentando fixar minhas conversas, aparece a notificação que só pode fixar até 3 conversas, clico em OK, quando vou tentar novamente aparece a mesma notificação! Como organizar isso?",1
"Depois dessa atualização, está bugado em fixa a pessoa🤦🏻‍♂️",1
"Não consigo fixa 3 conversas, pois aparece a seguinte mensagem “ você só pode ficar até 3 conversas” como se tivesse já as 3 fixada, porém não tenho nenhuma, está horrível essa nova atualização !!!",1
"Eu e a maioria das pessoas preferem mil vezes a cor azul como tava. Agora está parecendo WhatsApp Gb, feio demais!",1
Votem com a cor azul pro ios,1
"Quando vou tentar fixar alguma conversa, diz que “só é possível fixar até 3 conversas” sendo que não tem nenhuma conversa fixa ainda 🙄",1
Nessa atualização as mensagens arquivadas estão soando um sinal !!! Podem ajudar ?,2
Não consigo fixar conversas,1
🙏🏻🙏🏻,1
"Desde a última atualização não consigo mais fixar conversas. Sempre vem a mensagem que só posso fixar 3 , sendo que não tem nenhuma fixada ..",2
Depois dessa atualização o WhatsApp parou de fixar conversa no iPhone. Consertem isso,1
Volta pra cor normal do iPhone,1
"Não consigo fixar conversa na tela inicial, fica aparecendo, “ você pode fixar 3 conversas”, mas eu não tenho nada fixado.",5
"Agora com a atualização fica fazendo barulho a msg mesmo arquivada, não quero saber de nada que arquivei",3
"Meu WhatsApp chega o som de mensagem , mas quando abro o aplicativo as mensagens nao estão la..somente apos uns 10 segundos as mensagens começam a chegar tudo de uma vez..meu ios esta atualizado normal..iphone 14 pro",3
não tô conseguindo ficar minha conversas como se tivesse já três fixados porém não tem NENHUM!!!,4
"não consigo fixar conversa nenhuma desde que atualizou, resolvam isso😡😡😡😡",2
". Não sei o que está acontecendo, mas não estou conseguindo fixar um contato na tela inicial do meu WhatsApp e nem consegui recuperar o meu backup, por favor arrumem isso",1
"Depois dessa atualização não fixa mais nenhuma conversa odiei isso, por favor melhore isso logo",1
"Piora substancial! Sem fixação de conversas, travamento e lentidão.",1
"Por que não consigo fixar nenhuma conversa no meu WhatsApp, já tentei de tudo, reiniciar, desligar, apagar minha conta e recriar, e nada funciona, e não tem nada no YouTube e internet que fale sobre esse problema.",1
Por que não estou conseguindo fixar a conversa ? Pois quando quero ficar aparece você pode fixar até 3 conversas sendo que não tem nenhuma.,1
"Péssimo!! Preciso saber como destravar o WhatsApp! 
Ele abre o só permite uma ação, depois trava e perde todas as funcionalidades!!! 
Socorroooiooo",1
"Está com um erro para fixar conversas! Não tenho nenhuma conversa fixada e quando tento colocar alguma,aparece uma mensagem “Você pode fixar até 3 conversas”. 
Consertem isso por favor!",1
"Após essa atualização não consigo ficar nenhuma conversa, aparece sempre a mesma mensagem que só podem ter 3 conversas mas não tenho nenhuma no momento!",1
Desde a última atualização eu não consigo fixar conversas.,1
Nessa nova atualização não esta fixando os 3 contatos,3
"Desfixou sozinho, e não consigo mais fixar. 
Está notificando conversar arquivadas/silenciadas.",1
"Meu whats no iPhone 11 está ruim, ao fixar uma conversa ele não deixa e fala que já tem 3 fixada porém não tem nenhuma.",3
"A versão do app não tá fixando a conversa no topo, iPhone 14 Pro. Um alô aí pra correção do app por favor",1
meu whats nao esta verdinho e nao consigo mais fixar minhas conversas,3
"Estava ótimo, mas agora está com bug. Não consigo fixar conversa porque diz que está fixado. Sendo que não tem nenhuma conversa fixado! Horrível!!!!",4
Depois das atualizações não estou conseguindo manter e nem fixar minhas conversas.,5
"Está com problema ficar contato, avisa que só pode 3 mais na verdade não está fixado nenhum, tem vários outro bugs",1
"O meu não fixa mais os Contatos,resolvam esse problema por favor..",5
"Depois da última atualização meu whatsapp parou de fixar conversas na tela inicial,aparecendo a mensagem “voce pode fixar ate 3 conversas” sendo q mesmo sem nenhuma conversa fixada NAO CONSIGO MAIS FIXAR NENHUMA CONVERSA!! Quero solução",1
"Olá , meu WhatsApp não tá fixado a conversa e não tem nenhuma conversa fixada e quando tento fazer isso aparece que o máximo é 3 conversas e não tenho nenhuma fixada gostaria que vocês resolvesse isso , vim aqui Porq já reclamei e não falaram nada.",2
Não quero meu WhatsApp verde,5
"O WhatsApp na última atualização não está fixando o contato 
Só está fixando as mensagens por favor corrigem isso",4
Não está dando pra fixar conversas no app.,2
Mais só que está com problema na fixação de cvrs eu tento ficar 1 fala que pode ficar até 3 cvrs e nenhuma cvrs fixa ja apaguei a conta  instalei DNA e sempre a mesma coisa,4
Meu WhatsApp não estar caindo mensagem no iPhone as mensagem só caiu quando entro no aplicativo Já fiz de tudo reiniciei liguei e desativei segundo plano e nada alguém pode mim ajudar por favor,4
"Parem de reclamar da cor, está bem mais bonito assim, o aplicativo todo sendo verde com os detalhes azuis ficava muito feio.  Fora que é azul assim desde o iPhone 5. Já estava mais que na hora de uma mudança. Ficou bem mais clean e no padrão das cores do WhatsApp. Mas agora não consigo mais fixar conversas depois da última atualização. Mas espero que logo vai ser resolvido. Falta só a função de poder colocar nome de usuário ao invés de número",4
Não dá pra fixar ninguém.,1
"Dificilmente recebo notificação do WhatsApp,as mensagens  não entram logo.",1
"voltemmmm com o whats azul no iphone, nem todos estão assim tá sendo  injustoooo",4
Horrível essa nova cor agora no iPhone,1
Queremos a cor de volta do WhatsApp 😓,2
"Por favor, volta a cor azul.",3
"reage, whatsapp verde no iphone tá muito horrível!",1
"Um app ótimo maravilhoso só que as vezes vocês colaboradores estão estragando o app essa cor verde ficou super ridícula, eu simplesmente não vou atualizar o meu até o dia que ele parar de funcionar porque essa cor é muito feia o azulzinho do iOS era lindo",3
whatsapp verde ta feio demais,1
Por favor! Coloquem uma configuração para mudar a cor do WhatsApp. Eu quero o meu verde!!!😫,5
Não consigo fixar minhas conversas,2
O meu acho que é o único que não atualizou para o layout verde !!!,1
"horrível, pq mudou as cores?
a gente gostava pq era diferenciado, agora tá tudo igual",1
Tinham atualizado para essa cor verde um tempo atrás e voltaram atrás… Agora de novo… ficou bem poluída essa cor verde em todo o app …,1
"Após a última atualização, qdo vou apagar as conversas de grupo, o app fecha de uma vez e não consigo fixar conversas... tá dando bug",3
Nesta última atualização de hoje o mesmo está fechando repentinamente,3
Vcs podia colocar o azul novamente ou então liberar uma função que possa trocar de cor tipo quem quiser usar o azul usa e quem quiser usar o verde usa.,2
"Essa cor verde não ficou boa no IOS, sugiro que retornem com o azul que combina muito mais.",1
"Não tem como limpar conversas nessa nova atualização, sobrecarregando o armazenamento no iCloud oq não torna o app viável",1
Meu WhatsApp atualizou recente e agora fica só fechando sozinho do nada. Esse bug nunca me ocorreu o modelo do meu celular é iPhone 11 ios 17.4.1,3
Depois dessa última atualização eu não consigo fixar nenhuma conversa no topo. Nenhuma.,2
"Nao conseguindo acessar meu WhatsApp, todas vez que entro ele fecha automaticamente, o que tá acontecendo?",1
App travando e fechando sozinho. Após última atualização (02 maio),1
"Volte com a cor azul, esse verde é uma b0st4",1
Versão atualizada hoje está muito instável! Fica fechando o tempo inteiro! Façam alguma coisa rápido,1
"Meu wpp está abrindo e fechando sozinho, poderiam me ajudar?",1
"Depois da atualização não consigo mais usar, está fechando sozinho",1
"Após a ÚLTIMA atualização o aplicativo simplesmente parou de funcionar, fecha sozinho , não permite acesso as mensagens.",1
Depois desta última atualização o aplicativo fecha tempestivamente …. Já desinstalei e reinstalei para verificar se regularizo mas problema persiste.. Peço verificar o ocorrido Obrigado !,1
vinicius me desbloqueia,5
"Hoje meu WhatsApp não abre de jeito nenhum, eu clico no ícone e a tela abre e fecha automaticamente sem eu nem encostar em nada!",1
"Olha, eu odiei essa nova cor, e sem contar nos bugs que o WhatsApp anda tendo.",1
"Tirem essa cor verde no IOS, ta horrível!!",1
"Desde a última atualização não está dando pra fazer NADA no aplicativo, está fechando toda hora.",1
"Essa cor verde é horrível, voltem com a azul.",1
Tira esse verde pelo amor de Deus ninguém está curtindo volta p/ azul que é mto mais lindo e melhor p/ visão esse verde atrapalha as vistas,2
"Preciso da opção “quem pode me enviar mensagem?” APENAS MEUS CONTATOS estou sendo importunado por pessoas de má índole que pegam meus contatos de grupos que participo, invistam mais em ferramentas de segurança pelo amor de Deus!",1
O meu não tá atualizando mais a versão dos ícones verde,5
O meu WhatsApp não ficou verde,1
"Voltem para a cor padrão, o azul, esse verde está horrível!!!!!",5
Sou totalmente adepto a uma repaginada para emojis e gostaria de ver a inclusão do CUSCUZ. Um emoji de cuscuz seria sensacional!!!,4
"Desde que o app atualizou com a mudança no visual, deixei de receber as notificações quando alguém me envia mensagem. Preciso ficar abrindo o app e entrando em cada conversa pra saber se alguém me enviou algo. Horrível.",1
"voltem com o azul, por favor",1
"Meu WhatsApp não tá caindo msg, já tentei de tudo e nada ainda. Simplesmente travou",5
"Nem todo mundo se adapta as cores como esse verde. Seria melhor ter opção de escolher a cor ou voltar ao azul que era antes, era confortante aos olhos, ainda mais para quem tem TEA. Uma mudança inútil e irritante.",1
"Por favor voltem com a cor azul do IOS, ficou horrível com esse verde.",1
"Voltem com a cor azul, eu dei a opção de escolher.",1
"Ficou muito feio nessa versão verde 
Igual de Androide🤮",2
Meu iPhone 14 Pro está com WhatsApp sem conexão faz algumas horas.,3
Essa cor verde é horrorosa!!,4
Essa cor verde ficou horrível. Quem teve essa ideia deve ser usuário de samsung.,1
"Além desse verde ser horrível, incomoda os olhooooos . Não ta dando esse verde.

Eu sou corinthiana gente aí não dá !!!",1
Queria q o meu ficasse verde 🙁,1
volta plmrds verde ta mt feio,1
"A nova cor está pavorosa, voltem para a cor antiga!!!!",2
Esse verde ficou horrível!,1
"o whatsapp é ótimo, mas eu queria entender porque tirar tanto a qualidade de uma foto de status",1
"Quero meu wpp azul de novo, isso está horrível",2
Está caindo tempo todo tive que desinstalar whatssap perdi minha fotos e conversas e voltou do mesmo geito caindo.,1
"Essa cor verde ficou péssima, voltem com o azul imediatamente!",1
WhatsApp verde ta horrível!!!! volta azul!,1
Não tô conseguindo atualizar,1
"Fonte verde, super difícil de ler, app escuro. Deem a opção de desvincular o modo claro/escuro do app do modo do celular. Ou melhorem esse modo escuro.",1
Nova versão verde do WhatsApp pra iOS ficou horrível!!!! Tragam de volta o azul,4
Por favor volta a cor azul do aplicativo no iPhone. Esse verde tá horrível,2
"After the update, the app changed its blue color to green, the contact picture border looks like it’s about to shown an Ad, overall a really bad experience, specially to colorblind people.",1
"Meu pai atualizou o dele e veio esse verde horrendo, não atualizo nem se colocarem mensagem por satelite na atualização, verde nota ZERO🤮🤮❌",1
"Volta com ios azul por favor, esse verde está horrivel, irei desinstalar!!! O verde voltou dnv, volta com azul!!!!!!",1
"Não gostei da última atualização, a troca de cor na interface ficou horrível, quero de volta o WhatsApp na cor azul, como sempre foi para iOS.",1
"Meu WhatsApp simplesmente parou de enviar e receber mensagens.
Uso o iPhone XR e está no iOS 17.4.1",5
"Azul era bem mais bonito, combinava muito mais com o IOS, agora do nd mudou pra verde, ninguém pediu pra mudar pra verde. Slk, era tão bonito o Wpp do IPhone, agr ficou feio d+",1
"Depois dessa ultima atualização, nenhuma das minhas mensagens estavam sendo enviadas.",5
"Pela amor de Deus senhores, não estamos conseguindo usar o WhatsApp , ele apaga, somi da tela sozinho no decorrer do uso, por favor ajudem a resolver , eu trabalho com o WhatsApp. Por favor !!",5
Tenho o iPhone 13 Pro Max e o whatsapp não funciona.,1
A cor verde e preto está horrível! Tira isso pelo amor de Deus,1
"Achei a cor verde dos ícones e notificações muito agressiva para os olhos, incomoda muito quem usa o app, por favor voltem com o azul.",1
"Voltem os ícones e mensagens para a cor azul plmds, ficou péssima a estética.",1
"Odiei essa nova atualização, preferia mil vezes a cor azul",1
"Eae galera do WhatsApp, bora melhorar esse designe da nova atualização, os layouts na cor verde fazem nós corintianos querermos desistir de usar o app, melhorem nisso aí e atualizem pra personalização livre dos usuários das cores que querem deixar os layouts, ou, apenas deixem preto ou branco, thanks.",2
Ficou horrível essa interface verde. Tragam o azul de volta!,1
"Péssimo esse design verde e preto, muito frio, não gostei nada e penso que deveríamos ser consultados para atualização ou ter a opção de retornar ao azul 
Vejo que é uma queixa comum, reavaliem isso WhatsApp",1
"O som do teclado buga, se você enviar uma mensagem e começar a escrever logo em seguida, som do teclado fica mais alto e mais grave, até fechar o teclado e abrir novamente! Tenho um iPhone 12 Pro!!",2
"Essa atualização tá pessima, tudo verde! Parece que to nos melhores amigos do intagram que isso ?? Muda por favor!!!! Volta dnv eu imploro, agr vai achar que uso Samsung",3
"Volta ser azul , pq tá verde ??",1
"Amo o WhatsApp, mas essa nova atualização com tudo verde tá HORRÍVEL, tem como voltar ao normal?☝🏻 tem como?☝🏻",3
"Por favor tirem essa cor verde berrante dessa nova atualização, tá muito desconfortável essa cor verde, ninguém gostou dessa cor eu sou usuário de iPhone e ficou mt estranho.",2
"O meu WhatsApp ficou verde, melhor deixar azul mesmo, não gostei desse verde😵‍💫Deixem o azul padrão mesmo",1
"anao mas verde??? Poderia ser um azul, vermelho tantas cores 😭",1
"O que estes designers fizeram com o design do WhatsApp? Eles formaram-se em que faculdade? Porque este design atual está mais para desenho de criança do que profissionais que estudaram anos para fazer a sua função e fizeram merd*, por favor né, estava bom do jeito que estava, daí ABSOLUTAMENTE DO NADA, vocês resolvem colocar esta cor ridícula misturado com todos esses ícones ridículos desenhados por crianças, primeira vez que vejo atualização que serviu para regredir ao passado, nem quando o aplicativo foi lançado era tão feio como está agora. Por favor, voltem ao que era antes, vai agradar 99,9% das pessoas!",1
"realmente é perfeito, perfeito e todas as situações, mas acabaram q mudaram a cor original, mudaram pra um verde e transparente com branco está totalmente horrível e sem graça. não tem como voltar a cor que esteva e ainda ficou horrível no ios, por favor volta no azul 😭",5
quero o azul de volta,1
Um lixo! Pior atualização da história! Parei de usar o aplicativo.,1
A cor do iOS deveria manter a azul,1
De repente ele ficou verde sem uma atualização previa. O que houve ??,1
Essa interface verde tá um lixo!,3
"Essa atualização que mudou as cores ficou horrível, eu não consigo me acostumar. Parte da estética do aplicativo se foi. Perdeu-se. Muito triste, espero que voltem a cor normal",1
"WhatsApp atualizou no meu iPhone e agora tá verde, ficou horrível. Prefiro igual tava antes!",1
"Bom eu gostaria q tivesse como mudar as cores dele, pq eu não curto verde, e acho q ficaria legal de outras cores tbm, nn precisa ser o aplicativo inteiro só a parte onde está verde e as flechas e os risquinhos de visto ou não visto",4
Vocês não podem voltar a atualização antiga do WhatsApp não! Essa nova atualização estás horrível,1
"Simplesmente minha lista de transmissão com mais de 300 clientes desapareceu após está atualização! O app buga toda hora, fecha e preciso urgente da opção de lista novamente!",1
"A nova versão do iOS verde é horrível, poderia pelo menos dar a opção de continuar com o WhatsApp azul, ta cada vez pior",2
"odiei essa atualização e só o meu tá assim, não quer voltar ao azul!!! o que eu faço?",1
why is my whatsapp one of the very few that has not yet been updated to the new green version? update it quickly i've been waiting for this update for a long time 😤,1
"Poderia atualizar mais rápido em aparelhos antigos, queria a versão que pode conectar em outra conta feito o insta e não tenho.",1
travando demais e o design está horrível.,1
"Gostaria que acrescentassem uma função, mensagens programadas. Por exemplo, hoje é domingo e gostaria de tratar de um assunto com uma pessoa, mas por ser final de semana tenho que esperar pela segunda, porém quando chega na segunda acabo esquecendo de mandar a mensagem. 

Então gostaria de uma função que deixasse uma mensagem programada para ser enviada no dia e horário determinado.",5
"Não gostei da mudança das cores azul para verde, as cores azul dão todo um charme, as verdes estão feias, gostaria de pelo menos uma opção para poder escolher as cores entre azul e verde.",1
Meu zap não ficou verde 😞,5
Muito melhor a versão com os detalhes azuis… horrível esse verde….,1
"Estou sem receber notificação depois dessa atualização. Ao tentar acessar essa piada de suporte técnico, é finalizado automaticamente. Ridículo",5
"Voltem com as cores normais, ficou horrível",1
A cor verde está me dando agonia só de olhar ! VOLTA A COR AZULLLL,5
"Recentemente o meu Whatsapp mudou a cor tradicional do azul para a cor verde, gostaria de saber o motivo e pedir para que volte a cor azul ou então adicionar uma opção para que os usuários possam escolher a cor que preferirem utilizar. Desde já agradeço pela compreensão e espero que possam me ajudar com esse problema.",3
"meu zap atualizou recentemente e os detalhes azuis ficaram verde.. PESSIMO! eu sempre preferi o tema azul, não entendi o pq de tirarem. por favor voltem para o azul",1
"Poderia por gentileza voltar para a cor azul? 
Este verde tá HORRÍVEL, PÉSSIMO",1
Esse verde fica horrível 😰🥺 tirem o verde não fica nada bem,5
Estou odiando essa atualização verde no iPhone!! Horrível,1
Não gostei dele verde !!,1
"A cada atualização piora. Não quero comunidades, não quero letra maiúscula em “gravando áudio “ ou “online”, não quero ícones minimalistas que dificultam o uso do app e principalmente QUERO DE VOLTA O WIDGET PARA IPHONE",2
Nao atualiza no IOS para fazer figurinha,1
"volta com o whatsapp verde , ele ficou lindo 🥲",3
"Horrível, voltem para a cor azul!!!!",1
"Vocês haviam voltado a cor original (azul) agora está essa cor ver horrível novamente, podia ouvir os consumidores do aplicativo e voltar a cor normal.",1
"Tiraram o Widget, era bem útil!",1
"MUDEM ISSO, VOLTEM PARA O AZUL ESTÁ PÉSSIMO ESSE WHATSAPP VERDE, HORRÍVEL HORRÍVEL E HORRÍVEL",1
"Voltem ele em ícone azul no iPhone 

É muito feio os icones em verde 😫",3
"Porque vocês fizeram isso comigo ? WhatsApp iOS verde, nada haver não combina com o iPhone tudo aqui é azul, azul é bem mais bonito. Devolve me WhatsApp azul pfvr",1
Queremos justiça! O widget pra iPhone simplesmente sumiu. Estou indo queimar pneu na frente do exército 😭,3
"Andei percebendo que sempre a cor das ferramentas estão mudando, uma hora fica azul, de repente fica verde, o que eu acho horrível, não deveriam ter mudado essa configuração no sistema IOS, pois já estávamos bem adaptados ao que era antes. Só não entendo mesmo pq volta e meia a cor muda, tipo do nada mesmo… 🤔",3
Bem que poderia ter a função de adicionar música na foto do status do WhatsApp 🤔🤨🙇🏽‍♀️  Seria muito bom 🥹😅,5
o app ta dando bug no status.. está atualizado sozinho.. com isso nao da pra ver os ultimos status por que ele atualiza e volta pro começo,2
"depois da atualização, as mensagens do whatsApp não tá chegando notificações...  :/",1
"Meu Whasapp depois que atualizou parou de mostrar notificações, preciso abrir pra ver se tem alguma mensagem",3
Sem qualidade nas fotos e vídeos postados nos status,1
"Desde as últimas atualizações as notificações não chegam, só quando abre o app.. está péssimo isso",1
"Colocar a opção e a caixinha de marcar para apagar mensagem nas conversas e a mensagem sumir entre a conversa sem aquela mensagem ""Está mensagem foi apagada"" 
Atualizem Isso por favor 🥹",4
"Depois dessa atualização, onde foi parar o widget do WhatsApp? 🤔",4
"Desde que recebi a última atualização, venho tendo problemas na aba de status. De maneira interrupta, a aba de status fica piscando e voltando ao topo, impossibilitando assim fazer a rolagem e a visualização dos status de meus contatos. Peço que se possível, por favor, corrijam isso. Quando corrigido, volto aqui e mudo para 5 estrelas.",1
Após última atualização não estou recebendo notificações de mensagens novas,1
"Fica travando e não dá pra rolar pra baixo, volta pra cima sozinho",1
"Depois da última atualização, perdemos o widget no IPhone IOS 17.4.1",3
Com a última atualização do aplicativo o Widegt que usa na tela inicial sumiu,1
WhatsApp fecha sozinho no iPhone 15 pro max e obriga desligar celular para reiniciar o funcionamento.,1
"O app é perfeito, poderia haver a opção de bloquear o recebimento de áudio. Ser opcional receber ou não.",5
"Tive minha conta recém criada banida de maneira arbitrária sem ter violado nenhuma regra da política de privacidade, e não consigo ter nenhum auxílio do suporte !",1
"Sem condições de usar esse app esta impossível, é o único aplicativo que consegue travar todo o meu celular, o aplicativo fecha sozinho, buga o audio, o teclado, tudo…horrível",1
O desenvolvedor poderia criar a opção de bloquear o recebimento de áudios. Seria um ganho para a plataforma.,4
"Experiência fantástica com vídeos , textos, enquetes, áudios….vale a pena cada segundo investido nessa ferramenta",5
Estou com problema na atualização 17.3.1,1
Amei 🥰,5
"Só acho que pra ficar ainda melhor eu gostaria muito de ter a opção de ( EDITAR A ESCRITA NOS STATUS ) às vezes escrevo algo errado e só vou ver depois que já postei. Tenho que apagar, depois postar tudo de novo pra corrigir.. se tivesse a opção de Editar ajudaria muito quem passa por isso. 😉❤️",5
"Olá eu estou a 3 meses com o meu WhatsApp banido! Sem nem saber o que eu fiz e vcs não resolvem meu problema, não fala o que houve! Isso que eu só uso pra trabalho, e listas de transmissão!!!

Pessimo vcs nessa questão!",1
"Por favor, voltem com a cor azul do whatsapp",1
"O WhatsApp está com bug na hora de digitar as mensagens, está travando e tem hora que ele embaralha as letras.
Sugiro ter a opção de bloquear ser colocado em lista de transmissão. Igual a opção de ser colocado em grupo.",3
"No meu iPhone eu não posso usar o WhatsApp com bateria econômica porque trava. Atualmente mesmo com a bateria normal, é difícil escrever uma frase. Parece um modelo antigo Samsung. Eu não recebo mais nenhuma notificação. Tenho que ficar sempre abrindo o aplicativo pra ver o que me mandaram. Atualizo o app e nada.",2
Passou da hora do whatsapp ter opção não receber mensagem de números desconhecidos. Chega a ser irritante a abordagem de vendedores assediando por venda! Criem uma opção de bloquear qualquer envio de mensagem de desconhecidos. Até mesmo por segurança e real privacidade.,4
👍👎🏼?,5
"Podia ter essa funcionalidade, as vezes ficamos apreensivos em mandar uma mensagem muito tarde pra uma pessoa que não temos intimidade. Ai poderíamos programar uma mensagem por exemplo pras 8h da manhã.",4
"Antigamente era possível arquivar comunidades, mas agora o aplicativo não prrmite que sejam arquivadas na tela inicial, mesmo tendo uma aba no aplicativo so para conversas arquivadas. Voltem a permitir que arquivemos comunidades!!!",1
"Vários wpp já mudou a interface faz tempo o meu continua azul é não mudou pra verde , é chato de uns mudar é de outros não ou muda de todos ou não muda de ninguém!!!!!!",1
Queridos tem algum problema com o safari do yt? To tendando entrar em conversas e esta falando pra baixar e ja tenho o WhatsApp,4
"Depois dessas últimas atualizações ficou péssimo. Lento, travando, é uma luta pra mandar um audio, sempre corta ou simplesmente para de gravar no meio. Está bem irritante.",1
"O estatus está em modo horizontal a tempos , atualizo e não concerta , sem ver horários que foi postado . Prefiro em modo vertical , por favor resolva isso",5
"É bem interessante o novo recurso da comunidade, mas afetou muito minha organização, por não permitir o arquivamento de comunidades. Tem pessoas que utilizam o WhatsApp como instrumento de trabalho e arquivam as conversas “resolvidas”, deixando na “caixa de entrada” apenas as conversas que ainda precisam de resolução / resposta. Por favor, avaliem se é possível o arquivamento das comunidades também 🙏🏼",4
As fotos estão sendo salvas no aparelho em duplicidade e o áudio só sai no auto falante. Em cada atualização só pioram,3
"Acho que poderia ter uma aba apenas para grupos, mantendo assim uma organização maior!!!!",5
"Quando faço download de imagem ou video no app, aparece duplicado na galeria q chato ter q ficar apagando clone",5
"Está ficando péssimo a cada atualização. Áudio não funciona, mensagens sumiram todas, com dados importantes que não poderia perder. Ninguém do suporte nem sequer responde!",1
"ESTÁ SAINDO TODA HORA. VOCÊ TÁ ESCREVENDO OU ESCUTANDO UM ÁUDIO, E DE REPENTE O APLICATIVO FECHA SOZINHO",1
POR FAVOR CORRIGEM O BUG QUE ESTÁ DUPLICANDO TODAS FOTOS RECEBIDAS NO IPHONE,5
"Meu iPhone 7 Plus está salvando 2 fotos na galeria, está muito ruim.",1
"Essa nova atualização está duplicando as fotos na galeria. Consertando essa falha, fica perfeito!",3
"Salva o arquivo de fotos duas vezes na galeria… 
E mesmo atualizando o aplicativo depois desse bug , não resolveram na nova atualização … IPhone 13",3
Já faz mais de uma semana que o som nos status não está funcionando !!,5
"Primeiro o app simplesmente parou de transcrever áudios. Tentei falar com o suporte wpp e ficamos num ciclo sem fim. Desisti e deixei pra lá. Agora, depois dessas últimas atts não tem áudio nos status, nem mesmo em vídeos. Não dá pra ouvir nada que seja no status. Corrijam! Que saco!",1
Desnecessário essa atualização. Não teve utilidade nenhuma é so complicou as coisas! Parem de fazer isso,2
"Ao receber receber uma mídia o app está salvando de forma duplicada causando desconforto. Muitos usuários estão relatando esse problema, agradeceria se resolvessem de forma rápida.",1
"Está travando muito no iPhone 11, e o volume está com bug nos status!!",2
"Depois dessa nova atualização, perdi o som do meu status. Não consigo ouvir nem o que posto e nem outras postagens.",2
Quando vou mudar a foto de perfil a qualidade da foto caí muito e fica totalmente distorcida tanto no perfil quanto no status,4
Salva o arquivo de fotos duas vezes na galeria,1
Meu WhatsApp está baixando a mesma foto duas vezes isso tá chato já dps dessa atualização,1
"Depois da ultima atualização, todas as fotos do WhatsApp estão sendo salvas duplicadas na minha galeria.",1
"Está tendo um bug ao ver as atualizações, quando vamos procurar as atualizações de um contato, toda hora a lista sobe, dificultando a busca, arrumem isso, essa nova atualização está atrapalhando tudo!",2
Atualizei o aplicativo e os story com vídeos ficaram sem o som sem áudio,1
Está com bug no status.,4
"O app tem uma certa lerdeza, ao abrir algumas fotos/videos, o que não é comum, outras redes sociais como telegram funciona super rápido e não tem nenhum tipo de BUG.",1
Não gostei da nova cor do WhatsApp do iPhone,2
"Este é uns dos aplicativos mais usados, e no entanto é o app mais fraco em recursos do mercado, sem falar na falta de privacidade. Uso porque é popular, esta longe de ser bom ou melhor!",1
"Uma sugestão é liberar mais customizações. A exemplo do Windows Live Messenger Plus! Que dava mais, background, degrade etc",5
"Não sei o porque mas tem uns dias que só chega msg quando eu abro o aplicativo. Meu celular tem memória, a atualização em segundo plano está ativa, está tudo ok e não sei porque está assim 😭",5
"a nova atualização deixou o status do meu whatsapp mudo! já desinstalei e instalei diversas vezes mas, o som ainda não voltou e sim, o problema é apenas nesses aplicativo.",3
Gostaria de saber quando vai sair atualização no WhatsApp do iOS para poder usar dois WhatsApp no mesmo aplicativo?,1
"Bug nas atualizações de status no iPhone . Toda vez que chega uma nova atualização, o app repassa todas as atualizações já vistas novamente.",3
"Atualiza, atualiza e não resolve esse problema do volume que não funciona, tendo que fechar e abrir de novo pra dar certo. Pra ajudar, agora o áudio do status não pega se o celular estiver no modo silencioso. Uma b0st@!",1
"Alguém mais com bugs no app no iPhone 11, após atualização do app permanecem vários bugs travando muito  entre outros .",2
A qualidade dos stories estar péssima e o som dos status não estar funcionando no meu ! 😩😭,1
"Cropping a picture does not work as former versions and shows a cropped image that is bot what you selected.

And now, every picture pasted on whatsapp transform it on a sticker. And there is no option to paste it as an image. 
It has a menu when you paste the picture, why dont simply add an « paste as picture » instead of transforming everything in a sticker.",5
"Pelo amor de Deus volta pra quela função, antes eu conseguia ficar pressionando o status e ver oq tinha sem ter q tocar pra ver, o mesmo na conversa, please 🙂",3
Depois da última atualização meu zap não saiu a voz nos vidios do store!,1
"Poxa, amo o WhatsApp, mas o fato da Meta ter tirado a cor azul e padronizado o verde me entristeceu! Exijo o retorno da cor azul!",3
"O áudio dos status estar bugado, não sai nenhum som",5
"Gostaria de uma nova atualização, porque essa cor verde não gostei prefiro a cor azul nos telefone iOS, engraçado que só soltaram pra algumas pessoas e outra não , odiei !",1
"Esse l!x0 ficou verde no iPhone, credo 🤮",3
"A nova atualização para iPhone que deixou as configurações/atualizações na cor verde, ficou péssima!",2
"Arrumem isso logo,[ tenho o iPhone 13]",1
No meu iPhone os status que tem música áudio etc não funciona,2
Todos os status estão sem som! Não consigo ouvir vídeo algum dos status de ninguém!,1
Status está saindo sem áudio no iPhone XR,1
Coloquem temas em cores seria bem legal e seria perfeito pra quem gosta de personalizar o celular,4
"O WhatsApp poderia fazer uma atualização com criação de abas para figurinhas, a pessoa poder organizar as figurinhas em abas como quiser, por exemplo: futebol, engraçadas e etc.",3
Da cor,1
A interface verde ficou horrível deveria ter uma opção para voltar a cor de antes,1
"Depois de alguma atualização não temos áudio nos stories dos contatos, não funciona de forma alguma o áudio, mesmo a barra de volume mudando ao acionar os botões.",3
Mudem essa cor verde tenebrosa,1
Sem áudio na nova atualização do iPhone,1
"Resolvam isso, por favor!",1
"Mensagens marcadas como favoritas e conversas fixadas nao fosse apagadas quando usamos a função APAGAR TODAS AS CONVERSAS!!!! E um botão chamar atenção seria mais interessante que apagar mensagem com a notificação APagou mensagem —“

TIRAR ESSE LANCE DE ATUALIZAÇÃO e canais aaaa",3
"Versão 24.4.78 totalmente bugada. Não notifica na tela bloqueada, demora a carregar msgs. Um caos.",1
"Com essas últimas atualizações, o WhatsApp está apresentando erros: Os status dos contatos estão saindo sem áudio, as mídias estão dando erro ao tentar fazer download e ao compartilhar arquivos e links, não está mais aparecendo o nome dos contatos e sim códigos aleatórios.",1
Status do WhatsApp sem áudios desde domingo (25/02).,1
"TODAS as minhas chamadas de voz, recebidas ou realizadas estão sendo identificadas com sequências de letras e números e não mais como “chamada de voz” como aparecia antes no histórico das conversas, o suporte não conseguiu dar resolução nesta demanda.  ESTOU INSATISFEITA",1
vim dar uma opinião a vcs será bem sincera sobre o WhatsApp normal tivesse novas funções iguais as funções do WhatsApp GB tipo as funções que permitem que a pessoa possa personalizar o WhatsApp deixar da cor que a pessoa quisesse e também a função de ante deletar mensagem é ante deletar Status eu só tu usando esse WhatsApp normal por no iPhone infelizmente não tem como usar o WhatsApp modificado se vcs fazerem oque tô falando eu volto aqui é deixo 5 estrelas vcs deveriam ter mais criatividade igual a os criadores do WhatsApp modificado,2
Meu estar verde queria a cor normal da interface AZUL,1
Por favor quero azul o verde está horrível,1
"Após clicar para baixar fotos, o aplicativo retorna a mensagem que o download não pode ser feito, que precisa ser conectado ào rede Wi-Fi, mesmo estando conectado.",1
Não consigo arquivar grupos que estão associados a comunidades,1
"O Whats atualizou hoje e chegou com duas novidades: dois bugs novos. Um que fica aparecendo um código ao invés do nome nas chamadas de vídeo, outro que dá erro ao baixar fotos.",2
"Após a atualização, ao receber e fazer chamadas, aparece na tela um código (70/1K WFdx' e Vd*bmal_b) na tela do contato.",1
Poderia colocar essa ferramenta de poder bloquear somente o membro do grupo e não todos. Todos os grupos tem aquela pessoa chata que não sabe os limites e para não ter que bloquear todo mundo. Poderia ter está opção de bloquear somente aquele membro.,5
"A última atualização foi estranha, ficou uns códigos nos contatos da lista de chamadas ocorridas e não sei como reverter isto. 🤦🏻‍♀️",1
"Os vídeos que posto nos status não saem com som, assim como não ouço o som dos vídeos que outras pessoas postam! Arrumem isso, por favor",4
Bem que podiam atualizar pra por os novos toques do iPhone como notificações,5
hoje teve uma atualização mas nada em ser resolvido o problema das mensagens serem apagadas sozinhas após excluir o contato,1
"Depois dessa ultima atualização, percebi que as informações/descrições sobre chamadas telefônicas via WhatsApp ficaram todas estranhas e sem sentidos, com letras e números sem lógica alguma. Arrumem isso!",1
"Ao salvar contato que já tinha conversas 
Apaga tudo , perdendo todas as conversas",1
Ainda nada de liberar conectar segunda conta no iOS… ta demorando,4
"Os vídeos dos status do app estão com o áudio bugado,resumindo,estão mudos",1
Depois dessa atualização meu WhatsApp ficou sem áudio para ver os status das outras pessoas ficou horrível,1
Há mais o menos um mês  que não reproduz áudio nos vídeos que são postado nos status.,1
Quando vão arrumar esse backup que não completa? Já tá dando raiva do app.,1
Ja mudei várias configurações e as mensagens só chegam quando abro o app.,1
"Demoram muito para resolver quando estou banida, horrível!",1
Fui banida duas vezes sem motivo plausível. O tempo de resposta do suporte é bem longo.,3
"Meu WhatsApp apagou varias conversas hoje sem estar ativa as mensagens temporárias! Logo após foi feito backup! Como tinha feito backup agora, não consegui recuperar mensagens importantes que foram apagadas! O que faço agora?",3
Meu WhatsApp não tá saindo som dos vídeos do status,2
"O app deveria informar esse mudança de que se excluir alguém do seu contato, o WhatsApp exclui automaticamente TODO histórico da conversa! 
Achei invasivo, pois eu só não queria mais ter o contato da pessoa, porém precisava do histórico da conversa!
A conversa é confidencial, então o histórico só deveria ser excluído se eu excluir e não de forma automática",1
"O aplicativo deu um bug e apagou conversar importantes sem a minha permissão, o que vocês irão fazer para que eu possa recuperar as conversas que não foi eu que apaguei e sim o APLICATIVO DE VOCÊS Q FEZ ISSO SEM MINHA AUTORIZAÇÃO",1
"Está com problema que não tem opção para ativar mensagem de vídeo instantânea, entrei como setttings -> Conversas e não tem opção para ativar mensagem de vídeo. Por favor poderia verificar ? 
Já atualizei mais recente e não foi.",1
Poderia ter a opção de fixar quantas conversas quiser.,5
"Fui excluir um contato e do nada sumiu a conversa com tudo, coisas que não poderia perder na conversa.
Horrível",5
"Pô mano, antigamente se apagasse o contato a msg ficava, agr se apagar ele exclui a conversa toda po q palhaçada em, perdi coisa importante pq não fui avisado sobre, poderia pelo menos colocar uma confirmação na hora né plmds.",5
"A versão está com um bug que apagou duas conversas inteiras minhas, mesmo não tendo ligado a opção de apagar mensagens após um período",1
"Atualizei, e perdi o WhatsApp 🤡 Clico no app sai automaticamente, péssimo!",1
"Quando eu mando uma mensagem, se eu editá-la, ela não é mais enviada e a pessoa não vê. Quando salva a edição, a mensagem nunca é entregue.",4
"WhatsApp ficou horrível dps da última atualização, se vc exclui número no whats exclui a conversa toda, os status se tem novo pra ver começa aparecer até os que já foi aberto.",2
"Simplesmente várias conversas sumiram, inclusive vários contatos que tem WhatsApp não estão aparecendo no app.",1
Fui excluir um contato da minha agenda e foi excluído junto a conversa do WhatsApp. Isso não acontecia antes. Quero recuperar minhas conversas.,1
"Estou tendo problemas com o aplicativo. As minhas mensagens estão sendo apagadas sozinhas, sendo que NÃO está ativado a opção de mensagens provisórias que se apagam sozinhas. Já perdi 3 conversas, sendo que uma delas era de extrema importância profissional. Não consegui achar solução pesquisando sobre os problemas. O meu aplicativo está com a última versão do WhatsApp, o meu iOS está atualizado em sua última versão, e eu NÃO uso mensagens temporárias. Gostaria de um esclarecimento.",1
"Oi, boa tarde ! Eu gostaria de saber se tem como me ajuda , meu wpp tem algumas conversas q tão apagado sozinha , eu acho q o próprio wpp tá fzd isso ! Gostaria de saber se é possível me ajudar resolver isso !",4
"Por gentileza, arrumem o bug de que quando apagamos o número apaga-se a conversa também! Queremos apagar o número e não perder a conversa !",1
"Ta muito ruim, quando a gente vai salvar um número o whats apaga tds as mensagens q ja tinha",1
"Gente, quando vou excluir um contato, automaticamente apaga a conversa com a pessoa que exclui apenas o contato. 😩",4
fui apagar um contato e apagou a conversa inteira,1
"Ao apagar um contato na agenda telefônica, a conversa some junto do WhatsApp !!! Como pode isso? O que a agenda telefonica tem a ver com o historico de conversas do WhatsApp? Podem explicar? Preciso de uma conversa de volta urgente e ninguém sabe o que está acontecendo!!!!! Absurdo",1
"Faz o whats ter a opção de reação nos status igual os story do Facebook, quê assim podemos reagir aos status sem ter q mandar mensagem",3
"Após a última atualização, App abre e fecha sozinho quando conecta .
Já passou da hora de lançarem uma release da versão com a correção .",1
"Tô tentando de tudo pra entrar no whats, mais não vai de jeito nenhum!",1
A última versão de 10/02/2024 véi com bug. O app desliga sempre que é aberto.,1
Não estou conseguindo abrir o app,4
"meu aplicativo está fechando sozinho apos a última atualização, nao consigo usar",1
Muitas pessoas não tem escutado meu áudio na ligação mesmo não sendo a internet,2
Tá horrível o WhatsApp toda hora que eu entro eu tenho que excluir WhatsApp e voltar novamente com aplicativo qual a necessidade disso ?,1
Do nada agora fechando sozinho.,1
"O atalho não funciona mais e quando fui olhar nas configurações, a opção para ativar a funcionalidade não está mais visível.",2
Os vídeos ficam sem áudio no status,1
"Depois da ultima atualização meu WhatsApp está fechando só, arrume isso por favor",1
"Meu WhatsApp simplesmente não está funcionando, quando eu tento acessar fecha sozinho. Resolvam logo isso!",1
"Todos os meus status no iphone 11 estão sem som, nao sai som de nd dos status que meus contatos postam mesmo com o som no máximo!!! Arrumem isso.",1
"No IOS 17, o app não abre! Só recebe notificações, mas ao abrir ele fecha. Resolvam urgente!! Em pleno carnaval e sem o app…",1
"Tenho um iPhone 11 e não tá abrindo, já apaguei o app e reinstalei e nada! Fica só na pega inicial do app e depois fecha sozinho. Me ajudem! 🙏🏽😔 tá todo meu trabalho nele",1
O aplicativo não abre mais e quando abre fecha automaticamente depois de alguns segundos!,1
"Odiei essa atualização de apagar algum contato e eu querer deixar salvo só a conversar,e aí tiraram,se apagar o contato apaga tmb a conversar,eu odiei!!",1
Fica travando depois da última atualização,1
Depois da última atualização o app abre por 2 segundos e fecha sozinho!,1
App bugado - fecha sozinho quando conectado em rede de dados ou Wi-Fi.,1
Não to conseguindo entrar no WhatsApp não abri Eu entro e sai sozinho não está abrindo,1
The application opens and closes by itself. Load the messages and close IMMEDIATELY by itself.,1
Fiz backup e não consigo acessar os áudios salvos e fotos aparecem com ponto de interrogação,1
Meu WhatsApp esta fechando sozinho !!! Na hora que eu vou abrir o meu WhatsApp ele fechar automaticamente!! Por favor resolva logo esse bugs logo ..,5
Crashing after latest update,1
Depois da última atualização o app simplesmente não abre mais no iPhone. Alguém fez uma cagada monumental.,1
"O aplicativo abre e fecha sozinho, se desligar Wi-Fi e dados da internet ele abre e permanece, mas ao religar a internet o programa fecha automaticamente.
O que está havendo? IOS atualizado e o WhatsApp também. iPhone 13pro Max!
Aguardo retorno!",1
"Estou com problema para ativar a função de enviar mensagens de vídeo instantâneas. Não aparece a opção para ativar dentro de conversas lá em configurações.
Estou sem poder enviar essas mensagens de vídeo instantâneas.",2
De repente o WhatsApp fechou e agora sempre que abro o app fecha automaticamente. Não consigo mais utilizar. Tenho um iPhone 13.,1
"A última atualização simplesmente matou o meu aplicativo. 
A solução dada? Perder tudo reinstalando o aplicativo sem recuperar o backup. 
Fora que nunca termina de fazer o backup.",1
"Odiei. agora quando vc apaga o contato pelo whatsapp, exclui todas as mensagens que tinha com o contato!!!!!! some tudo. o app esta cada vez pior! horrível",1
"O app é ótimo, funciona muito bem e facilita bastante a comunicação.

Acredito q ficaria melhor se pudéssemos criar “pastas” por exemplo, uma pasta de grupos, uma pasta para amigos, pasta para compras, etc. fica mais fácil as conversas pra não deixar ninguém sem resposta.",4
"Desde a última atualização, o WhatsApp fecha assim que aberto. Resolvam isso, uso pra trabalho! Vocês ficam enchendo o app de coisas desnecessárias que ninguém usa, ja existem apps com essas configurações diferentes, inclusive o app é de vocês mesmo . Ninguém quer coisas mirabolantes, só quero um app bom que podemos conversar!",3
Que atualização é essa?,1
"Fui apagar um contato e simplesmente apagou a conversa inteira, tá um verdadeiro lixo",1
"Depois da ultima atualização, app nao abre mais. Qdo abre fecha sozinho ou foca tela preta. No iphone 13.",1
Não abre! Chegando mensagem normal mas não tem como ver pois o app não abre,1
O app está fechando sozinho e não abre,1
"App não abre após última atualização, não consigo ver e nem mandar mensagem.",1
Depois da última atualização não consegui mais abrir o WhatsApp. Ao abrir ele fechava automaticamente. Reinstalei o app e ele faz o restaura o backup mas as conversas aparecem pela metade. Corrijam urgente isso,3
Última versão travando no iPhone 14 pro Max hj 08/02. Mesmo antes da atualização e depois continua igual.,1
"Olá, meu WhatsApp esta saindo sozinho. Principalmente qnd está com internet, quando clico pra abrir ele fecha sozinho. Espero que resolvam. Meu celular é um iPhone 12 mini",1
após atualização o aplicativo simplesmente está fechando sozinho e durando poucos segundos aberto,1
"After the last update for iOS, this app is crashing! I open the app and it closes right away! 😬",5
"Depois da última versão 24.3.70 não consigo mais usar o aplicativo, ele está fechando sozinho.",1
"Depois da última atualização do aplicativo, no meu aparelho não está abrindo de forma alguma. Meu aparelho é um Iphone 13 mini.",2
"Atualizei o whats hoje e se apago algum contato da agenda do celular, ele apaga a conversa automaticamente, não sei o que fazer por que o suporte não dá suporte.",1
Sugestão: aumentar o número de conversas fixadas.,4
"Pra o WhatsApp ficar melhor do que tá teria que ter a opção de separar conversas de grupos pra melhor acesso,se atualizassem isso seria ótimo",4
Meu whats para de funcionar no iPhone 13 iOS 17.3,1
Meu WhatsApp não abre! Clico no app e ele simplesmente fecha sozinho ou fica tela preta e depois fecha. Estou com esse problema a mais de 10h.,1
"Fui banido injustamente , pois minha conta foi invadida. Perdi meu acesso e meu número não entra mais . Entro em contato com central apenas falam que foi banido e sem informações. Algum suporte pode me ajudar ?",5
"Quando abro ele fecha no iOS, como resolver? Já reunirei o aparelho e já reinstalei..",3
"Meu WhatsApp não está abrindo no iPhone. Já tentei de todas as formas, ele abre e fecha em seguida, impossibilitando o uso. Tanto o celular como o aplicativo estão atualizados e possuem memória livre. Testei com o modo avião ligado e aí sim ele abre, mas fica sem funcionalidade por não estar conectado. Preciso de ajuda!",1
Minha conversa apagou sozinha e não consigo mais recuperar,1
"Tive meu telefone roubado , mas o número foi mantido !
O sistema de segurança é tão estupido , que não há outra possibilidade de validar meu novo aparelho , a não ser com o aparelho antigo , que foi roubado , e está indisponível!",1
"desde a última atualização, o whatsapp redefiniu sozinho meu wallpaper, eu mudo ele nas configurações, mas ele não altera. tá me incomodando bastante.
além disso, toda vez que eu vou baixar uma foto, aparece uma mensagem falando que não foi possível baixar, aí eu clico de novo pra baixar e baixa normal.",3
Após atualização não abre fica dando tela preta,1
"Depois da última atualizacao nao consigo alterar a imagem de fundo para a que eu quero. E as notificacoes de mensagens tornaram a aparecer, mesmo a pessoa estando na conversa arquivada.",1
"Eu troquei meu celular pra um iPhone 11 e foi tudo feito certo , só que os vídeos que as pessoas postam com áudio no status não está saindo voz e não sei oque houve",4
"Estou com esse problema, já acionei o suporte faz uma semana e não me responderam. Consigo ouvir áudios de conversar, de vídeos que me enviam, mas quando vou verificar os status publicados pelos meus contatos não sai som algum, mesmo eu tentando aumentar ou diminuir o volume. Simplesmente não funciona. Já atualizei o aplicativo, já o reinstalei no meu celular e o problema persiste.",2
"Do nada parou o som nos stories, já desinstalei o aplicativo e nada",1
O som do status não está funcionando. O celular é um iPhone 11 e está atualizado.,1
"Não recebo notificações das mensagens recebidas, somente quando entro no App que carrega e chegam as mensagens, está horrível o WhatsApp!!",5
"Apos atualizar e utilizar o app para tirar foto as imagens nao estao focando… fica desfocadas . Uso iphone 15 pro e atualizado . Em visita na apple , assistencia, informaram que o problema e no app e nao dao suporte . Aguardo soluções",2
O app está consumindo muita bateria em segundo plano,1
Não sei porque mais direto da bug e fica sem áudio dos stores,1
O WhatsApp está pessimo! Os vídeos dos status não saem os áudios tá triste demais,1
"Quando vou instalar meu app, diz que ele não é oficial. O que fazer. Não consigo usar meu aplicativo.",2
"Estou a dias sem WhatsApp pq o mesmo diz que estou usando app falso, quando coloco para baixar o oficial abre exatamente o mesmo aplicativo, não sei mais oque fazer e eles não dão nenhum suporte",1
Meu WhatsApp simplesmente desconectou e não consigo utilizar. Tem coisas e contatos importantes que não posso perder! Já tentei entrar em contato com o suporte e não obtive retorno!,1
"Meu whats foi deslogado por duas vezes hoje e sempre após digitar os códigos vem a informação de que o app não é oficial mesmo sendo baixado diretamente da Apple Store, resultado não consigo baixar o WhatsApp.",1
"Estou solicitando ajuda pois diz que meu app não é o oficial e não estou tendo esse suporte,meu celular é um iPhone impossível que Estou usando um app não oficial aguardando uma resposta",1
"A minha conta foi bloqueada e desativada, alegando que eu estava usando um app não oficial, mas eu baixei esse próprio app pela minha loja de aplicativos (app Store). Estou mandando email e sempre me respondem com a mesma tratativa",1
Bloqueou meu número e notificou que esse app não é o WhatsApp oficial,1
"eu quero o whatsapp verde, atualiza",3
whatsapp verde no modo escuro ta horrível,3
"Aplicativo muito bom, mas após as últimas  atualizações está fechando sozinho direto e travando muito. Entro e ele começa a atualizar as mensagens e trava. Tenho q fechar e abrir de novo umas 2 p vezes p utilizar.",1
"O app é simplesmente PERFEITO, sempre gostei des de o primeiro dia em q baixei (em 2018) até hoje, mas acho q poderiam adicionar o corte aos áudios, por exemplo eu tô gravando um áudio grande e sem querer falo besteira, eu teria q reiniciar o áudio, pra isso n acontecer acharia o corte aos áudios bem útil pra n ter q recomeçar o áudio todo",5
"Estou tendo um problema bem desagradável desde passei a usar o iPhone 14 Pro Max . Toda vez que reproduzo um áudio no aplicativo a tela permanece acesa mesmo após colocar o aparelho no ouvido . Isso acaba causando toque acidental e acabo fazendo chamadas indesejadas. O problema só acontece dentro do WhatsApp, durante ligações ou mensagens de outros aplicativos funciona perfeitamente.  No dia de hoje acabei de atualizar o app pela última versão e nada de corrigir o problema. 
Fiz várias pesquisas e vi que o problema é crônico nesse modelo de aparelho. Preciso de uma solução!!!!",2
"o whatsapp ficou impossível, ninguém mais tem o whatsapp normal, todo mundo quer o whatsapp gb e acaba prejudicando a comunidade em si, a minha sugestão é fazer com que os whatsapp modificado saia do ar e somente o whatsapp da apple store e play store fiquem no ar",1
"De uns tempos pra cá, venho notando o app travando muito ao digitar. Trava tanto que bagunça toda a digitação. Troquei de celular porque pensei que fosse o telefone, mas descobri que é o aplicativo. Sugestão para correção. 👍🏻",4
Ao tentar abrir uma conversa a tela fica branca.Fiz a atualização mas não resolveu. Fechei o aplicativo e abri novamente mas não resolveu.,1
"O aplicativo é perfeito, mas seria muito legal se tivessem emojis animados! Como por exemplo, o emoji de coração com brilhos, seria incrível se tivesse um emoji desses onde o brilho se mexesse, assim como quando você manda o emoji de coração vermelho e ele fica batendo",5
"Uma sugestão para deixar o app ainda melhor, seria poder utilizar os sons de notificação da nova atualização do IOS 17. Os que estão disponíveis, já estão ultrapassados e enjoativos.",5
O aplicativo é muito bom mas os desenvolvedores surtaram ao permitirem status de canais adultos sem a opção de bloqueio para acesso livre de crianças. Grupos adultos onde as crianças podem entrar. POR FAVOR DESENVOLVAM UMA OPÇÃO DE BLOQUEIO!,1
"Está aparecendo muita conta falsa fingindo ser vaga de emprego, com número falso. Pede os dados ou manda mensagem oferendo pix em troca de curtidase comentários em páginas de instagram. Sempre denuncio mas eles sempre voltam. Façam algo!",1
"Está travando demais o app, muitas vezes tornando difícil o uso dentro de uma rotina profissional. Trava de uma letra para outra, de um comando para outro, está muito ruim.",3
"Só estou recebendo notificação do aplicativo quando o mesmo está aberto, quando ele se encontra com a aba fechada não recebo qualquer tipo de notificação.",4
"Desde que atualizei meu WhatsApp a um tempo atrás ele não para de travar no app de vocês, péssimo, digitação horrível, as vezes a última letra ou símbolo na frase trava e vai parar em primeiro!!!! Melhorem.",2
"Depois da atualização pro iOS 17 
Não estou mais recebendo notificações, só consigo ver quando abro o WhatsApp. Não recebo mensagens e nem ligações se o app não estiver aberto. Preciso da ajuda de vocês. Pois a cada instante tenho que abrir o WhatsApp pra ver se chegou alguma mensagem.",1
"Pessoal estou com dúvida, é só o meu WhatsApp, ou o de mais alguém ficou verde e preto?, pq o meu ficou verde escuro no lugar do azul e ficou um preto diferente também, não sei se foi atualização ou oq foi",5
"Mano de ontem para hoje vocês mataram o app ? Não consigo mandar mensagem, tenho que ficar add um por um, para mandar mensagens como se na minha configuração eu tivesse alterado, para não aceitar os Contatos que já tinha.🤡 hahaha mds mano cagaram real no app
🤯😡😤",2
Fui banido sem fazer nada,1
"O aplicativo é realmente muito bom, perfeito para uso no dia dia, tenho uma sugestão que talvez possa agradar muitos… gostaria que nas Enquetes tivesse a opção de votos anônimos! Muito obrigado pela compreensão. Tenha um bom dia. 😃",5
"Era melhor quando os status eram em lista, agora ta um do lado do outro, péssimo",1
"O app está HORRÍVEL e cheio de bugs.
Já é a SEXTA VEZ QUE PERCO MEUS ARQUIVOS DE MÍDIA .
O app simplesmente trava e quando abro de novo, minhas fotos que recebi e enviei, áudios e vídeos não abrem mais. 
Eles continuam a aparecer no app e ocupar espaço mas algo está corrompendo meus arquivos.
Isso desde 3 ou 4 atualizações de IOS anteriores.
Apagar o app restaurar backup NÃO FUNCIONA!
Formatar o iPhone NÃO FUNCIONA!
Isso TEM QUE SER RESOLVIDO URGENTE!!!",1
Está travando e o ditado coloca letras maiúsculas no meio da frase mesmo com o corretor automático desabilitado,1
"Ao tentar me conectar no aplicativo, sou informado que devo usar a versão oficial do aplicativo, sendo que a versão baixada é esta onde escrevo o review. Está impossível utilizar o app.

E quando você tem esse tipo de problema com o produto se depara que não existe suporte que o ajude. Todas as respostas que recebi foram automáticas.

E também uma péssima implementação de criptografia ponta a ponta, que basicamente inefetiva a usabilidade do aplicativo: demora para carregar mensagens, o processo de transferência entre dispositivos é árduo e demorado, dependência de um dispositivo primário, não existe sincronia de stickers, mensagens. Um mensageiro instantâneo que de instantâneo tem muito pouco.

Uma pena este aplicativo ter se tornado essencial para a comunicação entre brasileiros… existiam opções melhores.",1
"Um lixo, qualquer vídeo postado no status fica horrível a resolução. Quando vão atualizar isso? Vai ser preciso todo mundo migrar pro Telegram?",1
"Mudança no status dificulta visualização e estes canais q está maior que o status, era um app simples e prático está ficando chato e cheio de propaganda, passando começando a usar mais o telegram!",1
O WhatsApp perdeu crédito do aplicativo colocando função de canais obrigatórios e de conteúdo explícito a menores de idade e pessoas que nao desejam ver o conteúdo. Se não tiver como desativar funcao vou deletar minha conta e acredito que muitos farão o mesmo,1
"Nova atualização do medelo de status igual do insta não ficou legal, voltem com o status padrão WhatsApp na vertical, e com a pré visualização nas bolinhas!",2
"WhatsApp podia ser como direct do insta. Em vez de apagar a mensagem era só cancelar. Assim o outro nem ia saber que apagou. Odeio ter que apagar e pessoa fica perguntando o que eu tinha escrito. Sem falar que quando vc se arrepende de do que escrever e apaga, transparece infantilidade.",5
"Deveria ter a opção de colocar status com mais tempo e colocar músicas, como no inst e face.",5
"Não acho adequado um conteudo adulto sendo exibido de forma tão explicita e sem nenhuma ferramente para bloquear ou retirar esses ""canais"" da nova atualização.",1
"Estou a dias tentando instalar pois o aplicativo parou de funcionar do nada no meu IPhone,agora estou sem o aplicativo para uso de trabalho,deveriam fazer uma atualização melhor pois meu iPhone não apresenta  nenhum tipo de mal funcionamento.",1
"Do dia para a noite, simplesmente parei de receber notificações e mensagens com o app fechado, já conferi nas configurações, reiniciei o dispositivo e o problema se estende por vários dias. Quando me enviam mensagens, sequer recebo mesmo conectada ao wifi, as recebo apenas quando abro o app",2
"Amigos, não sei o que está acontecendo minhas mensagens só chegam pra mim quando abro o WhatsApp. Se eu não abrir o as mensagens que as pessoas mandam pra mim não chegam",5
"Retirem esse modo de visualização dos status que está horrível. Para ver o status tem que tá abrindo, péssimo. Antes era muito melhor, pois poupava o nosso tempo de abrir somente o que chamava atenção.",1
Não gosto do modo de visualização do status dos contatos em modo horizontal. Prefiro a visualização antiga que era modo vertical da mesma forma que é a apresentação dos canais que não é de meu interesse.,1
"Bom dia!
Por favor, em Configurações>Privacidade>Mensagens Temporárias, Duração padrão, está aparecendo uma linha de código queixou aberta. Está lá a seguinte linha de código: ZSn>w. Por favor, consertem.
Um abraço",4
"Essa última atualização deixou muito lento, vc escreve e demora a sair as letras. Tem uma pausa dramática. Tá horrível.",2
"Por favor arrumem essas comunidades que não podem ser arquivadas, fica uma bagunça na página de conversas",1
Topppppl,5
"ficou muito estranho, as cores ficaram esquisita. Parece que WhatsApp fake. Volta com o azul",1
"Foi um retrocesso essa ideia dos canais, ainda mais que fica aparecendo conteúdo adulto, nada a ver com nossos interesses. E para ajudar não existe a opção de excluir isso.",1
Troquei de celular abaixei o WhatsApp por aqui e diz que não é oficial e estou sem usar Mandei varios e-mail e nada de resolver estou uma semana sem conseguir usar o WhatsApp mesmo com o chip no iPhone,1
"O app é muito bom, prático e rápido!
Mas depois dessas atualizações que aparecem canais ficou muito ruim, as vezes aparecer conteúdos impróprios ou que nós simplesmente não queremos ver, acho uma sacanagem termos que ter isso nos nossos celulares, por mais que nos não sigamos, é errado.
Por favor tirem a obrigatoriedade de ter canais, ou que possamos tirar certos canais das nossas sugestões, pois chega a ser um desrespeito!!!!",1
"Gostaria de saber porque o meu WhatsApp está travando?!!! Enquanto toda a conversa que tenho no computador não carrega e atualiza no celular, na consigo fazer absolutamente nada pois fica todo travado. Podem me explicar o porque disso????",1
"Nenhuma notificação é exibida após a última atualização 
Aos outros aparece que nem recebi a mensagem e ligação 
Somente abrindo o app para conseguir ver o que me enviaram
Tudo isso causado pela última atualização do app",1
Poderiam aumentar a capacidade máxima para fixar conversas,3
Após as últimas atualizações o app está travando mais e congelando.,2
"Olá ainda está lento e travando o app, isso para a maioria das pessoas do iPhone 13 em diante, mas excluindo esse probleminha o app está bacana. Resolvam isso fazendo favor, já vi todos os tutorias não adiantou nenhum",5
"Tô cansado do whats atualizar literalmente toda semana e com isso sempre atrasar minhas mensagens , se não atualiza as mensagens demoram",1
"Esse WhatsApp está quase impossível usá-lo. Está travando muuuuuuuito, toda hora, está sendo um estresse enorme. Meu celular é um iPhone, os outros aplicativos não travam, mas basta eu entrar no WhatsApp que trava! 🤬🤬🤬",1
"ao salvar figurinhas o whatsapp trava e sai do app, arrumem isso por favor",2
"Toda vez que abro um status de vídeo o SOM não sai, e não, não é problema no celular os áudios funcionam perfeitamente, - os status",1
A nova atualização está travando muito no iphone,1
"Tava bom, mas não tava muito bom. Tava mei ruim também.
Agora parece que piorou!",1
Desde a última atualização não consigo enviar vídeos e documentos,1
Não chega notificação quando o aplicativo está fechado. E o suporte de vocês são péssimos !,1
Nunca vi esse WhatsApp travar tanto quanto ultimamente Lentidão e trava no iPhone! Pelo amor de Deussss corrijam isso!,5
Não sei oq pode ser,2
"O app tá fechando direto, consertem por gentileza!",1
"Desde a última atualização o teclado está travando demais, não está sendo possível digitar rápido que fica tudo embolado!",4
"Não curti muito a nova opção de “canais”, o WhatsApp devia ser apenas uma ferramenta de conversa, mas não, o app nos mostra conteúdos irrelevantes e indesejados.",3
A localização em tempo real não está funcionando!,2
Não é mais possível aumentar/diminuir volume ao ouvir mensagem de áudio e chamadas. A função buscar nos Status não funciona.,2
"Desde as últimas atualizações, não estou sendo notificado de novas mensagens e ligações. Tenho que entrar no app para visualizar. Arrumem logo isso!!!",1
"Tá péssimo toda hora trava, abre o app e faz alguma ação trava, ai tem q sair pra reiniciar.",1
"Desde outubro o aplicativo está lento, travando e cheio de bugs",1
"Está impossível de usar o app de umas 2 semanas pra cá, toda hora fica crashando e fechando sozinho, e toda hora que vou digitar alguma coisa tem que apagar a palavra conversar.",1
Não está funcionando o volume no WhatsApp do iPhone sistema iOS,5
"Está lento depois da atualização, travando e fecha sozinho o App",2
Há um delay nos botões (somem e se deslocam) que ficam na parte inferior ao retornar de uma conversa... Favor corrigir o bug… Está travando ao enviar arquivos ou capturas de telas e muito lento (alto delay) pra conseguir fazer uma busca,2
"O app é bom demais e está cada vez mais melhorando, porém falta um ponto muito importante que é o “Agendar mensagem”.
Acredito que muita gente sente a falta de um recurso desses que, por sinal, já existe no Telegram.
Coloquem para já esta funcionalidade no app!",4
"Está crashando direto, sai sozinho, atualizou IOS 17 no iPhone 11 ficou horrível, lentidão, demora nas pesquisas",1
"Após a última atualização iOS, o app congela várias vezes durante o uso, sendo necessário fechar e reabrir novamente. Já reiniciei o celular, já reinstalei o app, nada funciona! Não encontro solução ou pergunta parecida no site do WhatsApp!",1
"Depois da nova atualização ele trava a todo momento, tenho q ficar abrindo e fechando o aplicativo pra conseguir escrever ou mandar um áudio. Ligação, esquece, impossível",1
"Cada vez mais lento e travando. 
Demora muito para atualizar as mensagens, tanto no app quanto na web.",2
"O whatsapp só piora, perdeu totalmente o sentindo quando ele deixar de ser um mensageiro de mensagens instantâneas, pra ser essa rede lenta e cheia de atributos que perde o seu propósito.",1
"Gostaria de saber porque o WhatsApp anda travando tanto? Não era assim. Agora está sempre lento, travando, pesando…
Mesmo limpando as mídias continua a mesma coisa.
Péssima experiência.",1
Cadê o layout verde????,3
péssimo esse WhatsApp.,1
Fácil de hakear. Aplicativo vagabundo,1
"Depois da atualização os vídeos não baixam, a tela fica travada.",1
Desde a ultima atualização do WhatsApp que todos os status estão sem som. Não é um problema do meu telefone pois os outros áudios funcionam perfeitamente.,3
as atualizações sempre demoram pra aparecer pra mim,2
"Cadê a opção de áudio de visualização única, até agora nada",5
"muito travado muito, gravo um áudio todo e o wpp reinicia",1
Depois das duas ultimas atualizações meu WhatsApp está travando.,1
"Odiei essa forma do wapp oculta conversa,você está ajudando  as pessoas fazer coisa errada,colocando ela na forma q ela pode escolher em esconder alguém!!! Iss é horrível,deveriam tirar essa opção,muita oportunidade errada pra pessoas sem caráter!",1
"Amo a cor lavanda/lilás … façam um emoji de coração nessa cor, please!!!! Tbm sugiro a cor nude/bege clarinho 🙏🏽 pq só tem marrom e roxo 🤎💜",4
"que aplicativo RIDÍCULO. tá travando tanto que é de perder a paciência, as mensagens só carregam quando abre o app, entre outros problemas.",1
"Trava muito, não consigo realizar pesquisas no app mesmo excluindo mensagens",1
"Quando vão colocar uma forma de aplicar musica nas fotos do status? Em toda plataforma da pra fazer isso, menos no wats… ja passou do tempo de melhorar isso.",3
"Meu WhatsApp está falhando toda vez que gravo um áudio, toda vez que faço a gravação as vezes importantes perco toda a gravação e não envia pra pessoa , muito chato esse problema!!",2
"Falta um modo economia de bateria… Se não fosse o padrão no Brasil, usaria outras soluções de mensagem por isso.",3
Ta travando muito,1
"Travando a todo momento fazem alguns dias. Simplesmente trava e só fechando e abrindo de novo. Se o whatsapp não fosse tão importante pra nossa vida, já teria desinstalado, pois está impossível usar.",1
Deveria ter opção de escolher as cores,2
"Não sei porque quando clico na mensagem pra escrever, automaticamente já tem um “CONVERSAR” escrito… está bugando direto nas conversas, quando clico pra enviar figurinha tenho q ficar voltando no início do wpp pra sumir esse “conversar” meu Deus",3
Ta difícil… toda vez que abro o whats ele demora pois fica carregando as mensagens.,1
"Na última atualização, não dá pra aumentar ou diminuir o volume dos áudios. Na hr de enviar msgs, as vezes não tem o botão de enviar. Trava pra abrir as figurinhas. E trava pra digitar.",1
"Cada dia que se passa o app decai, estava em uma versão nova que era melhor e mais bonita e agora voltou para a versão antiga que é repetitiva e lenta.",1
Não estou conseguindo acesso no iPhone alguém me ajuda ?,1
REMOVA OS CANAIS CONTEÚDO ADULTOS TEM CRIANÇAS QUE USA O APP,2
"Está travando muito no iphone 11, pelo amor de Deus façam alguma coisa🤯🤯",1
"Aplicativo ficou inviável de utilizar depois da atualização do IOS. Trava constantemente, perco texto digitado, áudio gravado…",1
"Nos ultimos meses o aplicativo vem travando e congelando na tela, sendo necessário fechar e abrir novamente, perdendo todas as tarefas que estavam sendo feitas antes do congelamento da tela.",1
Está pessimo travando toda hora😡,1
"A última atualização ficou terrível, o app vem travando direto, a palavra conversar aparecendo na barra só serve pra atrapalhar e bugar o app.",2
"Depois da última atualização ficou muito ruim, não consigo enviar msgs, tenho que ficar abrindo e fechando várias vezes, também não consigo enviar figurinhas nem nada, fica aparecendo pra copiar texto e não manda nada",5
"Há algumas semanas está travando, lento, as vezes estou mandando áudio e trava e eu tenho que fechar e abrir o aplicativo novamente. 

Todos amigos que perguntei e tem iPhone reclamou também, estou achando um absurdo a demora para resolver o problema.",1
"Meu celular é o SE e desde que atualizou no novo IOS o whats trava, atualiza atrasado e ainda fecha e apaga tudo várias vezes ao dia quando estamos escrevendo, enviando fotos ou mesmo enviando uma simples mensagem de áudio. Vários relatos aqui e nenhuma atualização que resolva de vez essa questão.",1
"A opção de mensagens temporárias é um ótimo recurso, mas quando participamos de um grupo, algumas pessoas preferem manter as mensagens salvas e outras preferem o recurso das mensagens temporárias.

Entretanto, esse recurso não é aplicado individualmente. É uma opção da conversa. Logo, quem prefere ativa, mas quem não gosta desativa. Ai fica uma disputa no grupo em torno dessa opção, por não ser individual.

Será que vcs conseguem individualizar essa opção nas conversas em grupo?",5
"Ainda é possível ver as mensagens apagadas pela barra de notificação, isso não deveria ser  possível visto que é uma mensagem apagada",4
"O WhatsApp é indispensável pra qualquer brasileiro, mas é muito necessária uma opção para desativar o recebimento de chamadas!",3
"Péssimo, preferia o WhatsApp de antes, onde nao tinha tanta frescura",1
"Ultimamente ruim desempenho, travando o tempo todo, não consigo usar, fecha sozinho.",1
"Aplicativo travando muito. 
Se faz necessário reiniciar o apoio",1
"Esta última versão está péssima. 
Além de lento, o app trava a todo momento.
Na busca por conversas é uma lentidão sem fim. Precisa de atualização urgente!",1
vocês poderiam deixar os detalhes do whatsapp verde ao invés de azul?? muito obrigado,5
Estava mais bonito quando estava tudo verde 😭,5
Mesmo após essa última atualização o WhatsApp continua travando. Será necessário não usar mais o app para que isso não ocorra mais?,1
Essa última versão está travando toda hora! Não adianta atualizar e ficar assim. Prefiro a versão anterior. Pena que não dá para desinstalar atualização mal feita!,1
"Ultimamente esta travando muito, toda vez que abro carrega as mensagens e trava inteiro, só fechando e abrindo novamente, porém sempre assim. PÉSSIMO!!",1
"Está travando muito, ao escrever ele fica lento e as vezes para no meio da palavra ou não entende o que estou escrevendo. Na hora de enviar foto, ao clicar na foto ele está travando. Ai tem que fechar e abrir o app novamente! Por favor, arrumem isso! Atrasa muito quem usa o whats!",1
"tem semanas que meu wpp tá travando muito, de ter que sair do app e entrar novamente. Amigos meus me relataram que tem acontecido o mesmo

arruma isso pelo o amor de deuss🫠",3
"O WhatsApp depois da última atualização tá saindo sozinho , fechando o app quando olhamos os storys !",3
Muito mais bonito e moderno!,1
"Mesmo depois da última atualização, aplicativo continua travando muito. Nao é problema de memória do aparelho, pois o mesmo é 256g. E o app instalado nao ocupa menos do que 30g",1
Depois da última atualização várias falhas no aplicativo vem ocorrendo.,5
Poderia aumentar o tempo de status para 1 minutos pelo menos,1
"Mesmo tendo atualizado por causa de lentidão, ainda continua lento.",2
Tem 6 dias da correção e o app ainda está travando muito. Para digitar um texto é preciso abrir e fechar o app diversas vezes.,5
"App fenomenal, mas já tem algumas atualizações que fica dando pau no volume, ao escutar o audio os botões não respondem, aí fecho o app e abro novamente e consigo baixar ou subir o volume",1
"Meu App está travando toda hora, quando será resolvido este problema? depois que atualizei para o iOS 17.1.1 ficou assim!",2
"A atualização ficou horrivel, aquele ""conversar"" que fica na caixa de escrita ta virando parte do texto e eu tenho que ficar apagando toda a hora",1
"Meu WhatsApp fecha sozinha quando abro os status, está atualizado.",5
"Já faz um tempo que meu app está super lento, mas é muito lento mesmo! Está difícil!",1
Depois de duas atualizações em um iPhone 14 nas versões do whatsapp o app trava toda hora. Está impossível trabalhar… espero que o suporte me ajude!,1
"Após inúmeras reclamações e três atualizações o app continua lento e fecha (crash).
Perdendo a credibilidade!",1
Corrigiram lentidão para algumas pessoas ? O meu bem notifica mais .. lento .. pesado…,1
"De uns 3 meses pra cá tem acontecido muitos bugs, fecha sozinho, não baixa status, demora pra enviar mensagem ou baixar mídias… agora aparece o nome “conversar” na caixa de texto da conversa, o que impede de clicar no botão das figurinhas ou no da câmera, além de ter que apagar pra escrever a mensagem.",3
"meu whatsapp está verde as mensagens, tudo!!",1
A Cor da nova versão não está legal,1
Após essa “correção” o aplicativo trava sempre,1
"O aplicativo esta péssimo, travando bastante, atualizei e mesmo asism persiste! Horrível! P",1
O aplicativo não recebe mais mensagens em segundo plano depois da última atualização!! Uso um iPhone 12 Pro,1
"Essa última atualização ficou muito feia, as cores esverdeadas , voltem para a cor azul por favor",1
Ta verde,1
Tem que reiniciar o WhatsApp pra poder destravar,5
"🤮 entendo que é identidade da marca mas todo o mundo já associa verde ao whatsapp, não precisava fazer literalmente tudo dentro do app ser verde também",1
Tá difícil usar sem funcionar o botão volume,1
Meu WhatsApp tá verde odiei!😐,2
"Primeiro veio o bug nas conversas (não dava pra digitar), agora não há diferenciação dos áudios que foram escutados, e dos áudios não abertos.",1
Poderiam arrumar esse problema do volume.,1
"O app não ajusta o volume dos áudios , precisa corrigir !!!!",1
"Por várias vezes já enviei mensagens para o suporte e nada foi resolvido. Em meu WhatsApp, a tecla de volume está inativa, ou seja, enquanto estou em uso do aplicativo, não consigo aumentar ou diminuir áudios de mensagens ou vídeos. Para conseguir realizar a tarefa, preciso sair do app, realizar o aumento ou diminuição do volume e depois voltar ao app.",1
"Essa cor verde ficou triste. Vcs poderiam deixar a gente escolher a própria cor do aplicativo. Azul, vermelho, verde, amarelo e etc, mas deixar esse verde medonho é triste amores",1
Corrijam esse bug do volume no iphone 14 pro max,1
"Horrível a cor verde, prefiro as cores padrões que eram antes dessa atualização.
Quem não atualizou não atualize..",3
"De uns 15 dias pra cá, no iPhone ele volta e meia não baixa ou aumenta o volume quando eu clico nos botões físicos para este fim.
Não sei se já estavam cientes do bug.",4
"Meu Whattsapp não está funcionando, estou num IPHONE 12 pro max, versão do IOS 17.1.1, e ao abrir o Whattsapp, ele fecha sozinho.",1
"Colocaram aquela palavra “conversar” escrito, ficou péssimo. Aquele grifado nas palavras só atrapalha.",4
"Aplicativo excelente mas um ponto que fica a desejar é na opção de excluir Isticker (figurinhas) não tem a opção de selecionar várias, fica excluindo de uma por uma. Se tivesse a opção de selecionar várias ficaria mais prático.",4
não tô conseguindo redefinir meu papel de parede padrão do whatsapp fica uma tela branca e não muda nada,3
"WhatsApp travando, fica uma palavra escrita “ conversa “ e não consigo enviar figurinhas pq o ícone não funciona mais",2
"Mesmo após a atualização o problema do audio continua, a barra inferior não voltou para a cor original (azul), os bugs continuam os mesmos.",3
"SOU NEURODIVERGENTE!!! ESSA COR VERDE ME A GATILHO DEMAIS, NÃO CONSIGO USAR O APP NESSA COR, TROCA PLMDS",1
Vão resolver a besteira da última atualização quando? ( o volume não funciona ) não acredito depois de tantas reclamações ainda não concertaram isso,1
Os avatares as opções de cores não estão abrindo por gentileza resolver este problema.,5
Não consigo abrir as figurinhas para enviar mensagem.,1
"achei o nova atualização horrível, a aparência está ridícula no iOS",5
Eu confesso que essas atualizações recentes são diferentes do que imaginamos e cada atualização é uma surpresa... mas por favor... será que vcs poderiam dar a opção de editar o status? As vezes escrevemos algo errado e temos q excluir e escrever tudo de novo... sera que poderiam pensar nisso? 🥺🙏🏻,5
impossível usar o whatsapp após a atualização. Ficou PÉSSIMO,1
"Pessoal, corrigem esse volume no iPhone.. vai ouvir um áudio, tem que fechar o WhatsApp pra abrir novamente e conseguir aumentar / diminuir o som",3
"Não sou de avaliar apps, mas o WhatsApp tá ruim, problemas na hora de clicar no ícone da câmera e das figurinhas.",1
"Ultimamente está travando muito, fica muito lento quando estamos digitando uma msg",3
"O app trava toda hora e fecha inesperadamente. Já deixei msg no fale conosco, já fiz a atualização, e até agora nada. 
Também na hora de ouvir um áudio ou vídeo o botão de volume não funciona para aumentar ou diminuir.",5
Pelo amor de Deus tira esse verde da nova atualização,4
"Ao pesquisar o nome dos meus contatos, demora uma eternidade para achar. 
Ao clicar nas conversas de grupos, demora pra abrir, ao clicar para enviar um áudio também demora.
Espero que corrijam!!!!!
Estou atualizando agora.",3
"Não está funcionando o volume, não tenho o controle mais do volume do WhatsApp",2
"Depois da ultima atualização, trava insistentemente! Atualizei, desinstalei e reinstalei e continua travando. Perdi conversas recentes e importantes por conta do bug. Lamentável! Vou diminuir a dependência desse app pra não passar por isso mais. Péssimo!",1
"Bota a cor azul no WhatsApp novamente por favor , essa cor verde tá feia e ninguém gostou desse verde no WhatsApp que COISA HORRÍVEL",1
As opções de canais super desnecessárias! O antigo formato é melhor! Quem quiser outros Canais que vá em busca! Pronto falei!,1
Esta muito bugado esse whtt,2
O aplicativo apresenta vários bugs.,1
"App ótimo em todos os sentidos, só sugiro que deixem a caixa de texto cinza escuro e claro, pois o verde é realmente feio no tema escuro do app. Sei que o verde faz parte do branding da marca, mas nesse quesito fica estranho.",5
"eu tenho um iphone 13 e pra eu conseguir responder alguém do meu trabalho demora de 5 a 9 minutos para eu conseguir entrar no whatsapp, des da atualização do 17 do iphone nao consigo mais mexer no whatsapp de novo. Por favor corrigem esses erros",1
Toda semana atualiza praticamente e não tem novidade nenhum 😔😔😔,1
"Essa última atualização tá pessima ! Mensagem não chega se não entrar , no aplicativo ! Muito leg !",4
"O aplicativo está travando demais, vc abre o aplicativo e já trava, sendo obrigado a fechar o aplicativo pra voltar ao normal.",1
O meu está péssimo ! Muitooooo lento e vive travando,1
"Não sei o que fizeram, mas não estou conseguindo alterar o volume dos áudios ou dos vídeos que me são enviados!!",3
"Essa nova atualização tá trancando todo app, não consigo mandar figurinha e nem entrar rápido pra tirar uma foto, fica escrito “conversa” na barrinha de texto e todo lugar que eu clico fica sugerindo que eu copie ou cole algo!",1
"Fico impedido de regular o volume enquanto uso o app, a barra de volume não aparece e eu simplesmente tenho que sair, alterar o volume pra depois voltar",3
"Depois da última atualização, onde incluíram o “Conversar” na caixa de texto, minhas mensagens seguem essa palavra e não é possível enviar a mensagem. Também não consigo mais acessar os ícones de figurinhas e câmera. Péssima atualização. Espero que corrijam logo!",1
"Cada atualização torna-se pior!!
Travando ao ponto que estou há 2 dias sem conseguir visualizar as mensagens do WhatsApp.
Que coisa horrível!!",1
essa atualização está horrível!!!! quero digitar e fica aparecendo “conversar” nos grupos aí tenho que apagar pra digitar mas por várias vezes até que eu desisto,3
"O WhatsApp ainda permanece lento, mesmo depois da atualização e ainda está travando .",1
"Tem que ficar fechando e abrindo o App pra digitar, n tá dando pra usar figurinha , e o botão de volume n funciona quando o App tá aberto",1
Depois da última atualização não consigo alterar o volume das mídias. Para aumentar ou diminuir o volume preciso sair do app.,1
Volume não ajusta no iOS esto está mto chato pfv arrume isso ????,2
"Meu WhatsApp modo escuro está mudando de cor direto de azul pra verde, na parte dos ícones de mensagem.",2
A alguns dias o WhatsApp no meu iPhone está travando. Tenho que fechar e abrir novamente o aplicativo para funcionar. E as vezes trava de novo. Resolvam logo isso por favor.,2
"Depois dessas atualizações, está cada vez mais decadente a ponto de querer excluir por passar tanta raiva. Ter que ficar abrindo e fechando, clicando várias vezes, volume não aumenta nem abaixa enquanto escuta áudio… por favor, arrumem TUDO que estragaram!!!!",1
"Meu WhatsApp está travando, não consigo aumentar o volume dos áudios ou ligações apertando os botões durante a execução dos áudios, não consigo enviar fotos clicando na câmera ao lado da barra de digitação! Enfim péssima a atualização do aplicativo!",1
"ODIEI QUE MEU WHATSAPP NÃO TEM ÁUDIO EM VISUALIZAÇÃO UNICA, achei o fim, uma palhaçada isso. 
Verifiquem o sistema, pelo amor de Deus.",3
"Não consigo diminuir ou aumentar o volume dos áudios, tenho sempre que sair do app, fora que está travando muito. 
Se não fosse para o uso no trabalho, eu não utilizaria mais.",1
A cada atualização o app fica mais bugado. Padrão de qualidade Apple deixando a desejar muito.,1
Podia ter a possibilidade de colocar foto de fundo igual o gb. Eu acho super interessante pq a gente pode personalizar,5
Lower and higher volume does not work when using the app.,4
"Tudo bugado, conseguem pior a cada atualização, estão de parabéns",1
"Está travando, já desinstalei e instalei novamente e continua do mesmo jeito",1
"depois dessa última atualização (que por sinal foi automática), meu whatsapp está péssimo, travando, não abrindo a câmera nem as figurinhas…
não sei até quando vou ficar sem enviar fotos, áudios e figurinhas.",1
"Última atualização tá cheia de bug , travando o aplicativo toda",1
"Gente pelo amor de Deus que WhatsApp horrível q está agora, lento.. Toda semana tem atualização pra nada, porque o aplicativo tá horrível, credo, vamos melhorar aí Oxe
Nunca vi o WhatsApp tão horrível quanto tá ultimamente.. Afs",1
"Simplesmente  trava,  câmera não abre , contatos. Recebidos  não abre conversa se adicionar  ,  já vi app bugado mas  vocês tão de sacanagem ja",1
"Aplicativo travando muito desde a ultima atualização.
Trava todos os dia pelo menos umas 5x ao dia.

Iphone13.",2
"Agr fica na caixa de mensagem escrito conversar e nem consegue abrir a caixa de figurinhas, uma lentidão e trava mais que tudo, o meu iPhone está na última versão do ios e tem espaço de sobra no dispositivo.
Aplicativo está ficando cada dia pior",1
"essa ultima atualização ficou HORRÍVEL. preciso apertar 7 vezes no mínimo pra poder abrir as figurinhas, tem uma mensagem já escrita na barra e eu tenho que apagar ela pra escrever alguma coisa!!!!!! inacreditável isso. por favor tá péssimo de mexer, melhorem isso.",1
Essa Última atualização deixou zapp com muito bug travando toda hora ao ponto de ficar quase impossível utilizá-lo ao mandar fotos trava ao abrir a câmera trava ao procurar um contato também trava última atualização simplesmente horrível.,1
"Após a ultima atualização do aplicativo no IOS não consigo aumentar nem diminuir o som dentro do aplicativo, ficou muito ruim pois se queremos escutar um áudio temos que sair do aplicativo ou entrar nas configurações para ajuste do volume.",1
"Após a nova atualização, não consigo ajustar o volume dos áudios através das teclas de volume.",5
"Última atualização está péssima, travando o App, lentidão. Muito ruim mesmo!",5
"No iPhone 13, estou tendo problemas para aumentar e diminuir o volume dentro do app. Para conseguir ouvir um áudio, eu preciso sair do app, aumentar o diminuir o volume e voltar para o WhatsApp. Ta chato isso já!",1
"Após a ultima atualização está impossível a utilização do aplicativo. Não consigo abaixou ou aumentar o volume, do nada o aplicativo trava, precisa sair e retornar. Ao retornar a imagem de visualização única não aparece mais, o áudio que foi gravado desaparece, e os storys não vistos aparecem como vistos.
Melhorem, melhorem.",1
Deixem as mensagens chegar com o app fechado pelo amor de Deus! Eu trabalho com internet eu desbloqueio o celular fica um tempão carregando e eu já não uso a economia de bateria pra isso não acontecer e agora isso está padrão no app.,1
Péssima escolha de design. Antes só o grupo surgia na lista de não lidos. Agora aparece a comunidade e depois tem que escolher o grupo. Que atualização desastrosa,1
"Um lixo, a cada atualização só piora e nunca corrige erro.",1
"Suporte tem fracassado na análise de caso, por ser 100% mecânico/virtual, não tem gente humana, no atendimento.
Não que seja exigência sobre a forma que o WhatsApp deve adotar, mas porque não tem correspondido quanto à eficiência em coisa simples, que certamente seria compreendida por qualquer criança.
Em resumo, fui hackeado e tivemos que denunciar. O bloqueio funcionou, mas, agora já tenho 14 dias tentando recuperar o app, sem êxito, que a máquina não compreende o caso e só dá msg “TEM DE TER WHATSAPP OFICIAL PARA USAR ESSA CONTA”. Já expliquei 1000x que estou baixando da App Store.
Concerta isso ahí!!",5
"Meu WhatsApp trava o tempo todo! Para abrir o app, para abrir uma conversa, tá travando teclado na hora de digitar, problemas com o áudio e volume, tem hora que fecha sozinho. Simplesmente PESSIMO!!!!",1
"Antes da última atualização, estava muito lento, sem contar no áudio ruim. Veio a atualização recente e o que era ruim, ficou pior ainda… agora está travando! Sim, mensagem sim e outra tb. Péssimo!!! Esperando mais uma atualização pra ver se melhora",2
Não consigo remover os grupos  de notícias que estão na tela inicial,3
Volume nao aumenta desde a ultima atualização,2
Muito bom ! Menos na qualidade dos status! Tira totalmente a resolução da foto !vocês poderia melhorar isso aí ! Deichando a resolução original ! É simples !,4
"Aplicativo ultimamente está horrível, travando MUITO, cancelando áudios, e o problema não está acontecendo apenas no meu aparelho, muitos bugs…",1
"Nesta versão está travando mais que funcionando. Simplesmente congela. 

Já era ruim quando fica lento, agora está inútil.",1
"Meu App está travando demais, quase não consigo utilizá-lo. Fiz uma atualização ontem, porém não melhorou quase nada. Ainda trava muito.",4
"WhatsApp com Grande lentidão para Carregamento de Arquivos ou Imagens.
Bem como o Encaminhamento de qualquer tipo de Mensagem para outro usuário.",1
Poderiam coloca opção de marca pessoa nos status 🥹🥹🥹,5
"Uma coisa me irrita é a visualização oculta, saber que tem pessoas olhando seus status sem você poder ficar sabendo. A pessoa que oculta , sinto de alguma forma que ela está na maldade. Só minha opinião.",3
"Depois da atualização, ao pesquisar contato , demora muito para achar resultado , isso tem se tornado insuportável.",1
"Atualizações (de novidades) sempre demoram a acontecer em relação ao concorrente e, quando saem, vem como uma cópia mal feita.

O volume não está funcionando no iphone 15 pro.",3
Estou com um problema no whatsapp que o povo me liga mesmo eu pedindo para nao ligar eu vou dar 5 estrela se adicionar esse recurso de desativar chamadas por que eu estou em momentos importantes que nao posso ser incomodado e tem sempre um que me liga no WhatsApp por favor adicione esse recurso,1
Está com bug no volume,1
Não funciona o botão de volume. Não vibra notificação quando está em outra conversa,1
"Não tenho mais gostado de usar o aplicativo, tem travado demais, não consigo escutar alguns áudios e a tecla de volume não funciona dentro do app.",2
"O áudio fica mudo quando encosto o telefone no ouvido. Qual a solução, por favor? iPhone 15 Pro Max",1
"Pelo amor de Deus arruma o bug do volume, dps do iOS 17 o WhatsApp não está funcionando o volume!!!",1
"Está muito lento, ao olhar os status demora a voltar para aba de conversas, as mensagens demoram para baixar e não podemos mexer enquanto não chega todas, está horrível.",5
Essa última atualização que está na área dos status é horrível,5
Ainda não corrigiram o bug do volume.. simplesmente não consigo aumentar ou diminuir k volume das mídias. Tenho que ficar fechando e abrindo o app toda hora!,1
"Já foram se variaass atualizações e nada de resolver esse bug no volume affff, e também tiraram as cores verdes. Voltou novamente para a velha e mesma de sempre cor azul, coloquem verde de novo era mais bonito e diferente.",1
"Poxa , o volume não esta prestando nos áudios nem em ligações do WhatsApp, corrige isso pelo amor de Deus .",1
"Atualizei hj e agora fica travando! Qdo estou digitando trava também uma tecla, tenho q sempre fechar e abrir novamente.",5
"Não sei o que estão fazendo nessas atualizações, mas o app está extremamente lento. Trava quando está mandando áudio. Buscar uma conversa pelo nome do contato leva uma eternidade.",2
"Não está deixando aumentar o volume durante os áudios escutados no WhatsApp, tenho que sair do aplicativo aumentar o volume e voltar para escutar o áudio, isto está acontecendo somente no aplicativo no sistema IOS.",2
"Todos os dias a noite meu WhatsApp fica com os ícones que são azuis mudam para cor verde e no outro dia volta a ficar azul novamente.
Alguém sabe me explicar o pq????
Obs: já tem uns 5 dias que está fazendo isso",5
"Já tem alguns dias que vem travando muito, no meu celular mesmo, para funcionar botão de volume, áudio e mais algumas coisas tem que estar atualizando todos os dias, todo dia atualização nova e fica cada vez pior, melhor voltar com o antigo WhatsApp que nem ligação tinha",2
"Criem um sistema, para apagar figurinhas não mais usadas mais rápido. A pessoa tem 4 mil figurinhas… não vai achar nunca a aquela engraçada que tanto precisa. Um saco isso! E apagar é pior ainda… 😤😡🤯",4
Muita lentidão no iPhone 12 além de constantes travamentos vejo que veio algumas atualizações porém nenhuma resolveu este problema.,2
"Já vai em umas 4 atualizações e nada de resolver esse problema do volume, assim não!! O volume n aumenta nem diminui no botão de volume!!!",4
"Poderia corrigir esse problema, após atualizar ele funciona depois não funciona mais o volume nos áudios, está ruim desse jeito.",2
"Não tá legal, desde que atualizei o volume tem hora que não aumenta nem diminui, tem que fechar o WhatsApp abrir de novo para aumentar ou diminuir o volume.",1
Cara o que está acontecendo??? Toda vez que corrige não dura nem 1 dia funcionando o problema do volume não funcionar dentro do app. Piada isso,1
"O whatsapp é a melhor ferramenta de comunicação mas depois da nova atualização, o app trava muito quando estou digitando. Além disso, não está sendo possível abaixar ou aumentar o volume das mídias.",3
"Desde algum tempo o WhatsApp não está abaixando ou aumentando o volume nos celulares Apple, arrumem isso o quanto antes",1
Após atualização o WhatsApp não está permitindo diminuir ou aumentar o volume. Já atualizei o software do celular para o mais recente e o erro permanece. Sistema iOS.,1
"Depois das últimas atualizações, não está sendo possível ajustar o volume. Toda vez tenho que ir para central de controle ou sair do aplicativo pra poder ajustar o volume do som. Por favor, ajustem isso!",2
"WhatsApp poderia ter opção de temas,cm o gb,ficaria mais legal",4
"após atualizar, não estou recebendo notificação de mensagens",2
Após a última atualização não estou conseguindo ouvir áudio privado pelo WhatsApp. O volume fica mudo. Já desinstalei e reinstalei e redefini as configurações de rede. E o volume fica muito baixo no auto falante,1
"Essa última atualização está bugando o volume, que não pode ser alterado no botão enquanto o WhatsApp estiver aberto…
Fora a questão de passar perto do sensor por acidente e a voz ficar saindo apenas pelo falante baixo, que só pode ser ouvido quando encosta a orelha no aparelho e acaba bugando outros apps",4
"Erro nos volumes de mídia no iphone12, poxaaa,",3
"Depois dessa última atualização quando se está ouvindo um áudio e se tenta aumentar ou diminuir o volume não está funcionando aí tem que fechar e abrir o app novamente,para IOS",4
Essa versão está travando áudio no IPhones XS max Ele da play e trava aí da play de novo ele roda e trava precisa fechar e abrir de novo o app pra funcionar,3
Quando vou ouvir um áudio é preciso aumentar o volume eu não consigo tem algum bug que impedi. tenho que fecha o WhatsApp para aumentar o volume e daí sim eu consigo! Depois desse iOS 17 ficou assim,1
Deveria guardar os dados na nuvem como o Telegram.,3
"Depois da atualização simplesmente não consigo mais aumentar ou abaixar o volume do cllr se eu estiver no WhatsApp, não consigo aumentar ou abaixar o volume da mensagem de audio ou se eu estiver ouvindo musica e com o WhatsApp aberto, não consigo abaixar ou aumentar o som.",3
Não dá pra controlar o volume do áudio nessa nova atualização,3
"Acabei de atualizar e ainda persiste erro no volume nem consigo aumentar e nem abaixar. 
Fora essa cor da interface que está horrível. Ficou preto e tá péssimo para visualizar",1
Segunda atualização seguida para corrigirem o problema do volume e continua o mesmo problema.,1
"Atualizei e parece que os problemas que não existiam passaram a existir: O volume não ajusta enquanto se ouve um áudio, a tela trava sempre que reabro o app, sem contar que se alguém me envia uma mensagem eu só recebo se abrir o app.",3
"O som dos vídeos gravados diretamente pelo WhatsApp está chiado, não dá pra ouvir nada da voz. Na mensagem de áudio está normal.
Porém quando vou ouvir uma mensagem de áudio de alguém que me enviou está muito baixo, não dá pra aumentar!!",3
"Está péssimo após a nova atualização, o volume quando está no aplicativo não aumenta e nem diminui, as figurinhas travam a tela..",1
"iPhone 13 com iOS 17. WhatsApp às vezes congelando, também travando a digitação, e depois volta com o texto digitado. Volume também não aumenta nem abaixa dentro do aplicativo.",2
No meu iPhone o WhatsApp não aumenta nem diminui o som quando aperto as teclas de aumentar ou diminuir,3
"O aplicativo é bom, mas impedir o acesso das pessoas menos favorecidas não é nada vantajoso para o grupo.

OBS.: penso deveria ser opcional a pessoa atualizar o aplicativo. ANTES era dessa forma, hoje vejo que é obrigado a atualizar… tanto que existem alguns aparelhos que não é mais compatível atualizar.

Lembrando que, cada vez que atualiza ocupa mais espaço e nem todos tem espaço suficiente para atualizar.

VÃO PERDER o acesso de bastante pessoas.",3
"conversas antigas. Desinstalei e instalei o app, não sai dos 68%, isso que não tem nem 300mb de conversa.",1
Adorei,5
Estou há dias tentando finalizar um cadastro do TERCEIRO chip que compro pra fazer uso no App convencional e não dá certo. Não tem ninguém ou um número com quem possa falar. Estou muito chateada há mais de 1 semana tentando usar algo que preciso com urgência.,1
"Volume não funciona, não consigo alterar o volume durante a reprodução de vídeo e áudios, no iPhone 14 Pro Max, já reiniciei desliguei apaguei o app e instalei de novo e não funciona.",1
"o volume continua bugado, e a cor esta HORRIVEL, resolvam o bugue do volume, e voltem com o azul, por favor!",1
"Meu WhatsApp só funciona se eu desligar a internet, fora isso ele trava a tela e sai sozinho do WhatsApp",1
"Após alguns segundos / minutos utilizando chamada de voz ou vídeo, meu microfone para de funcionar e a pessoa não me escuta mais. Antes que vocês falem que o problema é no meu celular (já que é tão fácil pras empresas culparem o outro e se isentarem de sua autorresponsabilidade) isso não acontece quando eu faço ligações normais pelo celular / operadora ou pelo facetime",1
Depois da atualização o Aplicativo não aparece as notificações pra eu ver quem me mandou mensagem eu tenho que abrir o app. Antes não estava assim estava sempre aparecendo as notificações,3
Porque não consigo gravar o áudio em forma de vídeo no meu iPhone? Versão do WhatsApp atualizada no meu celular!,5
"Entrei em contato com o suporte da Apple pois até então pensei que o problema estava no meu telefone, como é novo entrei em pânico!! Mas fui informada que o problema é na nova atualização do WhatsApp que por sinal foi péssima!! Horrível ter que ficar fechando toda hora o aplicativo para poder escutar áudio 🫠",1
"Aplicativo está com problema no momento para aumentar o volume.Fecho o aplicativo e abro novamente,consigo aumentar o volume.",5
"boa tarde, não estou conseguindo fazer gravações de áudio na plataforma, poderia me ajudar??!! ja fiz de tudo e nd",1
Criei um grupo de transmissão para meu trabalho e estou bloqueada por spam,1
Armazenava milhares de fotos necessárias para trabalhar e perdi tudo devido a algum bug de backup,1
arruma esse problema do volume,5
"Ficou ruim, não dá pra abaixar o volume assistindo um vídeo ou escutando áudio, por favor corrijam esse bug",1
Essa última atualização deixou o app com problema de som. Não consigo aumentar o som. Deem uma olhada!!!,5
"Já lançaram 3 atualizações e não corrigiram o problema do volume, se vai aos status e altera o volume lá, se voltar em um áudio de alguma conversa os botões de volume não funcionam mais. Horrível!",1
Áudio brigado,1
"Não sei se é só no meu, atualizei o WhatsApp hoje e quando estou ouvindo áudio e vou aumentar ou diminuir o volume não vai aí tenho que mudar o volume na central do iPhone",3
"Após a última atualização, os áudios na hora de serem ouvido não aumenta o som. Corrijam isso por favor , iPhone 12pro",1
Sugiro colocar a opção de SUPER REAÇÃO (reações animadas) igual o Discord e também utilizar o @everyone (marca todo mundo ao mesmo tempo) igual o Discord também.,5
"Ficou horrível o WhatsApp no iPhone, está tudo verde. O Azul era mais bonito e suave pra vista. Detestei.",1
"Após últimas atualizações o volume parou de funcionar, ja faz dias que esta assim e não arrumam.",1
Ao atualizar para o iOS 17 está apresentando alguns travamentos e congelamento de tela,4
"Muito bom !! Mais eu gostaria, de ter a opção de colocar vídeo, na foto de perfil",5
"Não consigo receber notificações do WhatsApp, só recebo quando abro o aplicativo!",1
"Não consigo mais alterar o volume do aparelho usando o WhatsApp, até por questão de privacidade precisamos dessa opção, muito chato isso, toda vez que vou gravar áudio a tela fecha e para a gravação, o app tá insuportável, andaram pra trás",1
Não consegui utilizar o aplicativo nem por 3 minutos que ele trava. Atualizei para nova versão e mesmo assim está péssimo.,1
"não estou conseguindo apagar Cash da lixeira … principalmente do está seguindo no canal .. 
está armazenado e não apaga",1
"Gosto de WhatsApp porém não gostei da nova atualização, não consigo me acostumar com tudo verde, prefiro o tradicional de anos!",5
Volume de áudio não está pegando,2
"Essa nova atualização está com problemas em ouvir áudio tem que fica saindo app pra baixar o volume, dentro da plataforma tá impedindo esse acesso",2
"Essa nova atualização, não consigo mas aumentar ou baixar o volume quando estou dentro do WhatsApp, contratem um suporte para isso está terrível essa nova atualização",1
"Não está aumentando e nem diminuindo o volume dos áudios e vídeos 
Tem que fechar e abrir o aplicativo",2
"As últimas atualizações tiraram a possibilidade de ver status sem abrir e as mensagens tbm. 
E visualizar imagens nas notificações. Agora tudo tem que abrir o app.",4
Resolvam o bug do volume logo,1
"Ficou pessimo após a ultima atualização, trava muito ao abrir o app, as mensagens demoram para carregar e simplesmente os botões de volume NÃO FUNCIONAM mais. É o jeito abandonar o aplicativo mesmo.",1
"Depois que o WhatsApp fez as recentes atualizações não consigo mais ver pre visualização de vídeo, fotos e áudios na tela de bloqueio. E não é configuração no ajustes, pois aparece a notificação, porém não abre a pré visualização",3
Problema no áudio,1
"Com o aplicativo aberto o volume do celular não é alterado, resolvam esse bug.",2
Gostaria de ter a opção de apagar conversas antigas para todos😉 aí sim ficaria melhor🤝🙌🏻,4
"Status antigamente era bem melhor, agora não consigo ver mais o status muita informação com questão de canais poderia deixar como era antes, está travando muito.",1
As notificações verdes ficaram horríveis,1
DEPOIS DA ÚLTIMA ATUALIZAÇÃO VOLUME NÃO AUMENTA MAIS TENHO QUE FECHA APP PRA CONSEGUIR AUMENTAR VOLUME PFV ARRUMEM ISSO,1
"Após a última atualização, as notificações de conversas ficaram VERDES. Favor  arrumar.",1
"Olá, meu celular é um iPhone XS MAX e o design do WhatsApp está diferente dos outros iPhones. com os detalhes verdes quando deveriam ser azuis, e está me incomodando bastante",1
"Nas últimas versões, depois da entrada dos canais, que não servem para nada. As visualizações dos status silenciados, não aparecem mais",1
"O WhatsApp está horrível , com a nova atualização eu fui o azarado de receber a versão beta do novo design, e está confuso , feio e a pior coisa que eu já vi . Além disso eles tiraram a exclusividade do iPhone de ter os ícones e as notificações azuis , foi a pior coisa que já fizeram",1
"Tenho um iPhone 14 Pro Max e o botão do volume para ajuste não está funcionando. E tbm demora para apagar a tela quando colocamos o ouvido para ouvir o áudio. Quando sensor do telefone não está com problema. É algo do WhatsApp.
É problema no aplicativo pois todos os outros aplicativos do meu aparelho funcionam.",1
"Horrível!
Abro um áudio e não consigo baixar ou aumentar o volume se ouço no auto falante principal. Preciso fechar o app e abrir de novo…",1
Não consigo aumentar ou diminuir o volume dos áudios no WhatsApp. Na última atualização estava assim. Hoje fiz a nova e ainda não estava funcionando. Péssimo!,1
"Olá! Estou usando o app em um iPhone XR e quando escuto um áudio (sem colocar o celular na orelha), não consigo aumentar nem diminuir o volume, só quando saio do app do WhatsApp ou quando entro na barra de tarefas do iPhone",4
"Barra de pesquisar e busca de contatos está péssima, demora para localizar, e quando busca não acha tudo, principalmente novos contatos.",1
App de vcs tem que ser igual ao WhatsApp GB pq aí podemos  personalizar do nosso jeito,1
"Antes os status silenciados apareciam somente se eu clicasse na foto da pessoa, e escolhesse ver. Agora fica disponível bem ao lado da minha foto!!’ Simplesmente odiei essa atualização!’",1
"Não consigo aumentar e nem abaixar o áudio quando entro no aplicativo, funciona 10 minutos e depois não funciona mais, tenho q desinstalar e instalar para que volte a função de volume no what’s , poderia reparar!!!",3
"Não sei se o só no meu celular (IPhone 11), mas estou com um problema de quando vou ouvir os áudios ou vídeos, tenho problemas em aumentar o volume. Sempre tenho q abaixar a central de controle e aumentar, espero que o problema seja corrigido logo dessa já agradeço",3
"Seria pedir muito uma atualização que não diminuísse a qualidade da foto do perfil?
Já passou da hora de isso acontecer!",3
"Quando vão arrumar a função de aumentar e diminuir o volume do aplicativo ? 
Depois que a Apple lançou a versão 17 do IOS essa função não está mais funcionando.",1
"Depois da última atualização eu não recebo notificações e só recebo as mensagens quando abro o aplicativo.
Tentei entrar em contato com o suporte mas não ajudaram em nada. 
ESPERO COM URGÊNCIA UMA ATUALIZAÇÃO QUE RESOLVA O PROBLEMA",1
"Por favor, coloquem ao menos uma opção de ocultar as sugestões de canais!!",5
"Que atualização mais feia, ficou horrível o status e essas cores fortes!",1
Os status está igual o Instagram e tem tanta propaganda de canais que enjoa,3
"Nas últimas versões está horrível, muito lento, demora sincronizar as mensagens, tá ruim Mark Zuckerberg 👍🏽",5
"não gostei dessa opção da foto de perfil não sumir quando se é bloqueado, deveria mudar e deixar como estava. não está entregando os status",1
"Aumentar a capacidade de vídeo ,também pode ter a opção de baixar vídeo de outros contatos,opção de deletar mensagem e não ser apagado pra outro contato",2
"Estou com um Bug que não consigo abaixar ou aumentar o volume de mídias no Wpp, tenho que sair do aplicativo, aumentar volume, depois abrir o aplicativo para a mídia já estar com o volume mais alto….",5
PELO AMOR DE DEUS VOLTEM COM O DESING ANTIGO E ARRUMEM PRA DIMINUIR E AUMENTAR OS ÁUDIOS SEM TER QUE SAIR DO WHATSAPP,3
"A lentidão está absurda para encaminhar mensagens. Vc seleciona e espera muito até que abra as opções… 

Isso foi depois que atualizei",1
"O app é ótimo naquilo que se propõe. 
Ultimamente eu estou com problemas quanto a sensores de proximidade (a transição esta lenta entre ativar e desativar a tela mesmo sem película e limpando a tela), e o comandos de volume que por algumas vezes faz necessário reiniciar o app para que voltem a funcionar adequadamente.
Acho que a plataforma poderia dar a opção de ativar e desativar o botão de transferência de dinheiro, deixando a barra de ações mais limpa e intuitiva.
A implantação da imagem em alta definição foi uma maravilha, porém, precisa marcar toda vez que for encaminhar um arquivo… ficaria muito mais fácil se a opção ficasse salva conforme a última escolha. Se deixei em alta definição, mantenha a opção selecionada para as próximas.
iOS 16.7.2",4
"O volume NÃO ESTÁ FUNCIONANDO E NEM A PRÉ-VISUALIZAÇÃO DE FOTOS NA NOTIFICAÇÃO, arrumem isso pfv 🤯😫",5
"Depois da última atualização o volume dos áudios dentro do app não aumentam, não consigue abrir nenhuma imagem ou áudio pela barra de notificações, ficou pessimo.",1
"Controlar o volume do áudio não funciona tenho que encerrar o app pra voltar o controle de volume áudio, o app está atualizado e o cel tbm já desinstalei e instalei novamente e isso acontece no Business tbm a pessoa vai ouvir um áudio não consigo aumentar nem baixar o volume aí tenho que encerrar o app e abrir novamente aí pega",3
Lentidão ao encaminhar msgs e procurar contatos. Horrível.,1
"essa última atualização é muito ruim, não podemos pesquisar mais status, um monte de canais, wpp tá branco e verde… HORRIVELL",1
"Tenho o 14 pro max e depois dessa última atualização não consigo mais aumentar ou diminuir os áudios e vídeos e isso só ocorre no WhatsApp, Instagram e TikTok consigo aumentar e diminuir o volume do som normal, vejam esse erro.",5
Depois da Atualização o volume no iPhone não está funcionando!!,1
"Está complicado, não consigo abaixar e nem aumentar o volume quando estou no aplicativo do WhatsApp. Ontem atualizei tinha melhorado e hoje voltou a mesma coisa.",1
Volume não ajusta acessado o whats.,1
"Após atualização para iOS 17, aplicativo do WhatsApp travando muito, muito lento!!",1
"Muito bom, mas não estou conseguindo fazer ligação por WhatsApp! Aparece o aviso de que não foi possível iniciar a chamada, é pra tentar novamente, eu pensei que isso passaria com o tempo, mas já está meses assim, não consigo mandar áudio também. Muita das vezes não consigo me comunicar com as pessoas ou perco coisas importantes por que não consigo fazer ligações.",5
"Sugestão: adicionar uma opção dentro do próprio whatsapp de escolher o tema escuro ou claro, sem ter que alterar o padrão do celular",1
Na última atualização deixou um bug que nao da mais pra ajustar o volume enquanto ouvimos áudio,1
"Qual o sentido de vocês colocarem uma atualização onde vocês forçam as pessoas a verem as recomendações de canais??
Coloquem uma opção de desativar os canais no whatasapp!",1
"Depois da ultima atualização tá horroroso. Tive q sair de todos os meu grupos pq as conversas não carregam. Pode ser 4 mensagens ou 400, o bug é o mesmo. Tem vezes q preciso abrir e fechar o app 5x pra ver se atualiza. Volume não presta, foto não carrega, chamadas então… Socorre aí gente",1
"Atualizei o App essa semana e ficou horrível. Lento para abrir e carregar as conversas. 
Também não tem obedecido ao comando de volume em áudios e vídeos.",3
"Equipe, boa noite!

Estou usando a última atualização do iOS e do WhatsApp. 
Depois dessas atualizações, o botão de volume começou a apresentar erros ao aumentar ou diminuir o volume, tanto na ligação quanto ouvindo um áudio quando clico pra aumentar/diminuir volume não gera nenhuma ação. Podem verificar por favor?

iPhone: XS Max
iOS: 17.1
WhatsApp: última versão disponível

Att.",1
Não consigo gravar áudio e sequer consigo aumentar e abaixar o volume pelos botões laterais enquanto no aplicativo.,1
"Essa nova atualização do WhatsApp ficou péssima! editar uma conversa é muito bom mas tem tempo limitado para isso, aí fica péssimo pq se tem a opção deveria editar a hr que a gente quisesse, pq vai que mandamos algo e uma hr depois a pessoa não viu ainda aí a gente quer modificar o que está escrito não tem como…
 Sem contas esses canais na aba dos status. Pelo amor de Deus resolvam isso!",1
"não estou conseguindo gravar áudios nem ligação por voz, algo relacionado ao microfone, porém não é o do meu aparelho outros aplicativos estão funcionando normalmente",2
"App apresenta bugs, não funciona a opção de aumentar e diminuir volume na reprodução de mídias ao usar o app, problema ocorre deste as últimas três atualizações!",2
"depois das últimas atualizações estou com problemas com o controle de volume.
todas as vezes tenho que reiniciar o aplicativo para ativar a função!",1
Simplesmente não dá mais pra aumentar e diminuir o volume durante chamadas ou ouvindo áudio.,1
"Esta deixando a desejar a muito tempo, não consigo mudar os toques, nao tem criatividade pra mudar a cor ou algo do tipo e agora quando vai ouvir um audio nao consigo mexer no volume ja nos demais aplicativos funciona.",2
"Não gostei na nova atualização porque não me dá a opção de minimizar os canais, isso me deixa chateada porque não gosto de não ter essa opção e ter que ficar vendo as sugestões para seguir. Libera essa opção por favor!!!!",4
"Nao estou conseguindo baixar áudio e fotos pela barra de notificação, por favor arrumem isso",1
Faz pelo menos 1 semana que não consigo aumentar ou abaixar o volume de áudios que recebi! Para conseguir esse controle preciso ficar fechando e reiniciando o app! iOS!,3
a implementação desses canais e a coisa mais inútil que eu já vi na vida…. enquanto isso falta várias funções essenciais como bot e outras coisas que fazem o telegram ser o número 1 em UTILIDADE.,1
"Após último update ao abrir um áudio não consigo aumentar ou abaixar volume, tenho que fechar e abrir app novamente para controles de volume funcionar.",1
"Vocês sabem o que está acontecendo. Corrijam logo essa aplicação, ta lento, não esta dando para ler as mensagens enviadas na tela de bloqueio do celular, figurinhas travam o app.",1
"Depois dessa última atualização, quando vou assistir vídeos no WhatsApp, o volume não diminui, ficando o som muito alto. Antes funcionava bem, mas depois dessa atualização ficou desse jeito. Arrumem isso por favor.",5
"Há um problema recorrente e repetitivo no recurso ""status"". Sempre há atualizações neste aplicativo, mas nem sempre é corrigido o seguinte erro que persiste há anos:

Quando vou publicar um video em meus status, o limite é de 30seg. Tudo bem! Apenas preciso publicar os primeiros 30seg do video, depois publico o restante do video num outro status. Entretanto, o audio fica desincronizado gritantemente com o video, o que acaba tornando estressante.

Por favor, peço que corrijam isso",5
"Um problema irritante está dando no iPhone 11. 
Quando clico pra ouvir áudios não consigo abaixar nem aumentar o volume",1
"Após última atualização, os botões de volume não funcionam com o app aberto.
Só funciona nos status.

iPhone 13",2
"Após a última atualização não consigo mais controlar o volume do áudio pelo botão lateral de volume, sou obrigado a abrir central de controle se quiser alterar o volume pra ouvir áudio ou video.",1
"Com a nova atualização, não dá pra escutar os áudios, e nem ver fotos na barra de notificações, sem que precise entrar nas conversas",2
"após a atualização, os botões laterais de volume não funcionam no aplicativo, impossibilitando de aumentar o volume de áudios e de vídeos.",3
"Depois da última atualização, no meu 13 pro max IOS 16.6 a notificação chega mas se for foto ou áudio não consigo visualizar pela notificação!!!! Ficou péssimo!!!",1
Depois dessa atualização o WhatsApp está travando para pesquisar o contato e não dá para ouvir áudio pela notificação.,1
"Depois da atualização 17.0 da apple meu whatsap nao toca mais a notificação, é o unico app que esta fazendo isso. Modelo iphone 11 pro max",3
"Após a última atualização, não chega notificação!!",1
"O sistema de visualização do WhatsApp é totalmente falho. Coloquei para não visualizar mensagem, aparece que não foi lida tanto para mim quanto para a outra pessoa. Depois quando você altera a confirmação de leitura (ativa) a mensagem que até então não havia sido visualizada, fica em azul! 
Tira toda nossa privacidade. Corrijam!",2
"Boa noite ,vim falar sobre canais que aparece no  aplicativo WhatsApp favor isso já tá chato e tá incomodando e não está ajudando,se tirar esse tal de canais fica melhor e eu fico muito agradecido",1
"O que tá acontecendo com esse APP? Depois da última atualização, não carrega áudio, não notificam as mensagens, não aumenta o volume do áudio nos botões do celular no momento que ouve o áudio… tá muito ruim de utilizar. Poderiam revisar?",1
"No iPhone 14 Pro Max versão 17.0.3 o what esta ruim demais o volume você só consegue ouvir os áudio colocando o telefone no ouvindo, as vezes trava também. Para gravar áudio você tem que direto ficar fechando e abrindo o aplicativo para enviar o áudio.",1
"Depois da última atualização o volume não aumenta mais pra ouvir os áudios, tenho que sair do aplicativo e entrar de novo, só assim o volume aumenta, também está travando muito na hora de mandar figurinhas e também não está mais gravando áudio com vídeo, por favor arrumem logo!",2
Quando vou abrir as figurinhas ele trava do nada e demora uns segundos pra abrir e nem tenho muitas figurinhas antes da atualização não estava assim espero que consigam arrumar logo,1
"Após a última atualização, as teclas de volume param de funcionar somente no aplicativo, em outros aplicativos funcionam normalmente",1
"Tenho um iPhone 11 e desde a atualização do iOS 17 está impossível utilizar o whats app, travando demais na hora de escrever. Pra mandar áudio tbm está horrível.",1
Volume do áudio bugou na última atualização.,1
Gostaria muito que pudéssemos fixar um número maior de conversas!,5
Atualizei hj 18/10/2023 é simplesmente não consigo nem baixar e nem aumentar o som das conversas do WhatsApp,1
Gostava quando eu conseguia ver status em 3D sem abri-los,3
"Versão toda com bugs, principalmente na parte do áudio e dispositivos auditivos como fone de ouvido e etc.",1
"não queremos esse layout verde, estamos acostumados a anos com o layout azul. poderia ao menos ter uma opção de escolha",1
Um aplicativo tão bom que era e após um tempo após essas atualizações ficou pessimo. Lento demais.,5
O WhatsApp e bom mais agora colocou esses canais ficou muito ruim poderia só tirar isso que ia melhorar o WhatsApp,2
"Com a nova atualização da Apple, o aplicativo trava demais, principalmente na hora de escrever!!! Está insuportável de usar (iPhone 11)",1
"Pq vcs tiraram o modo de visualização do status qdo só clicava, ou seja  vc tinha uma pré visualização e agora ou eu visualizo ou visualizo? E a pessoa não sabia que vc tinha visualizado, agora mudou, pra pior. 
E essa história de Canais que chato isso, vc não tem a opção de excluir tudo aquilo, fica ocupando espaço na tela.",3
WhatsApp poe de novo a função que da pra pré visualiza o staus da pessoa sem abrir 🥹🥹,3
"Nao gostei dessa atualizacao de “canais”. Quando vejo novidade sobre meus contatos, sempre é “empurrado” canais na tela, e as atualizacoes ja visualizadas ficam minimizadas.
E NAO tem como desabilitar os “canais”.
Fora isso, o aplicativo é otimo.",3
"Odiei essa nova atualização não consigo mais pesquisar os status, pra que isso de seguir as páginas é terrível. Se Puder atualizar o mais rápido possível eu agradeço.",1
"Essa atualização que fizeram no status ficou horrível! Além desses canais, terem deixado esteticamente feio, quando você visualiza o status de alguém , não dá mais pra ver. Ele simplesmente some, não era assim. Ficou péssimo! Deviam voltar como estava antes.",2
"Essa ultima atualização ficou horrível, tem uns canais de status, que ficam aparecendo de outras empresas, e os status de amigos que compartilham acabam não mostrando como antes, a gente tendo que pra ver ficar na foto de perfil, e que muitas vezes a gente até pensa que a pessoa não publicou nada. 
Está acabando sendo um aplicativo comercial do que pessoal e privado.
Serial bom ter uma opção pra deixar como antes, pois pra alguns pode ser favorável mais também pode ter pessoal que tenha a mesma percepção que eu.",1
"WhatsApp é o meio de comunicação mais importante no Brasil, tudo é feito pelo aplicativo praticamente, porém poderia ter a opção de mudar a cor da conversa, que chato isso, tantas mudanças e a mesmice sempre!!! Queremos mudar a cor da conversaaaaaa, por exemplo eu amo rosa e não posso por a conversa em rosa sempre a mesma coisaaaaaa 😬e no ios é pior pois não podemos por toques diferentes as atualizações vem depois do androide muito chato tudo isso!",2
"Fala galera tranquilo? Então baixei o WhatsApp e confirmei um número novo, chamei meus amigos mas assim que eu chamei deu como meu número spam……. Resolva isso por favor",1
"Não consigo entrar no WhatsApp, ele não está abrindo, só fica na tela preta com o símbolo do whats e depois sai. Eu uso o iPhone 6s Plus",1
"Ja se passaram 2 atualizações e mesmo assim as mensagens só chegam quando eu acesso o app. Ja reiniciei, reconfigurei atualização em 2º plano, restaurei configurações de notificação, desinstalei e reinstalei. Nada disso resolveu. Preciso de ajuda!",5
"Depois dessa ultima atualização não chega notificação pra mim, é só vejo que chegou mensagem depois que entro no wpp, espero que vocês melhorem",1
O aplicativo é ótimo . Mas a ultima atualização de canais teria que ter uma opção em ferramentas de não parecer canais.,4
"O aplicativo estava excelente e vocês foram lá e estragam tudo, pq não deixaram o status como estava as configurações como estavam ao invés de melhorar a nossa vida é um bom uso só pioraram, o por que é pra que isso !?.",5
"Meu WhatsApp travou hoje a tarde e não volta de jeito nenhum , já fiz de tudo, mas não dá certo. iPhone 11 ios17",1
"Odiei a última atualização onde tiraram a pesquisa dos status ! 
Pra procurar um status de contato não dá mais, é uma vida, antes tinha a lupa que pesquisava, hoje se viu o status ele vai lá pro fim, horrível, odiei ! 
Principalmente pra quem trabalha com o WhatsApp, se precisa ver o status novamente de algum comerciante ele simplesmente some, não tem como procurar a pessoa.",1
"Já está na hora de deixas os participantes de grupos em uma lista oculta, onde as pessoas não consigam ver quem faz parte dos grupos. Isso melhoraria bastante  a segurança e iria diminuir o vazamento de números.",5
"Vcs lançam atualizações e várias funcionalidades bacanas e isso é bom, mas bom pra quem usa todas, eu não uso comunidade e nem canais e isso me atrapalha pq fica lá, uma sugestão seria deixar o app customizável , vc poder ocultar essas funcionalidades se não usá-las, e deixar criar um menu de conversas de trabalho e pessoal, devia ter alguma customização para poder criar páginas de separação, assim ficaria melhor e mais ajustável a várias coisas da vida",1
"Aplicativo bom, tem interface simples de se utilizar, uso há bastante tempo. O único ponto negativo é que ele (pelo menos no iphone) começa a travar quando há atualização nova, sai do app sozinho e não entra mais. Consertem isso.",3
"nao estou conseguindo abrir foto de vizualização unica no meu iphone 6s, poderiam resolver esse problema urgente?",2
"Eu preferia a versão antiga do status era bem melhor podia pesquisar, e ver o nosso próprio status em lista agora se for apagar o último tem que ver todos os antigos postados para apagar.",4
"Tem como desfazer essa atualização do status no meu app?
Ficou ruim demais agora não poder olhar todos meus status, agora tenho que passar um por um.",4
"após atualização não consigo mais gravar áudios, saem mudo e quando toco aparece “áudio não está mais disponível” já atualizei 2x e nada mudou",5
"Depois que houve essa última atualização, o celular inteiro fica travando.
Até a própria busca dentro do WhatsApp, depois quase 1 min para aparecer, pois o celular inteiro trava.
Está pesado. O celular inteiro para de funcionar qdo chega mensagem do WhatsApp!
Horrível!
Vocês estão deixando o app cada vez mais difícil de funcionar.",5
"Após a última atualização do iOS, 17.0.3, meu Whats não abre mais, fica conectando eternamente. Estou recebendo pushnotification sobre novas msgs, mas não conecta de forma alguma, o que faz com que minhas msgs não sejam carregadas.",1
"O WhatsApp está a cada dia melhor, mas infelizmente parou de chegar notificação com o IOS17, espero que corrijam o quanto antes.",5
"Toda hora fica mostrando que entrei num grupo, ai entro no chat mandam reiniciar o celular e desinstalar o app, ja fiz e não resolveu. E o suporte não responde mais nada!!
Decepcionante. Somente após a correção avalio novamente!",1
Essa nova versão do Status do Whatsapp ficou horrivel,1
"Não sei o que acontece, mas eu não saí de nenhum grupo e fica aparecendo a mensagem várias vezes falando que fui adicionada ao grupo",4
"Última atualização foi pessima, a posição do status ficou ruim de mais, não tem como procurar status de alguém, não tem a barra de pesquisa, poderia melhorar essa versão.",1
"Após a última atualização cada vez que tento clicar no botão para enviar figurinha o celular  trava e congela o WhatsApp.
Tenho que fechar o App e abrir novamente para continuar uma conversa.",2
"Poderiam colocar a opção de música no perfil, igualmente no Instagram. Seria ótimo 🥲",3
"Está atualização tá péssima, não dá pra excluir status e ainda mais quando você tá em conversa e aparece outra mensagem por cima. iPhone tbm pessimo na própria atualização",2
"Depois da atualização meu celular parou de gravar áudios direito, tenho que esperar um tempo pra que o áudio comece a ser gravado, fora que fica travando quase todo tempo!",5
"Após esta última atualização, o aplicativo começou a travar. Exemplo se não estou usando internet. Quando ligo e as mensagens carregam, o aplicativo trava e não funciona. Volta a funcionar se fechar e abrir novamente.",1
Já faz mais de uma semana que o app está travando no meu iPhone 12. Já atualizei o software e o problema persiste! Não sei o que faço. Fico no aguardo de que alguma providência seja tomada!,1
Meu iPhone 11 Pro Max o WhatsApp ta muito lento fica travando sendo que os outros aplicativos tudo tá funcionando muito bem Instagram Facebook Telegram só o WhatsApp eu não sei oque aconteceu mais eu gostaria que resolvesse isso 🥲,1
"A atualização de mensagens em segundo plano faz falta, detesto abrir o aplicativo e ter que esperar as vezes 1 minuto pra carregar todas mensagens",1
"que atualização ridícula, retiraram uma função de pre visualização das mensagens recentes sem ter que entrar no chat e pressionar para ver o status sem acessar ele. que ridículo, que aplicativo nojento!!! 😡",1
A nova atualização esta péssima! Principalmente a área do status! Mudou tudo para pior!,2
Horrível essa atualização 👎🏾👎🏾🤬🤬🤬,1
"Nas últimas atualizações após o IOS 17, os textos travam qnd escreve, o app em si tbm trava está horrível!",1
"Naoe estou recebendo as mensagens, somente Qd abro o WhatsApp as mensagens chegam !",1
"Removeram a opção de editar status, na qual você selecionava os status e poderia apagar, encaminhar.
Agora vc deve abrir o status e ir até o que você deseja editar, horrível, arrumem isso.",1
"Meu iPhone não está mim notificando com som a chegada de mensagens do wastzap preciso de ajuda , já fiz todas as configurações e nada creio q seja do aplicativo mesmo !",1
"Após atualização do sistema IOS 17.
O aplicativo esta travando muito.",5
"Essa nova atualização,odiei a parte dos storys 
Não tem a lupa pra pesquisar os status de alguém em específico. Outra coisa também que tinha a opção de mandar áudio em vídeo e agora já não tem mais.",1
"Bom , n está melhor pois ñ está me entregando a notificação da mensagem na barra de navegação",4
Não gostei dos canais,1
"Toda vez que to abrindo a parte de figurinha ele da uma travada e abre,meu iphone é novo nao iria travar assim",2
Depois que atualizou pro iOS 17 tá travando demais,1
"Depois da última atualização não estou conseguindo abrir as figurinhas. Quando clico, o whatsapp trava até mesmo quando salvo alguma 😔",1
"Depois da atualização do iOS, o aplicativo está travando demais. Quase impossível utilizar.",2
"o app é ótimo, muito funcional, entretanto, depois da atualização para o IOS, não da mais pra pesquisar status, um atraso!",5
"Gente eu não aguento mais essas atualizações badarosca, status tem que ficar apagando um por vez facilitando nossa vida 0%, fora esses negócios de canal nada aver pelo amor…",1
"Odiei essa atualização que não consigo ver meus status um a um em fileira , não consigo pesquisar o status de um amigo pelo nome , sem contar nesses canais que do atrapalhou 😥 nota 0 pra essa última atualização .",1
meu whats trava sempre que tento mandar figurinhas!,1
"Atualização horrível, pessima",4
"Espero que volte a opção de buscar um status específico, e ter dados do próprio status sem ser necessário abrir todos 
Inútil demais essa atualização que fizeram",1
"os status no wpp ta eviando, porém ficando sme qualidade, no meu ios pfv, resolvam isso peço uma atualização para corrigir esse erro",2
"Essa última atualização foi muito desnecessária, não gostei, ficou até sem graça, por favor tira isso 😒",3
Como faz pra apagar um status do WhatsApp nessa nova atualização do iOS?,1
"Está travando muito após a última atualizao, as fugurinhas nem abrem. Arrumem isso logo",1
"Depois da ultima atualização, ele trava ao tentar acessar as figurinhas, também está travando demais nas conversas e para atender ligações também.",1
Não quero ver sugestão de canal de “famosos” no meu WhatsApp. Coisa mais chata. Só fica poluindo o meu espaço!,1
"Tenho um Iphone 14 pro, meu áudio está com problema à meses, quando envio ele sai com minha voz muito baixa. Já atualizei o software da apple, do whats, fiz upload novamente e nada mudou… fui na minha operadora e eles falaram que também estão com esse problema em vários iPhones de clientes. WhatsApp me ajuda!!",2
"Odiei a nova atualização que mudou os status, quero saber quando iram voltar como era antes, por favor voltem pra como era antes pelo amor de Deus",1
"A quantia de mensagens de spam está ridícula nesse aplicativo. Quase todo dia me aparece uma mensagem de contatos que eu jamais adicionei e nem dei meu número, de contas comerciais até de outros países. Eu não aguento mais.
Eu vou acabar excluindo o aplicativo.",1
"Essa atualização ficou horrível!
Kd a lupa do status?",1
"Poderiam melhorar o suporte, não resolvem o problema e nao possui atendimento humano. Poderiam pegar umas dicas com o suporte da Apple!",1
"Retirem esses Canais, o negócio desnecessário ainda tirou o espaço dos Status fica minimizado, e deveria ao apagar uma mensagem não aparecer pra pessoa “ mensagem apagada” simplesmente deveria sumir como se não tivesse nada, e o modo temporário tbm totalmente desnecessário.",2
"Meta pelo amor de Deus, volta com o WhatsApp simplificado que era uma maravilha. 
Colocou uma aba de comunidades que é inútil e agora entrou com essa negócio de canais junto ao status que ficou um grande bagunça. 
Tiraram do iPhone a possibilidade de visualizar o status sem precisar abri-lo. 
WhatsApp está ficando chato de usar.",5
"A pior atualização de todas! 
Fugiram do padrão, colou essa coisa horrível de “Canal” mudaram o layout do Status tá horrível pra rever um status agora. 
Resolvam isso!!!",1
A função de pesquisar nas conversas sumiu! Acredito ser um bug. Espero q retorne na próxima atualização.,5
Tirem esses canais daí. Sugiro colocar nas configurações uma opção para desativar os canais.,1
Já atualizei o whatsapp e nao aparece essa possibilidade. Tenho o iPhone 11 atualizado com o iOS 17,4
"Esse negócio de canais aí não tem como tirar não tem essa opção, ficou orrivel",1
"Q atualização horrível é essa?!
Ñ consigo silenciar mais os status e ainda fica aparecendo sugestões de canais.",1
"Falta a função de iniciar na tela principal do aplicativo. Quando voltamos para o aplicativo em segundo plano, ele abre diretamente na conversa, o que pode ser desconfortável quando estamos mostrando a tela para várias pessoas no PC. 

Hugs!"" If you have any more questions or need assistance in the future, feel free to ask. Have a great day",4
"Após atualização do iOS 17, se escrevo muito rápido as palavras se embaralham e dá uma travada.",1
"Essa última atualização fico horrível 
Com esses negócio de canais 
Parece que a gente não tem privacidade mais",1
"Por favor, resolvam essa questão de ligação do WhatsApp, não é todo mundo que a gente quer a notificação de chamada atrapalhando, criem algo que pelo menos não apareça a barra de notificação chamando. Um saco isso! Resolvam essa questão da chamada por favor.",4
"Quem coloca as atualizações de status na horizontal? Nem acompanho mais, criem a aba de canal junto com comunidade, ficou horrível",1
"Os status que postam ficam travando , e não consigo excluir pois tiraram essa função na ultima atualização",1
"Essas atualizações estão cada vez pior, para que por canal no zap? Nem pesquisar o status das pessoas a gente consegue mais, ninguém merece essa palhaçada de atualização! Melhore pfv? Canal os famosos já tem no YouTube. No zap é pra conversar e vê status 😘",2
"Além de não permitir pesquisar depois das ultimas atualizações , agora não consigo apagar um status meu😡😡",3
"Essa atualização ficou horrível, não da mais pra pré-visualizar os stories e os stories silenciados fica e outra janela, péssima !",1
O aplicativo é uma desorganização enorme quando o assunto é sobre as figurinhas. O responsável pela ferramenta deveria ser demitido.,1
"Os status ficaram horríveis depois dessa atualização, não conseguimos mais pesquisar pelo nome da pessoa, somente olhando um a um, se você seguir algum canal então aí que fica pior. Além disso, ainda tiraram a opção que tinha de conseguir ver seus status individualmente, agora se você quiser ver um você é obrigada a ver todos .",2
"NÃO DA PRA APAGAR STATUS MAIS, PREFERIA COMO ANTES. ARRUMEM ISSO POR FAVOR😭😭",1
"Com a nova atualização, não tem como mais você apagar o status que posta, quando da erro em vídeos postados não dá opção de apagar e refazer. Não gostei!!!!",2
"Mano que atualização foi essa que ficou uma bagunça, sem nexo, pra que aquilo?! Vocês estão com tempo livre?!",1
"Depois da última atualização que tem essas comunidades o app só trava, e não é o celular e só o aplicativo",2
Última atualização é muito ruim. Agora tem que apagar um por um os status,5
"Ficou péssimo para acompanhar os stories do contatos pelo simples fato de terem removido a opção de busca ao inserirem “canais” que nem tive interesse em assinar nada … poderiam incluir a funcionalidade de usar adesivos do iOS 17 no app tb, pois a ferramenta de criar adesivos à partir de fotos do app não funciona bem",1
"Coloquem a atualização de ver status sem abrir no iphone, novamente🥹🙏🏽",5
"Eu particularmente não gostei do novo design dos status. Não dá mais o pesquisar o status de um contato específico e tals. E os canais, creio eu que não terá tanta visibilidade assim",5
"A nova atualização deixou o app bem ruim, principalmente no status, antes era possível visualizar uma publicação específica, agora tem q abrir todas as fotos pra visualizar a última, maior retrocesso ter q abrir todas as publicações pra ver a última por ex. Péssimo",5
PQ TIRARAM ESSE OPÇÃO?,1
"Olá, gostaria de saber como que faz para excluir um stts que foi publicado, nessa nova versão do aplicativo. 
Até agora não consegui descobrir. Ou não tem mais como ? 
Meu aparelho é iOS",2
"O.que que piora tanto. São engenheiros de soft de 12 anos trans revoltados?...
Pq agora? Por que pôs esses trem de canais. Chato que ninguém quer! Tira isso. E tirou previsto do history? Segura dedo encima do históry e ver as coisas sem a pessoa ver era ótimo.. Porque tirou algo legal e pós algo tão ruim. Ridículo. Manda esses engenheiros de soft embora, estão prestando para nada.",1
Que atualização ruim foi essa tirou a barra de pesquisa de store tem que rolar ou ir na conversa pra ver um status em específico 🤦🏻‍♂️,1
"Sinceramente adoro o whats, mas agora na nova atualização, não podemos mais pré visualizar os status no iPhone, ficou horrível nesse quesito",4
Não pode mais apagar os status ? Que palhaçada! Ficou horrível !!!,1
"Visualizar status está muito ruim! Você não
Consegue ver a prévia mais, não consegue ver o horário e ainda por cima imitou o Telegram com essa de “comunidade” misturada junto com status 😓😞😞",1
"Whatsapp ta todo cheio de papagaiada. Horrível. Pra q esses canais? Tiraram a o opçao de buscar o nome do usuário lá do status e se quero ver algum especifico tenho q ficar procurando. Essa modinha ai de canais nao vai p frente nao. Era bom pela simplicidade do app, direto pra o q foi prosposto.",1
"A cada dia uma função a mais do meu WhatsApp trava ao ser realizada. Já não posso mais acessar o WhatsApp web, pois cada vez que vou emparelhar com algum computador, trava tudo, o celular esquenta a ponto de aparecer a mensagem de alta temperatura. Hoje foi a vez do status, ao postar, não consegui mais realizar nenhuma função não só do WhatsApp, como do celular. Travava tudo! Tive que colocar no modo avião para conseguir excluir o status e mesmo assim não destravou. Só excluindo o app e reinstalando voltou a funcionar. 
Agora além de nunca mais utilizar o WhatsApp web, também não utilizarei o status, prejudicando meu trabalho pois divulgava meus produtos os stories!!! Um lixo a cada dia.",1
Deve voltar ao que era antes,1
"Essa nova atualização do WhatsApp está horrível, não estou conseguindo apagar os status, ficou muito mais difícil, antes era muito mais prático.
Dificultou tudo.
Prefiro a antiga atualização.",1
Atualização HORRÍVEL!,1
"Após a atualização que foi inserido os canais, não foi mais possível apagar os status postados. Tem que corrigir isso aí.",3
Voltem os stories como era antes,1
"Não gostei da nova atualização do status, ficou igual o Instagram  péssimo e sem contar que fica bugando minhas conversas",3
"Com a atualização não consigo clicar da foto na opção status l ver status como era antigamente…

Não esta dando pra ver a lista com todos meus status tenho que clicar em um a um fora outras coisas está ruim!",5
Só recebo notificação das mensagens quando já estou no app desde a atualização de quarta feira. Péssimo.,1
"Por favor uma atualização que de opção para  podermos cancelar essa parte de canais 
Fico horrível",1
A nova atualização é péssima. Estão deixando todas as redes sociais iguais 🤧,2
"Mto insatisfeita com essa joga atualização 
Principalmente a aba dos status, só dificultou pra apagar vários de uma vez, pesquisar algum status pelo nome, esses canais sem futuro q não adiciona em nome. Tá perdendo a essência da real função do zap",1
Perdi conversar pq parou de me notificar,1
Não funciona mais a função de apagar status quando não gosta da postagem,1
"Recebo mensagem no WhatsApp e meu celular não toca, já olhei nas notificações geral e no próprio aplicativo e não tem nada desativado. O que será que está acontecendo, atualização nova ?",4
"Essa nova atualização não permite editar ou apagar os story, tá muito ruim! 
Vc não consegue apagar o story postado errado! 
Lamentável!",1
"Atualização horrível, você só pode ver os status uma vez, depois que acaba os status do seus contatos, não consegue ver mais nada de mais ninguém.",2
"Detestei essa atualização com canais misturado com os status , ficou muito chato, e péssimo para mexer , não tem nem como pesquisar a pessoa nos status mais. Voltem com os status separado como sempre foi.",5
Não gostei na nova função de poder subscrever com famosos no WhatsApp vejo a cara de Anitta e sei lá sem querer WhatsApp não é Instagram o Facebook!!!!!!!  E se vai ficar vou tirar e vou achar outra coisa!,4
"Depois da atualização iOS 17, deu blug nas notificações",3
Com essa nova atualização não ficou legal os status,1
"A atualização de ver melhorar só piorou não consigo pré visualizar os status, não tem mais como buscar qual contato vc deseja vizualizar 
Não tem como vc ver cada status a quantidade de vizualizacao e ir direto nele resumindo ficou péssimo.",1
"Gente que coisa chata esse negócio de segui no WhatsApp, eu prefiro como era antes!ficou muito ruim, se eu quiser seguir alguém eu vou no Instagram, isso não faz sentido!",2
"Acabaram com o app. Atualização horrível, o status tá pessimo. Se eu quiser ver notícia eu procuro no Google",1
nao te da uma opcao de busca dos contatos eu tenho 3000 contatos s eu quizer ver um atatus tenho que olhar na barra de rolagem isso é ruim perco muito tempo tinha tbm uma opcao de segurar em cima dos status que dava pra ver se que a pessoa soubesse que viu mesmo para o ios funcionava essa verssao esta oreivel o whatsap o telegram esta sendo uma melhor opcao deichku de virar whatsap esta virando um tipo de facebook sei la com noticias que antes nao vinhao no celular que ficao na sua barra de status orrivel de mal a pior,1
"O app está ficando cada vez mais lento com essas atualizações, além dos bugs e mudanças que ninguém pediu, agora é um saco para achar figurinhas e ver status.",1
"O WhatsApp estava perfeito, essa nova atualização é como se o WhatsApp tivesse regredido! Não dá pra pesquisar status, atraso na hora de apagar. 
Tem que mudar",1
"Ficou horrível a aba de status,acabaram com as funções",5
Essa atualização não ficou boa 😥 queremos o WhatsApp normal de antes por favor.,2
"Tirem esse negócio de canais voltem com último modelo que estava que agora tá horrível ! 
Ou deixem apenas para usuários que querem mas sobre a tela dos status ficou horrível meu Deus 
Que atualização mais feia ódio",2
"Esses canais teria como excluir isso, parecendo app com propaganda muito chato",1
"a nova atualização está péssima, não notifica as novas mensagens e os status ficaram horríveis de serem vistos.",1
A nova atualização dos status do WhatsApp estão horríveis. Nada funcional. Podre demais. Chega a dar raiva. Não presta.,1
"Antes seu eu não quisesse abrir o status do Whats era so apertar e segurar em cima q abria, agora tenho q abrir. Pra melhorar não precisa tirar algumas coisas! Achei bem ruim isso",2
"Essa nova atualização,está horrível 
Com esses canais.",1
Odiei essa nova atualização do WhatsApp não gostei espero que tirem ela é horrível,1
"não gostei da nova atualização, que aliás, foi automática em meu aplicativo. além de os canais ficarem na primeira página ao abrir o whatsapp, é um desconforto para quem não gosta de se interagir com as mídias e coisas do mundo. por gentileza, eu solicito uma opção de desativar isso.",1
Atualização ridicula 🤬,1
"Queremos o WhatsApp do jeito que era antes, 
Colocaram { encontrar canais) o que é isso? 
TIREM ISSO PELO AMOR DE DEUS",5
"Nesta última atualização, apareceu uma nova opção de seguir canais, algo que mesmo não sendo utilizado, polui a área (atualizações/status), colocar uma opção de ocultar essa nova função “canais”",1
"Essa nova atualização de status ficou péssima, para IOs perdeu a função de visualização rápida e essa visualização na horizontal ficou muito ruim, na vertical é melhor.",3
"Nessa última atualização o status ficou péssimo, simplesmente não consigo pesquisar o status de pessoa por nome.",1
"Após atualizações, agora não consigo mais remover status.",2
Não gostei dessa nova atualização com canais de transmissão.,1
Vocês simplesmente removeram a função de “apagar” status. Agora se os status forem poetados por engano ou errados só irão sumir depois de 24h. Removeram a função de visualizar status de forma discreta e simplesmente inseriram meio mundo de canais na parte de status. PODRE!,1
"Em geral é razoável por conta de que com essa atualização, não da pra apagar status tudo de uma vez, e ai tem que ir de um em um e isso leva muito tempo pra uma coisa que deveria ser ágil.
Na opção de trocar foto de perfil não tem a opção de apenas editar a mesma foto, assim tendo que procurar a foto na galaria pra só mudar um pequeno detalhe na maioria das vezes.
Não sei se é só no meu wtts, mas quando vou postar um status de alguma música e eu quero cortar o video no próprio aplicativo, quando postado vou conferir e o áudio atrasa e não fica sincronizado com o vídeo, já aconteceu várias vezes e até editando pela própria galeria acontece isso, mas ai eu já não sei se é problema do wtts (eu uso iphone 11, se isso tiver algo haver com esse bug)
Uma sugestão que talvez seja útil é que tenha aquela opção de não marcar a mensagem como lida, porém ter como ver que a pessoa leu a sua mensagem e seu status mesmo ela não conseguindo ver o mesmo de vc, assim ficando favorável as pessoas que escolheram ou não a opção😁 (seria bom pq eu só nao uso essa opção pq não da pra ver se a pessoa tbm vizualizou minha msg, e é provável de q eu não seja a única q pensa isso)",3
"Dêem a opção de excluir essas porcarias de canais... Negócio chato... Um monte de sugestões de canais imprestáveis. E o pior, não tem opção de excluir essas opções ridículas.",1
"Essa atualização com canais essa mudança nos status é péssima, maior dificuldade pra apagar um status esses canais deixa o app como uma rede muito liberal, eu não gostei dessa atualização",5
Não gostei dessa opção “canais” ou pelo menos deveria ter a opção de excluir essa função,1
"Tira essa nova atualização com canais 
Pior atualização de todas",1
"Essa atualização veio péssima 
Não dá pra pessoa procurar pelo nome o status das pessoas, pra apagar o status antes selecionava tudo de uma vez,agora tem que ser por um horrível, vcs podendo facilitar vcs só dificultam.",1
Péssima ideia essa de colocar “canais”,1
"Atualização horrível,não gostei tirou a barra de busca dos status desfacilitando a vida de quem procura por nome o status que quer ver,tirou a Prévia do IOS dos status,horrível por favor voltem ao normal !!!",1
"Está muito ruim essa atualização,não gostei dessa de seguir canais ,tem que tirar",1
"Em todos esses anos de WhatsApp nunca usei uma atualização tão ruim quanto a essa 🤦🏼‍♀️
Não se mexe em time que tá ganhando",1
Canais no status o que eu isso! Desnecessário demais aff,1
Nessa nova atualização não tá apagando status 🥲😅,1
Eles tiraram o áudio em vídeo e colocaram o monte de anúncio de Google e colocaram os status em cima . Horrível volta a versão antiga,1
"A nova atualização ficou horrível, agora é atualizações em vez do status, não gostei e está incomodando muito!! Preferia como estava antes.",1
"Esta muito ruim com isso de canais, não é falta de costume, mas vocês vão querer que nos acostumamos com algo ruim? Esta incomodando, os status de lado está horrível, parece que estou no Instagram.",2
O que vocês estão fazendo com o WhatsApp ? Deixando igual a instagram para que? Aqueles canais estão horríveis ali. Tirem aquilo por favor. Dificultando mais ainda pra quem não saber mexer. E outra que não tem serventia nenhuma.,2
"Mano, essa atualização do status tá horrível, não consigo nem selecionar as que eu desejo apagar!!",2
"Pelo amor de Deus, como faço para voltar a forma de exibição de status antiga, sem os ""Canais""?? Ficou horríveeeeel. Quanta poluição de informação. Não queremos notícias no WhatsApp. Pelo amor de Deus!",2
Detestei essa nova atualização que mudou todo a parte dos status,1
Não dá mais pra procurar o nome da pessoa que vc quer ver. Mudem isso urgente pelo amor de Deus.,1
"Gente q atualização ruim foi essa, Deus me livre, vcs pioraram o WhatsApp",2
"horrível horrível horrível horrível melhorem.
não tem nem mais como selecionar vários status e apagar, ao invés de implementarem recursos úteis o suficiente para o usuário final, preferem dificultar. melhorem.",1
"Depois que colocaram a opção de seguir canais ficou horrível! Deveria tirar isso aí. 
É um aplicativo excelente, mas está enfeitando demais sem necessidade.",5
"Nas ultimas atualizações, foi introduzida sugestão de canais na aba “updates” para seguir no entanto, não foi oferecida a opção de, ou remover todos os canais ou  pelo menos de remover as sugestões que o usuário não se identifique.",1
"Horrível não gostei, da parte dos status que tem como ver agora sobre páginas ou notícias, achei péssimo, se a pessoa quiser ver, tem o Instagram… Sem necessidade isso🤦🏻‍♀️",2
"Gente perdi a vontade de entrar no WhatsApp com essa nova Atualização, pela fé arrumem isso.. ta muito ruim.",1
"A pior coisa foi tirarem o pesquisar dos status do wpp 😩 quem tem muitos contatos sofre pra achar o status de uma pessoa específica, principalmente quando já foi visualizando, affs.",2
"sumiu na atualização de hoje 19/09/2023, a barra de pesquisa",4
"Boa noite! 

Por favor coloquem a opção de desabilitar os canais, ngm e obrigado a ficar vendo oque não quer. 

Colocam por favor essa opção , coisa chata slc …. 

PESSSIMO.",1
"Se já tem o Facebook e Instagram, pra que colocaram essa atualização com praticamente a mesma finalidade? Que cagada! 😤",1
"Por favor, volta a opção de pesquisar o contato no status! 🙏",2
Tá horrível essa atualização pelo amor de Deus troquem essa atualização pra uma melhor cara vcs n tem o que inventar abre o status parece q tá no insta tá horrível detestando .,1
"Inutilizaram o status, diminuiram seu espaço e relevância, criaram um sistema comercial de canais super inutil e irritante, E EU NAO CONSIGO APAGAR OQUE ESTA NO MEU STATUS, isso foi oque mais me irritou.",1
Está horrível assim sem pré visualização e tbm sem barra de pesquisa .. quando eu quiser procura status por nome eu procuro aonde ? Aff consertem isso gostava mas da antiga atualização essa não gostei,1
Essa última atualização que teve em setembro na aba status destruiu o App ficou horrível. Poluído parece que tem propaganda nele. Para ver que visualizou seus status ficou pior também. Ainda por cima enfiam uma aba de canais. Que não dá pra ocultar. Tirem isso pelo amor de Deus.,1
"com essa atualização não consigo mais apagar os status, oque eu posto tenho que esperar dar 24 horas pra ele sumir, cadê alguma opção ou botão pra apagar? que horrível!",1
"Olá a todos,Não estou conseguindo acessar o WhatsApp depois que teve a última atualização,por favor quem sabe como resolver me fale",1
"Após a última a atualização ficou ruim, removeram recursos como prévia do status sem precisar abrir, selecionar vídeos ou foto acessando os arquivos do celular sem precisar ter que utilizar a biblioteca, no meu caso eu baixo alguns vídeos pelo navegador e salvo em Downloads e antes podia abrir a pasta e selecionar o arquivo, isso acontece na versão 15.7.9 do iOS, não sei como está em outras versões!",2
How do I remove the Channel tab. I don’t wan’t it in my status!,1
"Atualização ridícula, canais forçados na tela. WhatsApp nunca será telegram.",1
"Ficou horrível essa última atualização com canais, nada a ver isso, pra isso já tem o Facebook e o Instagram, agora toda vez que você vai ver os status de alguém, fica aquela barra lá em baixo querendo te forçar a seguir alguém…",1
Atualização ruim da mísera wats agora vai virar um jornal de esporte uai,1
"Canais da nova atualização sobre notícias, só tem jornal de esquerda 🤮🤢 tão inútil quanto não tem nada",2
Não dá para paga status,2
"Lembrando que essa avaliação é só pra essa nova versão do WhatsApp, ele está deixando de ser uma coisa privada pra virar uma rede social este negócio de ficar aparecendo notícias, fofocas entre outras coisas do que acontece no mundo por aí ficou péssima não tem necessidade nenhuma algo que já se vê em qualquer lugar estar no WhatsApp agora pra perdeu o conceito do WhatsApp e em questão de privacidade e de fugir um pouco do noticiário.",1
"whatsapp agora virou instagram???? que atualização horrível, horrível horrível horrível. deixa do jeito que tava, tava ótimo, só estragaram",1
"Não gostei desse negócio de canais,não gostei mesmo, e outra coisa não consigo mais apagar meus status,não tem mais a opção de apagar quando quero!",1
"Rapaz, que coisa horrível é essa de ter essa opção de canais. Mesmo que eu não diga ninguém, fica aparecendo sugestões para seguir canais. E o pior, não tem como desativar isso. 

Se quer manter, mantenha, mas deixe a opção de desativar essas sugestões. Ninguém é obrigado a ficar vendo essas coisas não. Se continuar assim eu vou deixar de usar.",1
"Péssima atualização 
Os status nao fica mais um embaixo do outro, agora fica um do lado do outro (tipo insta) 
Deveria ter a opção de voltar a como era antes",2
atualizou e a minha barra de pesquisa sumiu!,1
Não gostei muito dessa nova versão sobre canais não tem como editar as sugestão pq tem canal que está aparecendo que não quero podia melhora para editar,2
Essa nova atualização é horrível!!!,1
"Tá u ho , quem fez essa atualização merecer ser demitido",1
"Não tá tudo errado odiei essa última atualização ninguém tá gostando disso pela misericórdia, complico tudo até os idosos estão confusos pra achar os status há não volta como era antes obrigada 🫶🏻",2
"Tiraram a lupa de pesquisa no status, e quando segurava no status fazia um visualização prévia, não faz mais.",2
Horrível essa nova atuação com comunidades! Poderia ter a opção de ocultar aquelas sugestões e voltar com modelo de status normal!!,1
Horrível essa atualização que eu não posso ver só o status que eu quero! Preciso passar todos que postei pra ver um só 😒,1
"nao consigo ver status antigo, nao consigo segurar para ver antes de abrir os status, ele sai se você so deslizar um pouquinho pra baixo, horrível, whatsapp por favor volte a ser como era antes em questão de status.",1
"Não tinha nenhuma necessidade de tirar as pré-visualizações dos status. Algo excelente que tinha no aplicativo.

Poderiam adicionar a função de programar envio de mensagens em um horário estipulado pelo remetente.

WhatsApp está criando funções desnecessárias e tirando funções excelentes que o aplicativo tinha. Muito decepcionado com essa atualização. 👎🏽",2
Nessa atualização não consigo mais ver o status sem ter que abrir,2
"Odiei essa nova atualização, estão achando que é Instagram? Isso é a nossa privacidade, agora não consigo ver o status de ninguém só pressionando",1
"Primeiramente boa noite, quem foi gênio que colocou a página de atualização na mesma dos status?? Agora meu status bugou, nem clicando no mais resolve. Não dá pra fazer o básico? Papo de vacilo, estou chateado ok?",1
"Peço que incluam uma opção de bloqueio desses canais. Algumas pessoas não gostam deste exagero de informações! peço por gentileza, por misericórdia, “PULAMOR DE DEUS” 😅",5
"WhatsApp não gostei desses canais não, vou cancelar meu WhatsApp e vou mudar pro Telegram, adeus",1
"Depois da ultima atualização fica aparecendo gente pra seguir, se eu quisesse seguir eu ia pro instagram 🤦🏽‍♂️ fico um lixo",1
"A atualização está péssima, achei muita coisa em um app só, esse aplicativo está perdendo seu padrão!",1
Depois da atualização minha barra para pesquisar conversas simplesmente sumiu 🤡,1
Não da pra selecionar o status e oque fazer com ele mais.. As animações tbm é muito enjoativo em forma de círculo incomoda muito,1
"odiei essa nova atualização, não quero essa opção canais, não consigo mais apagar vários status de uma vez, nem pesquisar pelo nome da pessoa na opção do status e nem pré visualizar o último status das pessoas, odiei",1
"Essa nova atualização n é legal, muita informação.
Ver o status já é suficiente mais esse canais n tem nada haver.",5
Como excluir status com esta nova atualização?,4
Essa nova atualização de canais não ficou boa. Esses canais deveriam ser facultativos.,1
"Nova atualização do status está tipo o Instagram e ficou horrível,pq não deixar da forma original",1
"Essa nova atualização é uma horrível na parte dos status, visualiza uma vez depois some, fica parecendo coisas que não tem nada haver com os contatos idiotice!!",1
"Muito ruim essa atualização, volte para a antiga bem melhor…",1
"O whatts não parece mais uma rede de mensagens, parece mais um Instagram ou Facebook,,,, um app que antes era só de mensagem virou rede social 
Bem ruim achei",2
"Simplesmente ficou horrível a parte dos status, seja pra ver, silenciar, ou excluir.
Além de não poder mais ver o preview do status só segurando em cima.
Infelizmente está realmente ruim está atualização.
Espero que consertem esses problemas.
De usuário para Meta…",1
"Sinceramente o WhatsApp estava ótimo quando seu propósito era mandar mensagens e fazer chamadas. Com essa nova atualização e função de canais, está parecendo que vai acabar se tornando mais uma rede social saturada de informações e inutilidades.",2
Ficou horrível a atualização referente a status e não consigo mais visualizar sem abri affff…,4
"Por favor, voltem com a pré vizualizações dos status. Era mto bom ❤️",2
A cada atualização ele fica pior tá parecendo Twitter agora sem contar que tiraram várias opções na qual era favores pros usuários pra botar umas coisas nada haver tá horrível voltem pra atualização antiga essa está pessima 🙄🤦🏽‍♀️,1
"Tirou a opção de pesquisa status, tirou a opção de ver status publicados , dentre outras funções que usava no dia a dia!",1
"O aplicativo é muito maravilhoso! Como sugestão, o tempo de vídeo no status devia ser maior, igual ao Instagram, pelo menos 60seg.",5
O whatsapp precisa ter a opção de bloquear o recebimento de mensagens de voz.  Tem gente que só manda mensagem de voz e é falta de educação. Eu não suporte receber mensagem de voz,5
Por favor tirem ou coloquem uma ferramenta de bloquear áudios!!! Isso é péssimo!!!,3
"A nova atualização acabou com a parte do status, você não consegue visualizar seu status aberto, para ver o último postado, tem que ver todos desde o início, se não carregar você não consegue ver qual não carregou e além disso tiraram a opção de buscar por nome no status. 
Horrível",1
Meu WhatsApp atualizou e ficou horrível meu status ficaram em horizontal,1
Nas próximas atualizações seria perfeito se colocassem a opção de “tradução” das mensagens e emojis novos,4
Seria importante adicionar proteção ao story (visualização única nos story bloqueio para não tirar print),1
"na busca de membros de grupos, não é mais possível buscar pelo número (ou prefixo e sufixo) da pessoal e nem pelo nome de perfil, só quando o contato dos membros estão registrados na agenda.. baita retrocesso viu, dificultou muito a minha vida de admin!",2
"Que atualização horrível , a parte dos status ficou péssima , no iPhone pra mim ver meu último status tenho que passar todos e se tiver que apagar status tem que ir apagando um por um 

Péssimo",1
"O WhatsApp teve muita atualização boa ,mas uma coisa que eu não gostei foi na hora de ver status,as vezes não queria clicar nele e abrir então tinha a opção de segurar nele é ver uma prévia do status da pessoa sem entrar …por favor concertem isso.",2
"Pessímo, apos a atualização, eles inventaram de trazer uma aba nova com canais de noticiais de famosos e empresa, como se alguem quisesse ter essas porcarias no Whatsapp, ja nao basta o facebook e o Instagram",1
Atualização lixo com esse negócio de canais,1
Poderia retirar esse negócio de canais isso não ficou bom,1
"Com essa nova atualização, o WhatsApp virou um mensageiro genérico como os outros… no mínimo poderia voltar com a pré-visualização dos status, pelo menos amenizava essa atualização horrível.",1
"Com essa nova atualização não consigo mais silenciar o status sem visualizar, e nem pré visualizar o status, não gostei dessa atualização não, preferia antes! No iPhone era muito mais funcional!",1
"Exclui o app, e agora não consigo mais criar a conta. Na parte que deve-se colocar o telefone, só consigo colocar o código do país, mas o telefone não tem como.",1
"Não consigo apagar meus status através da minha lista de status, não consigo fazer pesquisa de algum status específico, não gostei dessa atualização, ficou péssima! Já sigo muita página no istagram, não quero seguir página no whats também não, WhatsApp é coisa pessoal dos usuários.",3
Já passou da hora de atualizar de forma a não terem acesso aos números das pessoas que estão nos grupos. Invisto muito dinheiro para atrair pessoas para os meus grupos de trabalho e oportunistas entram no grupo e pegam os contatos para vender produtos sem investimento ou trabalho nenhum.,1
"Por favor voltem com a aba de status, esse negócio de canal tá atrapalhando tudo véi. Quanta dificuldade. Vcs estão complicando algo que já é ótimo",1
"Agora apareceu um negócio chamado Canal. Não tô a fim de dar palco pra ninguém. 
Se continuar assim vou deletar minha conta e voltar ao sms e iMessage.",1
Quando a transcrição dos áudios ficará disponível para todos? Eu tinha essa opção é depois de uma atualização simplesmente sumiu!,5
Não consigo mais aperta status sem ver,1
FICOU MUITO RUIM CHEIO DE COISAS DESNECESSÁRIAS E LAYOUT MUITO RUIM NOS STATUS…,1
"O app está travando muito e com bastante atraso. Entro nas conversas, e demora demais para mostrar as mensagens novas. Está fechando sozinho também.",1
Por favor dei a opção a os usuários desativar a opção canais,1
Muito horrível a nova atualização do WhatsApp. Nada a ver colocar coisas de Facebook. Daqui a pouco nem vai tá parecendo o WhatsApp do iPhone de tão diferente que tá ficando . Aff arrependido de ter atualizado ora última versão,1
"Bom, porém essa última atualização simplesmente péssima, o WhatsApp perdendo suas características e ficando como se fosse um instagram enfim péssimo",1
"não gostei da atualização dos status, tem como mudar? 😭",2
"Poderia ter opção de usar Live Photo de papel de parede nas conversas, acho que seria maneiro.",5
"Essa nova atualização com essa opção de Canais está uma m$@&da! Eu não quero isso no meu WhatsApp, se possível disponibiliza a opção de remover isso! Quem quiser usar, usa. Quem não quiser (assim como eu) desabilita essa baboseira!",1
Odiei esse negócio de “canais” já não basta fugir disso nas outras redes e agora me obrigam a ver no meu próprio wpp,1
"Seria interessante que o WhatsApp app preservasse a privacidade em relação aos membros do seu grupo.
O ideal seria que as pessoas entrasse em contato contigo, quando por meio dos grupos, não pelo seu contato telefônico, mas, sim, pelo seu nome de usuário. Ou seja, não seria exibido o seu número de telefone, mas, sim, um “código”, “nome de usuário”, “número de usuário” ou qualquer outra identificação inequívoca do usuário.
Acredito que com a Lei Geral de Proteção de Dados - LGPD não está fácil para os administradores dos grupos, pois estes podem ser responsáveis por vazamento de informações relativas a pessoas do grupo. 
Portanto, seria legal rever esta política e implantar boas mudanças.
Creio, também, que seria interessante manter, nos grupos, histórico das conversas passadas, para que novos usuários possam estar “por dentro” dos assuntos que já rolou. Essas mensagens poderiam ser selecionadas pelos administradores, ou seja, não precisaria ser o histórico total das mensagens e, sim, as essenciais ao grupo.",4
"Pelo amor de Deus, tirem opções de “comunidade” do rodapé. Tem que ter uma opção de customização do rodapé do app, assim o usuário coloca ou deixa realmente o que usa, tornando mais fluido pro usuário final. 

Aproveitando, mudem o visual! Cansou já 
Deixem o status/recado igual do Instagram",3
Tá travando mtooo,3
Voltou a travar quando os grupos tem muitas mensagens não lidas. Antes travava quando passava de 999 mensagens não lidas. Agora já tá travando com menos de 800.,3
Já faz algum tempo que o uso das figurinhas está com problemas. Ou o WhatsApp fecha quando se tenta pesquisar as figuras ou bc não consegue acessar os grupos. Precisa de uma correção!,2
"Me ajudeeeeem! WhatsApp está congelado, ja fiz de tudo mas não adianta!! Abre o app mas congela e fica como se fosse travado!!!",1
"Atualização ficou ruim! Opções q deveriam continuar, tiraram! Opção de pré visualização de status sumiu, deveriam ver a possibilidade de voltar novamente.",1
"Ele fica atualizando todo dia e quanto mais atualização mais travado fica o aplicativo, e cheio de bug que nenhuma atualização resolve,era melhor quando era Mark Zuckerberg era o dono .",1
"Por favor, permitam que seja possível arquivar comunidades - bem como sair da comunidade sem precisar sair dos grupos, pois isso deixa o WhatsApp totalmente engessado e pouco funcional.",1
"Deveria ter a opção fonte na cor vermelha, azul e verde",4
"Reinstalei o app mas não consigo nem colocar meu número para receber o código de verificação, não escreve nadaaaaaaa",1
"Todo os dias pede para atualizar o app, já estou cansando disso!",1
"Só recebo mensagens se entrar no app, já atualizei, reiniciei e nada muda.",1
"O app nao esta aparecendo as mensagens na notificaçao , aparece somente na hora em q abrimos o app dai carregam todas as mensagens!",1
"É o seguinte, pra uma família de 4 pessoas é complicado o fixar tem q ficar escolhendo as pessoas,Então vocês poderiam aumentar o número de pessoas",1
Fotos e vídeos ficam embaçados ao enviar ou publicar no status,1
"Fui banido sem saber o motivo e a empresa está nem ai com os clientes, estou longe da família e não consigo manter contato, meu filho pequeno chora porque não consegue me ver pela câmera, e meu número nao posso trocar porque uso no trabalho e tenho muitos contatos no serviço e vida pessoal... totalmente lesado.",1
"Tá travando muito e consequentemente, muito lento. Melhorem, deixem mais leve e lisinho de rodar.",1
Vocês deveriam voltar a transcrição do áudio. Ja pedi várias vezes. Falam que está disponível e não esta mais,2
"Devia colocar uma opção para receber ou não mensagem de voz.
Proprietário não gostasse ativava e não receberia mais mensagem de voz. Apenas mensagem de texto",3
Não está chegando as notificações após a atualização,1
"Não funciona mais, só sei que tem novatas mensagens depois que abro o app (depois da atualização de hoje), senão não sei quando recebo mensagem de ninguém. Arrumem isso! Trabalho utilizando o WhatsApp!",1
A opção de transcrição de audio sumiu depois da penúltima atualização!,1
Quando será liberado a transcrição de áudio para todos?. Meu IOS é o 16.6 e até hoje não tenho essa função no WhatsApp.,2
Já fiz a ultima atualização e não consigo receber notificações com a tela bloqueada.,1
Não sei se mais alguém tb está com esse problema. Mas meu whats só atualiza quando abre. Já verifiquei todas as configurações de atualização do celular (11 pro max) e está tudo certo.,3
"Faz tudo que o telegram faz, um pouquinho pior. A última atualização do sistema de stickers quebrou ele completamente, não dá pra encontrar os packs com facilidade, o app vai carregando toda a lista dos stickers favoritados até ela acabar, antes de carregar os packs salvos. Sendo que os packs deveriam ter prioridade, e cada um devia ter a referência de onde ele começa pra direcionar direto pro pack quando você toca na aba dele.",1
"Simplesmente não estou recebendo nenhuma notificação de quando chega msg no wpp, sendo que todas as minhas configurações tão para receber. Péssimo! Resolvam isso, por favor.",1
"praticamente todas semana tem atualização no app , ai tenho que ir la atualizar se não fica travando o app. uma sugestão ( as atualizações poderiam ser programadas para no mínimo 60 dias)",2
"Pessoal, desde sext feira que meu app não notifica novas mensagens quando ele está fechado. Me ajudem 😭",5
"Tem 5 dias consecutivos que o app trava e não abre a não ser que eu desinstale e reinstale no aparelho novamente, com isso perco todas as conversas que tenho após o backup",1
"Após algumas atualizações atrás o App parou de receber mensagens em segundo plano e só recebe quando abre ele, testei em 3 iPhone diferentes e redes Wi-Fi e móvel, o problema ocorreu em todos eles",1
"O aplicativo está ruim demais ,travando muito e não carrega as mensagens ,uso iPhone 11 e não uso nem metade do gb do aparelho",1
"O aplicativo é muito bom, mas se existisse a possibilidade de separar as conversas pessoais das conversas de trabalho, seria perfeito.
Exemplo: criar aba “trabalho” e mover as conversas para essa aba, deixando as conversas particulares na aba padrão",4
"Pelo amor de Deus, vocês acabaram com a experiência de usar figurinhas. Tudo desconfigurado.",3
Pense em uma desgraça é Whats no iPhone,1
As mensagens só chegam quando abro o aplicativo,2
"é muito importante vocês atualizarem isso. às vezes apagamos alguma mensagem e fica lá o alerta pra outra pessoa ver que apagamos, isso é muito chato. retirem isso logo, por favor ☹️",2
"Depois que atualizei o WhatsApp não recebe mais notificação. Preciso abrir pra ver que tem mensagem
Arrumem!!",3
Após a última atualização as mensagens só são recebidas quando abre o aplicativo. Está horrível !,1
Péssima essa atualizaçao dos grupos. Me obriga a dar mais de um passo pra entrar no grupo. Horrível e alem disso tá mais lento,1
"Quede não consigo mais usar depois que atualizou, travando muito.",1
"Ultimamente ele está travando muito, passar quase 5min para carregar as mensagens.",1
"Há quase uma semana, sem receber notificações quando o app está fechado. Já mexi em todas as configurações possíveis.",1
"Estou com problema, meu WhatsApp está congelado não está funcionando no meu iPhone. Atualizei meu WhatsApp na versão iOS 16.6 (20G75) eu não posso apagar ó App porque tenho conversas importante de trabalho. Tenho medo de perdê-las.",1
"Há mais de uma semana estou sem receber nenhuma notificação no aplicativo. As pessoas que me mandam mensagem referem como se eu nem tivesse recebido a mensagem até que abra o aplicativo (quando atualiza e aparecem as notificações). Os demais aplicativos do celular estão notificando normal. Está bem chato não receber as notificações. Ah, e meus dados não estão no modo de economia.",2
Trava toda vez q entro e o meu celular é o 14p,5
"Erro ao tentar ouvir áudio, a tela do iphone 14 ProMax não apaga e ao tocar a orelha fica abrindo outras coisas",3
"As comunidades são péssimas, ficam fixas na tela principal de conversas e não permite ser arquivada! Isso incomoda e atrapalha! Isso é péssimo! Desnecessário!",1
Venho aqui relatar depois de uma série de atualização do aplicativo WhatsApp que ele vem apresentando muitos bugs o aplicativo tem fechado e voltado pra tela inicial do aparelho a nova aba de figura do aplicativo tbm está dando problema e voltando pra tela inicial.. teria como rever essas falhas ? Lançar uma atualização pra corrigir isso? Aguardo respostas sobre esses pequenos problemas do aplicativo.. obrigado pela atenção,5
"WhatsApp está travando, as mensagens demoram para carregar e trava.",1
"Depois das ultimas atualizações meu celular não recebe notificação, já tentei alterar pelo aplicativo, já tentei pelas configurações do iPhone, reinstalar, e nada.
Estou conectado na internet ou no 4g e não me notifica, somente quando abro o aplicativo… por favor corrigir isso o mais breve possível..",1
"Seria legal se tirassem a parte de recentes quando se envia uma figurinha, acho desnecessário em cima fica as recentes em baixo as favoritas como se fossem duplicadas. Seria bem melhor se fica-se só a favoritas e removessem as recentes formando apenas uma pasta com figurinhas.",3
"Não estão mais vindo as notificações de novas mensagens quando o app está fechado, o que está acontecendo?",1
"Ao gravar vídeos ou mandar áudio fica completamente sem som. Não é problema no celular, é somente no WhatsApp",1
A parte das figurinhas está horrível! Clico no pacote que quero uma figurinha específica e abre um pacote totalmente diferente e longe do que eu quero,3
O App trava ao entrar e demora a carregar as mensagens,1
Da para vc parar de travar pelo amor de Deus nn aguento mais toda hr na chamada,1
Por favor melhorem a qualidade de fotos e vídeos principalmente nos status. Pode ser a melhor resolução nos celulares e quando coloca no status a qualidade fica péssima.,1
"Após a ultima atualização o aplicativo não notifica mais sobre novas mensagens, é necessário ficar abrindo o aplicativo pra ver se chegou algo já que não notifica mais. 

ARRUMEM ISSO!",1
Há algum tempo está com um bug q só recebo msgs qndo o app está aberto. Vi várias pessoas reclamando do mesmo problema.,1
"WhatsApp faz com que qualquer foto ou vídeo perda qualidade a ser postado nos status. Pfv melhorem isso, o Instagram tá igualzinho 😮‍💨",2
Acho que o grupo meta poderia fazer um app para casais que pudessem usar o mesmo número em celulares diferentes em tempo real sem ser um clone mais sim um app já pronto é feito desenhado especificamente para casais pensado para os dois simultaneamente,5
"Não chega notificação a não ser se eu entrar no App, e já está ligado a opção de notificação",1
Muito bug no iPhone.,3
Está faltando uma atualização que permite bloquear chamadas tanto por vídeo ou chamadas por áudio.,5
"Infelizmente o WhatsApp não está entregando atualizações assim como divulgam…

O WhatsApp está com muitos bugs mas estão dormindo e nem ligando para esses problemas bem chatos. O T*legram está dando de 10 a 0…",2
"parem de tirar a qualidade das fotos e vídeos que mandamos e/ou postamos nos status por favor, brigadão véir 💕",4
"O app é ótimo e muito bem desenvolvido, mas poderia apagar a “notificação” de quando apagamos a mensagem. Deveriam não mostrar que a apagamos, acho que assim o app teria mais privacidade.",3
"Por favor mandem uma atualização.
Está travando,não parece mais as notificações.
O tecla de mandar áudio é a que mais trava.",5
Meu app está bugado e não envia notificações iPhone 11 Pro,1
"Por gentileza, criem uma opção pra quem
Não quer ter a função status no seu WhatsApp, excluir a aba de status.",5
Muito bom da pra se comunicar com todo mundo até mesmo com nossos filhos que ficam na escola e as vezes querer se comunicar é bom ter o wattsap 🫶🏽,5
"Meu whatsapp parou de vibrar e tocar ao receber notificações. Não recebe no Apple watch também.
Já fiz de tudo, restaurei configurações do whats e do IPhone, nada adiantou",2
"O app está travando muito. Tenho um 12 Pro Max e está impossível de usar o WhatsApp. E trava apenas nele, nenhum outro app teve esse problema.",1
O WhatsApp para IOS está péssimo. Já a vários meses com bug que quando vc vai gravar áudio cancela no meio da gravação e se perde tudo que foi falado….,1
"Seria interessante termos a função de desativar a confirmação de Leitura em uma conversa específica ou em um contato específico! Sendo assim não seria desativado a confirmação de leitura em todos os Contatos, somente no que fosse escolhido.",5
Travando muito,1
"Olha eu amo o WhatsApp, mas poderia aumentar o compartilhamento em vez de 5 pessoas podia coloca 500 eu trabalho com o WhatsApp é isso poderia ajudar muito já que o WhatsApp empresa não dá muito certo no ios e tmb pq eu tenho mais de 10 mil Contatos",5
"Depois da ultima atualização do iPhone, ele fica fechando toda hora pedindo pra reiniciar. 
Poderiam verificar por gentileza 🙏🏾",3
"Precisamos urgente da função entre escolher receber ligação ou não, precisa ter uma função pra desabilitar. O usuário necessita disso.",5
"E um aplicativo muito bom , porém se você tiver qualquer problema não conte com o suporte para auxílio , estou desde segunda feira sem acesso ao meus Contatos , e não foi liberado eu tive minha conta clonada. E a penalidade è minha vou ter que comprar I’m novo chip . 

Sem contar que todas as informações foram perdidas se sem acesso sendo que sou uma pessoa digna . 

Inadmissível você não ter suporte ! 
Então se puderem não use mais este tipo de aplicativo porque eu nunca acreditei que isso realmente aconteceu e de fato . Estou a 4 dias sem acesso e sem suporte nenhum .",1
"O App é ótimo. Há pouco tempo, havia sido liberada transcrição de áudio, me ajuda demais já que sou surda. Agora tiraram a função e estou sem poder responder aos áudios novamente. Preciso dessa função no App asap 😢",4
"meu whatsapp está travando após atualização. Também após a mesma, criou comunidades que englobam alguns grupos e depois disso não consigo retirar, deviam criar a opção de remover da comunidade.",1
Não estão chegando as notificações de mensagens,4
Eu não tô recebendo chamadas via WhatsApp só vendo a ligação quando eu entro no aplicativo e as configurações estão tudo certo à internet também começou essa coisas depois das ultimas atualizações 🤦🏽‍♂️🤦🏽‍♂️🤦🏽‍♂️,1
"Na Barra de pesquisa pra achar um determinado contato, quando clico no contato da pessoa procurará o App simplesmente Trava e eu não consigo fazer mais nada. E isso acontece somente com 1 contato. Todos os outros n acontece isso.",4
"Nesta última atualização meu whats no
iphone começou a apresentar travamento ao selecionar uma conversa e digitar no teclado.",2
Bem que vocês poderiam lançar uma atualização que mostra se a pessoa tem o seu contato salvo ou não. Fica a sugestão,3
"Lembrete de aniversário e agenda do dia a dia igual o facebook, uma ótima sugestão tipo com agenda do dia a dia",5
"Melhor que isso, impossível!!!",5
"Em chamadas se não tiver cuidado e tocar em alguma das chamadas arquivaras já está efetuando uma nova ligação, é muito chato isso, ligar acidentalmente, espero que resolvam essa falha e por nada por está contribuindo para melhorar a plataforma, o setor de teste deveria fazer melhor o trabalho deles.",3
"Ficou horrível pra conseguir ir até as salvas fica rolando infinitamente, e você clica no pacote e não vai só faz descer um pouco isso aí ficou ruim demais, antes era melhor lado a lado",2
"Desde a ultima atualização, preciso abrir o WhatsApp pra receber as mensagens, aí chegam as mensagens e as notificações, quando as notificações deveriam chegar no momento que a pessoa me envia. Não é o caso de notificação desativada, pois não está, é da atualização. Já conferi com outros usuários de iOS amigos e todos estão assim.",1
"Tenho iPhone 12, sistema 16.6 e aplicativo do WhatsApp atualizado e não está aparecendo a opção de Transcrição de mensagens de voz, para mim.",1
Já atualizei duas vezes e não aparece  no iPhone 14 a opção de transição de áudio e também a nova função de vídeo áudio! Estou desapontada ☹️,2
"Toda atualização fica pior a questão das figurinhas, tava bom aí atualiza e fica horrível achar as figurinhas novas e criadas!",1
"Pelo amor de Deus tira esse botão de pagamento do lado do botao de foto e gravação, não é algo que usa com frequência, só atrapalha, deixa ele la no + galera",4
"Percebi que nem todos celulares funcionava a função de transcrever o áudio. Melhor função de todas!!! Odiava ouvir áudios, com a função eu bastava ler kkkk quando foi essa semana sumiu a função, gostaria que voltasse. É muito útil",5
"Poderia ter como editar a mensagens já enviadas, e quando apagar mensagem não aparecer que foi apagada, seria muito bom tudo isso, pois já tem app que faz isso, só o WhatsApp que não tem, e também ter um jeito de colocar o horário dia que quero enviar a mensagem pra alguém pra não ficar precisando lembrar de escrever na hora e no dia certo, isso ajudaria bastante nossa vida e na utilização do app. Por que não ta dando pra fazer ligação pra outro país dentro do app??",2
"Esse novo layout de figurinhas ta muito estranho e confuso, o antigo era muito melhor... e o WhatsApp está demorando muito pra notificar mensagens e chamadas, direto eu estou perdendo ligações importantes pq não toca (não é só o meu, o de um amigo está a mesma coisa).",2
"App travando entra sozinho em conversas não desejáveis , não envia áudio segurando no microfone quando consegue aparece falha",5
"Ontem passei por uma experiência infeliz
Quis apagar uma mensagem que mandei, e por
Uma função que nunca havia visto e sem ter o alerta ( confirma exclusão de todo histórico)
Apaguei anos de histórico com um contato próximo.",1
"Atualizei e não consigo usar no dados móveis não abre o WhatsApp 
Só abre no Wi-Fi 
O que acontecendo ?",2
Atualizei a ultima atualização e quando abri o aplicativo n conseguia mais colocar a descrição! Isso é muito ruim,1
"Após atualização do IOS, não ta notificando mais na tela as mensagens! 24/07/2023",1
Não aparece a opção para postar status,1
"Não dá pra fazer ligação, não dá pra mandar áudio, aplicativo travando, depois da atualização ficou horrível",1
"não sei se é só comigo, mas no meu iphone 13 o whatsapp não funciona direito, o áudio trava, o app fecha sozinho  além de travar o teclado",1
"Toda vez que abro o app com os dados móveis o app não abre fecha sozinho . Só funciona no Wi-Fi o WhatsApp, nos dados móveis funciona tudo normal menos ó WhatsApp",5
"Não consigo mais abrir o WhatsApp pelo 4G , ele simplesmente fecha , por favor disponibilizar nova atualização 😩",1
Quando teremos a opção de bloquear ligações????,1
Depois da última atualização o aplicativo nem abre mais,1
"Desde a última atualização, ao copiar um link para enviá-lo em uma mensagem, ele fecha automaticamente.",3
"Está travando depois da ultima atualização 
Mando uma msg e o app fecha do nada",5
"O whats depois das ultimas atualizaçoes qdo tento carrega elw abre a tela com logo e depois fecha, nao carrega, já desinstalei e instalei, formatei o celular e nada de melhora… socorro, ja perdi duas vezes coisas do trabalho por causa disso!",1
"Na última atualização do dia 13/08/23, meu celular não acessa mais o WhatsApp, só apareceu o logo e fecha, tenho que ficar reiniciando umas 5 x para ler algumas mensagens e aí começa tudo de novo",1
O aplicativo está com um problema que não é só comigo também com outras pessoas que eu tento entrar e ele fica com uma tela preta e desaparece oque eu faço?,3
Aplicativo fecha ao tentar enviar mensagem..,1
O aplicativo não abre no iPhone . Clica para abrir e o WhatsApp fica travado sem abrir as conversas.,1
"Estou dando só uma estrelinha porque o app não entra, e só pega com o Wi-Fi estou usando o iPhone 6 e tava pegando normal até essa atualização, assim que atualizei não pegou mais, espero que possam resolver meu problema por favor.",1
Depois dessa ultima atualização so abre quando usando wifi quando uso internet do chip não abre  iPhone 6,1
"Tenho um grupo onde eu sou a única participante e não consigo enviar mensagens desde ontem (domingo) quando clico em enviar o app fecha e a mensagem não é enviada, só funciona quando eu adiciono alguém ao grupo, porém sempre tive essa funcionalidade.",1
"Ao apagar algumas mensagens de grupos de WhatsApp o mesmo bugou e não abre mais, não achei uma forma de resolver!!",3
"Não sei porque, mas, o meu WhatsApp não está abrindo quando conectado no 4G, ele abre e fecha. Já conectado no Wi-Fi, ele permanece sem problema algum.",1
"Não está pegando mais no meu iPhone depois da atualização de hoje, iOS 12.5.7 iPhone 6, gostaria que resolvessem o meu problema.",1
"Venho informar q depois q atualizei meu Whatsap ontem, ele não abre mais pq?",1
"App simplesmente não abre com os dados do celular ativado , já tentei de tudo , nada funciona.",2
"Com a última atualização, não está sendo possível enviar links. O app fecha e a msg do link fica como não enviada, espero que resolvam logo",1
"Desde a última atualização meu app parou de funcionar com o uso de dados móveis, só funciona quando estou conectada com rede de Wi-Fi. Eu preciso utilizar na rua, no trabalho para me comunicar com meus familiares se eu não tiver Wi-Fi o app não abre de nenhum jeito. Por favor corrijam esse bug, é muito estranho tentar abrir o app em dados móveis e não abrir mas ligando o Wi-Fi o app abre normal. Quando tento abrir com dados móveis o bug é ficar encerrando o app, tento abrir e encerra.",5
"Sem mencionar o erro de que ao “passear” pelas figurinhas o app fecha sem motivo algum e não ter o modo escuro para os usuários do iOS 12 e antecessores, agora, após a última atualização, ele só abre quando estava conectado ao Wifi. Pois quando está pelos dados móveis ele simplesmente fecha, um absurdo!!!",1
"Please fix this bug. I updated my iPhone 6, reset it, deleted some apps do that my phone has more memory space, but the app is still crashing when I try to open. I have clients to answer.",1
O aplicativo fecha quando eu aperto para enviar. Tudo parado e eu preciso deleeeee,1
"Ontem atualizei o wpp e até agora estava funcionando normalmente. Do nada ele não para aberto e quando entra por 1 segundo, fica tela preta. 
Já reiniciei o celular, atualizei software e nada.. 
podem me ajudar??
Pois o restante dos apps estão rodando normalmente!",5
"Mensagens arquivadas deveriam ficar escondidas para o iPhone, e não no topo de todas as conversas. E a função de ocultar até mesmo o “on-line” não está disponível para todos.",1
Depois da ultima atualização o App não abre com os dados móveis mais.,2
"Após a atualização ele o WhatsApp simplesmente fecha sozinho após 5 min dentro do app e após tentar mandar uma mensagem em um grupo onde só tem eu participando.
A cada atualização piorando mais e mais.👎👎👎👎",1
"Meu WhatsApp parou funcionar. Quando eu entro com o Wi-Fi ou 3G ele fecha automaticamente na hora. Mas quando os dados móveis ou Wi-Fi estão desligados consigo ver as mensagem, mas não consigo responder. Isso tudo aconteceu depois da última atualização WhatsApp.

Por favor, normalizem isso sem que eu tenha que desinstalar, pois tem coisas importantes salvas no WhatsApp. Desde já agradeço!",1
Estou criando um grupo cmg msm e está dando errado ☺️,1
Meu Whatsapp parou de funcionar depois dessa nova atualização.. o que tá acontecendo por favor arrumem dependo do meu Whast,1
"Depois da atualização tá fechando o WhatsApp sozinho, arruma isso aí galera",5
"Depois da ultima atualização meu iPhone não deixa mais eu mandar mensagem em um grupo que só eu estou nele, quando eu envio ele sai do WhatsApp e a mensagem não envia como se fosse problema de conexão!!!!

Me ajudem",1
"Estou tendo problemas a mais de um mês, já reinstalei, já apaguei arquivos, app está atualizado. Fecha sozinho o tempo todo e trava com frequência.",3
"Não sei pq fui inventar de atualizar... péssimo! App fecha sozinho toda hora, resolvam isso, pfvr!",1
Atualizei duas vezes e não consigo mais excluir ou selecionar pessoas para ver meus status. Ele da falha e fecha o WhatsApp quando tento fazer isso. Tanta atualização e tantos erros.,1
"Depois de me obrigarem a atualizar, não consigo responder mensagem nos grupos, envio mensagem e não envia, da erro e não carrega",1
Está saindo sozinho do app quando estou usando os dados móveis,1
Essa última atualização fico travando no iPhone 6,1
"Depois da última atualização, não consigo mandar figurinhas. Atualizei o app de stickers e tudo mais, mas contiua o problema: automaticamente sai do app WhatsApp, e quando volto para checar a conversa, o sticker está com status ""Fail"".",3
"Depois dessa última atualização, o aplicativo não abre!",5
"eles não notificam quando chamadas acontecem, somente quando você entra no App que aparece que um monte de gente te ligou. Aliás, deveriam aprimorar o recurso de denúncias dos números de empresas que ficam mandando spam toda hora.",3
"Meu telefone é o iPhone 11 e ainda não tem a atualização que traduz o áudio, ridículos. 🙄",1
Depois da nova atualização não estou conseguindo encaminhar arquivos para outros Contatos.,1
Deviam poder colocar vídeo de status com 1 minuto ou mais!,5
"Horrível, não tá entrando no meu iPhone e fica travando direto",2
"Nao esta abrindo o aplicativo se estiver usando pacote de dados, whatsapp esta abrindo somente no wifi depois dessa ultima atualiZacao de hoje, o que faco?",1
Volta a versão anterior .. essa nova está horrível,1
O app está dando crash quando se tenta usá-lo em 4g. No wifi está normal,1
This app not working satisfactorily,5
"ios 16.5.1
Whatsapp beta 
Inicio do problema: 11-Jul-2023",4
"Após a atualização estou com problemas nas ligações, simplesmente não toca e depois só chega a notificação que eu perdi a chamada. Quando dou sorte de tocar a ligação e atendo, o app buga e fecha a ligação.",1
"Quando você adicionar alguém no WhatsApp ele não aparece no seus contatos do WhatsApp você entra em contato com suporte ele simplesmente fala que seu WhatsApp não é oficial e sair da conversa 
Como não é oficial se foi baixado pela Apple Store ? vou acabar indo pro Telegram",1
"O meu direto aparece bug ao escutar os áudios, isso quando não tem que fechar o app e abrir novamente.",2
A nova navegação dos stickers ficou péssima,3
Só chega mensagem quando  entro no app,2
"A ultima atualização ficou horrivel para achar as figurinhas, clico nos pacotes q tenho e vai para outro lugar!",1
"Não consigo clicar no pacote de figurinhas, pois ao clicar aparece a lista de favoritas e nao as que eu salvei no app. Arrumem isso pfv! Acredito que seja um bug",3
…,2
"Aba figurinhas horrível, não se mexe no que já estava bom.

Selecionar fotos agora é um estresse desnecessário, pra que inverter o álbum de fotos???

Atualização pra descomplicar ou complicar ainda mais???",1
Poderiam incluir uma separação das figurinhas por pastas personalizadas. Está ficando difícil achar as figurinhas para cada situação. Mandar uma figurinha errada pode ser perigoso. Kkkkk,5
"A nova organização das figurinhas em vertical tá PÉSSIMO, confuso e cheio de bug
 arrumem",3
"Quero a aba de figurinhas do jeito que estava antes! Desse jeito ficou péssimo!! E os horários do status até postam podiam aparecer por horários no iPhone e não por minutos, horas, etc",3
"As mensagens não caem e não chegam.
Preciso entrar ou abrir o app para chegar as mensagens, aí quando vou ver já tem um monte de conversas de um monte de pessoas e grupos que eu perdi e que já haviam sido enviadas a muito tempo e não chegaram, só aparecem quando eu abro o WhatsApp.
Péssimo, eu sofro muito por isso, tenho que ficar toda hora clicando no aplicativo pra não perder mensagens.
Já desinstalei e reinstalei varias vezes e o problema se arrasta mesmo até trocando de aparelho.
Não tenho paz.",1
"Por favor! Coloquem a opção de modo claro e modo escuro sem precisar usar o sistema do celular para isso. Deis de já, obrigado!",5
Gostaria que vocês permites que o WhatsApp normal também possa colocar foto de capa assim como o Business!!!,5
"Criem por favor emojis para outros tipos de vinhos! Só tem tinto! Kkkkk 
Precisamos de tacinhas de outros estilos, rosé, branco!",5
iPhone 13 encontra com muita instabilidade no WhatsApp muitas pessoas não conseguem receber ligação eu estou passando por esse problema é só recebo ligação se eu estiver dentro do aplicativo,1
"O app não está notificando as mensagens recebidas, no demais tudo normal",1
"Após ultima atualização no IPhone o WhatsApp começou apresentar instabilidade 
Ao utilizar o WhatsApp não consigo digitar ou gravar áudio mais que 15 segundos pois o aplicativo fecha sozinho!
Gostaria de uma orientação para resolver este problema 
Já desinstalei e reinstalei o aplicativo, fiz backup e resetei o aparelho e quando retornei a instalação via iCloud o problema persistiu!",5
Perfeito até a última atualização! Pelo amor de Deus o que fizeram com as figurinhas? Péssimo gente 🥲,1
"Impossível usar. IOS atualizado, iPhone XR. App fecha sozinho do nada ao usar. Seja texto, áudio, ligacao. Fecha e abre sozinho depois do nada. Corrijam por favor. Obrigado",1
"Tiraram o emoji do Finn, n gostei. Achei desumano!!!!! 🗣🗣🗣",1
"Para de mandar msg é ótimo, mas péssimo nas funções, principalmente por que não tem como desativar as ligações pelo aplicativo.",2
com eu tiro essa última atualização pelo amor do cristo ta horrível,4
"Ícones muito pequenos, as figurinhas favoritas mudaram de lugar as fotos estão invertidas, difícil de localizar, péssimo",2
"O novo layout das figurinhas não ficou bom. Se perde muito tempo pra achar o que se deseja. 
Se possível, melhorar isso, ou voltar ao que estava antes.",1
"Pessoal, pelo amor de Deus, voltem com o modelo antigo da página de figurinhas, nunca pedi nada.",2
"O meu aplicativo enlouqueceu. Não abre mais os áudios, ou grava áudio, parou a ligação. E não é defeito no celular.",2
"A meses não estou recebendo notificação das mensagens e ligações que eu recebo, já fiz de tudo para tentar arrumar e nada adiantou.",1
"Bom até agora está tudo ok em relação a privacidade da conta e do número da pessoa.  novas funções como se fosse uma rede social não é bom, pq conta que pessoas indesejáveis podem mandar msg sem eu dar meu numero a pessoa.",5
"Ótimo App,porém deixa a desejar na parte de status onde se perde toda qualidade de fotos e vídeos!
Seria muito se pudessem resolver esse problema,não aguento mais perder a qualidade dos meus e fotos nós status",3
Para tirar figurinhas salvas como favoritas é preciso tirar uma por uma. Demora muito,5
Ficou péssima essa atualização mostrando todos os números que já foram salvos em meu aparelho. Espero que removam isso o mais rápido possivel.,1
"Poderia ter uma opção de enviar imagens e vídeos em alta resolução, porque não adianta nada ter um iPhone top de linha e no final a imagem sair igual de um moto g. 😒💁🏽‍♂️🤷🏽‍♂️",5
"Que o que tem o WhatsApp que não tem um vídeo enviado que não perda toda a qualidade do vídeo, fica todo embaçado. Isso acontece tanto para os vídeos gravados pelo mesmo aplicativo, como pelos vídeos enviados desde a galeria. Não dá para enviar um vídeo por WhatsApp. Horrível 😤😤 Tive que enviar os vídeos pelo telegram porque por lá na perde qualidade.",1
Está horrível para gravar áudio. Tenho que apertar quase umas 5 vezes para conseguir gravar um áudio,1
"Acho que seria ótimo se pudéssemos criar pastas para os contratos, como por exemplo: “grupos trabalho/escola”, “família”, “amigos” etc onde podemos fixar contatos dentro do grupo e fora, sendo que os contatos fixados no grupo não sejam fixados na área geral e vice-versa. Ter como arquivar pastas também, ficaria tudo em um só lugar para quem precisa de ser mais organizado",5
Podia colocar a cor preta nos status quando se escreve e também mudar pra 1 minuto os status mds que coisa atrasada 30 segundos não dá pra nada,4
"Tenho um iPhone 14PRO, há exatos 30 dias venho sofrendo com o WhatsApp.
Ele trava sozinho (antes, a cada 5min). Fecho ele e abro novamente para recomeçar as ações. Agora, isso está durando segundos e não tenho tempo hábil de fazer mais nada. Só funciona no web. 

Já apaguei, reinstalei, restaurei o celular. NADA FUNCIONA.",1
"Não gostei da atualização, onde aparece outros Contatos que não seria necessário, por ser tão pessoal nosso número, é um método de enviar mensagem e receber apenas para pessoas próximas….não gostei",3
"Tá pra criar algo tão ruim quanto essa aba de outros contatos. Se eu apaguei o contato por que  eu iria querer  ele de novo? Aliás, é pior, porque aparece um monte de número que eu nem conheço. Simplesmente desnecessário. Tentam inovar criando coisas novas ao lugar de aperfeiçoar o que já tem… Horrível.",1
"Desde a atualização do iOS 16.5, meu iphone SE (segunda geração), não recebe notificação de mensagem quando o aplicativo esta fechado. Antes eu sempre recebia as notificações normalmente.",1
"Após atualização do app, Quando tento pesquisar Contatos, aparecem infinitos números que não estão na minha agenda ! Ridículo, falta de privacidade total, será que meu número de telefone está aparecendo na lista de pesquisa de outra pessoa? Isso facilita ainda mais golpes! Desabilitem URGENTE essa funcionalidade",1
"Olá, queridos!

Meu iPhone XR iOS 16.5 não tem a função de transcrição de áudio, enquanto um iPhone 11 com o mesmo iOS tem. Poderiam me explicar o porque?

Gostaria também de pedir colocassem a opção de editar mensagens de texto já enviadas, seria muito bom!",4
"WhatsApp detestei essa atualização que aparece pessoas que eu nunca vi na vida quando digito um nome pelo amor de Deus essa função deveria ser opcional, ajuda né WhatsApp",1
WhatsApp has been showing deleted contacts and unknow contacts. Fixe it!,1
"Audio fica travando direto, ou para do nada , ta chato isso",3
"Fiz a passagem do conteúdo de um celular para outro. Todas as mensagens de whatsapp sumiram! Escrevi para o whatsapp, nenhuma resposta até agora. 6 dias já. Conteúdo importantíssimo pessoal e de trabalho estava no app. E agora?????",2
Transcrição de áudio,2
"Não aparece a opção de conectar o WhatsApp no iphone como um segundo dispositivo, apesar de estar atualizado .",5
"Eu espero que o WhatsApp coloca como não poder tirar print de conversas pois muita gente faz isso tirar print da conversa e manda pra outra pessoa isso em vez de privacidade é crime e não pode fazer isso espero que arrumem e coloque em como não poder tirar print ou fotos de uma conversa.
Pois muitas vezes as pessoas tiram fotos e print de assuntos que são pessoais.
E E também outro assunto que quero falar é que encaminhar as mensagens eu acho que isso não é muito bom que deveria pelo menos WhatsApp mandar uma mensagem um SMS para pessoa perguntando se ela autoriza a pessoa encaminhar a mensagem que ela mandou.
Pois como falei isso pode ser pessoal e a pessoa não queria que outras pessoas saibam.
Eu espero muito que isso melhore e que na próxima atualização WhatsApp inclua isso muito obrigado e cinco estrelas no WhatsApp.!
⭐️⭐️⭐️⭐️⭐️
Eu escrevi as estrelas pois não consigo avaliar 
😢",5
"Simplesmente desde a ultima atualização conforme se busca nomes ou palavras no WhatsApp aparece inúmeros Contatos desconhecidos e que não estão salvos no meu celular. Acho o cúmulo isso, acabou com a privacidade de quem não quer passar o contato para todas as pessoas.",1
"Depois da última atualização, simplesmente, parou de enviar notificações",1
Não consigo fazer com que apareça na tela bloqueada as notificações de maneira alguma .,1
Não está aparecendo o teclado pra digitar! Está falhando,1
"Tentei fazer o backup das msgs do WhatsApp, expandi o armazenamento do iCloud. Porém, durante o backup para restauração das msgs o próprio backup ficou estagnado em 7%. Gostaria de uma solução para esse caso, e um
Posicionamento da empresa.",1
Bom dia depois da nova atualização estou tendo problemas em receber as mensagens só recebo quando abro o WhatsApp,1
"Ta péssimo,tenho que reiniciar meu celular várias vezes pq não grava os áudios,as mensagens de visualizações unicas nunca chegam vive travando quando vou ouvir áudio a tela fica preta arrumem isso",3
"Está aparecendo vários contatos cujos quais já foram apagados, além de estar travando muito, favor resolver.",1
"Essa ultima atualização que busca Contatos fora da agenda está horrível, muitas pessoas que não conhecemos chamando, mandando mensagem. Tá um lixo.

This last update that searches for Contacts out of the agenda is horrible, many people we don't know calling, sending messages. It's rubbish.",1
"Desde que atualizei para a ultima versão disponível, quando eu pesquiso o nome de alguém para mandar mensagem, aparece muitos e muitos contatos que não tenho salvo e eu nao quero isso. Se eu nao tenho salvo, é justamente para não aparecer.",1
"Travando direto, corta uma parte da tela e a outra fica preta. Tem que fechar o app e abrir novamente",1
"Daria por gentileza para desenvolver uma chave / botão que pudéssemos ativar com o intuito de bloquear mensagens, vídeo chamadas e áudio chamadas de Contatos desconhecidos, aqueles Contatos que não estão na nossa agenda telefônica, que tenha os mesmos princípios e/ou fundamentos existentes no iPhone para ignorar chamadas de números desconhecidos.",1
"Nao estou conseguindo atualizar o app, o app pede atualização mas nao atualiza",5
"ta um lixo esse aplicativo, n da p ver as figurinha q trava e fecha, quando coloca um audio e vai mexer fica td travado tb, ou whats ou o iphone 13 sao podre ✌️✌️✌️☠️",1
"Estou recebendo notificações do WhatsApp, apenas quando abro o app, ficou ruim desta forma.",1
"Toda vez que atualiza eu penso qual será o bug dessa vez?
O dessa vez e com os áudios que não pausam ou param de rodar.",3
"O meu WhatsApp está fechando toda hora , está horrível",1
"As mensagens novas só aparecem no whatsapp se eu estiver com o APP aberto. No momento q eu fecho, não recebo nenhuma, nem as notificações aparecem, nada. O q já era ruim, conseguiram piorar.

Edit: entrei em contato com o suporte dentro do app e me acusaram de usar versão modificada do App e pararam de me atender!!!!!! Td isso pq falei que o erro do whatsapp tava ligado ao assistente de notificação do iPhone, especialmente com quem tem 2 SIM card no celular(o q é plenamente plausível e nada tem a ver com versão modificada do app). PORTANTO SUPORTE PÉSSIMO NOTA ZERO DESRESPEITO COM O CONSUMIDOR BRASILEIRO",1
"A ideia da comunidade é ótimo por questão de organização, mas essa opção deveria ser ampliada para o uso pessoal. Cada usuário deveria colocar o grupo que quisesse em uma comunidade, como; grupos da faculdade, trabalho, igreja, etc.

Assim ficaria muito mais fácil de organizar conversas e grupos na categoria q desejar",5
Não consigo conectar o whatsapp no meu iPhone como whatsapp secundário. Na descrição fala que está disponível mas não está,1
"É um app bom, um dos mais utilizáveis. Mas a qualidade que fica quando posta algo ou manda p outra pessoa é absurda, é um bgl feio sem qualidade nenhuma.",3
Quando destravo o app com a senha aparece umas letras estranhas,3
Meu WhatsApp continua travandooooo Que saco arruma,1
"Enquanto o WhatsApp está em uso ele fecha sozinho! Muito desagradável! Em ligação a ligação cai também! Já atualizei o app e o iOS mas nada resolve! E não tenho uma central que nos ajude com isso! Da última vez que isso aconteceu cheguei a desinstalar o app mas esse problema voltou! Não existe um canal sequer no YouTube que mostre a solução real para isso! Francamente
Caso alguém possa nos ajudar nisso ficaremos gratos!
Moab Oliveira
Grato desde já",1
"Mais uma vez atualizei o app (final 11.76) e ao abrir o WhatsApp, aparece apenas o campo para colocar um número de telefone, sem a opção de exibir QR Code para conectar outro dispositivo. Já faz mais de 1 mês que atualizo o app e esse recurso nunca é liberado. Estou muito decepcionado. O meu telefone é um iPhone 7+ com o iOS mais recente 15.7.6",1
"So funciona se vc apagar e instalar app, fica a dica pra quem n conseguiu!!!",3
Gravo story não sai som também arrumem isso por favor está horrível cara. Péssimo! Qual vídeo que grave na câmera do WhatsApp nenhum sai som tá de palhaçada,1
E nada do mesmo WhatsApp em dois iPhones assim fica difícil,2
"A atualização 2.20.90 não está funcionando com AirPods corretamente, principalmente o microfone. Todos os outros apps estão funcionando corretamente, desde o áudio ao microfone.",3
liberem o tema escuro para o ios 12 por favor!!,4
"Boa tarde, não consigo efetuar o backup do mesmo, sendo que meu aparelho tem armazenamento.",3
"Tenho muitos dados em meu WhatsApp. Fotos demais, grupos demais, arquivos, áudios etc… Meu WhatsApp parece não estar aguentando tudo. Trava muito. Tem dia que ficou o dia inteiro sem WhatsApp e isso me prejudica pois WhatsApp é minha fonte de trabalho. Não é o telefone pois meu outros aplicativos estão perfeitos. Creio que o WhatsApp não está suportando coisas demais. Sugiro melhorias.",2
Cada vez mais diminui o tamanho dos videos.Quando inicio Video era bem maior. Agora quase zera video para pedir assinatura a quem quizer enviar. Mas lembrando que tem telegram de concorrente caso watzzap resolva sugar radicalizar,3
Voltou ao normal! Grato!,5
Porque não recebi a atualização de transcrever audio direto pra não ter que ouvir os audios? Minha namorada ja recebeu faz tempo e eu ainda nada 😭,5
"16.5 versão q esta , e mesmo assim não consigo mexe no WhatsApp! Entro chega msg e trava !!!",1
"Meu aparelho é um iPhone 12 iOS 16.5 e sempre que estou no WhatsApp navegando nas figurinhas o App simplesmente fecha sozinho, não sei o que fazer para resolver esse problema. Espero a solução vinda de vocês.",1
"Meu WhatsApp está travando toda vez que eu entro, funciona 5 segundos depois congela na tela, ai tenho que fechar e abrir de novo, ai só fica congelando.

Já desinstalei, e instalei de novo e nada de resolver, por favor me ajudem, pois preciso do wpp para trabalhar! 🥹",1
"Vocês poderiam desenvolver uma função que permita ao usuário agendar o envio de mensagens. 

Resolvo muitos problemas fora do horário comercial com o app e gostaria de deixar programadas as mensagens para serem enviadas na manhã seguinte.

De qualquer forma, parabéns pelo App.",5
"Após a ultima atualização, o WhatsApp trava após uns 5 segundos e reinicia/fecha após uns 30 segundos, já pesquisei em vários fóruns sobre, mas não consegui nenhuma solução!",1
"As mensagens WhatsApp enviada por contato salvo no celular está com Bug, a Siri fica perguntando se que ler novamente sem ter lido a mensagem.

Se for uma mensagem de contato desconhecido e em grupo o CarPlay / Siri ler tranquilo.

Falei com suporte da Apple falaram que seria bug do WhatsApp, meu celular é uma IPhone 13 Pro Max com última versão do IOS",5
A última atualização diz claramente que a nova atualização traz à possibilidade de acessar 2 wpp diferentes no iPhone. Baixe a atualização e não é possível fazer essa configuração.,1
"Toda vez que abro o App, simplesmente ele trava, só quando abri no modo avião que ele não trava, já reiniciei o iPhone, já desinstalei o App, já atualizei o iPhone é o App e nada, conto com vocês para me ajudar com isso",1
cade os novos emojis em mark????,1
"Nessa última semana o app está simplesmente travando, abro o app e não é possível movimentar a tela, clicar na mensagem nem nenhum movimento. O telefone está com 50% da memória ocupada e os outros apps funcionam normalmente. Já atualizei, apaguei e baixei novamente, mas não consigo uma solução! SOS.",2
"O WhatsApp poderia ter uma opção de sairmos de uma lista de transmissão sem ter que excluir o nome /telefone daquele que nos colocou na lista.
Vejam isto com carinho. Obrigada.",5
"Para ficar perfeito, falta uma lista no meio da conversa… funcionaria como se fosse a enquete, mas seria um campo de lista, onde os integrantes da conversa iriam escrevendo coisas… hoje precisamos ficar copiando e colando, dps acrescentando as coisas na “lista”, que é uma mensagem normal",4
Ao colocar celular no ouvido a tela fica ligada e clicando automático. Precisa fazer correção desse problema.,1
Tenho toques de notificação comprados no iTunes mas não consigo colocar eles nas configurações do App. Por favor permitam essa função,4
"Olá, estou enfrentando sérios problemas com o aplicativo, há mais ou menos 5 dias meu WhatsApp trava, a tela congela, e fica horas sem funcionar, hoje fiquei o dia inteiro… trabalho por meio dele e estou tendo diversos problemas! Já atualizei o aplicativo e não resolveu, sinceramente não sei mais o que fazer, por favor resolvam isso o mais rápido que puderem!",3
"Problemas na utilizacao com a multimidia do carro. Informa que recebe a msg, mas quando pede para ler/ouvir a mensagem nao escuta nada. É como se nao tivesse mensagem e ai da fala o que vc gostaria de responder…

Testei em duas multimidias de carros diferentes e o problema é o mesmo.",1
"Recurso de proteger conversas com senha até agora não foi disponibilizado.
E já fiz todas as atualizações",1
Meu backup não foi restaurado no celular novo,1
"Deletrearam dois números meus, por causa de mensagem, um que tinha a mais de 10 anos e o outro que apenas fiz para manter o contato com meus amigos., antes de vcs bloquearam os números, deveriam se informar se é a pessoa ou não, que nem o Instagram faz… descaso total… não respondem seu e-mail… sinceramente são patéticos ao extremo… infelizmente necessito para o trabalho, família e amigos, mas se dependesse de mim, já tinha deletado esse lixo de aplicativo que me fez deletar DOIS números pessoas meus… não consigo recuperar as mensagens antigas, não consigo entrar em nada.. SIMPLESMENTE UM DESCASO E UM LIXO DE APLICATIVO….",1
"Chega a ser patetico esse aplicativo continuar essa podridao com problemas tao simples e os krl desde o seu lancamento..

Eu nunca vi um envio de video tao podre igual de todas as plataformas do META, chega a ser pirraça deles nao contratar alguem q nao sabe dar suporte a formatos multimedia

Sem contar O BUG q é postar um video ou editar e cortar ele, eu acho otima essa ferramenta, simples e pratica, mas acharia melhor SE ELA PELO MENOS FUNCIONASSE, td santa hora o audio fica o mesmo do video original e diferenciado do recorte, ou o recorte buga, enfim, cada hora uma novidade ne kkj

Tem mais um milhao de problemas, mas n sei como.. COMO ainda existe esses bugs simples e antigos, já reportei, e ja vi varios reclamando.. bizarro o qto eles ligam pra concorrência 

Mas isso é coisa de Brasileiro ne, gosta de sofrer.. tem outros bem melhores q esse, mas nos ta aqi ne.. 🥲",2
Apos a ultima atualização meu celular nao abre mais o whatsapp. Abre uma tela preta. Utilizo iphone x completamente funcional. Melhorem,1
O WhatsApp simplesmente não está permitindo que eu envie áudio e quando ele permite o áudio vai mudo e é só no WhatsApp,1
"Para minha conta este nova versão esta travando no meu celular, não consigo mais usar, somente via Web. Estou no aguardo do retorno do suporte do App",1
As fotos feitas de perto através do app não focam de jeito nenhum no iPhone 14 pro Max.,4
Minha linha está travando no Whastapp… já instalei minha linha sem nenhuma mídia e continua travando e já passei e-mail ao suporte e até agora nada faz 2 dias que estou com o problema,1
Sobre a edição das mensagens ainda não vi que ficou disponível. Vídeos na internet já está falando que pode ser editado e mensagem que foi enviado clicando e segurando e indo em editar. Favor disponibilizar para os usuários!,3
"Meu WhatsApp travou da noite para o dia! Simplesmente não funciona mais, já tentei inúmeros procedimentos para estabilizar. O app não funciona, assim que eu entro ele trava. :(",1
Fica atrasando os videos no status quando postamos,3
"Tenho Ios 16 e meu WhatsApp está travando completamente a mais de um mês. Simplesmente não consigo acessá-lo e estou desesperada porque essa atualização nova não adiantou nada. Já tentei entrar em contato com o suporte do whatsaap mas o suporte de vocês é horrível e nem a Apple conseguiu me ajudar. Por favor, corrijam esse bug",1
"Mesmo depois de várias reclamações que fiz o suporte me aconselhou a entrar nas configurações do aplicativo e acessar a função “fale conosco”! Daí faço a pergunta (mais uma vez): como acessar as configurações do aplicativo se o mesmo trava em 3 segundos???

Diante desta pseudo resposta, vi que o aplicativo não se importa com nenhum dos seus usuários, visto que me mandaram uma resposta automática e nem leram a minha reclamação, pois me pediram pra fazer justamente oq não estou conseguindo fazer a mais de 20 dias!!!",1
"Apos a atualização do dia 31/05 pra iOS esta travando absurdamente, meu celular ja esta atualizado com o ios 16.6 e antes dessa última atualização estava maravilhoso. Mas agora? PESSIMO, travando demais!",2
"Tenho um iPhone 12 Pro e depois da ultima atualização não consigo usar mais o app. Eu abro e ele trava 5 segundos depois impedindo qualquer tipo de ação. Não há aviso de erro nem nada. Já desinstalei, instalei, restaurei meu iPhone para a versão de fábrica e mesmo assim nada, preciso muito de ajuda.",1
"Está travando tudo, por favor resolvam",1
"Meu WhatsApp está congelando a tela quando digito por alguns segundos e minimiza sozinho, até quando vai ficar assim? É um saco!
IOS 16.5",1
"Versão IOS 16.5 - Aplicativo apresentando lentidão para baixar novas mensagens.

Após abrir o aplicativo, em 03 segundos ele trava.

Como proceder?",1
"Depois das ultimas atualizações de IOS ou do próprio WhatsApp ficou travando, lento, cheio de leg, rolagem travando, das notificações até abrir app com leg, etc…",2
"Tenho um iPhone 13 e estou tendo problemas imensos com bugs. As mensagens não carregam, não consigo navegar pelo aplicativo, quando desço o histórico de conversas o app fecha, não consigo enviar mensagens e nem procurar contatos. Já reiniciei o celular, já desinstalei e instalei de novo o aplicativo e o problema persiste.",1
"Estou com problema de travamento constante no meu aplicativo 

Aplicativo WhatsApp atualizado 

iOS atualizado 16.5

iPhone 14 pro Max 

Não estou conseguindo usar o aplicativo 

Peço ajuda",1
Eu não consigo mexer em nada do WhatsApp. Assim q eu abro o aplicativo é já congela e fica impossível mexer.,1
"Tenho memória suficiente mas o app não permite abrir as mensagens. Está congelado. Já desliguei o aparelho, reiniciei o app e nada. Não consigo usar. Completamente travado!",1
"abro o aplicativo , passa 3 segundos dele aberto , ele trava nas conversas e o pitch não funciona , fecho abro novamente e o mesmo acontece , estou a horas tentando resolver e nada funciona",1
"Preciso de uma solução urgente, meu WhatsApp está travando a dias, já fiz de tudo e continua travado, preciso de uma solução.. pois trabalho com o WhatsApp e preciso dele para me comunicar",1
"por favor, revisem esse erro no sistema, está me incomodando muito, e não está acontecendo só comigo, pelo amor de Deus, isso está me deixando louca, eu não consigo mexer no wpp sem ele travar cara",1
Tenho um iPhone 14 e o sensor do áudio não desliga a tela ao iniciar um áudio e quando entro numa conversa o teclado demora uns 3 segundos pra aparecer. Realizei os testes em aplicados próprios da Apple e não apresentam erros. Apenas WhatsApp com esse bug.,5
"A App simplesmente cheio de bugs no iOS, estou usando a última versão disponível no IOS com o iPhone 14 pro, o App fica com tela preta na cvs fecha o teclado, os áudios as vezes só saem no fone superior, quando coloca no ouvido pra ouvir as vezes ele fica com a tela toda preta tento que fechar o App. 

Em resumo um aplicativo sem dúvidas indispensável nos dias de hoje, mas está muito carregado de bugs e pra quem usa no trabalho como é meu caso, causa muitos transtornos por conta do mal funcionamento.",5
"Ao levar o aparelho ao ouvido para uma chamada ou escutar um áudio a tela continua apagada após vários segundos (30, 40 segundos, até minutos) depois de finalizar o áudio ou a ligação. Não adianta apertar nenhum botão. O celular simplesmente fica inutilizável. Isso não acontece numa ligação do FaceTime ou ligação via operadora.",1
Apagaram meu backup após eu ativar a criptografia de ponta a ponta. Não dão nenhum suporte. Apenas mensagens automáticas.,1
"o aplicativo parou de funcionar (iphone 14, ios 16.0.2). assim que entro, ele congela e para de funcionar. nao recebo notificações e nem atualizações de mensagens.",1
"Não sei mais o que fazer, só funciona quando desligo a internet, com ela ligada, assim que abro o what, em poucos segundos ele trava",1
"Até o momento a função de conectar 2 ou mais aparelhos ao mesmo tempo não está disponível para colocar o iPhone como aparelho adicional. A atualização promete isso, explica como fazer, mas na prática não existe essa opção.",3
Função editar mensagem enviada não aparece mesmo com WhatsApp atualizado.,3
"Pouca variedade de toques padrão de notificação de mensagens do WhatsApp. Não tem como por toques e sons diretamente baixados no ITunes. Nas configuracnormais conseguimos por personalizado sons e músicas baixadas e pagas no iTunes. Não sincroniza com o WhatsApp, que possui somente toques muito chatos. Seria uma excelente atualização essa possibilidades.",3
"Tanto o Wpp quanto outros aplicativos do grupo META (Insta, Face, Messenger e o próprio wpp) simplesmente não notificada nada, somente abrindo o app, já fiz de tudo já resetei o celular e não resolveu. outros aplicativos como o Snap por exemplo, iFood, notifica normal, então o problema não é meu celular. E o da minha irmã está a mesma coisa, ambos iPhone, atualizado sempre para as últimas versões, corrigem por favor, já faz meses.",1
"Desde a última atualização, não recebo mais nenhuma notificação. Já alterei as definições de notificação tanto nas configurações do celular quanto no aplicativo, reiniciei o celular e permaneço sem receber notificação. 
Liberem uma atualização do aplicativo consertando o erro…",2
"o aplicativo está na versão atualizada e não está notificando quando eu recebo mensagens, com mais 2 pessoas estão acontecendo isso!! WhatsApp por favor resolva isso",5
"Meu whatsapp ao entar, trava em segundos e não é mais possível mexer e o suporte não tem nenhum auxílio de quando isso acontece",1
"Diversas vezes quando estou tentando enviar áudio ó App não funciona, só volta a funcionar quando fecho por completo e abro novamente",2
"Boa tarde , hoje meu iPhone 11 Pro Max ao clicar para enviar mensagem de voz diz para reiniciar telefone , já fiz 03 vezes e nada verifiquem esse bug , vi na internet vários relatos já .",1
"Não consigo mandar áudio , os áudios estão dando uma pausa na hora de ouvir",1
"Quando vou usar o teclado na teclas que sao número o WhatsApp trava durante um tempo e depois digita. 

Isso atrapalha bastante meu trabalho, já que as vezes preciso compartilhar algo.

OBS: meu celular tem bastante espaço livre, já deletei o app e reinstalei, fiz de tudo.",1
"Troquei de iPhone, na hora de configurar o WhatsApp no celular novo, ele simplesmente ignorou o backup existente. Quando iniciei, ele criou um backup e salvou no lugar. Com isso perdi mais de 10 anos de conversas e arquivos. Moral da história, perdi tudo e o aplicativo não tem um suporte para me ajudar a solucionar o problema. Apenas respostas aleatórias por e-mail.",2
Desde a última atualização do iOS eu não recebo mais notificações do WhatsApp é isso é muito estressante!,3
A atualização de transcrever mensagem de voz aparentemente chegou pra todo mundo menos pra mim,4
Por favor eu preciso organizar os stickers por categoria.  deem essa opção para nós obrigada,5
"Estou com problema no status, pois todos os status aparece postado agora mesmo, sendo que já faz horas que já foi postado … por favor corrige esse erro que avalio novamente !",2
"É um app ótimo , mas só acho que deveria ter uma atualização pra gente organizar as figurinhas na hora de responder uma mensagem, hj ngm fica sem figurinhas e as vezes a gente passa meia hora procurando uma figurinha pra responder, pfff façam essa atualização ❤️❤️❤️",4
"Toda vez que vou reclassificar quem pode ver meus status, não abre ao clicar e trava o whatsApp me fazendo ter que sair do whatsApp e abrir novamente para usa-lo. Gostaria de resolver este problema. Pois não consigo redefinir as pessoas que veem meus status e quando clino na opção tudo trava. Meu aparelho celular é iphone 11.
Desde já agradeço!!!",5
"Não estou conseguindo mudar o compartilhamento dos meus status de “meus Contatos” para “meus Contatos, exceto”. Não consigo selecionar a opção e usando clico, a tela congela e tenho que fechar o App.",1
Após as atualizações mandar áudio se tornou uma tarefa difícil 🤦🏻‍♂️,2
"meu whatsapp está travando muito
não consigo mudar as configurações do meu status, toda vez que mudo meu celular trava todinho e preciso reiniciar o app",1
"Desde a última atualização,não consigo mudar a privacidade dos meus status …",2
não consigo mudar as configurações dos status,1
"Mandar mensagens de áudio é uma dor de cabeça, pois, falha demais, a ponto de ter que fechar o app para voltar ao normal, pensei que era só o meu assim, mas, de 2 amigos é a mesma coisa, revejam isso pfv!",1
"Essa ultima atualização está travando muito, principalmente quando vc tenta editar quem pode ver seus Status. Quando vc tenta editar os contatos que você quer compartilhar os Status, o app trava todo!",2
Trava o tempo todo,3
"Rápido, simples e completo. O WhatsApp é o aplicativo de envio e recebimento de mensagens mais completo. Suas chamadas são fluídas e de fácil manuseio. Simplesmente WhatsApp.",5
"Após a ultima atualização o App está travando quando vou escolher quem pode ou não ver o status, o app trava e fecha… 
E ainda não foi corrigido o problema do som do status anterior sair no de outra pessoa",4
Tá péssimo bloqueando banindo contas só por que manda msgs prontas sacanagens sem noção. Muitos prejuízos por banir números sem ao menos comunicar oque está acontecendo,5
"Meu WhatsApp abre e fecha sozinho 
15.7.5",1
"WhatsApp não está funcionando. Peço que resolva , iPhone 11",5
ARRUMEM O ATRASO NOS VÍDEOS DO STATUS!,4
"Desde o ano passado,mesmo usando em  iPhone o WhatsApp congela a tela,demais aplicativos funcionam normalmente,há coincidência com a operadora buscando renovar o plano e eu recusando,há possibilidade desse inconveniente ser causado pela operadora ?",2
A opção de escolher quem olha meus status quando clico o aplicativo do WhatsApp trava. Preciso fechar e abri novamente. Corrijam por favor,1
O meu WhatsApp não está voltando para opção de seleção de pessoas para ver os status não.,5
"Poderia deixar mais que 3 conversar pra fixar, ajudaria muito a nossa vida 🙏🏼🙏🏼🙏🏼🙏🏼🙏🏼",5
"Ao clicar na opção dos story “Meus Contatos, exceto..” ele trava todo e nem da página sai. Tudo q podia fazer já fiz e nada resolve
Quando vou vê um story tbm e ele tem áudio, quando passo o story pra frente o áudio continua… affff",1
Nao aguento mais ver os stories com áudio de outros stories e parece que não estão nem preocupados em corrigir isso! 😿,5
"Mais de uma semana com o WhatsApp sem abrir depois dessa atualização ridícula e vocês não resolvem o problema. As pessoas precisam do aplicativo pra resolver vários problemas e vocês estão totalmente indiferentes à isso, irresponsáveis!
o CEO dessa empresa devia demitir todos os devs incompetentes e acomodados que não servem de NADA, devem passar o dia coçando o centro do boga, só pode.",5
Não estou conseguindo selecionar a privacidade dos status !! 😡,3
"Eu atualizei o app e quando eu fui abrir ele pediu o face id( o que ja aparecia antes porem tinha a opção de utilizar senha ), e sem nenhuma outra opção, e como meu face id não está funcionando, eu simplesmente não estou conseguindo ultilizar o app de nenhuma maneira",1
Bom demais,5
"estou com problema no meu iOS, tô na versão 16.4.1",1
Meu WhatsApp tá chegando notificação mas não abre .,1
"Meu WhatsApp não está abrindo, devido isso não consigo ver minhas mensagens",1
"Meu iPhone 11 , versão 16.3.1 , não está abrindo . Não está pegando nadaaaaa",1
Atualização de hoje não tá nem abrindo o aplicativo,1
"Estou há dois dias sem usar meu WhatsApp por que ele simplesmente parou de funcionar no meu IPhone 11 Pro Max. Quando clico no app fica uma tela branca. Enfim, espero que vocês possam lançar alguma atualização para resolver esse problema que inclusive vi no YouTube que muitas pessoas estão tendo!",1
"Horrível, não consigo entrar de jeito nenhum no whatsapp, a tela fica preta, não consigo digitar nem a senha e nem ter acesso as conversas.",1
Após atualizar para a versão 23.7.82 o aplicativo deixou de funcionar. A todo momento que tento abri-lo aparece uma tela em branco que não se altera. Estou usando um IPhone XS iOS 16.4.1,5
"Do nada o app deixou de funcionar. Não consigo enviar nem receber mensagens e não consigo acessar meus contatos pelo app. Ja atualizei versão e SO, já reiniciei, já confirmei permissões, já orei, já me humilhei pro suporte e nada. iphone 12 ios 16.4.1.",1
"após a última atualização o aplicativo não esta abrindo no iphone xs, atualizei o app e simplesmente fica uma tela preta e não entra, logo após atualizei meu aparelho para a versão mais recente, porém, continua o bug",1
Ótimo,5
"Sempre que você passa um status, o som dele permanece no outro 🫠",1
Pra mim o watts e muito importante não consigo me ver sem,5
"Meu WhatsApp não está abrindo fica em tela branca, iPhone 14 pro, iOS 16.4.1
Por favor ache uma solução. Obrigada",1
"Após fazer a última atualização, o aplicativo não abre mais de jeito nenhum. Já reiniciei o celular, atualizai o software e nada 🤦‍♀️",1
"Depois que atualizei para essa versão 23.7.83 meu WhatsApp nao entrou mais, ai entrar no app fica uma tela preta.",1
"Essa é a primeira vez que que tenho esse problema.
Recebo as notificações, a mensagem aparece na tela bloqueada, aparece o aviso e ao tentar abrir o app a tela fica preta e não evolui.
O curioso é que continua funcionando no webwhatsapp.
Já atualizei a versão, desliguei o celular e nada.
Não quero ter de apagar o app pra não perder histórico.",2
"Não está reproduzindo os áudios no meu som auricular. O App já está atualizado e ainda não funciona. Não é um problema do meu IPhone, pois as ligações fora do App estão funcionando.",3
"Whatsapp não quer abrir a horas, ja fiz de tudo e nada dele abrir, nem se quer chega notificação!",1
"Tem que colocar a opção de desativar áudio, nem todo mundo gosta de receber áudio, coloca uma opção que a pessoa escolhe se quer receber áudio ou não!",5
"Ta show de bola , mas uma opção que ficaria maneiro era aquele botão de chamar a atenção da época do ‘msn’ ae sim ia ficar perfeito !",4
"Com iOS 16.4.1 e última atualização do WhatsApp, o aplicativo fica em tela branca ao abrir. Não resolve nem desinstalando o aplicativo e nem forçando reinício do iPhone.",1
"Estou sem conseguir abrir o meu WhatsApp, meu celular é um iPhone 11 pro max, corrijam esse erro pfvr !! Estou sem acesso ao meu app !!!",1
"Meu iPhone 11 versão 16.4.1 não estou conseguindo abrir o WhatsApp 
Ele abre e fecha 
Por favor ajude me",1
"Desde a atualização horas atrás o app não inicia, abre e fica na tela branca. Já tentei várias formas e nada. iPhone 11.",4
Whatsapp não abre no iPhone 7 plus 19/04/22,1
Após a atualização em 18/4/23 o App não abre mais.  Fica direto na tela branca. Sem conseguir abrir nenhuma mensagem,1
Ao mudar de status o próximo vídeo ou foto é executado com o áudio do vídeo anterior.,1
"O WhatsApp sempre foi um App ótimo pra comunicação eu gosto mt dele, mas vocês podiam tirar a notificação de quando uma pessoa apaga a msg ou quando ela saiu do grupo isso fica chato se apagou é pq não quer q ninguém saiba",5
Meu WhatsApp tá bugado vejo um vídeo no status quando eu pulo pra outro fica o mesmo áudio do vídeo que tava vendo,2
"Após a ultima atualização meu WhatsApp não funciona mais, e fico devendo ligação de vídeo sem parar do meu marido, sendo que ele não está me ligando. As mensagens que envio não são enviadas e não recebo nenhuma mensagem.",1
"É segunda vez nessa semana que o aplicativo não envia e recebe mensagem. Tenho que desinstalar e instalar novamente. Não é problema de internet pois além de não funcionar na rede WiFi, os outros aplicativos funcionam normalmente.",2
"Está dando uns bugs nos stts, quando sai de um o áudio continua rolando nos stts seguintes, tentem resolver tá feio. Ps.obg pelo App top😉",5
No IPhone 11 está dando bug nós status de vídeo misturando as músicas dos status,5
"Agora o app só vive com bugs, agora tá com o problema de pular o status e continuar o áudio do status anterior",1
"O status está com problemas. O áudio de um sai no outro que passamos, é como se o status anterior estivesse rodando junto com o atual",4
"Hoje dia 10 de abril, não tá pegando no iPhone 11, ele não abre, quando clico ele fecha sozinho",1
O aplicativo não está funcionando,1
"Estou na versão 16.4.1 do iOS, durante o período da tarde estava funcionando normalmente, por volta das 18h do mesmo dia meu WhatsApp já não abre mais, fecha sozinho antes mesmo de abrir e a única coisa que aparece são as notificações. Já desliguei e liguei o celular, instalei o WhatsApp Business (que inclusive é o único que abre), mas o WhatsApp norma segue sem funcionar.",1
"Tem 2 dias que não consigo abrir meu WhatsApp, estou no iPhone 8 Plus , ele não entra , as vezes a tela fica preta quando tento e na maioria das vezes ele sai rápido assim que tenta entrar.",1
Muito ruim,5
"Quando estou vendo status continua tocando a música dos status anterior, pfvr corrijam esse bug",1
"Por favor corrigir problema WhatsApp não consegue compartilhar e nem buscar o nome das pessoas, não compartilha documentos. Está horrível.. por favor corrigir há no WhatsAppbusines está com o mesmo problema",1
Meu WhatsApp não está abrindo meu iPhone é o 11,1
"Toda vez que vou compartilhar comprovante de pix direto do app do banco, quando vou digitar o nome da pessoa pra quem quero enviar, o app do WhatsApp simplesmente some e volta para o app do banco. Antes não era assim. Depois da ultima atualização que começou a fazer isso.",5
"Depois da ultima atualização, o app não abre no IPhone 13… clica e fecha sozinho
Já faz mais de 1 semana!!!!",1
"Simplesmente parou de funcionar no iPhone 11! Estava funcionando no dia anterior normal, pela manhã ele não quis mais abrir",1
"BUGS ao passar os status das pessoas, onde passa para o próximo status o áudio do status anterior fica no próximo status! Já tem um mês esse bug.",1
Mudo o status e a música fica 😡,1
"O app é bom, porém, toda vez que vou ver os status de uma pessoa e passo para outro status, o som do status anterior continua sendo reproduzido como se eu ainda estivesse vendo o status anterior",3
Porém ta muito chato de ver status. Quando você passa pro próximo ele fica tocando a música do que você já viu,3
Os áudios dos status estão reproduzindo sobre as outras publicações de forma aleatória causando interferência do mesmo.,1
"O App não está abrindo no IOS 16.4. Peço, se puderem, resolver!!",5
"Então e o status tá travando quando a gente vai ver status fica som de um no outro,mais de resto tá tudo perfeito",3
"Depois da ultima atualização, ao procurar o nome de alguém depois que compartilhar de aplicativos terceiros o WhatsApp fecha automaticamente",1
"Esta com problema pra abrir e depois fica com a tela preta

Até hoje não solucionaram o problema está muito péssimo precisa atualizar",1
"Vocês precisam lançar uma atualização que impeça o WhatsApp de não abrir. Meu WhatsApp não abre, clico pra abrir o aplicativo e não abre.. Iphone 11, IOS 16.4",1
"WhatsApp pegando som de status anterior, já tá chato!! Arrumei por favor !!!",1
Meu WhatsApp não tá funcionando iPhone 8plus quero resolver,1
"Meu IPhone 13 Pro Max, com IOS 16.4, não está abrindo o aplicativo do WhatsApp.",1
"App abre, mas fecha no mesmo momento. Isso começou a acontecer depois que atualizei para a versão 16.4",3
Atualização do meu iOS 16.4 o app parou de funcionar,1
"Tenho memória no meu iPhone, já limpei todos os caches, desinstalei, reinstalei e não abre",1
WhatsApp não está funcionando peço que resolva,1
Meu WhatsApp não está funcionando. Fecha sozinho toda hora! Já fiz de tudo!,1
"Desde terça-feira, dia 04/04/2023, após uma atualização do App, ele não abre mais, quando clico no App ele tenta abrir e fecha sozinho. Por favor lancem uma atualização para resolver esse problema.",1
Os áudios dos status tá tudo misturado da pra ouvi o som de um no outro.,1
Não consigo entrar no meu WhatsApp coloco para entrar ele fecha.,1
Não estou conseguindo acessar o aplicativo no meu iPhone 12,1
"O meu wpp está com problema na atualização 16.4 do iOS, o status está com problema, está passando sozinho e continuando o áudio anterior do status.",1
Quando vou ver algum status. Fica saindo o áudio do status anteriores em tudo. Resolvam esse bug,1
O app simplesmente não abre mais no iphone 8 IOS 16.1.2,1
"Meu WhatsApp não está abrindo ,quando clico ele fecha",5
Quando estou assistindo os status a música do status anterior continua tocando no próximo.,1
"Essa atualização para IPhone tá horrível, você passa um vídeo e a música continua em outro. Mais de 2 semanas já assim",2
Agora com a Nova Atualização Se Vê Um Vídeo Com Música Quando Se Passa Pra Outros Status A Música Do Status Anterior Continua....,2
"O que tá acontecendo com o WhatsApp dos usuários de iPhone, arrumem por favor 😭",1
Quando passa de um para outro o áudio do anterior continua!,5
"Bugado no IPhone 8 Plus , o áudio de um status fica embolando no status seguinte ou seja segue o mesmo áudio do vídeo anterior no status seguinte um bug sem fim .",2
Meu WhatsApp simplesmente parou de abrir e pelas avaliações vejo que de vaaarias pessoas estão com o msm problema.,1
Fica entrando e saindo sozinho já atualizei o iOS,1
"Nessa última atualização meu WhatsApp ficou bugado no status, toca uma música em um perfil e quando eu passo para o outro continua tocando a música do status anterior 🤦🏻‍♂️",3
"O som do status é levado para o status seguinte, isso está incomodando muito. 😐",3
Meu aplicativo tá bugando passo um status o outro fica dentro do próximo se tiver tocando uma música é passar o stts ela continua tocando no stts de outra pessoa  um horror essa nova atualização,1
WhatsApp tá repetindo  a música do storys anterior!,1
"Quando abro uma atualização de status de algum contato meu que tenha postado um vídeo com algum áudio, ao passar o status o som do outro status continua tocando por cima do outro. Resolvam isso na próxima atualização por eu pesquisei e não sou o único com esse bug",3
O aplicativo quando vai trocar de pessoa no status fica tocando musica do status anterior 🥲,1
"Depois da ultima atualização, mesmo que eu passe para o status seguinte o som do último status continua a tocar.",5
iOS 16.3.1 (20D67) versão não atualiza e não funciona,3
Nova atualização fez com que o som do status se misturem está tudo bugado,3
"Nesta última atualização, estou com dificuldades em relação aos status. O áudio de um status continua sendo reproduzido em outro.",2
O poblema tá nós status vc passa o áudio do outro fica encima do outro esse bug e só em iPhone,1
"meu whatsapp tá com problema, fica passando o mesmo volume da postagem em dois status de pessoas diferentes, não chegou atualização pra mim",5
"Meu iPhone X não está funcionando, peço que resolvam",1
Meu WhatsApp está fechando sozinho no meu iPhone 7 Plus já fiz tudo que é dica do YouTube e nada resolve,1
"No iPhone 8, os status estão reproduzindo sons até depois de serem passados, e quando tentamos colocar alguma parte de algum vídeo no status sem ser os 30 primeiros segundos, o vídeo e o áudio saem com atraso.",2
Aplicativo com bug e ninguém resolve,1
Meu WhatsApp não está abrindo.. qdo clico no ícone ele fica preto.. mas alguém com esse problema?,4
"O app me deu ban no meu número, disse que conteve mensagens com conteúdos indesejados, sendo que eu não mandei nada demais no app, e faz horas que estou tentando ter acesso e não consigo, preciso de uma resolução!",1
"JÁ FIZ DE TUDO, REINICIEI O CELULAR, DESINSTALEI E INSTALEI O APLICATIVO E MESMO ASSIM NÃO FUNCIONA",1
"App, ótimo para comunicação. O único é maior defeito é que quando se envia uma foto/vídeo ou posta nos status perde muito a qualidade, o wathsapp acaba com a qualidade da imagem 🥲",4
"Estou sem acessar desde quinta-feira, meu WhatsApp não abre, fica uma tela preta e volta para página inicial do celular",1
"Estou sem acessar meu WhatsApp tem 3 dias, não tá abrindo, não tem opção de atualizar, não sei como proceder.",3
"Tem 2 dias que o WhatsApp fecha sozinho e eu não consigo enviar mensagem pra ninguém. Atualizei o IOS e o aplicativo, mas nada mudou.",1
"estou com problemas ao entrar no aplicativo, simplesmente não consigo",1
"Depois da atualização do iOS o WhatsApp está bugando direto, sumindo metade da tela, travando a rotação de tela, as vezes o áudio reproduz no alto-falante superior, drenou a saúde da bateria, só abrir o WhatsApp que o iPhone começa a esquentar!",1
"Depois da ultima atualização os status fica passando áudio de um status para o outro, tá muito ruim pra ver as coisas, soubesse que iria fica assim não tinha nem atualizado",1
Ta saindo som de um story em outro,1
Cada atualização se torna pior,1
"não sou de reclamar das coisas, mas isso está me incomodando muito. depois da nova atualização o audio do status continua reproduzindo mesmo eu tendo pulado para o próximo status, tocando dois sons ao mesmo tempo, tenho que ficar fechando o aplicativo pra parar de tocar, peço que concertem isso.",1
"O áudio do status anterior fica tocando no próximo status! Ajustem isso, por favor!",1
"O WhatsApp parau de funcionar. Ao tentar abrir ele fecha imediatamente, ou fica uma tela preta.",1
"Wpp travado, já perdi ate a Muié",5
A música do status continua tocando quando você sai dos status! conserta isso.,1
Parou de funcionar e perdi minhas conversas.,1
App apresentando vários bugs,1
Desde quarta-feira que não consigo usar o WhatsApp no celular. O app simplesmente fecha sozinho com poucos segundos de uso,1
"Quando vou clicar no app ele não abre já desinstalei e instalei novamente , ele volta ao normal e depois de alguns minutos novamente não abre",3
"Tem que corrigir essa falha nos status,assim que pula um status o áudio dele continua sendo reproduzido!",3
"Não estou conseguindo abrir o aplicativo. Logo que é acionado aparece rapidamente, em seguida tela escurece! Já foi desinstalado e instalado novamente mas continua sem funcionar.",3
Status bugado,2
"Estou tendo um problema ao abrir o meu WhatsApp, chega normalmente mensagem porém quando abri a tela volta pro início do meu celular, tenho um impedimento ao abrir a página do WhatsApp. Isso já me aconteceu e desta vez não quer mais abrir e eu não posso desinstalar pois o meu chip tá bloqueado.",1
"Onde está o suporte? Não dão uma resposta, não mandam atualização. Estou necessitando do WhatsApp. Respondam, por favor!",1
Péssimo,1
Simplesmente parou de funcionar. Não abre mais por nada. Fica uma tela preta e fecha automaticamente.,1
"Eu clico no ícone do WhatsApp e fecha automaticamente
Já desliguei o aparelho 
Já exclui e baixei novamente 
Já vi se tinha atualização pendente
Não é memória 
E não tem atualização do aparelho e nem backup.
O App não funciona, abre e sai. Com essa atualização o WhatsApp não está abrindo.",1
"23/03/2023 

Está com bug pelo menos no iOS 
Se o status anterior for com música e você passar para o próximo a música do anterior continua",1
"Ele fica fechando sozinho, nas verdade quando ele vai abrir ele fecha, o que fazer?",1
"Não estou conseguindo entrar de jeito nenhum, o app tá atualizado e ios tb",1
"Já tem dois dias que o app não abre no meu celular, já fiz de tudo e nada!! (iPhone)",4
"O aplicativo começou a travar no meu aparelho e simplesmente não abre mais, toda vez que tento abrir ele fecha sozinho sem nem se quer abrir a tela de início. Já atualizei o iOS, já reinstalei o aplicativo e inclusive atualizei o mesmo e nada faz voltar ao normal!",1
"Ao visualizar os status dos meus contatos o áudio deles se mistura ao passar de um pro outro!
Por favor, resolvam este problema!",2
Tá precisando soltar uma atualizado pra corrigir o bug que tá dando nos stts.,4
Quando eu passo para outro status tipo se for um vídeo o áudio ainda continua no outro status,1
"O aplicativo está desde a tarde de hoje, 21/03, sem abrir. Não consigo mandar mensagem ou atender ligações",1
"Desde as 17h que não consigo abrir o aplicativo no celular. 
Aperto para abrir e ele fecha sozinho.",1
Status meus Contatos postam eu não vejo todos só alguns,4
Não aparece mais status de ninguém só pelo pc podiam resolver né,1
Que droga de atualização! Sou deficiente visual e dependo da acessibilidade! Mas a atualização distorceu todo o uso do app com o voiceover do ios ! Não consigo mais usar e estou profundamente indignada e desrespeitada. Por favor ajustem e tentem se colocar no lugar de quem não enxerga. Qualquer um que ativar o voice over não vai conseguir usar o App. No bussiness isso não acontece!,1
"Tem 1 semana que alguns amigos falaram que meus stts não estava aparecendo para eles , acharam que eu tinha bloqueado. E está acontecendo a mesma coisa tem algumas pessoas que não consigo visualizar stts delas é não fui bloqueada e nem estou bloqueando ninguém. Já atualizei e continua assim",1
"Após a ultima atualização. Alguns status não aparece pra mim através do aparelho. 
Quando entro através da web aparece normalmente. Precisam corrigir esse erro.",1
"Não aparecem os status de muitos contatos, mesmo eu não estando bloqueado.",1
"Não estou conseguindo ver os status das pessoas no meu WhatsApp, eu não estou bloqueado e consigo ver somente no WhatsApp Web, tentem resolver isso por favor.",1
"Simplesmente meu WhatsApp não aparece as atualizações dos status dos meus Contatos no iPhone. Só dá pra visualizar pelo computador. 

Há dias está assim.",1
"O WhatsApp já foi bem melhor, hoje em dia está apresentando muitos problemas.
No meu caso, não esta atualizando os status dos meus Contatos e nem está aparecendo Qndo os meus Contatos visualizam o meu status.
Já entrei em contato com o suporte, mas nada resolvido🤦🏻‍♀️",1
"Status não tá aparecendo, só pela versão web. Horrível 

My contact’s status still isn’t showing on my phone! I want to see it but I’m only able through WhatsApp Web. Please fix it as soon as possible, it’s very annoying",1
Mais não tô conseguindo ver status de muitas pessoas msm não estando bloqueada!,3
Status com problemas  fica passando música de outro status no próximo,1
Áudio de status anterior seguindo nos próximos vídeos iPhone XR,1
"Os status no iPhone não está aparecendo, e quando conecta o WhatsApp Web aparece alguns",1
"Está bugando, quando apago os meus não somem quando vejo dos outros trava muito !!!!!",1
"atualizações de status não estão aparecendo em alguns iphones, no meu 8plus não aparece mais, so consigo ver se logar no whatsapp web, por favor, resolvam isso.",1
"Não consigo ver status dos meus Contatos, mesmo eles sendo salvos no meu celular e eu nos deles.
E meus status tbm não está aparecendo pra maioria dos meus Contatos.
Queria saber o pq ??",5
Toda hora que abrir o vídeo nos status e passar para outro status automaticamente o audio do anterior ainda fica no outro !,1
"Os status dos meus Contatos não aparecem no meu iPhone, pois bem. Um exemplo, eu tenho alguns Contatos que postam status e eles não me privam de ver-lós e nem eu privo de ver tais também, só que não atualiza a lista dos status aqui, só aparece metade do que é postado somente no iPhone, mas quando faço a conexão do WebWhatsapp aparece todos os status que não apareceram no iPhone. Um exemplo eu tenho amigo 1 e ele posta 3 status e os 3 status ele não me privou de ver-los e eu não os silenciei, só que no meu iPhone só apareceu 1 status, mas quando vou no WebWhatsapp estão visíveis os 3 completos o quais ele tinha postado. Estou mandando isto pra vocês porque a quantidade de status tem diminuído muito, e não é erro de sincronização de Contatos pois eu já analisei se era isto, fiz um teste e descobri que o WhatsApp do iPhone está com bug de atualização de status, não atualiza a lista no IPhone, ou atualiza 
somente a metade dos status, e no WebWhatsapp atualiza todos normalmente.",3
"Não estou conseguindo visualizar os status dos meus contatos. Tenho o contato salvo e a pessoa tem o meu, não estou bloqueada e mesmo assim não chega para mim as atualizações de status. Espero que resolvam logo, pois isso já me gerou discussões!",1
"Alguns status do WhatsApp aparecem para mim no WhatsApp WEB, porém, ao procurar os mesmos no aplicativo do celular, percebo que não aparecem pra mim (como se não existissem). 

Ou seja, através do web eu consigo visualizar VÁRIOS status de contatos, que não são entregues no WhatsApp aplicativo do celular.

Já fiz testes para saber se eu estava bloqueada e não! Eram de perfis (contatos) normais, que tinham me selecionado para ter acesso.",3
"Após a última atualização, simplesmente meu app NÃO ABRE! Ele fica fechando sozinho antes mesmo de carregar a tela inicial, e quando tento muitas vezes, ele fica c tela preta! Sério que lixo! Prejuízo enorme já que envolve meu trabalho!!!!!!!",1
"Dei nota dois para não dar Zero! O atendimento pelo WhatsApp do Banco do Brasil é péssimo, não resolve nada. Tenho emergência para resolver lançamento mas só coloca opções e mais nada.",2
"Muito bom. Porém, o WhatsApp na hora de apagar a conversa, ao invés de ficar escrito “essa mensagem foi apagada”, deveria simplesmente sumir, não ficar avisado que aquilo foi apagado!",5
Desde a última atualização as mensagens não abriam . Agora não consigo nem acessar o WhatsApp mais. O App nem abre no meu iPhone,1
NÃO ESTÁ APARECENDO ALGUNS STATUS,5
"Olá,

por favor corrijam o erro dos status, alguns status aparecem e outros não, sem bloqueio nenhum de ambos contatos. Apenas o status das pessoas não aparecem pra mim, só aparece alguns. Outros amigos também estão com mesmo problema. Aguardo retorno",3
"Meu wpp não está me mostrando muitos status de Contatos que tenho adicionado , para de aparecer do nada",1
lixo,1
Não estou recebendo as atualizações de status dos meus Contatos.,2
"Eu não consigo entender o que está acontecendo com o meu WhatsApp! 
Meu WhatsApp não atualiza a meses, e eu não consigo ver os status de ABSOLUTAMENTE NINGUÉM! 
Meu celular é um IPhone 8 Plus, a atualização dele está dias, e dos outros aplicativos também! 
Porque meu WhatsApp fica assim?",4
"Meu WhatsApp não exibe a maioria dos status de meus contatos. 
Achei estranho poucos status para visualizar, mas quando abri o WhatsApp Web, aparecia todos. 
Como corrijo esse erro?",4
"Desde que atualizei o WhatsApp agora não consigo mais ver os status que os meus Contatos postam… Tô chateado com isso, já tentei de tudo, mas nada resolve o problema.",1
"WhatsApp está muito ruim depois que atualizou , não aparece os status de algumas pessoas para mim e também os  meus status não aparece para meus amigos que chato isso já desinstalei instalei novamente e continua a mesma coisa .",1
"Boa noite desenvolvedores do WhatsApp. Bom , vim aqui pra fazer uma leve reclamação! Infelizmente o WhatsApp hoje em dia está deixando nossas fotos e principalmente nosso vídeos sem qualidade quando o compartilhamos no status. E isso me deixa um pouco desconfortável! Então se for possível, arrumem esse problema, por favor. Obrigado pela atenção!",3
"Arrumem esse bug, o status está horrível, só aparece de alguns.",1
"Os status dos meus Contatos não aparecem, e quando aparece é atrasado, as vezes a pessoa posta de manhã e pra mim só vai aparecer a tarde como se a pessoa tivesse acabado de postar, e as vezes a pessoa posta 3 status e pra mim só aparece 1. Resolvam!!!",5
"no app do celular não aparece alguns status, no pc aparece certinho, foi olhando no pc que notei que faltava alguns status de certos contatos meus, preciso de ajuda para resolver esse problema.",1
"Está mais do que na hora que ajustar a palhaçada do status, há 1 semana não consigo ver os status, ou as pessoas não consegue ver o meu! 

Horrível",1
"O WhatsApp é excelente, porém está com problemas nos status..

Não consigo ver o status de todos e os meus também não aparece para todos!! Parece que bloqueamos uns aos outros.. Mas não é isso que acontece, falha no app!!",5
"Alguns Status não aprecem para mim mais, está bugado",5
"Estou decepcionada , depois da última atualização, não aparece os status de quase ninguém. E só puder ver o visto por último de pessoas que vc já tenha falado antes, tbm achei uma b@st@",3
Meu WhatsApp não está mostrando os status de muitos contatos. Detalhe: esses contatos não me bloquearam.,1
"Os status dos contatos ainda estão sem aparecer pelo whatsapp no celular, mas continuam normal no WhatsApp web, essa atualização trouxe mais bugs do que melhorias para o app.
É esperar que solucionem isso pois até meus status parece inexistentes para alguns contatos.",3
Status dos contato não aparece,1
"Tem que haver uma maneira de deletar várias figurinhas salvas nos favoritos de uma vez só! Elas ocupam muito espaço e além de não podermos organizar estás em pastas, ainda temos que deletar uma a uma… 
Arrumem isso!",3
"Fica desbloqueando as pessoas sozinho ,e fica travando o status,instalei e instalei varias vezes e não mudou nada.!",1
"Depois da ultima atualização status não estão aparecendo pra mim, somente alguns. Data da conversa bugando.",3
Tem q ter bloqueio de ligação de vídeo,1
Mesmo sem estar bloqueado estou sem receber o status dos meus contatos desde a última atualização.,1
Status dos meus amigos não está aparecendo pra mim. O suporte não me ajuda,2
Meu WhatsApp não mostra os status de ninguém,2
Sendo que estão salvos os Contatos,1
"Postei um story e não silenciei ninguém, porém, não aparece no celular da minha mulher, sou usuário faz tempo do whatsapp, e infelizmente me decepcionei bastante com isso.",1
"Depois da última atualização no IOS os status das pessoas não aparecem mais pra mim. Se a pessoa posta 10 status, aparecem apenas 3. No web está normal e consigo ver todos, mas no celular fica bugado.",1
Depois da ultima atualização os storys das pessoas não aparecem mais pra mim. Somente no WhatsApp web,2
"Não sei oq está acontecendo. Não consigo ver os status dos meus contatos mais. Não estou bloqueada, nem nada, mas mesmo assim não aparece.",5
"Só consigo ver o status de duas pessoas, o restante dos meus ctts não mostra mais nenhum status.",1
"Troquei de aparelho celular e por alguns instantes pensei que fosse defeito do software, mas não é… o problema é o seguinte, os status de algumas pessoas só aparecem algumas vezes, por exemplo, se a pessoa fizer 4 postagens eu vejo 1 ou 2, ou por vezes NENHUMA, e NÃO não estou bloqueada para a pessoa pois já fiz o teste com pessoas próximas, desinstalei e instalei novamente e não funcionou. Por favor verifiquem esse problema! Aguardo retorno.",1
"O aplicativo para iPhone está selecionando por conta própria quais status eu devo ver? Pois estão vendo minhas atualizações e eu não vejo de muitos amigos. Detalhe: WhatsApp Web está normal, vejo todos que HÁ UM MÊS OU MAIS não existem mais pelo iPhone.",1
Vai fazer quase um mês que atualizei a nova versão e desde então não vejo status e já tá uma coisa insuportável não conseguir acompanhar os status até porque meu trabalho depende disso.,1
"depois da ultima atualização não aparece status de quase ninguém mais, aparece um ou dois mas só quando abro o aplicativo e alguém acabou de publicar.",1
"Quando algum contato posta status as vezes não aparecem todos no celular, mas no WhatsApp web aparem.",3
"Eu conecto todos os dias meu wpp no notebook do meu trabalho. Porém, os status não estão mais aparecendo no celular, somente no notebook",4
"Olá pessoal, após q ultima atualização do WhatsApp, não aparece status dos meus contatos, já verifiquei privacidade e alguns deles me mostraram que não fui privada, gostaria de entender melhor o que está acontecendo.",1
"Status não estão atualizando, não consigo ver o de ninguém",1
Não estou recebendo status das pessoas,1
"Meu WhatsApp está aparecendo alguns status, e alguns não, isso da mesma pessoa, e não estou bloqueado, inclusive já fiz o teste com outra conta minha,postei lá e também não apareceu no meu principal, já pesquisei sobre e não encontrei nada.",1
"Meu app tá bugado,não aparece status p mim.",1
Os status não estão aparecendo! Criem uma nova atualização para resolver esse bug por favor,1
Não aparece novas atualizações de status e sempre quando vou enviar uma mensagem o teclado trava. O meu WhatsApp está pessimo.,3
"Após a última atualização, nãos aparece os status mais recentes.",1
"Aplicativo horrível, não mostra status dos Contatos, mas no wats Web aparece",1
"O app é bom, mas tem muitos anos que 
você grava sai perfeito, mas quando envia a qualidade encaminhada fica horrível",1
Status do meu contatos não estão aparecendo. Atualize essa nova atualização,2
"Os status das pessoas não estão aparecendo, msm que eu esteja com internet eles só aparecem quando eu tô on-line resolvam esse bug",1
"Depois dessa nova atualização, não consigo ver os status de algumas pessoas, e elas não tiraram a privacidade pra mim.Verifiquem isso por favor!",5
"Desde a última atualização, os status só aparecem pra mim quando estou com whatsapp aberto, caso contrário não aparece. Arrumem por favor",1
"No celular alguns status simplesmente não aparecem, já no WhatsApp web está tudo normal",1
"No meu iPhone está com problemas pra mandar áudio e na atualização dos  stores meu e dos Contatos , Não aparece pra mim e nem os meus aparece pra eles 🙁",5
"Está muito chato esse bug do vídeo no status, quando posta um vídeo com mais de 30 segundos. Fica com atraso de áudio.",3
"Os Status quando ligo o celular, não aparece de ninguém",4
"Ocês deveria avaliar na questão das fotos com as resolução boas, as fotos perdem a qualidade ao enviar e ao postar…",2
"Meu WhatsApp não está aparecendo os status das pessoas, quase nenhum contato! 
Péssima atualização",1
Por algum motivo o whatsapp desbloqueou meus contatos. Achei muito estranho isso.,3
Nessa atualização não está aparecendo status do pessoal pra mim!!! Arruma isso po,1
Não consigo ver o status dos meus contatos 😡,1
diversos status não aparecem,3
Status não tão aparecendo depois da atualização,1
"Com a nova atualização, percebi que a maioria dos status não estão mais aparecendo. Consigo ver todos pelo whatsapp web, porém no celular não aparece nenhum! Como se a pessoa não tivesse publicado nada.",3
Atualizei a três dias e agora não aparece o status dos meus contatos.,2
O meu WhatsApp está desbloqueando as pessoas sozinho toda hora,1
"Após a última atualização, os status postados por alguns contatos não ficam visíveis no WhatsApp pelo iPhone, apenas quando é acessado pelo WhatsApp Web.",1
Status de pessoas não aprecem para min,1
"Estou com app do WhatsApp atualizado com versão recente, só que o fhp pela 2 vez está tirando os malas da privacidade - bloquear 
Qd vc entra ele ativa como se fosse uma atualização p carregar a lista. Por 2 vezes esse corno tirou os fhp do bloqueio 
Péssimo! N chega aos pés do telegram",1
"O meu WhatsApp está dando um bug que não que aparecer todos meus status dos meus Contatos. E não estão silenciados e eu não estou bloqueada! Já fiz de tudo , nada da certo!",1
"Os status de alguns Contatos, aparece pra alguns amigos e pra outros não, e não está bloqueado e nem sem o contato está salvo, mais mesmo assim não aparece pra alguns contato, faz umas semanas já que esta assim!",5
"Estou tendo diversos problemas, meu WhatsApp está atualizado e não aparece quando chega mensagens novas e não aparece os status que as pessoas postam. Já formatei meu celular e estou há 3 dias falando com diversos “suportes” do próprio WhatsApp",1
Não estou conseguindo visualizar os status dos meus Contatos depois da atualização,1
Os status dos meus amigos não estão aparecendo para mim demora pra aparecer uma atualização de 1 a 4 hrs quem fica esse tempo td sem postar euem 😡😡,1
"Após esse última atualização, os status não aparecem em tempo real, alguns só aparecem no WhatsApp web e não no celular",3
"tive uma ideia para uma possível atualização colocar fontes assim como no insta , ia ficar bem legal",5
"Não consigo efetuar o modo reações da nova atualização , oque fazer ?
Não consigo ver o status de ninguém , só aparece no computador , oque fazer ?",1
"Depois da ultima atualização não está aparecendo os status que os meus contatos postam, uns aparecem outros não, corrijam isso por favor!",4
"poderia aumentar o tempo de story pra 60 minutos igual do instagram pois 30 minutos é muito pouco, e tbm arruma o bug de corte dos status",3
"Os status dos meus contatos sumiram, corrijam isso! Ta mt ruim isso",1
"Os Contatos bloqueados sumiram, desinstalei o WhatsApp e instalei novamente recuperando o backup e voltaram os Contatos bloqueados, do nada hoje a tarde sumiram novamente.",1
"com essa nova atualização, o meu não aparece pra manda audio pelo status",4
"Meus Status aparecem pra algumas pessoas e não pra outras?
A mesma coisa acontece vejo uns status e outros status não vejo.",1
"Tem que colocar o tempo de 30 dias para apagar as mensagens automaticamente, 7 dias é pouco e 90 dias é demais, seria muito bom de tivesse mais opções, como 30, 45 e 60 dias.",4
"Mordida com o WhatsApp não tá entregando os status dos meus amiga, e quando entrega é só metade tá bugado isso 😡😡😡😡😡",1
"Recentemente notei um bug, onde eu consigo ver os status dos amigos no WhatsApp web no computador porém no celular não está atualizando, ou seja, não consigo visualizar pelo app no celular",4
"Os Contatos bloqueados estão sumindo e não estão sendo mais bloqueado, o q esta acontecendo….",2
Depois que atualizei os status dos meus contatos nao aprece mais,1
"tem uns dois ou três dias que os status não estão aparecendo pra mim. A maioria não tá aparecendo, achei que tinham me tirado mas não é o caso, só aparece uns seis/sete. Que que tá acontecendo???",2
"Uma pequena sugestão:  Acho que poderia ter uma outra opção de som de notificação: “Definir SOM para números não salvos na agenda”.
 Isso ajudaria o usuário a identificar que se trata de um numero desconhecido(uma possível proposta de emprego, alguém respondendo a um anúncio, etc…)

Espero que seja relevante😅",5
Não estou conseguindo visualizar o status de muitas pessoas sem estar bloqueada no WhatsApp delas.,5
Sou usuário de iPhone e não estou conseguindo ver status de algumas pessoas.,2
A localização em tempo real só funciona Qnd a pessoa está on-line mesmo nas configurações estando selecionado sempre arrumem isso faz muita falta vc ativa nas opções lá e na prática não funciona IOS 16.3,1
"Os status dos meus Contatos não aparecem no meu celular. Já no WhatsApp web, aparece tudo lá",5
Meu App não está atualizado status dos contatos,1
"ufa achei que era só o meu que tava com problema, achei que era o celular, mas estou vendo que não, depois da ultima atualização não aparece o status dos contatos, no WhatsApp web aparece tudo normal, mas no celular não!!! Boraa arrumar isso aiiii!",1
"não sei o que acontece com o meu whatsapp, mas esse erro retornou agora que é: eu só recebo as mensagens quando entro no aplicativo, antes disso quando me enviam mensagem só aparece um check e quando entro aí sim aparece 2 check para a pessoa e sei disso pois já testei e gostaria que resolvessem o meu problema! grata 😉",1
"Muitos problemas no iPhone 14 pro Max!
Não recebe mensagem com o app aberto fica escuro do nada",2
não estou tendo acesso a todos os status dos meus contatos vários coisas não aparecem está horrível,3
Última atualização o WhatsApp simplesmente trava no iPhone 11,1
"Eu sou usuário de iPhone e não consigo mandar áudio. Toda vez que eu tento sempre aparece uma informação para eu reiniciar o meu celular e tentar novamente, mas mesmo assim eu não consegui",4
Depois da ultima atualização não consigo ver alguns status de Contatos,3
Quem apoia ter filtro na câmera do zap na próxima atualização??🙋🏼‍♀️,5
O áudio não funciona o tempo todo.. do nada ele para é não consigo gravar.,5
"Uso no iPhone e não estou recebendo notificações no aparelho, a não ser quando ligo a tela. No Apple Watch a notificação não chega de jeito nenhum, o pior de tudo é que não tem atualização.",4
"Varios erros para conseguir mandar Áudio 
A tela muda a orientação! Trava! Fecha app
O botao solta sozinho! Virou uma coisa Ardua para mandar um áudio!!!",1
"Sempre que enviamos ou recebemos fotos, ele trava. Se postamos status e temos muitos Contatos ele trava por horas, muitas vezes temos que dar um jeito de apagar os status para conseguir ter acesso ao aplicativo.",1
"Uso o WhatsApp no IOS e do nada começou uns bugs, vou gravar áudio e fica dando que não conseguiu reconhecer minha voz! Aí tento novamente e a mensagem continua aparecendo e depois aparece uma outra mensagem mandando eu reiniciar o aparelho! Que merd@ isso! E não tem atualização para baixar!",3
"O WhatsApp no iPhone está com muitos bugs e aq vou citar-los

Envio de áudios: os áudios não querem gravar no App, pra eu gravar um áudio eu tenho q sair e entrar do aplicativo

O WhatsApp do nada volta nas conversas anteriores 

Travamento

Fora isso, o App é ótimo!",4
"Após atualização msg só chega qdo entra no WhatsApp, isso atrasa a vida",2
coloquem os status com mais de 30 segundos pf🥺🥺🥺🥺,5
"Já uso o Whatsapp há muito tempo no iPhone e nunca tive esse problema antes, ocorre que o app não notifica quando ele está fechado, só quando eu abro. Como vocês podem me ajudar?",5
"Após a última atualização alguns membros dos grupos não conseguem visualizar os links enviados, salvo se tiver o admin adicionado.
Essa medida foi extremamente prejudicial para quem trabalha com WhatsApp.
É pouco intuitivo ter que adicionar um admin aos contatos. 
Sugiro retirar essa medida ou substituir por algo mais simples, um clique de “OK” ou “autorizar links” seria melhor.",1
"1 estrela até corrigirem esse bug chato, de arrastar o botão do áudio pra gravar e ele se recusar, até aparecer uma mensagem com orientações para reiniciar o aparelho. No mais só tenho elogios, prático, simples e eficiente!",1
"Só falta a opção de desligar o watts, ae era 100%",5
"Nao recebo mais notificações, tenho q entrar toda hora no aplicativo pra ve quem mandou msg.. desde domingo isso ai já.. ninguém merece !",1
"Na versão anterior vc podia apagar para todos depoia de varias horas.
Agora depois de 1h já não dá pra apagar mais nada! Está horrível",1
"Hoje percebi que minhas mensagens depois de duas horas, já não era possível apagar para todos",5
Por que tiraram a opção APAGAR PARA TODOS ?,4
"Na versão anterior vc podia apagar para todos horas depois. 
Agora depois de 1h já não dá pra apagar mais nada! Muito ruim",4
POR QUE TIRARAM A opção DE APAGAR MSG?,1
Só consigo apagar mensagem recente,1
"Gente cadê a opção de “apagar pra todos” depois de horas???? Voltem c isso pelo amor de Deus, ficou mto curto o tempo!! N gostei não 👎🏻😑 e outra, a opção de “comunidade” deveria ser em cima e a “câmera” no mesmo lugar de sempre.",2
"Recentemente procurei assistência tecnica da apple por pensar que o problema era o meu aparelho e descobri que muitos usuários estão passando pelo o mesmo: a tela apaga quando estou em um ligação do app ou ouvindo um audio no ouvido e não volta por nada! Eu tento reiniciar, tento tudo e nada! 
Por favor, corrijam esse problema pois é um absurdo ficar sem o celular por quase 30 minutos devido um bug do app.
Além disso metade da tela também tem ficado preta constantemente.",2
"Na maioria das vezes não consigo enviar um áudio fica bugando (e não é falta de memória) tenho que desligar e ligar meu celular , Ta horrível horrível",2
Travando demais e fechando sozinho,1
Depois que atualizei o aplicativo fica sempre pedindo para reiniciar o celular para que eu consiga mandar áudio. Não estou conseguindo gravar áudio !!,1
"Adoraria enviar o print que tirei aqui do erro que persiste, do nada ele simplesmente não envia áudio nome obrigando a reiniciar o App todas as vezes, atrapalha muito isso.",1
Meu WhatsApp não tá gravando áudio já tem umas 2 semanas! Oq tá acontecendo??????,1
"O áudio simplesmente não grava!! Antes da atualização era top, agora tem vários bugs e problemas de travamento.. ficou horrível!!",1
"Bom! O app é ótimo!! Só que tem uma coisinha que me incomoda na maioria das vezes, quando vou postar um status muito grande tipo uns 3 a 4 minutos… fica um pouco chato sabe? Ter que postar procurar várias vezes o mesmo para postar a continuação dele. Queria que vocês melhorassem para que não precisasse procurar o mesmo vídeo para postar a continuação dele entende? Seria tipo… ahh já cortar por partes e automaticamente postar as parte cortadas mas já direto sem precisar postar pedaço por pedaço. Ajudaria bastante! Creio eu que não é só eu que não tem tanta paciência para postar as continuação dos vídeos haha! Mas ajudaria por de mais se alguém olhasse esse comentário KKK
AGRADEÇO.🫶🏻",4
Atualizei meu whats ele veio com bug de não apagar para todos depois que passar 1 hora poderia corrigir por favor de todos que conheço está apagando menos no meu número. Tem algumas pessoas que conheço que tenha iPhone estão enfrentando bugs no aplicativo,1
3 estrelas pq no iOS as vezes é quase impossível mandar áudio!,3
"Há alguns dias o WhatsApp apresenta erro para gravar áudio. Só grava quando quer, e fica pedindo pra desligar e ligar novamente o celular pra corrigir. 
Está atualizado e não tem nenhuma atualização nova que resolva. Como resolver?",2
Ultimamente o WhatsApp não realiza o backup das conversas. Já tentei de tudo mas o app continua com esse bug,1
"Fica mudo , tem q reiniciar para voltar auduo",1
No iPhone 11 ele não abaixa o volume qdo vou ouvir áudio e está alto.,2
"Sera muito difícil vocês tirarem esse negocio de apagar a tela quando você ta escutando um audio, ja que não conseguem fazer algo que funcione bem? Com muitas pessoas acontece, se você passa a mao sem querer na frente do sensor a tela apaga e fica 15, 20 minutos sem conseguir utilizar o celular ate voltar acender a tela, não uso mais enquanto não arrumarem isso",1
Meus áudios que vou escutar não sai som 🤦🏼‍♂️ sempre que vó levar o celular no ouvido o som fica mudo em meu iPhone af agr no falante pega suave,1
"Faz mais ou menos um mês e meio que estou com problemas para gravar áudio. Ele está Funcionando normalmente quando, do nada, vc vai gravar áudio e ele simplesmente não grava, fica parando de gravar como se eu tivesse parado de pressionar o botão de microfone. Daí tenho que fechar o app, abrir de novo para que assim possa gravar o áudio. Acontece enumeras vezes no dia, é muito estressante. Disponibilizem alguma atualização para resolver esse problema. 

Grata!",4
"O app tá com muitos bugs, tendo que fechar quase sempre, para ter as funcionalidades normalmente.
Reagir, às vezes escrever, bloquear enquanto grava o áudio são alguns dos bugs que enfrento todos os
dias.",3
"erro na gravação de audio na versao do ios, tenho que ficar reiniciando toda hora🤦🏾‍♀️",1
"Não sei bem oque está acontecendo mais quando mando áudio simplicidade não funciona ai preciso reiniciar o aparelho pra poder funcionar, só que depois de algum tempo fica do msm jeito resolvam isso prfv.!",1
"Meu iPhone 11, só estou consumindo ouvir o áudio do WhatsApp no alto-falante. Quando aproximo ele para e apaga a tela e só volta depois de 20 min.",2
Problemas demais,1
"Tenho um IPhone 13 e as vezes pede para eu reiniciar meu aparelho porque não consigo mandar áudio no WhatsApp. Arrumem isso por favor, é muito chato ter que reiniciar o aparelho quando eu quero mandar áudio e não vai",2
"Problemas… toda vez q escuto áudio de voz no meu iPhone 11, a tela apaga e não volta mais… tenho que esperar 20 minutos pra voltar ao normal.",1
"Gostaria de ressaltar a dúvida de  como confiar que o WhatsApp é tão seguro quanto diz sempre ser… ja que pessoas utilizam versos piratas do WhatsApp como o WhatsApp GB e conseguem burlar as configurávamos do original! As mensagens Apagadas não somem, foto e vídeos com temporizador ficam gravada, etc !",1
"Gostaria de entender o que estão fazendo que simplesmente o aplicativo acaba com a qualidade das fotos e videos enviados, fica parecendo o jogo do minecraft de tanto pixel",1
Varias vezes dá bug e não consigo gravar áudio,1
"No iPhone XR quando escuto o áudio no ouvido a Tela não acende mais tem que força para desligar o aparelho, mas quando eu faço ligação direta no app nativo não faz isso, então é bug no app do WhatsApp",5
"as vezes da erro quando vai gravar o áudio, quando arrasta desfaz e não grava.",3
"Está mostrando um erro ao gravar áudio no Whats! Para quem usa iPhone 
Favor corrigir",4
"A alguns dias (47d) estou tendo um problema para gravar áudios, não consigo gravar áudios e simplesmente o app diz para reiniciar e após o reboot o error continua",1
"Falha na hora que vai gravar voz, ai tem que fechar o app e abrir de novo, trava na horizontal, tem hora que a conversa so aparece da metade pra cima.",1
"Queria entender o pq q as vezes quando vou gravar audio, as vezes me impede de fazer. Aii sempre aparece o aviso pra eu desligar o celular e ligar pra vê se funciona de volta. É alguma falha??",5
"Não consigo fazer backup desde ontem, fica travado em “preparando”",1
Depois que atualizou para o IOS 16.2 não está funcionando direito… trava… não envia os áudios… não faz pesquisa… entre outras coisas.,2
"Ao reproduzir audio e colocar no ouvido, ele zera o volume. Atualizem por favor!!",1
Desde 16/22 não está fazendo o backup. Favor corrigir!,3
"Desde a última atualização, não faz mais Back up. Fica só preparando.",1
"Estou há três dias tentando realizar o backup das conversas no aplicativo e não consigo. Preciso trocar de aparelho e não posso, pq irei perder tudo. Vi que tem outras pessoas com o mesmo problema e ngm se pronuncia.",1
"App não está funcionando as atualizações em segundo plano , assim sendo não recebo nem ligacoes e nem mensagens a não ser que eu abra manualmente o app  
Já tentei de tudo. E o.suporte somensagens automáticas. Por favor consertem.",1
"Após ultima atualização, backup do WhatsApp não está funcionando. Parou desde Novembro de 2022.",3
O app está instalado no iPhone e ele está aparecendo uns bugs a metade da tela fica preta as vezes a tela fica toda prata. O telefone é novo e o erro só acontece no app de WhatsApp. Já entrei em contato com a Apple e ele não entraram nem um defeito no aparelho. Teria como lançar uma nova atualização para o app pra ver se melhora esse problema.,1
Depois da atualização do IOS 16.2 a barra de pesquisa do WhatsApp parou de funcionar. Já fiz backup e reinstalei o aplicativo e não resolveu :/,3
"Nesta atualização, o App apresentou uma falha de enviar áudio e ficar na meia tela preta.",1
O lula é ladão e ponto.,1
A foto de vizualização única não abre mais!,1
Mano em menos de 15 dias meus dois números foram banidos não te condições disso não.,1
Depois da ultima atualização está dando problema ao gravar áudio,3
"Depois da ultima atualização estou com dificuldade de gravar áudio, tem hora que tem que reiniciar o celular.",1
tem que ficar abrindo e fechando o app toda hora pq o botão de áudio as vezes resolve não funcionar,2
"Toda hora que vou gravar um áudio preciso fechar o app e abrir de novo pq fica dando problema é não grava. Mesta insuportável isso já. Por favor, arrumem isso.",1
"Qdo não finalizo de escutar um áudio, a tela do celular apaga como se tivesse acabado a bateria, e depois de uns minutos a tela volta a acender do nada.
Modelo do meu iphone 11 Pro",3
Travando Quando vai mandar áudio aí pede pra sair dó App,1
Muitas vezes metade da tela do WhatsApp fica preta aí você tem que sair fechar todos aplicativos retornar pra poder começar usar novamente e algumas vezes está falhando,2
A tela apaga pra que eu ouça o áudio e não acende de volta quando eu afasto o celular do rosto. Preciso reiniciar o celular pra voltar a usá-lo,3
"Fiz o backup no ICloud, mas os arquivos não abrem mais no WhatsApp. Perdi vários arquivos importantes que agora não consigo abrir. :-(",1
Estou sem conseguir fazer backup a uma semana e sem apoio da equipe de suporte do whats 😏,1
Na última atualização não está sendo possível pesquisar por palavras chaves na conversa.,1
"Essa última atualização, onde aparece a imagem da pessoa que enviou a mensagem no grupo, ficou muito ruim, desnecessário. Como estava antes era bem melhor a forma de visualização das conversas.",3
WhatsApp travando para gravar áudio,1
Está muito complicado . Está travando muito e demorando demais pra voltar,2
"Meu celular é antigo,iphone 6 e agora com essa atualização não dá mais pra ver foto com vizualização única.",1
"Tentando contato com
o whatsapp que ficou de responder em 3 dias e já se passaram mais de 5 e nada de responder. Conta foi banida sem nenhum motivo justo. Nenhuma regra foi infringida. E de repente, no meio de uma conversa, sou impedida de continuar! Não sei o que fazer pois não posso perder meu número.",1
"Depois dessa ultima atualização que teve, eu não consigo abrir mais fotos temporárias, aparece  “para abrir, atualize para a versão mais recente do ios”
Faz alguma coisa WhatsApp",1
Nao consigo ver as fotos de visualizações unica aparece pra atualizar e ja atualizei e nao pega do msm jeito,1
Retiraram a visualização única para o meu iOS ! Isso está péssimo ! Agora se eu quiser resolver isso tenho que comprar outro celular e não tenho condições! Melhores isso agora ! Meu iPhone é o 6 ! Enquanto não voltarem com a atualização antiga minha nota sempre será péssima para vocês.,1
"Simplesmente eu odiei, primeiro achei desnecessário botar uma função para o povo tirar se está on-line ou não, aff, muito chato. Segundo, em um grupo a pessoa mandar mensagem agora tem a imagem da pessoa ao lado da mensagem, péssimo. Muitas coisas não gostei…",1
"Mto bom da pra falar com todo mundo que me irrita e dar patada sem culpa kkk, só precisa de mais espaços pra fixar né pô só 3 complica né WhatsApp",5
Retiraram a visualização unica pro meu ios que é de um iphone 6 plus.. infelizmente se eu quiser usar esse recurso agr so se comprar outro celular!,1
"removeram a visualização única de aparelhos com ios12, do que adianta dar suporte se vocês ignoram esse problema",1
Triste parou de funcionar foto temporaria,1
"Após a ultima atualização, parei de receber a mensagens e suas notificações quando o aplicativo estivesse fechado ou em segundo plano. Agora, só recebo a mensagem caso o aplicativo esteja aberto E em primeiro plano.",1
Minhas figurinhas não estão aparecendo,1
Fui bloqueada sem a menor ideia do que seja … estou tentando contato e nada … absurdo!!!,1
"Uma conversa do meu whatsapp simplesmente sumiu, como se tivesse sido ""limpa a conversa"". conferi para ver se nas demais estavam assim, mas só em uma deu esse bug. Não entendi e espero resolução, pois até umas horas mais cedo estava tudo normal",1
"Excelente app! Gostaria de deixar sugestão para que pudéssemos programar o envio de algumas mensagens em algum horário pré-definido pelo usuário. Mas que essa ferramenta também tivesse uma certa limitação de quantidade de mensagens programadas por dia, para que não vire spam para comércio. Poderia também ter um “selo” avisando que a mensagem foi programado. Enfim… uma sugestão. Pra mim seria muito útil! 😊",5
Ta ocupando muito espaço de armazenamento !!!!,1
Porque o WhatsApp está travando quando publicamos vídeos e fotos? PORQUE? Isso está irritante! Faz a gente perder tempo! Atrasa trabalhos.,5
Paia,1
"Qualquer um hoje invade o whatsapp alheio e espiona a sua vida como se não houvesse amanhã. Só uso esse app por falta de opção, mas detesto.",1
"Falta, ao meu ver, um atualização onde não tenha limite do tamanho do vídeo. Várias vezes precisamos enviar um vídeo e ele vai partido, temos que mandar por partes. Seria ótimo se resolvessem isso.",4
"O aplicativo em si é ótimo. Mas a função de postar vídeos nos status é péssima, sempre fica com o áudio do vídeo atrasado, e quando vamos por parte dois trava. Podiam melhorar mais isso.",3
"Seria interessante fixar as enquetes, pois quando colocado no grupo, vai ser perdendo no meio das conversas.",1
Já passou da hora de liberar mais de 256 participantes por grupo. No Brasil ainda não dá 😡,1
Por que vocês nunca baniram o a APP  do WhatsApp gb  que vincula entre os seu servidores pondo em risco não apenas que instalam o app  mas que envia pra quem usa mesmo sem nem ao menos uma alerta pra ficamos saber pois estamos se comunicamos com app nocivo,1
"Estou praticamente com o armazenamento da mídia do whatsapp cheio, e não tem o que eu limpar, por favor whatsapp, coloca uma opção de poder comprar armazenamento de mídia, só queria isso, e assim como eu, muitas pessoas devem querer também.",2
"Mensagens copiadas agora estão como se fossem imagem, não copia mais 30 mensagem e compartilha. Quando você marca as mensagem e vai compartilhar elas vão em forma de imagem.",3
"Poderia aumentar o número de conversa a ser fixada, umas 10 por aí, ferramenta bastante útil mas limitada a 3, deixa a desejar !!",5
"O app é fantástico e essencial nos dias de hj, mas eu tenho uma proposta boa pra fazer. Seria legal que nas próximas atualizações vcs adicionassem a função ""quem pode me ligar"" a pessoa selecionava os contatos nos quais ela não deseja receber ligações de voz e vídeo. Mas é isso. Parabéns para os desenvolvedores",5
Olá gostaria muito de fazer parte do programa de testes beta do WhatsApp poderia me disponibilizar um código para resgate ?,5
O whats de todos que conheço já atualizou a função de tirar o on-line menos o meu 😡,5
"não acho muito legal essa coisa de bloquear e continuar com foto, nunca sei se estou bloqueada ou não, e ta me machucando ver a foto e não saber, por favor, retirem isso..",3
Já faz 2 semanas que meu WhatsApp não atualiza 🤬,3
Eu não consigo mais ver fotos de vizualização única no WhatsApp do iPhone 6,3
"É imoral a pessoa ter q baixar um App modificado do quintos dos inferno com vírus só pra ter uma opção, que é tirar a prr do online",1
"WhatsApp, porque meu iPhone 7 não tem a nova opção de ficar oculto no WhatsApp? Já atualizei para nova versão 2.21.22.77, mesmo assim não consigo ficar no modo oculto. Podem ajudar?!",1
"Uma sugestão para melhorar seria: adicionar ao visto por último uma opção onde deixaria apenas os contatos que selecionar verem meu visto por último. Pois, na as opções que temos não existe essa possibilidade apenas: 
“Quem pode ver meu “visto por último”
Todos 
Meus contatos 
Meus contatos, exceto 
Ninguém 
Aqui poderia adicionar: “Ninguém, EXCETO” por exemplo, onde eu selecionaria apenas contatos que eu gostaria que visse meu visto por último e não todos os contatos como está.",5
"Meu WhatsApp ainda não atualizou para a versão mais recente, onde oculta o on-line!!!!",1
"simplesmente não consigo mais ver foto com visualização única, que pede a versão mais recente do ios sendo que a do iphone 6 só vai até a 12. Pura falta de respeito com o usuário.",1
"Não gostei dessa nova atualização, tenho um iPhone 6 e com essa nova atualização não consigo ver mensagens de visualização única, aparece que tenho que atualizar meu IOS para a versão mais recente mesmo ele não atualizando mais... Melhorem nisso WhatsApp",1
"Acho uma grande chatice só liberar para alguns a possibilidade de ocultar o on-line, libera logo para todos.",2
"Não entendo porque que as atualizações não aparece para todos, só para alguns. Meu IOS está atualizado, por aqui pela App Store diz q meu WhatsApp tb está atualizado, mas para mim não aparece a opção de ninguém me ver on-line no WhatsApp. No das minhas filhas já tem essa opção",3
QUANDO VÃO TIRAR O ONLINE NO IPHONE 11?,1
Cade a igualdade?,1
"Uso iOS e quando estou escutando o áudio no WhatsApp a tela simplesmente apaga, e não ascende mais. Aperto botão, chamo a Siri, é nada acontece, telefone chega a aquecer. Nunca havia acontecido isso desde a atualização anterior. Poderiam rever o que pode estar acontecendo?
Agradeço!",4
De todos já atualizaram pra tirar o online menos o meu. 😡😡😡😡😡😡 Help,5
"Meu celular não chegou a atualização de tirar o online, e meu celular tem a última versão do WhatsApp",3
Podia ter a opção de n receber ligação,5
"Poxa todos estão com o visto por último, atualizado e o meu não atualiza.",1
não da nem pra tirar print mais da visualização única muitooo ruim um lixo de atualização eu atualizei pra nn aparecer mais o on-line e tirou essa função de não tirar mais print da visualização unica,1
Todos os aparelhos inferiores ao meu já tem a opção tirar o on-line e o meu ainda não,1
Muitos já tem tem essa opção e o meu não. Qual a previsão desta funcionalidade para todos?,5
"No iPhone 8 já tem a opção de tirar o online e no meu (XR) ainda não tem, pq????",2
"A opcao chamar atenção e poder ficar off-line tipo das q existia no MSN seria show nas atualizações do WhatsApp, nunca vai superar Msn , era a melhor rede de comunicação eternizada na vida de muitos !!!",5
"O aplicativo é bom, é ótimo só que toda hora atualiza e acaba com o aplicativo.
O negócio tá bom tá quieto tá perfeito aí eles conseguem achar alguma coisa pra estragar o aplicativo. 
WhatsApp web foi o melhor exemplo disso, era PERFEITO ficou um lixo. 
Toda hora tem uma atualização péssima",4
Gente até agora nada da minha atualização de on-line poder sumir!!!!!! Pleasee,5
"Na atualização, para o iphone 6, não permite visualizar ft temporária mais, apenas enviar, antes da atualização abria e enviava normal. Pedem paa atualizar o IOS, mas esse celular não atualiza. Consertem isso pfvrrrr!!!",1
"já foi melhor, os videos postados no status quando carregam saem com áudio atrasado... whatsapp e instagram depois que foi comprado pelo Zuckerberg só regrediu.",1
"cadê a atualização pro iphone 7plus de ocultar o online, no meu até agora não chegou",3
Já veio 2 atualizações para o meu IPhone 12 Pro Max e nada de tirar o onlaine…😢,3
Esperando a atualização de privacidade “ocultar o on-line”,1
"Atualizei pra última versão, e não está aparecendo nas ferramentas a opção de tirar o on-line. Pq??",2
"Meu WhatsApp foi atualizado na última versão, porém não aparece pra mim a função de ficar off-line para todos. No meu outro iPhone que está atualizado a mesma versão já aparece. Engraçado que meu outro iPhone é uma versão anterior da que estou usando.",4
"Já fiz a atualização do wpp e mesmo assim a opção de tirar o online não está disponível, sendo que já entrou em vigor.",1
"Gostaria de ter a opção de não ficar on-line quando uso o aplicativo, já atualizei e não aparece para mim",1
"O aplicativo é bom, mas demora muito pra sair às versões pra iPhone.",3
"Socorrooooo, cadê a opção de ocultar o on-line pelo amor de Deus????!!!!!",1
Problema sem zap...bloqueado por empresa WhatsApp,5
"Gente tenho 2 números e nunca atualiza igual,os emojis estavam ficando bem legais uns até estavam mechendo já porém hoje já não está mais, acho que o whatssap deveria mudar igual ao telegram que é muito mais intuitivo pena que muitos não usam. Tudo que agora o whatssap tem no telegram já tinha e melhor os emojis se movimentam, pode mudar as cores de tudo. Pq vcs não aderem a isso. Coloquem coisas legais também.",2
O WhatsApp e muito bom para mandar mensagem mais para ligar e muito ruim,1
Acho que ele tá com problema ninguém me manda mensagem,2
Não estou a conseguir atualizar,1
Muito bom,5
Rapaz WhatsApp tá ficando pior não consigo nem mexer nele da ban atoa nem sei o que tá acontecendo toda vez 24horas de ban,1
App muito bom,5
Eu abaixei o app tentei fazer uma vídeo chamada e não consigo pedir pra atualizar fiz e mesmo assim não conseguir fazer a vídeo chamada,1
Ótimas,5
Não consigo abrir meu whatsapp com meu numero,5
Muito bom mesmo,5
E um ótimo APP,5
Ok,5
Muito boa,5
Muito bom,5
👍🏼,5
Adeus,3
Deveria ter opção igual story do instagram . Colocar o link . os filtros tbm . Opções de colocar música seria incrível . A qualidade da imagem sempre dá uma caída após postar .,4
Como recebo o código do whatsapp,5
Minha experiência foi ótima este app e maravihhoso todos pode gostar e não irei se arrepender,5
Tá travando a tecla de volume,3
Desde a última atualização os áudios do meu não está funcionando,1
Não estou Entender Oque se Passa Com A Aplicação já troquei de número ( 3 ) Vezes esta sempre Na Tela Spam não fiz nada de Errado não demora depois de Alguns Minutos Aparece a na tela Spam estou insatisfeito e Triste com o funcionamento do Aplicativo 😭,1
Uma ferramenta crucial,5
Ele e bom 🙃😊,5
Demora do krlh,1
Gostei da nova actualização,3
Bom,5
Michael Jackson e ceça amor de coração 🤍🤍🤍❤️❤️❤️🤍🤍🤍,5
Top,5
Bom,5
Estou amando essa versão 😍😍,5
legal,5
o Whatsapp tá cada dia melhor,5
Bom,5
Bommm,3
muito bom.,5
Boa,5
muito bo,5
Zapzap,5
Excelente,5
Afinal porqui não tenho acesso pra baixar App?? O que fiz de errado não tou a entender já tenho uma semana tentando isso.............,5
Oi bom,5
Gostei muito,3
Não consigo entrar na minha conta porque ela foi banida 😭,1
Perfeito,5
É muito boa a app podem instalar sem problema🤑,5
Quero zap,5
"NÃO CONSIGO editar NENHUMA Foto Temporária que o app NÃO ENVIA ELA!!!! (Exemplo: Se eu colocar texto, figurinha ou simplesmente fazer um risco com o lápis).",1
espero que seja bom,5
Adorei o WhatsApp❤️❤️❤️💕❤️💖❤️,5
Incrível,5
Bom,4
Muito boa,5
Ótimo nem tenho oque dizer ne,5
muito bom,2
Boa,5
"Por favor desbloqueiam a minha conta do whatsapp,eu não fiz spam pelo amor de Deus,por favor não fiz nada de errado,pelo amor de Deus",5
"Eu nunca fiz uma reclamação da minha vida mas agora eu vou fazer, a sua meta ai, agora tá me demorando para responder, e para piorar ainda mais eu fui falar com ela e agora ela não pode me responder por quê? porque agora tá em inglês e tá escrito que volte depois por algum motivo 😡",2
Gostei,5
Ótimo,5
"A app é muito boa, porem pede sempre para atualizar, concertem isso por favor",3
adorei essa atualização os temas fica a coisa 🥰mais lindas,4
Amei ❤️,5
A Meta aI não está me respondendo ela está falando There was a problem generating a response. Please try again later. Por favor resolvam isso,3
"Olha eu uso esse app para conversar, a chamada fica caindo e eu estou cansado disso, por favor arrume isso.",2
É um bom aplicativo que nos ajuda a comunicar com pessoas que estão distantes,3
"Tenho um ""jogo"" no whats com meus amigos, e um deles, é o contato de uma empresa, registrou o numero dele como comercial, e eu convidei ele para um grupo, ele estava participando sim, mas eu apenas convidei ele para o grupo que estavamos, apos isso apareceu uma mensagem que eu nem consegui ler, e cliquei sem querer, após, apareceu que minha conta foi banida, e esse jogo, é quase um rpg, você manda uma ação, o outro responde com outra ação e por ai vai",1
Cada atualização melhor!,5
Não consigo fazer login pois fala que o app não é oficial,1
Ótimo óbvio. O WhatsApp é o melhor app de conversa de todos!!,5
Enquanto o Dono for o Mark... Vai ser Sempre Um App Lixo!,1
"Gente vou dar 1 porque nao tem 0. alguém pode me ajudar? Eu perdi meu WhatsApp do nada ele simplesmente parou de funcionar e a pessoa que ficou com meu número é WhatsApp está respondendo a todos os meus contatos. Vomo faço para bloqueado. E eu comprei um novo chip e estarei um novo WhatsApp e estava enviando as mensagens aos meus contatos e do nada também, falou que não poderia mais usá-lo por spam. Não entendo o que aconteceu. E como recuperá-lo.",1
"Não gostei muito, só da pra falar com as pessoas e ligar",5
é bwe fixi,5
ótimo,5
Não consigo botar emoji no meu status,5
"Whatsapp simplesmente parou de funcionar o envio de áudio. Meus áudios saem com ruído abafando totalmente oq digo tornando impossível compreender. Obs: SIM, JA REALIZEI TODOS OS PROCEDIMENTOS QUE PUDESSEM ESTAR RELACIONADOS COM ISSO E NADA RESOLVEU. SUPORTE É ZERO!",1
Expert,5
Ta otimo,4
Adoro,5
"O aplicativo é muito bom dá para conversar, mandar mensagem de escritas e de voz fazer vídeo chamada e muito mais portanto é muito bom",5
Não vam se arepender prometo🙏,5
boa,5
Vocês podiam deixar os ADM's de grupo saírem das comunidades sem saírem dos grupos...,1
Horrível,1
Eu quero criar um grupo logo,5
Bom,5
excelente aplicativo,5
Foi muito bom,5
Muito bom,5
Não consigo ver mais nada fica so saindo direto Por favor ajeitem,2
Prefeito,5
Nao esta ah baixando o zap,5
Muito bom,5
Lindo ter acesso ao whatsaap,5
Muito bom WhatsApp gosto muito,5
Um aplicativo me ajuda muito no caso da escola os colegas mandam as aulas a partir do whatsApp,5
Muito bom,5
ótimo,5
Tô conhecendo mas primeiro você solta depois não ganha mais nada,3
Muito fx,5
videochamada é lenta.,3
Trabalho,5
Ótimo,5
Ótimo,5
Agora não,5
Nunca mas banir,5
😘,5
Gosto muito do WhatsApp,2
"Em vez de melhorar, só piora cada atualização.",1
Bom,5
Muito boa,5
"Olá, boa tarde! Gente sera que é só o meu WhatsApp que ainda não atualizou?🤔🤦‍♀️",3
Top,5
ótimo,5
Meu WhatSApp,5
Adoro o whatsapp,5
Amo,5
Simplesmente está ficando sem o satélite 😔,5
"eu amo o whatsapp, passo a maior parte do meu tempo no celular lá, mas eu tenho uma reclamação, só pode fixar 3 contatos (??) como eu vou ficar sem fixar todos os meus skibidis? pfv whatsapp mude.",4
Excelente,5
"e ótimoooooo✨🤍🎀, Mas a pessoas (eu sou uma delas) que ainda não tem a Meta IA e é uma coisa que gostaríamos muito de ter 🥺 mas tirando isso é incrível!",4
Gostoso,5
Epico,5
melhor aplicativo de watsaap que eu já tive,5
"O APP em si é bom, mas as vezes ele trava.",4
Tá super feioso dificultando vc enviar mensagens marcadas e depois não enviando mesmo resetando bugado horrores aconteceu comigo mas de boa,1
Perfeito,5
Não consigo receber o bônus de inscrição q vcs falam no jogo quero saber porque,5
Muito ótima,5
Ótima App😊,5
Muito bom,5
A experiência é legal só que eu não consigo ver o que os outros postam,3
Pra mim não chegou as novas atualizações que implementaram os novos temas,3
Bom E Bom E Bom E Bom,5
Olá boa noite Prezado é para dizer que estou pela primeira vez neste mundo de whatsapp,5
Gostei muito do app,5
Excelente,5
Eu gosto muito de compartilhar mensagens,5
Meu WhatsApp tá hackeado,1
"Gostaria de uma ajuda, quando eu mando áudio minha voz não sai na gravação, testei em outro app e está normal.",1
"O app é bom, mas na aquela opção de desenhar na imagem não da pra dar zoom, ai fica dificil fazer os detalhes do desenho",4
Boa gostei muito,5
Cai fora por favor,1
Tranquilo,5
Mais ou menos,4
Muito bom e excelente,4
super,3
Espetacular,5
Boa,4
Nem um,5
Legal,3
Fantástica,5
ÓTIMO,5
"Pessoal preciso de ajuda não estou recebendo o código meu DDD é 14 e quando vou acessar o WhatsApp para instalar aparece o DDD 17 e o meu número, meu DDD é 14 não estou conseguindo instalar o WhatsApp me ajudem não usei nenhum WhatsApp modificado",1
Amei a app. Muito top e fácil de usar.,5
Profissional,5
em muito nc,4
Todo dia tá com problema,1
Good,5
Gostei,5
Bom,5
Perfeito,5
"O WhatsApp, posso assim dizer que é uma boa fonte de comunicação!",5
E o melhor que já baixei,5
Ok👍,5
Maravilha,5
App muito bom.,5
Bom.,5
Bom,5
"As vezes atualiza, as vezes não esse é o ponto ruim para MIM, mas gosto",4
Péssimo não consigo compartilha músicas,2
Eu gosto bastante do WhatsApp só que para mim ele não atualiza,3
Áudio só xiando e não é o mic do meu aparelho,1
"Este foi feito pela minha filha por tanto quase nada eu sei. Visto que tou operada dos olhos e não tive muito contato ... Gostaria qua o WhatsApp continuasse como antes visível na tela do celular... Pois através dele que tenho as melhores comunicação, principalmente há distantes.",5
Muito bom,5
excelente,5
É pra te contato né?,5
bom,5
"Fui tentar fazer o backup, não consigo Porque tem uma chave criptografado e eu não sei como coloquei isso. Já uso a de duas etapas coloco mas não é a senha correta. Me ajude aí whatsapp.",3
E bom estar no watsapp porque ajudanos a conhecer e aprender novas coisas,5
Amazing app wauuu,4
Gostei,1
Amo,5
"Eu gosto de WhatsApp. Mas é sempre desativado porque isso sempre acontece? Quando a isso criamos transtorno e não pode ser arquivado, tem de manter sempre aberto!",1
uso é rápido e prático ♥️✌🏾,5
É muito bom,3
"Muito bom! Gostei tanto do aplicativo, é seguro, é fácil...🤣(Grande Jó)🤣",5
A minha opinião deste APP é muito importante para nós e não tem problema nenhum em fazer parte da equipe,5
Boa,1
Muito bom.,5
"Foi muito boa, gostei.",5
Whatsapp nunca decepciona,5
Tá difícil chegar às atualizações novas por aqui viu . Já virou uma lenda,3
"Não consigo falar com ninguém, atendente",1
O zap zap é muito bom,5
Ótimo eu adorei esse aplicativo do whatsApp,5
"Desde ontem que eu atualizei o WhatsApp tá tendo problemas, ele tá enchendo a memória do celular assim do nada, também às vezes demora um pouco pra mandar mensagens, baixar videos, status, já fiz de tudo, resolvam isso",3
"O WhatsApp em si é muito bom, mas não atualiza de jeito nenhum no meu. Já tentei de todas as formas, mas não consigo, poderiam resolver esse problema? obrigado!",1
"Aparecem problemas ,que as configurações não ajudam",1
Acho muito digno,5
Não consigo visualizar novamente as mensagens de visualização única Sendo que os outros conseguem,4
Ótima menino,5
"Preciso de ajuda... hoje pela manhã meu celular estava travando daí reiniciei mas quando fui acessar o WhatsApp tinha uma mensagem dizendo que não posso mais usar o aplicativo por motivo de spam😱😱😱😱... podem me ajudar? Trabalho o dia todo com o aplicativo no celular e no computador, estou parada a horas😔😭. Estou com receio de desinstalar o aplicativo e perder todas as conversas e arquivos.😱😔",1
"Meu WhatsApp foi banido e eu não entendi porquê. Esse número é meu a anos e não tem nada de ilegal. Preciso urgente sua volta, pois preciso dele pra trabalhar.",5
Muito bom,5
Ecelente,5
😍,5
Good,5
Muito bom facilita demais aplicativo WhatsApp,5
Muito boa,5
To achando o máximo legal mesmo,5
O aplicativo é muito bom! Tem efeitos compartilhamentos e etc...,5
Fine,4
Boom podemos conversar com pessoas distantes mas só funciona com internet🛜🛜 🛜🛜 🛜🛜 🛜🛜 🛜🛜 🛜🛜 🛜🛜 🛜🛜 🛜🛜 🛜🛜 🛜🛜 🛜🛜 🛜🛜 🛜🛜 🛜🛜,3
No meu telemovel não està abrir o porquê?,1
É um otimo aplicativo,5
👍 😁😆🤣🙂muito booommmmmmmm,5
❤️❤️,5
Perfeito,5
Gente meu WhatsApp tá péssimo não aparece atualizações ele não atualizou nem o meta ai então assim eu já desinstalei e instalei não dá já mandei mensagem e o pessoal não faz nada e esse telefone que eu comprei é bem recente tem uns dois meses só e não aparece atualização quando eu instalo instalo a versão antiga,1
Porque meu WhatsApp não que fica colororido,1
"É muito boa,a pesar das chamadas",5
Vai atualizar?,5
Muito bom ........,3
Está difícil aceder minha conta antigs,1
Gosto,3
Ruim,1
Não tenho esperencia mais tenho vontade pra mim e o que importa,5
Muito bom esse APP,5
Gosto,5
Especial,5
Simplesmente adorei,5
O melhor mensageiro do mundo.,5
Coração,5
Good,5
Estou a gostar muito é confiável e seguro,5
E bem legal 😃🆒,5
Super recomendo!,5
Forma facil e barata de se comunicar nos dias de hoje.,5
"Pq meu zap não envia figurinhas, gif?",1
sem palavras,5
"O nome tem limite de escrita, isso não é nada bom sabia? E outra, o meu não atualizou até hoje!",1
Muito bom 😊😊😊😊,5
Não abre. Não consegui falar com as pessoas q estão com esse app,1
Meu não está abrindo,5
Legal,4
Bom,5
muito bom 😌😌,5
"Depois dessa atualuzacao mimha câmera não está funcionando corretamente,trava e pipoca direto",5
Maravilhoso esse App Ajuda muito!!?,5
Bom,5
"Eu estou confiante nesse app do whatsapp, principalmente em minha privacidade e segurança que pra mim é mais que fundamental.",5
"Maravilha da pra falar com a família isso é maravilhoso muito bom 👍🏻 quem criou o WhatsApp está de parabéns pelo seu trabalho,",5
Nota 0 zero já faz 2 meses tentando marcar um consulta e não consigo,1
Não estou conseguindo invia meus vídeos,1
Bugou completamente. As mensagens não enviam nem chegam.,1
Eu amo o whatsapp mais ele tá mais de 5 meses sem atualizar / mete aí,3
Meus contatos antigos,1
E bom,5
É simplesmente o App mais básico e importante de todos.,5
Whatsapp bom,5
Esto sem a sessão no WatsApp,5
Não tenho experiência,5
Preciso saber c funciona a compra d débito d cartão consignado d Gov d Estado d M G ?,5
Bon,1
Achei muito bom,5
"Ótimas , as vezes fica difícil de falar cpessoas dependendo do local na cidade ou nas estradas",1
"O meu não chegou a meta AI, peço que por favor atualizem o meu para chegar.",2
Nice,5
Mãe,5
Aprecio a emissora.,5
Muito bom amei,5
Otimo util perfeito,5
Eu achei até bom só que precisava melhorar porque na parte que eu vou no áudio ele vai indo falando que não pode quando tá download Brasil mesmo ou já tendo colocado 41 segundos de áudio mas o resto tá tudo bom e eu recomendo,4
"Estou tentando utilizar a opção de abrir uma nova conta. Quando insiro o número para pedir o código ele diz que não estou utilizando o aplicativo oficial, sendo que estou. Isso está prejudicando o meu trabalho digital.",1
E orivel,1
App com problema no son,2
Sempre bem atendida.,5
Muito bom,5
Muito 👍,5
o aplicativo ate q é muit bom as vezes o wathizap da ruim em algumas coisas amém uma Boa tarde um bom trabalhos p você e todos,5
Ótimo atendimento. Muito obrigada,5
"Seria bom se houvesse opção de deslogar como o Facebook e o instagram, as vezes não queremos falar com ninguém, ou estamos ocupados dessa forma não chegaria mensagem visível",4
Excelente,5
É muito legal WhatsApp,5
WhatsApp está com erro clica não aparece limpa conversa e nem configuração,1
"Positiva, mas quer que me enviao o codico dos 6 digitos",5
"Seria interessante se houvesse um aviso de confirmação antes de realizar uma ligação tanto por vídeo quanto só por voz mesmo, já aconteceu várias vezes de ligar sem querer, se o app perguntasse se realmente quero ligar antes, evitaria esse tipo de acidente de acontecer.",4
Tá todo bugado,1
Por que no meu whatsapp não tá aparecendo a IA ?? Como o de todo mundo,2
Ótimo mais acho que deveria ter como as pessoa ñ apagar as mensagens pra todo mundo típo wthazap GB.....,5
Simplesmente perfeito muito bom esse aplicativo,5
Muito bom,5
Muito bom,5
Boa,5
"À equipe de desenvolvedores, uma idéia. Possibilidade de selecionar uma mensagem, imagem, ou vídeo, e saber as respostas àquela imagem, possibilitando assim de saber se já ouve mensão e quiais foram.",5
Não estou conseguindo acessar o meu WhatsApp,1
Vocês são muito maravilhosos adorei entrar no grupo de vocês obrigado,5
"Por que não atualiza mais? a play store não ta atualizando o whatsapp mais, parou e não atualizou mais.",1
Ótima,5
Muito bom,5
Otima,1
"O app é muito bom, mas há poucos dias atrás, teve uma atualização, e agora não dá para apagar mensagens antigas, tipo, eu mandei uma mensagem pra você fazer dois dias, e eu quero apagar ela, eu só vou conseguir apagar ela pra mim. Outro erro, é que as vezes as ligações caem do nada. Se corrigirem esses erros eu posso voltar aqui e dar 5 estrelas, só isso que me incomoda. Não sou IA!",4
Topissimo,5
Tech WhatsApp é bom mas ele tem um problema ele não consegue fazer o que eu mando e nem faz o que eu mando mas assim mesmo ele é um bom a uma boa aplicação sabe conversar com as pessoas WhatsApp conversa com familiares né eu só tenho muito boa mas também ela é muito desantos sabe é melhor fazer um WhatsApp do que ou seus apps né mas às vezes ela é um bocadinho chata e às vezes também um bocadinho juntos nós conseguimos falar conseguimos falar bem com pessoa e conseguimos perceber a pessoa mas el,2
Bloquearam meu whatsapp alegando envio de spam . Qual spam ? Se eu não envio e quando recebo spam nem abro. Só se alguém clonou meu whatsapp. Eu uso ele para trabalhar. Muito ruim isso.,1
Show amo o whatsapp,5
bugs,1
WhatsApp é muito bom conhece amigos tudo mas o que que atrapalha é a meta porque a câmera do celular a meta consegue ver a gente e depois a gente vê pergunta para ela e ela fala que não fala mentira entendeu então é isso,4
Gostei,1
"É só pra mim ou quando vocês recebem ligação, não aparece quem está ligando? A pessoa tem que abrir o app e ver quem está ligando, não aparece uma notificação, aí a gente fica sem saber o que fazer!",2
Muito bom,5
"Ótimo aplicativo, possibilita eu falar com minha amada nos momentos que mais preciso, sem contar o recurso de chamada de vídeo que além de me deixar ouvir sua doce voz posso me deleitar com tamanha beleza de seu doce rosto.",5
Muito bom,5
O código do zap não chega Para tirar o código que demora demais que eu tô sem zap,1
boa,5
Boas,5
"Muito bom... Mas uma atualização não chegou para mim, atualização que não chegou para mim foi a dos filtros no WhatsApp. Arrumem isso por favor isso por favor. Estou falando de outra conta eu tenho no meu celular onde está o WhatsApp eu nem sabia dessa atualização estudo na minha opinião nessa conta.",3
Estou sempre sendo banido e não sei por quê não sei o que fazer porque estou sempre fazendo download toda vez que têm me banido !,2
Bom,5
"ESTA COM PROBLEMA MUITO GRAVE NA ABA COMUNIDADE, CADA VEZ QUE TENTO CRIAR COMUNIDADE, APARECE UMA MENSAGEM DIZENDO QUE ESTOU BLOQUEADO POR TENTATIVA DE SPAN E NÃO TENHO MAIS ACESSO AO WHATSAPP",1
Melhor aplicativo de mensagens,5
Porque voce ficar tirando meu Whatsspp .porque eu nao fizer nada .para merecer istou .eu so usou para Falar como as pessoas da Familias e Amigos.e ai voce vao concetar meu Whatsspp.,1
Meu áudio só sai xiado,1
"Sempre fica bloqueando, já entrei com processo por causa disso, está precisando de um aplicativo novo, para acabar com o WhatsApp.",1
Amor saúde,5
Ruim toda vez que coloco o Número da como se o whatsapp não fosse oficial,1
Ótimo,4
"Boa,mas de uns dias para cá já tive q desinstalar 2 vezes pq não sai áudio para a outra pessoa,e o celular está normal funcionando áudio em outros aplicativos,semente no wpp que não quer sair áudio",1
Não consigo o contato de Estefânia Andrade,5
"Não sei falar com máquina, no máximo mensagem através de watts ZAP.Só queria marcar uma consulta.",1
Ruim,1
Boa muito boa,5
Bom trabalho,5
"Pode melhorar... Pois te limita em coisas sem sentido, com: quantidade de fixados, envios, compartilhamentos e etc... Que diferença faz pra vcs? Deixa a pessoa usar direito. E outra, esse negócio de as conversas serem tudo misturado com grupos é péssimo. Poderia muito bem serem separados por abas. Desse jeito as conversas ficaram sempre misturadas e confusas. Aff...",1
LEGAL,5
perfeita,5
"Infelizmente, não estou conseguindo trabalhar. Sou funcionário de uma Escola e estou tentando formar o grupo das turmas e todas as vezes que tento sou imediatamente bloqueada e me acusam de estar passando spam. Pelo amor de Deus... NÃO É SPAM",2
Bom,5
"Dou apenas um estrela, esse WhatsApp já foi bom, atualmente está péssimo! As atualizações deveriam ser para melhorar, estão estragando o que já está bom.🙄 Agora ao enviar fotos para alguém ou para fazer atualização de story, ele não te dá acesso à todas as pastas da sua galeria. Tá ficando ruim!",1
"Muito bom, melhor meio de comunicação que existe 😃😃",5
"Pessoal não estou gostando dessa questão de vc não poder tirar um PRINT dos status e etc, as vezes vc gostou de uma frase algo do tipo e não pode, como assim o celular 📵 sendo que aparelho é seu.",2
"Estou com conversa trancada ,não consigo achar meu grupo moradia digna",1
Boa tarde não consigo abrir notificações que mando,3
AMEI,5
Boa,5
Obrigada,5
boa,5
E o melhor whatsapp que tem e e bem recomendado a todos,5
Péssimo,1
Este WhatsApp não consigo ter eu não tenho número de telefone mas se VC dar um número para mim eu dou 5 estrelas,2
Parabéns,1
Boa,1
Não tá pegando,4
Pesima odiei,1
Top,5
Bom,5
Muito tempo,1
Um dos melhores aplicativos da play store As pessoas podem se comunicar mesmo se tiver uma distância muito longa Ex: Uma amigo do Brasil pode ligar (se tiver internet) para um amigo do Japão E vc pode marcar role com amigos e etc Simplesmente Parabéns pra quem criou essa lenda de aplicativo,5
Legal,5
Muito bem,5
Muio bom,5
"Ótimo, porém poderia melhorar dando a opção de colocar temas no whatsapp, por exemplo colocar a cor rosa com branco e diversas outras cores, para as pessoas terem a opção de escolha da cor que querem o whatsapp, a cor normal o tema normal é muito sem graça, verde com branco 😏.",4
E muito bom,5
ótimo 😁,5
"meu whatsapp nao ta querendo mandar audios, fotos e vídeos.",3
Segurança,5
Muto bom sim tombei foi munto ver voces denovo,5
Ssssinistro🤙😎,5
Muito bom mas a gente mas não consigo criar minha conta,5
"Qual o problema do app,ja fiz varias tentativas de instalacao e nd nao consigo instalar em outro aparelho ja tem 2 dias tentando e nada, tenho desinstalar do antigo tbm nao funciona. E nao estou conseguindo ter acesso ao meu whats,",1
Porque o zap sai Gostaria de saber E ótimo,2
Muito bom o watsssap ele manda mensagem e grava audio e manda foto adoreiii o appppp🥰,5
"Ótimo alias tem várias funções,mais essa meta ia ou ai estragou,ela sempre faz aucontrario doque que eu pesso e alias ela não é muito inteligente,mais o WhatsApp é bom tirando um bug que eu salvo o codi nome da pessoa mais continua o mesmo",3
O whatsApp é um aplicativo fx,5
ótimo,5
Não conseguimdo estrala o ZAP,1
Não cosigo acesar no whatsapp,5
Otimo nota 10,5
Ok Ótimo,5
Meuito bom parabens,3
ℂ𝕠𝕞𝕠 𝕒𝕥𝕦𝕒𝕝𝕚𝕫𝕒𝕣 𝕞𝕖𝕦 𝕨𝕒𝕥𝕥𝕤 sapp,5
Ótimo,5
Novo actualização é legal parabéns mas não sei se é......,2
Faço compras todos os meses,5
Gostaria de mais informação,5
Boa,5
A camera frontal do watzap esta bugada esta ficando manchado de preto como se fosse efeito mas nao e,1
Eu gosto deste aplicativo é muito bôym,5
Não dá para fazer nada nele não consegui fazer minha conta meu número verdadeiro eles não queriam aceitar falaram que era falso que não ia ser a parte do Brasil que eu nem queria ser a parte do Brasil horrível esse WhatsApp eu não recomendo para ninguém De ser suspeita e não ter privasidadi 😠😠😠😠😠😠😠😠,1
"Bom diaMeu whatsapp foi suspenso, essa conta eu uso para agendamento do meu consultório de dentista onde trabalho há 33 anos Algumas mensagens podem ter sido replicadas várias vezes porque tenho mensagens automáticas de agendamento e promoções para os mais de 1650 pacientes ativos. Inclusive meu app de agenda está linkado ao WhatsApp Preciso urgentemente do serviço 😭😱",1
"É o app q eu mais uso, da pra fazer ligações de vídeo, normal, mandar fotos, vídeos, emojis, figurinhas e mto mais... Mas, existem umas atualizações que não atualizam no meu celular... Mais né, espero que melhorem isso!",4
Mais ou menos,4
"Eu estou muito decepsionada com o WhatsApp. Porque ele começou a banir por causa do spam eu não entendo se isso é oque, então eu pesso para pararem de banir por causa do spam",1
Quero voltar a usar WhatsApp,5
Meu whatsapp parou do nada porque,1
Bom,5
oltimo,1
Desnecessário informar que a mensagem foi apagada ou editada,3
"31 01 25 após atualização beta, acontece novamente... Provavelmente só desinstalando...",5
"Fácil de usar, amigável e muito útil.",5
muito bom,5
Bom,4
Poderia ter como colocar música no status do whatsapp também né...!!,5
Bom de mais,4
Eu acho que vcs apor mais. Vezes em cada compartilhar em vez de ser só 5 por vez,5
"Eu iria dá 5 estrelas mais de um tempo prá cá, este app tá bungando na hora de abrir. Todas as vezes que eu vou entrar neste app eu tenho que , clicar em cima do mesmo ,voltar e clicar novamente para eu poder entrar neste app",2
Bom,5
O app diz que não estou a usar o aplicativo oficial sendo que até já acessei pelo sit do próprio whatsapp.,1
Ótimo aplicativo,5
Meu WhatsApp ainda não atualizou a versão nova dos papéis de paredes e as cores,1
Ela enganou-se comigo. Kkkkkkkkkkl,5
Muito bom e de suma importância nas nossa vida,5
"Estou com problema ao encaminhar áudio no WhatsApp pois o som não sai, e ligação do telefone funciona norma, ligação do WhatsApp normal, áudio do Instagram normal, o problema é só ao enviar áudio no WhatsApp já mandei msg via suporte do app e ninguém me ajuda com isso.",1
Legal,5
Boa,5
Até hoje não chegou o meta aí para min,1
Ótimo 😄,5
"Bloqueia sem motivo, não deveria apenas por denuncia maldosa bloquear as pessoas utilizam em grande parte para trabalho",2
Gostei muito de ter ouvir o vídeo desse colagem,5
Bom,5
💕💕💕,5
"Oscila demais,agora mesmo não consigo fazer uma ligação",2
Ótima,5
Eu não estou a gostar de uma coisa do WatsApp quando o APP pede pra actualização não atualiza,5
Bom não mel,5
Top,5
"Depois da última atualização, bogou meu microfone e não consigo mandar áudios, meu telefone é um S23, uso o WhatsApp business e não tive problema por lá, somente por aqui, ligações funciona normal mas audio em conversas sem condições de mandar, fica um chiado horrível, espero que arrumem o quanto antes!",1
Confuso,1
só alegria,5
Não estou conseguindo acessar no momento,5
E maravilhoso tem como mandar mensagem com uma distância e fazer ligações de vídeo e de voz maravilhoso,5
Otima Exelenete,5
Boa,5
Muita bom e maís rápido fácil,5
O app é top 🤙👍👏,4
bommm,5
Não Consigo ter acesso a minhas Conversas,1
Bom de mas,5
Alguem denuncio meu zap é n consigo entrar o q eu fasso?,1
Ótimo,5
Fácil de acompanhar.,5
Muito bom esse software de comunicação.,5
WhatsApp oficial,1
"Com esta atualização os áudios enviados ficaram quase mudos. Mesmo reiniciando celular, excluindo cache do App ou reinstalando App não resolveu o problema. Aparelho Samsung S24fe.",2
É uma APP rápida e prática posso utilizar outras aplicações enquanto uso esta APP,4
"Não, gostei cliquei para o ZAP desejado e vem utilizar MSN.",1
Boa,5
"Ruim, mas é o que tem....apk's tem funcionalidade smmelhores, ou evoluam como eles ou deixem eles em paz, apps como GB e Fouad são muito superiores, ou o desenvolvedores deles são mais bem pagos 😂😂😂",1
Muito bom,5
"meu ZAP não tem a opção de trocar cores por ser Motorola, poderiam melhorar isso e tirar de ser apenas IOS",1
"Nada faltando,nada quebrado ,nada fora do lugar amém glórias a Deus",5
bom,5
Muito otimo uso com frequência,5
Não ajuda em nada,1
Bom,5
O melhor WhatsApp do mundo,5
"Nada p/ reclamar! Atualizando aqui, hoje 31/01/25 eu percebi um ícone diferente ao lado de uma mensagem de áudio, ao tocar nesse ícone, na hora já surge uma mensagem de áudio pra gente responder. Achei muito bom 👏🏻 espero que continue 👏🏻",5
Pessima,1
Problema de spam,5
Optimo para usae Mais deve acabar com o problema de bloqueiar numero sem motivo relevante,4
Top,5
Melhor aplicativo do mundo,5
O meu whatsapp não está funcionando mais pq?,5
"De verdade mesmo, o aplicativo é horrível! Eu estou tomando banimento todo dia por não fazer absolutamente nada enquanto pessoas mandam coisas de pornografia e o suporte não faz absolutamente nada. Enquanto eu não tava fazendo nada eu fui apenas responder algumas pessoas novas que chegaram nos contatos e me baniram. Sabe isso é irritante todo dia está acontecendo a mesma coisa e sinceramente eu já perdi a vontade de usar o aplicativo",1
"O app está proibindo tirar print de fotos de pessoas, se é um golpe como vamos ter como comprovar quem é???",1
Maravilioso,5
Muito bom aplicativo,5
🤓🙌bom🌎💭Boa🕊️🍀,5
Ótima !!!,5
Porque sou Bloqueado com frequencia,4
Boa,4
Muito bom,5
"Ultimamente está apresentando falhas. Contatos que estavam bloqueados pra não ver os status, acabaram visualizando. Consertem isso 😏",2
"O, aplicativo ficou mais dinâmico e rápido, parabéns!",5
Sapp é manigue feik,5
Excelente app,5
Ótimo,5
Eu tenho minhas dúvidas!!,3
Bom,5
Muito bom,5
não estou conseguindo enviar vídeo,1
Bom,4
Não sei o porquê fui bloqueado do WhatsApp por favor me ajudem a recuperar a minha conta... Tem muita informação precisa..,5
Ola estou muito satisfeita com o app.nao me vejo sem usá-lo,5
Ámei este WhatsApp ♥️,5
Abrir WhatsApp,5
Uma ferramenta fundamental em nossas vidas !!,5
Ola a minha experiencia e conversasar mandar imagens vidios etc,5
Bom,5
Muito bom,5
"Odeio a parte que fica mostrando coisss que não tenho interesse. A cada atualização, só piora.",1
Olá tdbem,5
Assistir a propaganda e gostei com eu Fasso para continuar assistindo os exercícios,5
E o melhor de todos tempo WhatsApp,5
Eu gosto que mostra a receita sem Ji estas frescuras,1
👍,5
"No principio estava a ser bom,isso por apenas duas semanas,mas, de um tempo pra cá Ja não consigo utilizar a minha conta, està sempre a pedir revisão,se abrir de novo é só por um dia e fecha outra vez ,então està a ser pêcimo.......",1
"Eu coloco bloqueio digital o Aplicativo não funciona mais, não me sinto mais segura, o wathszap virou um comércio, tem até o número de telefone nosso como pix pra todos verem, uma Pena isso",2
Muito bom,5
Gostei muito do aplicativo 🙏🙃 parabéns,1
Bugado d mais pra ver status,1
Fica muito difícil o WhatsApp ficar sem essa ferramenta fundamental.,1
O meu whatsapp não funciona desde o dia 26/01/25,2
Que aplicativo bom,5
Muito ruim.,1
"De repente para de funçionar o whatsapp,dizendo que estao analizando sei la oque???",2
Muito bom,5
Bom,5
Ótimo,5
Foi muito bom mesmo obrigado pela atenção,5
Muito bom excelente app🙂🤜🏻🤛🏻,5
Bom 😄,5
Otima,5
Bom,5
Adorei ❤️,5
Gostei,5
uso diariamente e recomendo,5
"Pena cortar os vídeos. Tenho que optar por outras aplicações, mais morosas, para conseguir enviar vídeos mesmo pequenos. Deviam ampliar o critério. Nas mensagens funciona bem mas deveria ser possível apagar a mensagem enviada sem o destinatário ter que se deparar com ""mensagem apagada"" que é frustrante.",3
WhatsApp é mau,5
Whatsapp oficial,5
Top,5
Fica bloqueando só,5
É muito bom 🧐🤫,3
eu já nem sei o que se passa. sempre tou sendo bloqueado sempre e isso me deixa chateado.,1
Nada de especial,5
Bom,5
Muito bom,5
Meu whatsap já não abre,1
ótimo,5
O WatsApp é muito melhor,5
Abereula whatsapp ok,5
A ap è boa mas me deram ban e eles tão nem aí,1
"Eu estou usando um telemóvel de marca NOKIA 3, ativei o meu WhatsApp, mas dias depois o aplicativo já não funciona no meu telemóvel. Portanto, tenho tido muitas dificuldades quanto a esse aspecto. Pretendo reativar o aplicativo no meu telemóve. Tem me dado informações de que é necessário ativar WhatsApp oficial, tento fazê-lo, mas não dá certo. Obrigado!",1
Boa,5
Bom,5
Aumentar o conhecimento sobre tudo que nos rodeia,5
Optima,5
Nao estou a conseguir entrar na minha conta,5
"Maravilhosa Amo a área de vendas... Me dou muito bem, graças a Deus...",5
cadêeeeee o WhatsApp rosa cadêeeee cadêeeeee😭😭😭😭😭😭😭,3
"Precisam melhorar alguns aspetos, tipo : os vídeos carregados no Status, não devem perder a sua qualidade...",3
Toda vez que estou em call desliga sozinho isso está estragando o app...,2
Bom,1
Está muito boa,5
Muito bom,5
Porque que as minhas contas do WhatsApp estão sendo banidas a todo momento,1
WhatsApp mais carniça que não presta ruim opinião Zero Não Deixa a gente usar o GB que pelo menos lá podia muda o tema,1
Top,5
Não consigo no disponivel não entra no whatsapp quero estala o whatsalpp,5
Adorei,5
"Telegram anos luz a frente disso, como é que não não tem uma opção de não receber ligações, tanto de contatos salvos, como de número desconhecido, muito fraco, só vim atualizar a 1 estrela kkkkkk",1
Minha experiência é pouca estou começando agora gostaria que vocês me orientasse,5
Melhor app,3
Realmente Ótimo,5
Parabens,5
Nn consigo atualizar o whatsapp,1
muito bom,5
Quero meu tema personalizado agora,1
BOM,5
"O aplicativo é excelente mas toda vez que alguém liga, simplesmente é IMPOSSÍVEL desligar, se você recusa a mensagem não some, não dá nem pra negar nem atender, é um saco",3
"Machoo eu quero meu whatsapp rosa pra hoje, cadê meu whatsapp rosaaaaa😭😭😭😭",4
poderia dá mais um pouco de bônus e más chances de ganho 😛,5
Boa,5
Legal,1
Precisa melhora mais ter mais opção nas condições,1
"O aplicativo tem ótimo desempenho e funcionalidade. As atualizações são consistentes e melhoram o aplicativo. Uma sugestão seria poder agendar o dia e a hora de uma mensagem caso você esqueça de enviá-la, e também mais maneiras de personalizar o aplicativo, como o GB que tem uma grande variedade de maneiras de personalizar e deixar o aplicativo mais bonito, tirando isso ele é bom.",3
Eu presizo recuperar a minha conta,5
Maravilha.Pai Eterno 💯,5
Gostei dessa plataforma de whatsapp,5
Prometem 30 reais mais não tem,1
Amei,5
Tem sido satisfatória,5
Nao fucina como era antescom Internt.,3
Eu gosto muito do aplicativo,5
Interessante,5
"O Whatsapp é realmente muito bom, inclusive eu acredito que ele seja o aplicativo mais usado pela humanidade hoje em dia. Porém não dei 5 estrelas pelo fato de que o Whatsapp aplica as atualizações primeiramente pros iOS, e não em geral, isso me deixa estressada pois todos deveriam ter as mesmas funções, e não funções ""exclusivas"" para cada aparelho.",4
"Não está aparecendo o balão de notificações, e quando vai nas configurações, diz que a notificações em poup up não está mais disponível para meu Android , que absurdo, pois se torna um aplicativo inseguro, meu celular é note 10, e não tem como não receber as notificações, ele nem barulho sonoro está fazendo, o que fazer ?",1
Boa,5
"Boa noite! Não tenho nenhuma experiência c/ flores, ainda! Gosto mto de trabalhar c/ vendas! Mas achei mto interessante,mexer com flores! Mesmo porque,gosto mto delas! E acho q poderá dar certo! Gostaria de aprender,fazer os arranjos,e bouquer p/ noivas Inicialmente!",5
Bom dia boa tarde boa noite,5
Estar péssimo o wattzap,1
"Meu áudio só tá saindo 0:01!!!! Resolvam isso logo, já fiz de tudo até de telefone já troquei e nada resolveu isso.",1
Amo,5
Ótimo,5
Bom,4
áudio sem voz,4
👏,5
"Pessimo,ultimamente esta dando estabilidade.Não consigo logar mais",1
Boa,5
taxista,5
"o app é muito bom porém eu acabei colando um texto muito grande em um grupo,e acabou travando ,estou tentando resolver isso pois quando eu entro no app ele fecha do nada e poderia existir uma opção para desfazer o rascunho antes te entrar no grupo",3
Bom,5
"Ruim!!! Claro que é um ótimo app de conversa, mas estava adicionando pessoas pra meu grupo de jogos e apareceu que eu estava mandando spam, e que a conta estava suspensa 24hrs, resultado, perdi minha reunião importantíssima do trabalho e provavelmente MEU EMPREGO! Lixo nesse quesito",1
é bom demais,5
Ótima,5
bom,5
Muito bom para se comunicar com as pessoas que moram longe,5
após atualização não ouço meus próprios audios,1
Prefiro o whatsapp gb,1
"Não sei oque está acontecendo comeu whatsapp, sempre que tento ligar para alguém diz que estou em outro ligação e quando alguém tenta ligar para mim da a mesma coisa, e detalhe já tem dias que isso está assim não sei mais o que faço, tem como cês me ajudam mdsss",1
Muito bom nota 10,5
"Ruim para um baralho!! Piorou após entrar nesse test beta, horrível a navegação travando tudo é lascando o processador do celular.",1
❤️,5
"Espero que haja mudanças no layout dos status, essa mudança que deixa todos os status lado a lado na parte superior é muito contra intuitivo, eu não entro em nenhum canal por conta desta mudança. Espero que mudem.",4
Oxi Man... É o ZAP! Tenho nem palavras!,5
Meu whatsapp não atualiza,1
Ótima,5
boa,5
Bom,5
maravilhoso 👏,5
"Ele é muito útil pro dia a dia,amooo",5
Muito bom,5
Horrível,1
Boa,5
"FAÇO BACKUP DIARIAMENTE. DESINSTALEI REINSTALEI,E AGORA NÃO FEZ BACKUP COMPLETO. E FICA FECHANDO TODA HORA.",1
bom,5
"Eu gosto muito do WhatsApp e muito bom para ligar,conversar a longa distância,etc Porém a atualização de mudar a cor das conversas não chegou para mim até hoje Já chegou em praticamente todos os celulares menos no meu.",5
"Não sei pq no app tem a função ocultar perfil,Air a gente marca somente pra meus contatos,e em grupo fica aparecendo a foto do perfil,pra todos ver a foto,deveria não aparecer pra quem não tem meu número.",1
Ele me deu a oportunidade de me comunicar com a minha madrasta quando briguei com a minha mãe,5
Ótima,5
Não consigo usar o WhatsApp comprei um número novo e daí só foi problema fala que está conta não pode mais usar WhatsApp nunca fiz nada nessa conta pois acabei de comprar o chip patifaria viu!,1
O melhor,5
Gratidao,5
Vou dá só 3 estrelas Quando vcs reservarem esses dois emojis deixarem eu ser testadora beta eu dou as outras duas.,3
Mais omea Mais o menos,2
Bom aplicativo,4
E MUITO BOM E LEGAL,5
Muito bom,5
Ameeeiiii😃😃😃😄😄😄😁😁😆😆😍😍🥰🥰🥰🥰😍😍😍😍😍,5
otimo,5
ruim,5
Quero abrir novo whatsapp,3
Boa Me atende bem,5
Muito bom uso sempre,5
Boa,5
Eu adorei o whatsapp por que ele é melhor do que o antigo,5
Excelente,5
Ótimo,5
Bam niu minha comta só pq eu tava adicionando pessoas no meu grupo essa porta de plataforma nuca fui denunciado meu número eu uso meu grupo para ajuda as pessoas não pesso nada a ninguém eu dou e as coisas as pessoas do meu grupo,1
Sem esse App no cll o cll não e nada.,5
Muito bom,5
"Conheci pessoas incríveis nele, obrigado por existir WhatsApp",5
"Está incomodando , por não permitir o uso em aparelho antigo",5
Nao sei si foi só o meu mas depois dessa última atualização meu whatsApp nao abre mais . Alguém mim ajude por favor!,2
Eu gostei,5
Muito boa,5
😃👍🏾,5
Não consigo entrar em grupos,1
Muito bom o app,5
Top,5
Bom,5
ótimo,3
Consigo falar com várias pessoas 👍👍👍,5
MUITO TOP SÓ ISSO CINCO ESTRELAS,5
Eu quero,5
"Hello! Meta!! O que tá acontecendo com vcs? O app parou de atualizar na Play story, porque no Aptoide tá atualizando normal mas ainda assim estamos perdendo alguns recursos, tenho visto várias pessoas teclando disso. Não é possível que um app com tamanho alcance, tenha dificuldades em melhorar a experiência dos usuários ou simplesmente responde-los.",1
É ótimo para sempre se comunicar ☺️☺️☺️☺️☺️☺️,5
Queria minha senha de longuin já fiz um depósito no valor de 10.00 reais e não estou conseguindo abrir,5
Bom,3
Boa,5
"O WhatsApp melhorou muito. Só que seria bom se o WhatsApp fosse parecido com o WhatsApp do iOS pra ficar mais chamativo sabe. No Lugar do Nome WhatsApp colocaria ""Conversas"" faria a mesma coisa na opção ""chamadas"", ""Status"" e ""comunidade"" e outras opções também. mudar a tela inicial do WhatsApp seria uma boa ideia. Colocar mais opções de papel de parede e também adicionar outros temas além tema ""escuro"" e ""claro"" e melhorar o bug do WhatsApp e também o desempenho tá travando muito o WhatsApp.",5
Optimo,4
Legal,1
Muito bom!,5
Batismo,5
Sempre adorei o app é muito bom e sempre tem atualização,5
Carlos Eduardo Da silva voces sao otimos,5
Já usei e muito fácil de,5
"Feio de mais, meu deus🥴🤢🤮.Para que ficar mudando o layout ? . Adicionem opção para tirar a aba comunidade pelo menos.",3
PEQUENA,5
O áudio do app esta bugado..,1
Ótimo bate papo,5
"Não sei o que aconteceu, mas meu WhatsApp estava com a função ao qual eu poderia alterar os temas para outras cores e de repente não pode mais???? Não sei se foi período de testes, mas eu gostava bastante",5
Bom amei,5
Otima,5
Boa gostei,4
Aplicativo é muito bom,5
Recomendo 👍,5
"Pq vcs baniram meu whatsapp , eu uso muito pa cvs com minha familia ... vcs podem desbloquear ele d nv",5
Não Entendi nada,5
Muito bom,5
Estou querendo falar com você,5
Otimo,5
Adoro o watsapp,5
Estou muito satisfeita com essas opiniões,5
Amo passear comprar e vê as novidades !!!!,2
é muito bom,5
Eu amo,5
Não consigo ver as mensagens que eu envio Além disso ele tem uma péssima conexão para chamadas,5
Boa,5
Adorei esse sistema muito bom,5
Muito bom,5
excelente,5
Uma experiência importante,5
A atualização não finaliza e não permite utilizar o app.,1
Muito bom!,1
Voltar a funcionar meu whatsapp,1
bom,3
"Acho q deveria colocar a interface parecido com do gb ficaria mais bonito mas organizado tanto a tela de conversas como a tela de confirmação mesmo formado ,",2
Preciso colocar um número que tem no Messenger. No whatsapp. Mais não tô conseguindo,1
Top,5
Divonico o aplicativo,5
E muito boa,3
"Não recomendo de forma alguma, estava a criar um grupo e pela SEGUNDA VEZ, fui SUSPENSA pelo mesmo motivo, não tem sentido o whatsapp, e ainda diz q foi por ""spam"". Odiei n é bom.",1
Ótimo app,5
Ótimo Para mim,5
Muito bom,4
Boa,5
"Depois da última atualização, vem dando problema",2
bom de mais,5
Este aplicativo é muito importante para nós porque está nós ajudar a conhecer muitas coisas,5
Pra mim é um dos piores aplicativos que tem do whatsapp fica banindo as pessoas de querer usar outros aplicativos bem melhores de whatsapp que esse gbwhatsapp é excelente,1
Muito bom 👏,5
"Não está deixando favoritar mensagens enviadas por mim em grupos, e está aparecendo no lugar a opção salvar mensagem para todos os participantes, o que não desejo! E não tem opção de silenciar especificamente chamadas de grupos!",2
Eu adorei dá para mim fazer várias ligações e conhecer bastante pessoas,5
Muito bom,5
"Por mais uma vez vocês atualizam o aplicativo, e eu perco mais uma vez meu arquivos, fotos, dados pessoais importantes, vídeos, conteúdos importantes!!! Que ódiooooooo Dêem o jeito de vcs POR FAVOOOOOR 😭",1
Está tudo bem,5
Muito bom,5
"Deveriam só atualizar o aplicativo sem modificar a estrutura de anexar coisas, ficou muito ruim, antes você acessava a própria pasta do celular dos arquivos de vídeo, fotos e tals, agora o aplicativo cria um próprio padrão de acesso e faz uma salada que só, e isso não é o pior, a parte de enviar áudio/arquivo, ficou horrenda, antes aparecia pelo menos os áudios mais enviados, agora, pra achar o dito cujo de um áudio não tem como",2
Super facilidades,5
estou aprendendo,2
"Gostando muito, não imagino minha vida sem esse app",5
Bom,5
Ótimo 👍,5
otimo,5
Bom,5
"WhatsApp e Perfeito , estou muito grato pelo Aplicativo Obrigado.",5
"Meio , ruim spam",1
Maravilhoso,4
Estou gostando muito Whatsapp,5
Testado..,5
Bom,5
"faltou o tema pra por cores no whatsapp, falta liberar pra outros celulares!!!!",1
Pessima.,1
"Bugando sempre, figuras ficam sem movimentos",2
Boa,4
Otimo,5
Muito bom,5
Meu whatsapp não tem a transcrição de áudio,1
Muito bom,5
Gostei muito,5
"O meu whatsapp sai sempre dizendo que estou burlando as regras sendo que nunca fiz nada ! O app é bom, mas precisa atender melhor",1
"Sinceramente, eu preciso do meu WhatsApp para trabalho, e ele está sendo sempre denunciado por spam. Acho desnecessário isso, deveriam tirar a função de denuncia, já é a sétima vez em duas semanas. O WhatsApp é incrível, mas está horrível recentemente, eu sempre disse que eu iria denunciar o app e nunca o fiz, mas hoje, eu cansei disso, e tô denunciando realmente. Só não dou 0 estrelas pq não tem essa opção! Mas se tivesse, aiaii.. Espero que meu WhataApp volte o mais rápido possível.",1
Eu gosto muito desse app ele é muito bom,5
Muito bom,5
"Ele e muito bom, porém atualização de olha os três pontinhos quando estão escrevendo não aparece pra mim, não aparece nem pra atualizar,",3
Meu whatsapp até hj não atualizou nada,5
Excelente,5
Whatsapp tem deixado muito a desejar em questão de spam. Uso pra trabalho e não sei qual é o engraçadinho que fica denunciando pra derrubar a minha conta e eles simplesmente fazem isso me fazendo perder um dia de trabalho. Se você recebe várias mensagens e responde é motivo de spam. Se você bloqueia alguém é motivo de spam. Nem o whatsapp normal e o business tem facilitado o uso. Mesmo explicando eles não ajeitam nada e muito menos averigua os fatos!!?,1
É muito bom e gosto muito porque dá para conversar pessoas que eu amo e que estão distante,5
é muito bom,5
Ótima,5
Não sai audio,1
"Uai não entendo por que colocou essa cor verde muito feia deviam ter colocado uma cor mais bonita tipo um ciano, além de obrigad agente a usa esse whatsapp ainda e cheio de bugs e defeitos e ainda tem uma cor feia.",1
Podia ter emogis de aphone funcionando no WhatsApp 🙏🙏🙏🙏,5
Ela é ótima mas não é perfeita ainda,4
"Quando tento usar emoji, a barra da escrita some. Acredito que o que mudaria totalmente a satisfação com o aplicativo seria adicionar opção de personalização da interface. Cada um deixa como quer, seria sensacional. Precisa ter a aba de todas as conversas individuais, sem grupos. Adicionaram a opção de ""todas as mensagens"", ""grupos"" e ""não lidas"", mas tem que adicionar a opção ""individuais"", para as mensagens em grupo ficarem separadas das individuais. Sempre pedi isso para a equipe do whatsapp.",2
Tive que desinstalar meu WhatsApp GB para instalar esse WhatsApp aqui esse negócio de vocês que tem que escolher o que a gente tem que usar dar errado demais se eu quero utilizar o WhatsApp GB você tem que estar banindo outro não,1
Gosto muito,5
"Não sei porque mas os códigos pra entrar no whatsapp nunca vem, a maior canseira esse Aplicativo",3
"Foi boa, gostei de a usar",5
Ótimo,4
Amei o app,3
"Deveria sair atualização da conversa padrão, tipos cores no A06.",5
quero participa do grupo como eu faço,5
É um ótimo canal de aproximação.,5
Usar em portuques,5
Muito bom,5
Gostei muito do app de,4
Bom,5
Áudio travado,3
Ok,5
Apq muito eficas,4
Todos os contatos e mensagens enviadas,5
Otima!,5
Bom,5
Muito bom,5
Atualizar atualizar WhatsApp,5
👍🎉✨,5
"APP está muito ruim,tá sendo melhor usar messenger",1
Muito bom,5
Melhorar o seu processamento.,5
Ei literalmente não consigo abaixar cara isso tem que ser corrigido,1
Maravilha,5
Não consegui entrar com watts,1
Muito ruim,1
"O APP é maravilhoso e amo usar ele, mais quero dar uma sugestão, o whatsapp poderia bloquear captura de tela ou gravação de vídeo nas conversas do whatsapp, tem gente que faz captura de tela nas conversas e faz gravação de tela, poderia bloquear isso nas conversas, FICA A DICA😉",5
É bom dimais,5
muito prestativo,5
Ótimo,5
Ótima,5
Maravilhoso,5
Muito excelente,4
"Acho o app básico, mas uso diariamente",2
Top,5
"Meu WhatsApp foi banido por spam, nem sei o que é isso. Simplesmente baniram e não deram resposta . Perdi informações importantes salvas nk meu WhatsApp. Simplesmente não sei o que foi dito ou feito pode analisar minha msg num mandei ou fiz algo de errado. Vou procurar meus direitos pq perdi informações importantes que eu salvava em meu nome nas msg.",1
Muito bom,5
Ótimo😌😌😌😌😌,5
"Ruim demais, so serve pra mandar mensagem pra outras pessoas",1
Retorno a atualização do whatsapp agora imediato por favor.,1
E ótimo,5
Mui obrigado,5
Parabéns sucesso recomendo,5
Não consigo usar o WhatsApp à 3 dias,2
bom,5
E uma boa esperencia,4
Amo o whatsapp pois aprendo muito não consigo ficar sem,5
Adorei muito,5
É muito bom,5
Ehh,5
Não funciona no meu telefone esta a pedir o WhatsApp oficial,1
"Desde de ontem meu whatsapp está com problema para enviar áudio, quando eu mando áudio está chegando picotado para ambas partes , pra mim e para o destinatário... Tentei meu aparelho e o áudio está normal em tudo, câmera, telegram, gravação e reuniões no meet e discord. Tentei desinstalar o app e instalar de novo e mesmo assim o problema persiste, porém em vídeo chamada do whatsapp funciona normal o áudio sem picotar, estou usando um moto g na última versao do software e whatsapp atualizado.",2
Melhor aplicativo de conversas...,5
Estou com problema porque meu whatsapp foi clonado e não consigo recuperar. E aparece que vai enviar código pra um email que eu nunca vi.,1
Ta muoto fraco,3
"Amei, muito bom parabèns.",5
Boa,5
"Muito útil, pois através desse aplicativo, posso me comunicar com as pessoas que considero importantes em minha vida.",5
Good,5
A App é muito boa e tem facilitado muita gente na comunicação. Seria bom e recomendaria que o WhatsApp atualiza-se uma versão à qual pode se colocar música no status.,3
"Depois da atualização limitaram a quantidade de figurinhas a ser enviadas, isso é muito ruim. Cada vez mais a Meta só desaponta. Eles retiram algo bom e colocam funções inúteis. Depois quando a pessoa usava as versões alternativas ainda queriam reclamar.",1
um lixo me obrigou a atualizar mesmo sem espaço no celular,1
WhatsApp melhor comunicação.,5
Meu pal,5
Muito bom,5
Boa,4
Bom,5
O WhatsApp tradutor funciona no meu Galaxy S9+ mas não funciona no S23 Ultra...,3
Muito Bom,5
Esta ser bem utilizando,5
Gostei muito do watsapp,5
Bom,5
E bom para conversar com yusela MANO top 10000000000000000,5
Vocês fizeram errado de banir meu WhatsApp Quero de volta o meu WhatsApp oxx Preciso de volta até 19:20 de hoje a noite Por favor tenho trabalho para fazer Palhaçada de vocês banir meu WhatsApp Mim devolva estou precisando ou resolver ou vou atrás dos meus direitos. Quero meu whatsapp de volta hoje com urgência Por favor donos do WhatsApp,1
Não roda vídeos dos status. Dá erro em tudo.,1
Já limpei o cachê já instalei já fiz de tudo e o som do áudio não está saindo,1
Bom,5
Amei,5
Muito bom,5
Super,5
É BOM 👍,5
Muito bom,3
Não consigo a cessar minha conta WhatsApp.,1
Boa,2
Complicado!!!!,1
Mito bom,3
Muito muito bom,5
👏👏👏👏Gostei muito,5
Foi uma boa experiência ✌️❤️,5
Boa,5
Otimo,5
O whatssap messing é bom,4
"a ligação precisa que Internet esteja em boa ou em excelente pra ligação esteja boa e também fica a vezes não conseguir entender porque ficar com ruído , baralho e eco mas tirando isso todo bem áudio bom só que corrigi quando as pessoas fica gaguejando e não conseguem escutar direito o áudio",4
Jogo muito top ainda mais com os phones de ouvidos.muitonrealistico.,5
mensageiro top. cada dia melhorando.,5
O aplicativo é muito bom,5
Oi pai,5
O WhatsApp é um aplicativo super eficiente! É muito bom 👌🙏🏼,5
"muito bom, não tem app que supere o whatsapp",5
Gostei,5
Sério,4
Amei nota 10 5 quer dizer né,5
Bom m,5
Isso é muito Bom,5
Boa,5
Nada de espe,5
"Eu só tenho alguma coisa pra dizer , WALLPAPER ANIMADO!!!!!!!!!!!!!!!!!!!",5
O app está sempre a travar no meu celular,1
Muito bom.,5
Ótima,5
Pooo,5
O melhor App do mundo um anjo na minha vida 😍😍😍😍😍😍,5
"Esse aplicativo é muito bom, eu ainda não vi nenhum erro, ele apresenta chamada rápido, chamada de vídeo rápido com qualidade muito boa. Está no meu top 10",5
"O aplicativo é bom, mas poderia ter a opção de mudar a cor do chat (poderia ter mais cores além do preto e do Branco) eu acho que fica muito enjoativo apenas com duas cores",4
0timo,5
Gostei mt,5
Top de mais esse aplicativo,5
Gosto muito,5
Eu estou amando ❤,5
GRATIDÃO,5
Isso e uma feramenta que e presisa,5
o que que se passa com meu Whatsapp?,5
"Estou levando spam sem nenhum motivo, cheio de falha",1
Baixa o wattsapp,1
Fixe,1
"Muito bom, mais ainda acho que poderia se usar o aplicativo sem número de telefone e sim criar e logar uma conta com apenas o e-mail.",4
Bom demais,5
QUERO MEUS TEMAS WHATSAPP,1
Pra esta de bom tamanho o aplicativo. Ele oferece uma excelente plataforma de trabalho quando se trata de enviar e receber mensagens de texto e de voz. Com relação a videos chamadas precisa melhorar com outros recursos como zoom de camera remota e gravação de vídeo .,5
melhor aplicativo de whatsapp é esse,5
Estou a começar agora ainda não sei como fociona. KM,5
O aplicativo simplesmente parou de funcionar,1
Oi gostaria de saber se tem gastos,5
"Audio do whatsapp está saindo com ruído, e não é o celular, é somente os áudios que envio mesmo",1
O WhatsApp Messenger é muito importante,5
Meu whatsapp até agora não saiu atualização dos temas para mim ainda não chegou os temas Eu uso o celular xiaomi poco c65,4
È muito bom,5
Muito bom eu sempre uso ele,5
Incrivel .,3
Top,5
Gosto muito de utilizar este WhatsApp Messenger.😜😉💯💯💯💓 É muito bom💖❤️😘😚😎😎,5
É uma boa aplicação,5
muito bom,4
Muito bom,3
"Muito bom,melhorar na privacidade",4
Ele trava toda hora tem que ficar atualizando apagando meus app,5
"Devia ter uma opção de criar ""os melhores amigos"" como no Instagram",5
Gosto,5
Ainda não tenho uma opinião formada,4
Tecnico,5
boa,5
Baixa este APP,4
ÓTIMA DEMAIS!,5
Ajudante de eletrica,1
Optimo para conversas,5
É uma ótima escolha,5
Gostei muito do a plicativo,5
Ótimo,5
Bom,5
"Ao gravar áudio está saindo Chiado. Já atualizei, limpei o cache, reiniciei o aparelho e nada de voltar, já fiz ligações esta tudo normal, mais quando gravo, sai chiado.",1
Legal,5
Eu nunca comsigo ter atualizações mais recentes,1
Este compartilha mento do arquivos WhatsAppminlha fotos. Quero todas do meu WhatsApp 2024 todas,5
Adoravel,5
Muito bom,5
gosto muito do WhatsApp tem várias utilidades,5
Excelente,5
"Ele está atualizando e está ficando horrível. Se eu pudesse, voltava com o whatsapp antigo, Melhorem.",1
Meu WhatsApp não está aparecendo os temas,5
Ótimo 😊,4
eu estou indignado com whatsapp isso porque está a mim bloquear sem motivo,5
Ele ótimo 😍😘,5
Contexto para educação infantil,5
bom,5
Muito bom!,5
Very good,5
Suficiente,5
Mais o menos,1
Muito bom deveria ter como mudar a cor e ter. Mais cores sem ser preto,5
O WhatsApp Messenger é fixe,5
Top De mais,5
Grande e magnifica aplicação,5
Não consigo ativar a meta ai de jeito nenhum muito triste,3
Muito bom,4
Família,5
Ok bom,5
E uma experiência muito boa,5
Bom,5
k bom,1
Como fasso meu watsab foi banido não conseguir entrar mais mim ajude porfavor,5
Super,5
Meu WhatsApp não funciona porque,5
Roubaram meu watts preciso recuperar,5
Ok ótimo,3
Eu gosto pq o sistema de seguranca incrivel,3
Não consigo atendimento,1
deveria liberar mais opções,5
Boa gosto,4
Muito bom prático e eficiente de usar esse aplicativo além de ser fácil de usar é também mais específico no que fazer em comunicações entre pessoas para fazer as notícias chegarem mais rápido.,5
Uma péssima esperiencia,1
Quando vai lançar novidades para o whatsapp,5
Muito obrigado têm me ajudado bastante mm,5
So deus,3
WhatsApp é um aplicativo muito bom mas de uns dias para cá vem apresentando falha de aplicativo como mensagens como web WhatsApp parou resolvam este,5
Gosto do aplicativo,5
"WhatsApp, WhatsApp, nosso amiguinho indispensável. Com o WhatsApp nós temos acesso a troca de vídeos, mensagens escritas e orais, entre outros. Mas tudo isso em alta qualidade. Por isso, WhatsApp, WhatsApp, nosso amiguinho indispensável.",5
Estou bem parabéns legal,5
Ótimo,5
"Não estou conseguindo iniciar uma nova conversa no aplicativo, digitando o número de telefone na barra de pesquisa. Usando o caminho > Abrir o aplicativo do WhatsApp Clicar no símbolo de ""+'"" Tocar no ícone de lupa Digitar o número de telefone com o DDD Pressionar em “Conversar”. No Wats Business funciona no Wats normal não. Na pesquisa não aparece nenhum contato",2
Cadê às ofertas 🎁,5
Ótimo,5
muito Boa,5
"Não entendo como existem outras versões de whatsapp cm opções de interação muito melhor e esse que é o oficial não tem nem o mínimo. Devia ter opção pra bloquear apenas a chamada de algum contato,e continuar recebendo msg Opção de baixar status,escolher se você permiti ou não chamadas pra contatos específicos. Enviar vídeos sem limite de tempo e outras cositas mas",1
Pq não dá dando de eu atualizar meu celular pra ficar com o dema rosa ainda ñ chegou pra me atualizar🤕😭,1
Não está funcionando Bem,4
Preciso do whatsapp com urgência! Ele sumiu e quero de volta!,5
Amo o WhatsApp muito bom sempre conversa com todo mundo e nunca nunca na minha vida vou desinstalar,5
Muito bom,5
Muito bom..,5
Boa,5
Boa,5
"Aplicativo bugado , não instala nem do Google play nem do site",1
"O whatsapp é um dos melhores apps que eu já usei, mais eu gostaria que se vcs criadores do app colocasse que nem no Mensseger de ter uma bolinha na foto de perfil da pessoa pra nós sabermos que a pessoa está online,mas tirando isso o app é maravilhoso",5
"Pra mim o WatsApp já não é a melhor rede social, muitas vezes falha no seu processo de segurança. tem banido várias contas desnecessariamente mesmo sem o usuário infringir as suas regras de segurança. obrigado",5
E um aplicativo muito bom gostei muito recomendado,5
Muito obrigada por isso é muito bom,5
muito bom,5
Ótima adorei a rapidez,5
Ótimo,5
Muito legal 😎,5
alguns vídeos não estão abrindo .,3
muito bom,5
Muito bom porém meus vistor por último está para todos e todos não conseguem ver meu visto por último por que será?? Me ajude,4
profissonal,5
obrigado WhatsApp,5
Jóinha,4
Meu WhatsApp não funciona,1
muito top,5
Ele é optmo app mais agora esta apresentar muitas maninhas,5
"Colocamos o whatsapp como nosso principal canal de atendimento junto aos clientes, no dia de hoje fomos banidos e não tem com quem falar e solicitar suporte, estamos tendo prejuízo e transtorno devido a isso",1
Muito bom,5
É bom 👍🏻,5
❤️ 8,3
O app tens múltiplas funcionalidades e disponibiliza diversos recursos não ocupa muito espaço recomendo.,5
Excelente,5
Bom,5
Muito bom gostei,5
muito bom?,5
Ótimo app,5
Bom muito bom,5
CADE O WHATSAPP ROSAAAAAAAAAAAAAAAAA,3
Gosto muito dos produtos e atendimento...,5
Ajude -me a recuperar meu WhatsApp,1
Naoestou consegindo entra no whastapp eu estou sem meu App não consigo entrar,1
Muito bom,5
👍,5
Muito ruim,1
É ótimo sempre está tendo atualizações,5
Legal,5
Ótima,5
tá melhorando com ferramentas que não sabia que existia,4
Para telefone A55 APP,5
"O dia que tiver como usar a rede social e desconectar somente o watssap, para não ser incomodada, com certeza essa será a melhor funcionalidade dele, tenho que desinstalar quando quero paz e acho isso injusto, sendo que deveria ter a opção de desconectar somente",1
Boa,5
Adoro esta App,5
Aplicativo dando problemas,1
quando envio áudio no WhatsApp o som sai muito baixo ninguém consegue ouvir,5
"Falta ajeitar algumas coisas tipo, está dando bugs e a AI não está funcionando",2
E um bom app e o best do mundo,5
"Gostei muito, 👍 fácil de se comunicar e trabalhei com o app e amei ...",5
Porque meu ZAP não tá atualizado porque??,5
Muito bom,5
Bom,5
Bom,5
Sensacional,5
Estou com um aparelho a versão Android 14 e pop-up está indisponível...sabe se será atualizado ? Obrigada !,5
muito bom,5
São ótimo,1
Os meus contatos,5
Ótimo 👍 paga bem,5
Top,5
Amoo,5
Ok,5
"os áudios que eu mando simplesmente saem BUGADOS, e isso só ocorre no WhatsApp, pois nos outros aplicativos meu áudio sai perfeitamente. já desinstalei e instalei e o problema continua. não sei mais o que fazer!",1
Sei sei viver sem o whatsapp,5
"Haviam se passado em uma comunidade de pessoas de muitas cidades. Com a havida contemplação de estar na mesma rotina a ver o resultado de estima aventura, e; logo percebe-se a ativa descontração que há no mesmo por vir... Assim se faz a amida da(das amigo*'x).",4
MARAVILHA TOP,5
Muito bom,5
É show,5
Otima,5
Ótimo,5
"Tenho uma boa experência, com o mesmo aplicativo, mais tenho tido dificuldade de utiliza-lo.",4
"O whatsApp é muito divertido nós permiti saber mas sobre a nossa familia,amingos entre outros.só queria saber a vossa opiccão??👍👍💝💞💝⏳🕗",5
Bom demais,5
Eu não gostei,4
Fixe,5
Deus é bom,5
A melhor que encenaram,5
Ótimo,3
✌🏽👌,5
Ótimo,5
"A experiência é ótima, o único problema é que ele ainda não fez a última atualização.",3
A atualização de cor das mensagens nunca chega para outros dispositivos.,2
Boa,5
boa,5
"Horrível, não recebo notificações de mensagens, nem de chamadas. Às vezes recebo mensagens, e só quando abro a APP é que vejo que as tenho á mais de horas. Que estupidez, está constantemente a acontecer, tanto a mim como a conhecidos.",1
"Gosto do wattzap, mas até agora não chegou a meta ia pra mim",3
Cool,4
Muito bom oferece muitos recursos não trava adoro!,5
Gosto muito do aplicativo porque é calmo e divertido,5
Love whatsapp,5
"um ótimo app, é super prático e rápido.",5
App ótimo pode ligar de gente de outro países se comunicar com as pessoas mandar mensagem fotos para os amigos primas Canais pode criar grupos meta al manda receitas faz imagems pode colocar um perfil para agente fazer canais ganhar seguidores no whatsapp jogar com amigos combinar coisas pela a mensagem mandar vídeos para prima amigo super recomendo baixar o aplicativo para conversar de longe agente tem que pôr o número do chip de alguém que vamos ter o número da pessoa que você se comunica,5
Bom,5
Ótimo,5
"Comprei um celular novo, baixei o aplicativo oficial na Playstore e na hora de configurar está aparecendo a mensagem pra usar a versão oficial sendo que ela e a oficial,tive que voltar para o celular antigo pra não ficar sem usar.",1
Muito bom obrigado tem ajudado muito obrigado por tudo que agente continue,5
Foi muito bom foi muito bom mexer no celular obrigado por ter me ajudado Deus abençoe muito muito mesmo 🙏 k,5
"O WhatsApp tá cada dia pior! WhatsApp baniu minha conta alegando envio de spam, golpe ou coisa do tipo, sendo q só uso meu WhatsApp pra falar com amigos, família e interesses pessoais! Se precisarmos enviar seja um comprovante de pagamento que nos enviou pix pelo WhatsApp, somos obrigados a salvar em nosso aparelho o número de todo mundo ou o WhatsApp entende q estamos violando a política de privacidade dele e nos coloca em uma situação muito ruim. Tenho esse meu WhatsApp há anos",1
"Não aparece mais a notificação com a mensagem escrita, preferia antes ,aí não precisava abrir a conversa para ver a mensagem",3
ótimo,5
Ótima,5
Exelente,5
Maravilha,5
Ótima,5
muitco loco,5
"Muito bom o aplicativo,agora não sei por que vcs bloquearam o meu ?",5
"Tá precisando de uma barra de rolagem na conversação, pq muitas vezes perdemos tempo passando a conversação no dedo, tendo a barra de rolagem, só fazia arrastar até onde queríamos.",1
Oque aconteceu com a alta definição das fotos tiradas aqui no APP sempre usei agora fica sem opção de mudar ?,3
Experiência para abrir Para atualizarmos,5
gosto muito,5
Não consigo abrir meu WhatsApp,1
Gostei,5
Ainda é melhor app,5
"Gosto muito desse aplicativo mais não estou conseguindo acessar, está muito ruim",4
Incompativel com android 4.1.2,1
Melhor de todos os tempo,5
"essa nova atualização ficou péssima! difícil de trabalhar, mais complicado pra enviar e procurar fotos e vídeos",1
Vou ver a partir de hoje o pouco que consegui ver excelente,5
top,5
Meu WhatsApp tá dando muitos problemas não tá enviando vídeos nem áudios olha tá uma perturbação fora do normal isso nem as figurinhas estão indo Mais ➕️ ➕️,1
"Meu whatsapp parou de enviar áudio, receber e não carrega mídia, até agora nenhum suporte",2
"Pior coisa foi tirarem o zap gb, esse ZAP normal está dando bug nos audio",1
quero adizap estaLado sutomadicaumende estaLado,5
Obg por sua compreensão e atenção para comigo...amém !t,5
É muito bom WhatsApp porque ele me ajudou a falar com minhas amigas ele me ajudou a falar com meus parentes quando eu estou sozinha já com muito prazer que eu digo isso porque ele me ajudou bastante antes eu não falava nadinha com minhas amigas nem com meus parentes porque eu não tinha contato dela porque eu não achava app pois quando me mostraram esse rap e eu fui lá baixei e coloquei o contato das minhas amigas e dos meus parentes a partir de hoje eu tô muito melhor do que sempre 🌸😄🥰🤩🥳,5
Bom A utilizar,5
Muito util,5
Muito bom,5
Top,5
Muito bom,5
Ruim,5
Muinto bom,5
"Bem que o aplicativo poderia ter a opção de reproduzir em voz a msg digitada, pois muita gente que usa não sabe ler...",2
Uma decepção.,1
não estou conseguindo instalar o WhatsApp,5
Bom,5
O Melhor!!!,5
Eu não gostei vcs podem me criticar mais eu odiei pois meu celular é um iPhone 15 pro Max e ele não deu pra atualizar por favor plataforma se vc quer ganhar mais fama coloque um Whatsapp mais descente pro iPhone pro Max E digo msm 😐,1
Ótimo,5
O meu não tá atualizado,3
Cadê os temas?😒,1
Bom,5
É um aplicativo com muitas eficiencias,4
Muito bom,5
Muito bom,4
"O único jeito de conversar com seus amigos ou famíliares é pelo o whatsapp, melhor invenção que já fizeram",5
Nas últimas 24 horas o app bloqueou minha conta sem motivo algum. E uso a conta pra trabalho e estou sendo prejudicado pelo sistema do app e vou processá-los.,1
e o melro estrumeto que eu começo até ágora,5
"App muito bom, mas depois da última atualização não consigo mais selecionar uma mensagem ou imagem enviada errada para ajustar ou apagar. O app não tem mais a opção de segurar em cima do texto para editar ou apagar. Por favor verifiquem...",3
Até hoje não chegou atualização de mudar as cores da conversas,2
"Recomendo, De Moçambique",3
Fantastick,5
"Plano de fundo, na última atualização veio com a opção plano de fundo na video chamada agora não consigo tirar o plano de fundo.",1
Muito bom este aplicativo para comunicar e partilhar com amigos,5
Muito bom,5
Amo.otimo,5
Bom envio de mensagem,4
Sendo honesto o WhatsApp Messenger é um app muito bom e é fácil de usar facilita fazer comunicação com familiares,5
Ótimo,5
Boa,5
Não consigo acessar,3
excelente,5
Legal,5
É bom,5
Com muito erro após a atualização não dá pra alterar o papel de parede da erro quando tira uma foto na ferramenta,1
uma aplicação fantástica,5
Muito bom dá para fazer canal,5
Fazer o whatsapp azul,5
Rede muito lenta,5
Amei,5
Muito ruim,5
Não sei não estou conseguindo acessar as mensagens que quero passar mensagens e não consigo,5
Anos de vida e mais emportante,5
Família,1
Gostei do aplicativo e rapido!,5
Muito bom mesmo está com vocês eu sou juventino medina ribeiro esse aplicativo muito bom esse whatsapp com Messenger obrigado,5
Não sei pq 💁🏻‍♀️,5
É muito ótimo 👍 👍 👍 👍 👍 👍,5
Boa,5
"Ótimo,muito bom!👍",4
Melhor,5
Parabéns,5
Bom,4
aw?,5
Esse apli e maravilhoso😍❤,5
Bom dia! Não estou conseguindo adicionar pessoas no watssap.,3
"Adoro usar emojis, ma depois da última atualização a barra de emojis não desaparece depois que eu clico neles, ela continua lá e encima da mensagem que estou escrevendo, isso atrapalha muito.",2
Bom,4
"Sem palavras para descrever este APP, muito bom demais",5
Muito bom!,5
Muito bomm!!,5
Boa,5
Ótimo,5
Nota 10,5
Tem outra pessoa usando meu número em outro Whatsapp. Não consigo conectar no meu como faço,5
bom,4
Seria muito legal se o whatsapp fizesse uma função de colocar cores nos balões das conversas.,1
Muito top,5
"Olá bom dia, será que só o meu aparelho que ainda não recebeu essa nova atualização? Que tem a IA?",4
Serviço eficiente.,5
Bom,4
bom,5
Otimo seguro.,5
Ótimo,5
Não recebi o produto. Deve ser calote,1
Adoro selecionar modas,5
"O WhatsApp adora lançar piorias no aplicativo, agora você não consegue baixar um arquivo que enviou a 2 meses atrás, que coisa tosca, pelo amor de Deus...",1
É bom esta aque,5
Seria super interessante se tivesse um emoji de alguém voando.,5
Porque motivo desativaram a minha conta,1
"Atualizem isso, queremos temas, papéis de parede, queremos mudar a cor do whatsapp. Nada de atualização, poxa, tá chato.",1
EXCELENTE!,5
Legal,3
𝑵𝒂𝒐 𝒕𝒆𝒏𝒉𝒐 𝒂𝒄𝒆𝒔𝒐 𝒂𝒖𝒔 𝒆𝒎𝒐𝒋𝒊𝒔,1
Não estou conseguindo editar o que escrevo quando mando uma foto com legenda.,4
Esse aplicativo e Muito util gostei Muito,5
Muito bom 😊,5
Recomendo 👍,5
Maravilhoso,1
"Cadê o Whatsapp 2, Zuckerberg?",5
GOSTO MUITO EXCELENTE,5
Ótimo sem explicação,5
"Eu gosto muito do app, mas, quando eu fui abrir meu celular, o WhatsApp simplesmente reiniciou sem eu ter tocado em nada. Quando eu o coloquei tudo de volta lá nos procedimentos, deu certo. Porém as mensagens não estão enviando, nao consigo salvar os contatos, nao consigo fazer nada. É como se estivesse sem Internet, sabe? mas a minha Internet está boa, já tentei reiniciar de volta, e nada. Já tentei limpar o cache, e nada também. Eu nao sei o que fazer",3
"O whatsapp barrou minha conta por motivo de spam, eu nunca fiz spam, é péssimo.",1
Esse WhatsApp é utilizado por uma unidade escolar municipal para se comunicar com pais de alunos. Está aparecendo a mensagem de que a conta está banida por spam. Precisamos acessar e não conseguimos.,1
trava as figurinhas,2
bom bom,5
Não está funcionando,1
bom,3
❤️❤️,5
Perfeito,2
Não consigo usar o wattzaap porque,5
muito bom só que é meio ruim então pode melhorar 🤙🏽🤔,3
"Show de bola App perfeito, só gostaria que adicionassem uma funcionalidade. Nas fotos nós podemos colocar sticker, mas nos videos não aceita colocar stickers animados Então gostaria que fosse possível adicionar stickers animados em vídeos para status, porque os stickers ficam congelados enquanto tem animação",4
bom,5
E o aap qe eu mas uso e muinto bom,5
Adoro,5
Não consigo fazer atualização pedido MEU celular não tem memória para Isso,1
É um bom app,5
sem privacidade alguma infelizmente Psicopatas ultilizando aplicativo tao excelente,1
Muito bom,5
"Ótima, excelente.",5
Bom,5
"Bom aplicativo, adequado....",5
Era para ter uma ferramenta para sair de lista de transmissões Pense em uma coisa chata Todos os dias receber transmissões de uma lista que eu não pedi para ser adicionado,3
Bom. Prá cachorro,4
Boa gostei muito,5
Muito bom,5
Ótimoooo!!!,4
Melhor app para conversar.,5
Esta travando,5
"Eu realmente amo e uso muito o WhatsApp. Eu estou preocupado. Não consigo enviar ou receber mensagens e, também não consigo publicar estados. Ajudem, por favor!!",2
bom,5
A mais segura forma de comunicação,5
Meu zap foi clonado,5
Eu gosto mto desse app,5
É muito bom 😸😸,5
Óptima,5
Bom,5
",👍👍👍",5
Nem todos Whatsapp's tem a função de trocar a cor das conversas,3
otimo,5
Eficaz,5
ótima,5
Pecimo,5
"Só uma opinião.. porq até hj não temos uma ferramenta pra corrigir algum erro de escrita ou poste nos status sem ter q apagar tudo? ... Refazer eh chatão e perde as visualizações q já teve,, de resto tabom",5
O aplicativo é tão bom gostei só deve melhorar nas partilhas...,5
bom ótimo,5
Nao e bom esse app Porque mostra para Baixar Whassap Ofcial.,1
Este whasapp tem sido uma grande ajuda para me comunicar ao longe,5
Muito bom,5
Topíssimo,5
Tá orrivel cada dia qui passa tá pior nam,1
bom dia eu quero ficar usando esse whatsapp ok,1
Nego,5
"Aplicativo muito ultil no dia a dia , porém hoje abri pela manhã e tinham sumido todas as minhas conversas um absurdo e nao consigo reverter.",1
Muito bom,4
O que se passa com a minha conta,5
O whatsapp poria ter mais opções de tema tipo o transparente e outros,2
Fui banido e já não consigo ter acesso a minha conta,1
Otimo,5
"N gostei do conteudo não apresenta segurança, ate agora não consigo aceder a ninha conta por falta De organização e falha deste apricativo",1
boa,5
Ok,5
Não gostei muito . Toda hora quer ser atualizar,2
Ultimamente estou tendo problema com ZAP frequentemente estou tomando banimento sem ter feito nada,1
Muito boss,5
Esti apricativo. E muito. Bom de ser estala💯😃😃.,5
Gostou muito desse aplicativo,5
"A experiência é boa, visto que tem ajudado muito.",5
Ben estar,5
Não consigo entrar no meu whatsapp ta uma,2
É muito importante,5
Entrar entre comunicaçao com outros,2
Muito bommm,5
Excelente,5
Eu do nota masima o app nao da trabalho pra a brir e é seguro entao é muito bom.,5
Muito bom,5
gostei,5
Ok,5
Como assim coisa boa Ela é maravilhosa adoro ela,2
estranho,5
Muito bom,5
O aplicativo é muito bom ✨👏👏,5
Muito bom,1
Oi Bom dia,5
Não entendi nada ainda,1
Essa nova atualização esta com os Emojis ridículos. Arrumem isso. Façam eles voltarem ao normal.,1
Não conseguir falar com essa empresa via whatsapp,1
Adorei conseguir conversar muito com a minha mãe,5
Muito bom,5
Me baniro sem eu ter feito nada,1
Está ótima,5
Mto boa sem problema algum,5
Ótimo,3
Bom !!!,5
Este aplicativo no meu celular quando abro sempre vem a sua conta foi bloqueada devido ao span e isso me erita muito e fico sem saber uk fazer ate por vezes fico um mes tres se usar,2
Ótima,5
O App é nota 10.,5
App muito bom 😁,5
Muito bom como meu sonho na música,5
O meu é o poco x6 pro e não chegou atualização com o chatgpt Chegou até a atualização de mudar cor e dar coração nos status e nd e meu whatsapp está atualizado não entendi o pq n vai de forma alguma,1
Estou tentando entender sobre o celular tem tantas coisas importantes mas tem hora que fico vendidinha os aplicativos somem e eu não consigo encontrar mais e Para não sumir eu jogo no watzape Para ficar seguro Para eu enviar Para os parentes e amigos tudo que estar passando em nosso país até mais tarde tchau obrigada Araguainha MT Brasil,5
Só dá para conversar aff,1
"Até aqui, tudo perfeito!! APP 100% simples, competente e funcional. Satisfaz nossas expectativas no dia-a-dia e nos proporciona os meios necessários de resolvermos todos os assuntos, inclusive os pendentes, quer seja por áudio, vídeo ou msg de texto. Precisamos ""apenas"" estar conectados com a internet e tudo se torna possível num piscar de olhos! Obrigada WhatsApp! Gratidão sempre!!👊🏽👏🥰",5
"Só achando estranho, pois recebi informações que minha conta está bloqueada por enviar span! Do nada apareceu isso!!!",4
"aplicativo bom, mas tem uma mecânica irritante a tela fica escura do nada em ligações e áudio e atrapalha muito em jogos",3
pode melhorar com certeza,3
Tá osso baixar esse watts ZAP Muito lento,1
Muito simples e rápido,5
"Alhures, havia dado 5*, todavia amiúde o áudio das msn's têm travado frequentemente. Não sei como diagnosticar.",3
Precisa melhorar. Falta a funcionalidade de poder copiar palavras de uma mensagem enviada ou recebida sem que se necessite copiar a mensagem toda. Falta poder bloquear o recebimento de chamadas via aplicativo.,2
Recuperar código do whatsapp,5
Preciso atualizar automaticamente.,1
Muito e legal nota 1000,5
"De uma semana pra cá, meu whatsapp as imagens que recebo no whatsapp não vão mais no Google fotos, já tentei tudo o possível, porém sem sucesso, olhando as resenhas aqui, percebi que não sou a única insatisfeita com essa atualização ou qualquer coisa me seja.",1
Pq eu abaixo e fala lá que não e o whatsapp oficial??,3
Top uso muito,5
Vocês pode resolver esse problema do WhatsApp que quando eu vou postar um vídeo no status não quer eu não vai metade ou quando eu tenho que postar outro vídeo não vai não que isso já tá chato já😡😡😡,2
ele é muito bom,5
Excelente,5
Não tô mais estrela pq meu whatsapp não atualizou nd ainda,2
Ótimo,5
"Está funcionando muito bem, sem nenhum tipo de problema.",5
Gostei muito mais as vezes fica travando muito,5
Bom,5
Top,5
Ótimo,5
Muito bom,4
Ótimo top demais,5
Disbani minha conta pôr favor,5
Muito bom,5
"Não consigo ler uma mensagem pq diz que minha versão não é compatível e pede para atualizar, mas quando vou atualizar não tem essa opção 🤡",3
"somente 3 estrelas!! Pois já atualizei inúmeras vezes, e nunca aparece nada de novo e não o problema não é meu celular pois, ele é de última geração!!",3
Cada vez melhor!!!,5
"Tá demorando muito pra entrar no aplicativo, tá travado um pouco",2
super indico boas experiências obrig,5
"Está horrivel depois da atualização, n tá dando mais pra abrir as conversas,horrível .",1
Muito prático,5
é um App que não posso ficar sem,5
Top maravilhoso,5
gostei muito está precisando,5
Top demais,5
Showww,5
E o Samsung não tem atualização não???,3
"O APP não fica aberto. Envia uma mensagem e fecha. Status não está funcionando, fecha o aplicativo. Aff. Cansativo.",1
"Bem, eu não sei o que foi que aconteceu, mas meu Whatsapp está com defeito, e o defeito e o seguinte: quando vou gravar um áudio ou vídeo ou até mesmo ligação não sai som(da minha parte) Não sai a minha voz(como se eu não tivesse falando nada), peço que concertem isso por favor",1
Muito bom e o aplicativo que eu mais uso,5
Falta função e os players dão muito vácuo,3
muito massa nossa iiiiiiiiiiirrrruuuruuu,4
Nem uma,5
"Poderia colocar opção de NÃO baixar automático as figuras, dependendo da quantidade isso encher a memória celular, poderia rever isso obrigado",2
Ótimo,5
Muito bom..,4
Boa,5
nota des para vocês eu gostei,5
O whatsapp não tá saindo áudio após a atualização,1
nota 10,5
Legal muito bom mesmo 👏,5
Amo,5
Não está aparecendo o botão efeitos no meu WhatsApp,4
Boa,5
Muito bom,5
👍🏾,5
Ainda não participei assim que participar falarei 🆗,5
Quero o whatsapp mas colorido,5
"O app é ótimo, porém, depois das atualizações a qualidade de fotos e vídeos tá horrível e acho que poderiam melhorar isso aí.",4
Ok,5
Excelente,5
ótimo,5
Muito bom foi a melhor forma de a gente poder ver as pessoas que estão longe para não perder contato nota 1000,5
é muito bom 👍,5
Qual a garantia de receber o combinado,5
😎👍,5
A minha atualização do ia não chegou!!!,1
amo,5
"No me7 WhatsApp não tem aí, mas a da mesma marca e dos outros tem isso eu não entendo",4
Ótimo,5
"Muito bom o dispositivo, de fácil acesso e bem viável",5
Eu gosto muito do WhatsApp mas eu estou essa avaliação para falar sobre um erro no aplicativo quando eu estou fazendo uma ligação com meu amigo jogando principalmente a ligação simplesmente acaba donada,2
Bom,4
Ótimo,5
Perfeito,5
Meu whatsApp,5
Na minha opinião deveria ter uma tela dividida entre mensagens de contatos e mensagens de grupo para ter uma organização porque atualmente tá tudo embaraçado.,3
Poderia colocar uma opção de baixar os status de vídeo e FT dos contatos...,5
Bom,1
"Não quero esse meta no meu whatsapp, já fiz o que tinha pra fazer e até agora nada! Me arrependi de ter atualizado assim não aparecia. O que houve com o apagar pra todos?! O meu não está disponível.",1
Top,5
Bom demais,1
Muito boa,5
Bom,5
Ola quero saber o que houve com whatsapp pq não tá pagando mais 😞,5
Muito bom,5
"Bom , porem ta tendo alguns bugs....",5
Perfeito.,5
Óptimo,4
Bom,5
Obriga a pessoa atualizar o app,1
Tá péssimo para chegar SMS aff tá raiva,1
ÓTIMO,5
Muito bom,5
"Nao instala no meu aparelho,diz ser nao oficial",1
Motorista de Ônibus e caminhão,5
Não tem o meta IA 😡😡,3
Porque meu WhatsApp no Samsung a05 não foi atualizado o modo colorido nas conversas?,3
O whatsapp não atualizou até agora para mim mas o AP é bom 👍🤠,4
Usa a nossa bateria,1
Bom,5
Muito otimo,3
"Estou tendo problemas com a gravação de áudio do meu WhatsApp com chiado em uma das 2 contas cadastradas. O engraçado é que é na minha principal. Na secundária não tem nada disso. No mesmo aparelho s24 ultra. Por favor, resolvam isso!!",3
Ótimo,5
Falta otimização!,5
OK,5
Otimo muito bom mesmo,4
muito bom,5
É muito bom,5
"Está pensima essas últimas atualizações, não aparece mais todas as pasta da galeria, se quero enviar uma foto ou vídeo para alguém tenho que fazer isso através da galeria o dificulta muito além de não ter mais a opção de editar antes de enviar 👎👎👎👎👎",1
Não está estalando,1
"Meta ai, tá. Mas é pra meter aonde?",5
Bom.,5
Agiliza os contatos que estão no item ( convidar ),5
Exelente,5
Idebecidade,4
Boa,5
Muito bom esse aplicativo ok,5
Sensacional,5
Muito bom!!!,5
😁,4
Olá 👋,1
bom,5
"WhatsApp lixo, não me dá o meta ai, pior app de todos",1
Muito bom esse app.,5
bom .,5
maravilhoso há cada dia,5
Sempre pode melhorar,4
Ótimo,5
Excelente,5
O aplicativo não funcionou pra mim. Coloquei o número do celular certo ele acusou erro.,5
"O WhatsApp está com um problema, as atualizações de status estão aleatórias não ficam em ordem.",1
Nota 10 obrigado,5
Ótimo,5
"Eu gostaria que vocês colocassem uma opção de ocultar o seu número, para evitar o caso de alguém vazar o seu número para um estranho ou alguém indesejado.",4
Muito legal e prestativo e maravilhoso,5
Deus abençoe sempre vcs 🙏🙏🙏,5
"Estou a ter uns problemas no whatsapp onde quando mudo o nome do contacto ele fica ali com o nome anterior e o novo nome, neste caso como se fosse contacto duplicado. Mas quando vou aos contactos do telefone não tenho contactos duplicados. Limpo a cache nada, reinicio o telemóvel nada, mas se apagar a aplicação ou esperar umas horas os nomes já ficam atualizados e isto é frustrante.",3
Tirem o som de disparo dá câmera. É irritante e não tem opção de configurar isso.,1
Esse tema atual é horrível 😕 poderia ter deixado o tema antigo e tbm poderia ter a opção de congelar o último visto 😕espero que esse aplicativo melhore,1
muito bom top,5
O meu sapp sempre tem problemas de spam,2
Muito bom,5
Bom,5
Amooooooo,5
O WhatsApp está melhorando,5
Eu preciso meu whatsapp eu não sou espan pra des broquear meu whatsapp usar mesmo obrigado,5
Bom bom Deus abençoe vcs,5
Gostei,5
gostei muito toda minha família usa recomendo 😁,4
Muito bom!,5
muito bom,5
O epp é bom,5
Não da para salvar foto de perfil das pessoas nem da print da foto 👎,1
"Estou enfrentando pobremas no áudio, quando envio uma mensagem de áudio ela sai super baixa. Entretanto na chamada escutam normalmente",1
ótima,5
legal,5
Tá difícil,2
Simplesmente amei.,5
good,5
Ótima,5
Não consigo usar o whatsApp,1
"Atualização não chega nunca , aguardando desde do ano passado nada ainda",2
ótimo,5
Bom,5
"Se o whatsapp fosse igual o gb ngm teria escolhido o gb pra usar e parar de usar o whatsapp normal, primeiro q tirar print da foto de perfil não pode, que calúnia!!! Tirwr print do perfil do colega, também não pode, o que é isso!? Poderia pelo menos a opção de abaixar o status do coleguinha, muito chato isso sério, hoje fui tirar print do perfil do meu amigo pra mostrat pra ele como salvei o ctt dele, o Whatsapp fala que n pode por conta da privacidade, privacidade é meu ovo esquerdo!! Melhoras.",3
"Ele buga demais, na hora de postar status, principalmente os videos. As fotos e videos já salvos não aparecem na mídia.",5
Ótimo,5
"WhatsApp é uma plataforma forma digital realmente incrível, eu até recomendaria! Mas não é preciso porque uma grande parte de pessoas no mundo o usam, dou cinco estrelas porque é um aplicativo fantástico",5
Boa,3
Gosto muito de estar no WhatsApp 👍👍👍❤,5
Ótimo,5
Bom,5
"atualiza sempre. eu não gosto das atualizações, e não consigo me acostumar, quero as versões antigas",1
Muito bom,5
Bom,5
satisfatório,5
Otima,5
e ispecial,3
Não consigo ter acesso ao meu whatsapp preciso de ajuda,5
Muito bom 👍,5
Melhor e mais rápido de se cômica ! Sem oWhats Messenger estou sem tudo,5
Me bloquearam por spam porquê estava procurando trabalho pelos Sites . Agora estou sem conversar com minha família porque onde estou só funciona Whats,1
Satisfeito.,5
😁,5
É um dos aplicativos mais seguros,5
