review,rating
"What’s app from its invention in 2009 has become one of the most frequently used applications in smart phones. It provides the range for regular chatting, voice calling and live video calling domestically and around the world in every nation internationally.

The service has maximized communication between human souls in an efficient and elegant manner. People have saved on millions of dollars in landline and mobile phone bills through this system. The techniques are grasped well by people of all age groups. And the following of global celebrities and various industries and associations is made easier through various groups within what’s app. The revival of the golden era music alongside educational reminders happens in brilliant videos over what’s app.",5
"The privacy on WhatsApp is incredible, I know you probably don’t have time for young girls but basically my whole year level agrees to make it more like snap, not fully copy right but try and change the status so it isn’t so embarrassing when you add to it👍 Also if you do change it we have all agreed to spread the word, you know tell everyone to get it because it’s better than snap, hahahaha!!! Also you should add a camera simble next to all the chats so you can just click on that and send a specific photo to each chat, instead of changing it in settings every time😫 another good reason is because Snapchat is 17+ or something so basically no one is allowed it, if you include these simple things then it might just be the next big app, isn’t that what you want??? I know exactly what your thinking why would any idiot like me waste all of this time just for a comment? Well because it’s not just me talking about this, it’s the whole freakin school!! Even the teachers, I am only 16, I don’t expect you to just go and change it but at least try!! Why save the best till last, it’s worth a crack isn’t it?? And if it doesn’t work, just change it back no biggy, and I know I have no idea what I am taking about it’s probably a lot harder than I think it is but just have a go!! You only have one life so why not try and live it instead of trying to survive it???
Yours Sincerely,
The great idea!!",4
"Hi WhatsApp,
This app is really great, I use it everyday and is exactly what I need! It is a basic app for messaging, but with so many advanced features!
 However, I think a really good improvement for this app would be to have information on photos you send. So if you click on your photo either on a chat or status, you can find out who saved or took a screenshot of it. This would be very beneficial for many users, and enhance the app even more! One more thing that would be great to be able to do is delete photos, even if everyone has viewed it. Every person I’ve talked to wants this feature, and it would be helpful for personal, non business related chats. So once everyone has viewed it, you could still go back and delete it before more people save it. I would love to see these as an addition for WhatsApp, as it is such a great app! Thanks for your time!",4
"Im on holiday and reliant on whatsapp to communicate with agents, hotels, hosts, fellow travellers etc. this app has banned me 5 times in two weeks with no explanation as to why, ive sent less than a dozen messages to 4 users. Their customer support sends autogenerated responses that dont address my problem. Im unbanned and them banned again within a day or two, with no explanation or cause. This has been incredibly disruptive to my trip and its a real shame this app is so ubiquitous when its treating its customers so poorly.

Update: I’m now in my 8th ban for “spam”, im banned immediately each time i send my first message to any number. I am just trying to reach out to hotels, travel agents etc while travelling. Im doing nothing untoward or remotely spammy. Each time ive been unbanned 24hrs later and it is explained as an “accident”, then i am immediately rebanned. No human support to help me, just the same loop of dealing with robots. Im in a foreign country and unable to talk to many businesses and services who exclusively use this terrible app putting my safety at risk.",1
"If there was ever an equivalent of social services that took words away while they were being abused then WhatsApp would have the word ‘private’ in front of a child psychologist showing the nice lady where exactly on the toy smartphone it was that weird Uncle WhatsApp took photos of them without their knowledge and sold the offer to data to his all of sweaty golfing buddies. 

That’s before the child psychologist smashes the toy on the ground and forgets about the whole 'tortured simile' thing, and having a sticky beak by scrolling down there ⤹ ~<(* )  and looking at all the information WhatsApp thinks it deserves - like a couch surfing room mate asking clarifiers during a family emergency.  

Here's a better idea: Don't download it! Because the fact you need to scroll down at all to check what data an app employing the word  ‘private’ (in its product heading no less) is demanding is like - shoving a mango scented marker pen up your nostril and then checking the back of the box to determine how many servings of your daily recommended fruit intake it just counted as.",1
"I use to love this app it been at least 3 years since I first started using WhatsApp but yesterday I posted a lot of stuff on my WhatsApp channel. When I finally stopped posting stuff I didn’t use my phone for like a few hours. I few hours later I got a notification from one of my friends so I went on the app and it took me back to my home page I opened the app again and it did the same thing. So I tried restarting my phone and it didn’t work again!!!! Then I went on Apple Store to update the app but when it was done updating I try opening the app again and it kicked me back to my home page again😢 and also can u please fix the avatar they look weird. Anyway I always loved this app but if u can fix this bug I would really be happy 😃 
Thank you for reading this really long review and hope you can fix it 😉",3
"The old saying ‘it takes two to tango’ sums up my stance regarding using this app.. although it may be used slightly out of context, my experience has highlighted that the messaging/responses/and sometimes forwarded conversations or even altered images really can’t beat a face to face conversation (IRL or video chat if you must).  Dealing with another 3 or 4 understudy’s in the wings, idling the shadows (like a peeping Tom, Mark or {insert name here} highlights both the good and bad points of some of the security features in place within Whatsapp. Suppose that’s what I signed up somehow in the fine print of terms and conditions. 🤫🤓🤪",5
Today was a terrible day. i had gone to a friends house and wanted to check whatsapp to see if my mum had texted me and when i pressed it it glitched me out. i tried for a good 10 minutes and even tried going in after an hour. i didn’t even have any other apps open in my phone. i restarted my phone and offloaded the app but that didn’t work so i deleted tha app and even that didn’t work. so i decided to wait till i got home. on the car ride home i found 3 of my other friends who were at home all day had the same experience and 1 even lost ALL her chats when hers stared working. mine just started working and i’ve lost a months worth of chats and i am so disappointed. this used to happen to my phone every monday for a month and i lost 1 weeks worths of chats (this was around march). then my whatsapp updated so im guessing that was the reason. but today was different. it wasn’t just my phone. whatsapp what is this and why did it happen?,1
"Hi developers! 
WhatsApp is super useful, it’s my go-to messaging platform. I use it almost daily, and have rarely ever had problems with it. Clean, simple, easy to use, aesthetically pleasing interface, WhatsApp is great in a lot of ways. One of my issues with WhatsApp, however great it may be, is that the features regarding image sending and editing is extremely simple. I understand that you don’t want to make it too complicated, it is a messaging platform and not an art platform after all. However, I’ve noticed that when trying to mark up images and draw on them I’ll often have a particular colour that I used that I want to reuse, but there is no tool to grab a colour and use it again, and this has been quite frustrating. 

I’m not saying that you should incorporate extravagant colour pickers or a way to save old colours, that’s unnecessary. I just think it would be extremely beneficial to include a button (perhaps an eye dropper) below the colours that you can use to pick colours from an image or previous lines to match. 

I’d really appreciate your consideration, as I think it would be very useful. :)
Thanks",4
"It would be really great if you could use an emoji /thumbs up etc symbol to agree to someone. Instead, if you’re in a big group, you get every tiny boring notification just because someone needed to show they agreed with something, when you could have had just something like a ‘like’ button. 
The consonant notifications in group chats are very annoying. I know you can mute, but you never know if something is important or not until you’ve read it. If you made a like button and then an option to mute notifications for reactions (likes, dislikes etc), it would make this app a lot better, thank you.",4
"I am writing this because,, the suggestion from Apple support, which was to provide feedback, lead me to the App & it’s, Auto Bott’s suggestions for resolving the issue. The issue- Not being able to assign a Purchased Ringtone to contacts on WhatsApp. This had already been established in my discussion with Apple support. 5 BIG ⭐️⭐️⭐️⭐️⭐️for great support by 🍏. Sadly, “Meta” chose to not be supportive. Not a big surprise, not even a little surprise.🤨😔🙄 It’s yet another example of a organisation who believes that, it can treat people with contempt. All I wanted to do was provide feedback that would, in the opinion of both myself and the 🍏support team, added another beneficial feature to the app. Maybe 🤔 they might read their reviews, let’s hope they do. 🤞🏼🙄🤷‍♀️……….",3
"First of all, the whastapp customer support is close to NONE. Horrible customer service. The BIG ISSUE is that there is no number/account safety. You can loose your number so quickly, i change my simcard because im in an area that i need another simcard and in the time of 3hours i lost my 4 years account with all my clients loosing a lot of money. When i try to comunicate this with support was imposible. They didn’t even gave me the chance to set an automatic message to my chats or contacts that i was changing number, i didn't even want to change number! Just the sim card for signal. I changed simcards 3 times since i had that account. Now is lost there is a teenager girl on my profile picture talking with my former contacts. If there is any other company there that lunch something similar to whatsapp there and some of my friends are using it, i will switch in a heartbeat.",1
"This feature has been one of the most annoying aspects of WhatsApp.

Everytime you download WhatsApp on your device, you are always subject to the default settings when saving your data on your device

One of this features is how by default WhatsApp will download any image or video shared in any conversation which you are apart of into your camera roll photo album.

This results in images and video which I do not possess appearing into your camera roll.

The reason why I don’t like this is because you are not in control of what people share and it doesn’t mean you want their content saved in your camera roll.

It’s particularly annoying with GIFs or Memes which are not actually funny and rather offensive.

I would like Facebook INC to change this feature to do not download all images and video from conversation as the default preference.",5
"Ok a few things. I love this app it’s amazing for me to text my family and friends. However when I don’t have much storage left it shuts me out of the whole app. The other day I was in a sticky situation and needed to message a friend on WhatsApp who I can’t message on normal message apps. But I didn’t have much storage and it had locked me from the whole app so I couldn’t message her until I deleted so many photos. Another feature which would be a great add on to the app would be timed texts. If you don’t know what I mean by that I mean messages that you can choose when you want to send them by putting them ons timer and they send at that later time.
Thank you.",4
"Would rate this 0 stars if I could. My number got flagged as cannot make an account due to spam (I have never owned a WhatsApp account) I wasn’t mad, surely it was a mistake. I requested a review and they restored my account saying it was an accidental flag, tried to use it, it flagged me again, I was annoyed but I requested a review once again and they said the same thing and “restored” my account. Third time trying to use the app, it flagged my number again. I have to use this for my University work and I am behind on my assessment majorly because of this and I am so upset. I might fail my assignment because of an app not letting me use it, out of desperation I used a friends number who also has never used WhatsApp, and it flagged my account again. I need someone to get in contact with me about this ASAP.",1
"I have done a bit of research on whether whatsapp is free internationally.
I am still too unsure that i won’t be charged, and i find the app’s description to be very inconclusive. 
It says INTERNATIONAL CALLS AND TEXTING FREE but it has the * symbol.
Then you scroll down and it says 
*Data charges may apply.
What the hell does that even mean? I’m tired of searching for the true answer and I don’t want to take the chance and lose money. There is no conclusive answer anywhere.
I would like to be able to move past instagram dms and talk to my friend internationally using my mobile data, because using my mobile data to go on instagram takes up a lot more data than going on whatsapp.
Please can you give me a straight answer?? I would really like to contact my friend more often.
Thank you very much,
Isabeau

(note: this app has been very good for all my other friends who live in australia and my city, especially contacting those who have androids, or just catching up with old school friends in a group chat. I love using whatsapp I would just like to know about the international thing.)",4
"I think whatsapp is great but I’m the camera they could add some filters. Not too many, just stuff like black and white (mono). 
As well as this they could add a like button on the Status section. So even if you don’t want to comment, you can still like it. This is so the person knows that you liked the image or whatever. Because when you see the views on your status you don’t know if people actually liked it or not. 
But over all it is a great app. Especially because you can see if someone has read your message or not.",5
"Could you please add more mute settings?? A 24 hour and a 48 hour option would be amazing - 8 hrs to a week is a bit too far of a jump, and not really practical. For example, 48 hours would allow me to mute my work conversation on my days off, allowing me to separate more for my mental health. Right now, my options are mute for a week and risk forgetting to unmute it in time for my next shift, or having to repeatedly mute for 8 hours over my days off if I want some separation, becoming more stressed every time I do - it’s one extreme or the other. Please, some more options would be wonderful. Thank you.",4
"Ok, so I don’t like leaving negative reviews because there is always room for improvement with all things. I do however like to leave truthful reviews as positively as possible based on my experience. 

I have been using WhatsApp for two years now. I live outside of my home country and have friends all over the world so I am constantly communicating with people through WhatsApp. It seems like lately I am constantly being inundated with spam of all kinds. Spammers wanting to reach out to me “as a friend”, group chats about getting rich today, spam sites reaching out to me, etc. And today I received spam in my messages and email through WhatsApp.

This is terribly discouraging and frustrating. I use other third party apps and have never experienced an issue with any of them except WhatsApp and Messenger. 

Because so many of my friends use WhatsApp, I would love to be able to trust it and not have to deal with unwanted solicitation. Is there a way for WhatsApp to up their game? That is my desire. It would be much easier for that to happen than for me to convince all of my friends to use another app.",2
I love the voice note feature in WhatsApp and use it constantly to connect with friends. However something that happens regularly is that one of us forgets we are connected to a Bluetooth speaker or headphones and then a whole voice note records without sound. It would be GREAT if WhatsApp could build in a feature where it notices if Bluetooth is connected and gives a warning or won’t go ahead with recording the message. Please! Thank you! It’s so sad to speak your heart deeply for 15min only to realize it went into the void. Thanks guys 🙌🏼,4
"Hii, WhatsApp i want to suggest that please add a new feature to check a particular date chat in this feature we can check any information from our chat which i had before a month. In the absence of this feature sometimes we want a information which we have shared via chat with someone or we want it immediately but it takes too much time to find. So, it will be easy to find if just open a particular chat and search a particular date and get all within a min. I am looking forward for this update.
Thanks",5
"WhatsApp is honestly one of my favorite ways to text my friends and there’s very few bugs. It’s a great quality app and I’ve had it for about 3 months now and I haven’t had any problems that weren’t fixed by an update. The only downside is that I recently broke my phone and can’t see the screen at all but I don’t have the money for a new phone just yet, it would honestly be great if it was possible to have WhatsApp expand to iPad and iPod just to make it easier for people that can’t get it because they don’t have a phone or their phones are currently broken. Please expand this to more devices. Thx",4
I love this app to keep in contact with overseas friend and family. It would be great to be able to permanently archive an active group chat. Turning off notifications and muting the chat helps as long as you’re not actually using the app. However if you’re using it the number of messages still appears next to the chat and the chat always stays at the top of your list. The only other way to not see the chat is to leave the group which can be awkward. Please make this a feature in the next version. And also a way to organise chats under different categories/tabs would be awesome.,4
"I have been an ardent user of WhatsApp since its inception and I have always enjoyed it and given very good reviews and also don’t miss an opportunity to recommend to friends and family. This recent status update has been a PAIN FOR ME as it is one of the features that made WhatsApp unique from other instant messengers. Please change the status update back to the vertical arrangement as against this new horizontal arrangement. IT’S DRIVING ME AND MOST USERS CRAZY!!!!! Thank you.
I would have give it a 5 star rating but this update is why I am rating it a 2.",5
"Thank you WhatsApp! It has been such a great tool for communication so far, I thought that it would be great if a poll function can also be integrated in the group chat — especially useful when trying to organise event etc so people can quickly choose the dates etc... or the going or not going rsvp function like we have in Facebook messenger? 

Also is it possible to have unread messages to be deletable forever for all recipients? It seems that it is currently only deletable within certain minutes after its being sent?",5
"I’ve just updated from my iPhone 6 to an iPhone 12. I never had any problems phoning friends overseas on the iPhone 6 but having tried to phone someone in another country this weekend,I could not get through and I don’t know what it said because a message appeared very briefly on the screen before I could even take a screenshot. 

How can I address this to allow me to communicate with my overseas friends and family with WhatsApp? Normally, I would give this a very high rating but from going to something simple on my older iPhone to now an issue,  has just been very frustrating. I have tried to address the problem but it has been very time-consuming and unsuccessful.",2
"WhatsApp is good and better for sending stuff quickly but it has slight problems such as when I send a photo it goes all blurry and pixelated also it doesn’t say when someone downloads an image that you send which could be a problem for some people

Wow hello someone is actually reading my review that’s ✨✨✨amazing ✨✨✨ because you’ve made it here HIII your amazing I would totally give you my number so you can talk to me on WhatsApp but you know stranger danger 

BYEEEEE 🏠🏡🏘️🏚️🏗️🏭🏢🏬🏣🏤🏥🏦🏨🏪🏫🏩💒🏛️⛪️🕌🕍🛕🕋⛩️🛤️🛣️🗾🎑🏞️🌅🌇🎆🎇🌠🌄🌆🏙️🌃🌌🌉🌁",5
"I would like to express my heartfelt gratitude to the creators of WhatsApp. Your incredible creation has truly made a significant impact on people's lives, allowing loved ones to feel closer to each other, regardless of the distance. It brings back memories of a time when making international calls to my home country used to cost a staggering $3.40 per minute and that was in the 90’s money value. Thank you, WhatsApp makers, for making communication more accessible and bridging the gap between loved ones.",5
"6 Aug 2018. Love the app, but have found that Siri does not work with this app. When asking Siri to send a message to a contact using WhatsApp the reply is always the same “ mmmm couldn’t find Pat or John or whoever in your WhatsApp contacts” It doesn’t matter which contact name I choose it’s always the same reply. I have checked all my settings, given WhatsApp access to my contacts but still Siri, comes back with the same response. 
I thought at first it might be my phone (iPhone 6) but after trying it on my friends phone (iPhone 6) same thing Siri could not send a message or ring a contact using WhatsApp on her phone. On her phone the response was the same. 
I have tried different ways of asking Siri the question. 
1. Using WhatsApp ring Pat. 
2. Ring John using WhatsApp 
3. Dial John using WhatsApp
4. Using WhatsApp dial Steve
5. Using WhatsApp call Steve. 
6. Call Home using WhatsApp
But I get the same answer 
“Sorry WhatsApp couldn’t find John in your contacts who would you like to call?” 😪
Regards:
Trev",4
"I’ve used WhatsApp for years and it has helped me to keep in touch with friends and family across the globe. But over the last 6 months I’ve received various spam messages from unknown numbers. The messages are in perfect English and the profile photo is always a young Asian woman. Most people I know in Australia (partner, family & friends) are experiencing the same thing. It’s getting out of hand. My partner and I just received an identical message, only the number was different, both profiles included a photo of a young (different) Asian woman. If WhatsApp doesn’t do something to stop this I won’t continue to use what was once an almost perfect app/experience.",2
"Hi!
Undoubtedly this app is something part of our daily life now and after all these years of technological advancement - it’s a shame that transferring from an old iPhone to new one could so painful !! Whatever the app suggests doesn’t match the reality at all and it’s a very very annoying feel given other popular app like such of WeChat was so quick and easy between the phones to transfer ! I did back up on iCloud and some messages / group chats are missing when transferred but then i had to fall back to old phone - reinstall and get on with usual business chats.
I request the concern people to address this issue urgently & see how to make UX of this particular feature more reliable and practical .  Thank you and best of luck !",1
"Unread messages badges still disappear if you open the app and then close the app before you open the message within the app. Even worse, if you are chatting to someone and you receive a message in another chat but close the app before you read it, there are never any badges on the app on the home screen!

And before I have a Karen telling me to check my notification settings, it has nothing to do with that. The badges work, they just disappear before the messages are being read. This is a known software fault in WhatsApp. It’s been broken for years and there are thousands of people reporting the same issue.

I remain unsatisfied by the this app and Meta.",2
"Calls through WhatsApp do not work on Apple Watch. I cannot tell who is calling me which forces me to take my phone out of my pocket to see who is calling. When my phone is on silent this can be rather annoying as I may miss the call entirely. Even Facebook Messenger has the same problem even though it has an Apple Watch app! This could probably be solved by sending a simple notification to the Notification centre when phone calls are being received. If possible, a Garmin-watch-like system would be nice with options to decline or answer calls. I’m not sure if that’s possible with Apple’s SDK but I’d at least like to see simple notifications.",3
"When we have to update whatsapp how come we go on the App Store and it says this app does not updating I don’t know if this is only my phone or this happens to some one else but could you please fix this and also when our phone is ringing why do we have to open whatsapp to answer a call why can’t we just answer the call outside of whatsapp 

Overall your app is amazing but if you could fix these things then I would be very grateful",5
Wow! I was honestly very surprised when I got this app that it was going to be this useful and fantastic! I would never not recommend this app to all of you! This app is great for these times especially because you can still talk to friends and family! CoronaVirus is terrible so talking to your friends on This is great! Would recommend to everyone! I would say 7+ for this app! If your parents are worried about this app for you then show them this comment! This app is great for all ages! Recommend by...,5
"Hello Team,

We now have Disappearing Messages feature in WhatsApp, where we can set the older messages to auto-disappear after a certain time duration.

In Group Chats, once it is set, this gets set for the complete group, I.e., all members of that group. Now, a certain Group Chat can have LESS importance for few Members, and can have MORE importance for other Members. Members in first category want the messages to Disappear, but the members second category do NOT want the messages to Disappear.

So, suggestion is, is it possible to enhance the feature, so that individuals in the Group Chat can set their own Message Disappear timeline preference based on their need, without affecting the other members of the group. It’ll be similar to “Delete For You” and “Delete For Everyone” options available while deleting a post in the Group Chats.

Happy to clarify, if there are any queries.

Regards,
Sumant",4
"I love this app, I didn’t use it a while ago but I really think it’s great. I recommended it to a friend and she got it to and also like it. But I only have one problem it doesn’t allow iPads to get the app. Now I have a phone but at the moment I want to be able to use my iPad which for starters has a much bigger screen and allows for more movement. Even when u tried to use an airdrop to try to get it on my iPad it didn’t work. I think getting it on iPad would be great and then my other friends can also get it cause most of them use iPads",4
"I use Whatsapp all the time to communicate with family and friends around the world. It’s incredibly convenient and simple and for the most part, has been an absolute pleasure to use. 

With the latest IOS 11 update however, I’ve noticed the app has become a lot more laggy - particularly when I’m typing a message and I switch to and from the emoji keyboard. The app will often freeze for 15-20 seconds as soon as I have switched from one or the other which I am finding terribly annoying. 

I would also love if we were able to use Whatsapp on a computer without it needing to be synced to your phone in order to function. Other messaging apps (iMessage, Facebook Messenger, LINE, Kakaotalk) allow this - what’s up, Whatsapp? 

Otherwise a great app. A couple of minor improvements could be made but it is useful nonetheless. Probably my most-used app!",5
"I have an issue with the disabling of the main Whatsapp system when the password for Backups is being requested.  Not me specifically but some elderly family members who were out and about suddenly couldnt use Whatsapp to communicate without having to recall their password (which they didnt have at hand, so effectively lost whatsapp for several hours) There should be a warning or a countdown to let you know the prompt is going to happen shortly, but doesn’t immediately disable whatsapp.",4
"1. Chat backup used to happen daily when plugged in and connected to wifi. Since the last major release, this has stopped working. Only manual updates work.

2. Add more notification management
Please add a way to suppress/silent subsequent messages from the same person/group within a short period. People tend to send messages as they type these days, rather than write a massive paragraph and send at the end. Would be good to have the option to only push notify once every 30 seconds perhaps from the same sender.",4
"I really love this app to the extent that I can’t imagine living without it because it’s where I can contact all my friends and relatives who use it very easily! Thank you very much 
However I’m frustrated that I can’t send videos of large sizes. It’s really frustrating to like a video and benefit from it and then you can’t share it with your lived ones just because of the size limit. So if you could fix that that would be VERY appreciated :)! Thanks again for the lovely app!",5
"Previously when I used to delete a message from a chat, Whatsapp automatically used to resort the chat list according to date. As a result of recently upgrading the app in this current version, when I delete a message it does not change the chat list by date. For example, if someone messaged me last month and then again today, if I delete today's message, that chat will not move down to last month. In fact, it will remain on top of the list with last month date on the right. Please correct and restore to how it worked on previous versions. Thanks.",2
"This new update prevents you from editing a picture if you’re sending it directly from your gallery or anywhere else from that matter. You can only edit when you select the picture while in the person’s page. I’m not sure why but your new updates always come with issues! You probably should ask customers what they want instead of making awkward updates because we are forced to update! The ai option too???? It’s a communication app! Do we need that?? Can’t we have the option to deactivate it.

Please help fix these problems. 
1. Editing pictures when sending (which was not a problem initially!)
2. Option to deactivate ai",1
"Works off your phones data plan if you don’t hook to wifi. Data rates will apply as per your phone plan so if you use up your data you will be be charged. When you go international always make sure there is available free wifi and hook to it prior to using Whatsapp, that way you won’t use up your data plan (which happens really quick when outside your own country) and there won’t be any charges. It’s the only app I use when I travel.",5
"This app is brilliant for overseas travelling and holidays, or just to message friends and family in other countries, as it doesn't need the use of mobile data, only wifi. This could be even better if it didn't need wifi because you could use it out and about. And with a multiple photo selection because one at a time is very hard for large amounts. Overall it is great. I am using it to message family while I am away in another country. I have wifi and it uses no mobile data unless you choose :))",4
"You have some nerve saying people have a lot of confusion about the new privacy policy. No one is confused. We are downright outrageous. So much for promising to keep WhatsApp walled off from rest of Facebook. They made it seem like nothing’s changing now only because data sharing with Facebook had already begun in the policy update in 2016, only then there wasn’t a momentum for switching away from big tech. No point in sticking with you when Signal keeps messages encrypted PLUS no metadata logs, let alone sharing. There’s still a massive user base now on WhatsApp but won’t be long, at least not for privacy conscious users. After all the same founder of WhatsApp made Signal too. Facebook ruins everything it touches. Learn the lessons",1
"Why official WhatsApp don’t offer the features that are available in GB WhatsApp? The modifications I heard in GB WhatsApp is very convenient for users as they provide modifications like reverting the deleted messages, status seen without coming in the list of viewers, changing wallpapers for individual chats etc. 

I haven’t used it yet as it will be illegal I think to use the modification of original app. But I really hope that WhatsApp could update some coolest features in its new updates as today the most young generation tries to find those modifications in GB WhatsApp  and got tricked by fake websites offering those features. Very few in real get success in installing the legitimate go whatsapp.",1
"I think the app is great, but when I look at the messages it has grey and blue ticks, 2 grey ticks means that it has been delivered and 2 blue ticks means that it has been read. The only thing I think they should improve the app is to make as many blue ticks there is as people. Eg. if I have a group chat of 8 but only 5 people have read my text then it should have 5 blue ticks, but if all of the people in my group chat have read it they should make it one tick but another colour like red or something so I know that everyone has read it. But other then that I think this app is Awesome",4
"Finally an app that does exactly as it says. Its got very good support. Picture is usually very clear and if your network is good then the app performs brilliantly. Its sound is crystal clear. Its only drawback is it doesnt have pictures to choose from in app so your constantly having to go to your own saved stuff, or use gif apps. All in all well worth downloading now, what are you waiting for you already have the written invitation. Its the only communications app you will ever need.",5
"I have emailed to support that in iphone i am getting two different ringtone like for voice call and for video call i am getting two different ringtone and there is no option to change them because video call tone is so scary which i never set and I can’t change it even though i change my ringtone in settings but still it is not changing. 
When I emailed the support they told me to change message tone 😤 they didn’t even listen to my problem even i have emailed them back and they told we already have gave you solution please refer to it. How come this big messengers company lack in support for user 
Very disappointed 😔",1
"When you alert your customers that there is a new version, and the current version is about to expire, and you provide a hyperlink for the customer to press thinking that it will take them to the AppStore to update said version, please ensure that link actually works in redirecting customers to the AppStore to update the app. Instead, all it did was exit the app and customers then needed to open AppStore and search for the app… Really frustrating and not helpful. 

Please improve the experience for the next one.",3
Whatsapp is my go to for communicating with friends & family around the world. The most & only annoying thing is that once you open the app the unopened messages notification badge disappears so it is easy to miss unread messages (whether unopened or marked unread). All other apps keep the notification minus those messages you have dismissed. I would love for this to be improved by the development team as it decidedly makes the app less user friendly & less helpful.,3
"WhatsApp is pretty good. Does what it says on the tin… until the devs decide to put out a new version and suddenly you can’t use the app at all until you update! Imagine, you’re out in the bush and want to send a message to your family “doing great, just made it up the mountain. Camping here tonight” but the app says “expired” and you can’t update because you haven’t got enough bars and don’t want to waste your data downloading a new version of an app you already have. 
So dumb. 

Other than that, WhatsApp does exactly what it says it does. And that’s enough.",3
"In your next update, you should include a search option in the community section. People would be able to search for communities around them with also already having the option to create one. 
For example : The search could be like ( football community, basketball, hiking, camping, beach, cruising community) and so on.. This would help people find communities where they feel like they belong.",5
"WhatsApp provides great platform for communication for individuals and groups - most users I know believe it is vaulted both ways ie end to end but this is not the case - my understanding that encryption can be lifted in Australia to various authorities on ‘ national security ‘ interests under issuance of a warrant - the trouble is warrants so issued - it is my belief - are handed out like lollipops - without due diligence and consideration for the principles of a Parliamentary Democracy, Rule of Law and Privacy and the consequences when interested authorities abuse the powers so invested in them !",4
"This app is good and all the improvements have made it better over the years. Can you make a provision for keeping unread messages within chats unread? Currently what happens is that if I open a chat all the messages become read yet sometimes I may want to read upto a certain point and continue from there later. This kind of feature is available in Telegram. 

Best regards",5
"I changed my WhatsApp number when I moved to Canada and they just kept banning my account repeatedly.. The worse part is, they take 24 hours after ban to review and I have to wait that long to get my chats back, after that they would ban again in the next 4 or 3 hours later.. I’m currently under review after they banned this evening, very bad app.I regret choosing this app for everything🤦💔🥲",5
"This app is fantastic, I’ve used it for many years now and highly recommend it. I just hate how the video quality is so poor when uploading to whatsapp. They want to save on storage by reducing the size of the video and it becomes all pixilated. I don’t care about backing up my convos and I save the shared images and videos to my phone, so I can delete them on whatsapp. I wish there was an option to upload in full quality.",4
Great app but I hate how when I go into the app because someone has messaged me - wether I click on the message or not it would the little 1 that says I have 1 new message disappears. If I forget to open the message - because the one disappears I forget and don’t open the message. I had a message from 3 months ago. I opened the app to do something g unrelated to the message. But because I OPENED the app NOT the message itself- the little notification disappeared. I didn’t remember till recently that I had this message. Please fix this-,4
"WhatsApp is a clear demonstration of technological advancement. Since falsehood seems to thrive more than the truth, a lot of work is required on the education front. Community leader like me ought to be equipped or resourced with funding to educate users and financially reward detectors of falsehood. An embedded software facility to detect repeated use of abusive words and caution users might help. Whilst all the negativities are user-created, they still dent an otherwise super platform for community message dissemination.",4
"Hi
First of all, would like to say great app, brings the family and friends closer. I am really enjoying this app and thankful for that. But after latest update, my app won’t show any notifications and I won’t know any messages or call until I open the app. I tried changing the notifications settings and reverting back to default, yet there is no change. If you could please find me a solution, I would highly appreciate it. Thanks.",5
"One of the most buggy apps of all time! The quality of video/audio call is not very good and sometimes disconnects randomly! I cancelled a call becouse I was busy, when I tryed to return that call, the app told me you can’t place a call while you’re already on one! What I don’t understand is how one of the world’s richest men aka zuckerberg cant pay  some of the best developers to fix his apps! Being a developer myself, I highly recommend using Telegram over this! It’s way faster, has more features like saving the data you need, high quality audio/video calls, no limit on data transfer and on top of it, an open-source app!",1
"Yooo….Whats happening with WhatsApp on iPhone…Specifically when you end the voice call but it still stay on top of the screen, even though you cant make a call until you close WhatsApp and turn it on..Sometime when your using fb and WhatsApp noti come and you open it…... You know what there in between my chats???????????????? Nothing bcz i cant see anything the screen is whole black…..Then turn WhatsApp off ::::On again……Even when sometime it ask you 2SVCode when you swap from another to WhatsApp the keyboard never appears……..If it was bug in my phone then it would be with other apps too… but this time its just WhatsApp…",1
"Secure, calls, video calls, txt and group txt.
Excellent for international use as only a WiFi connection is required. 
My only complaint is call and video calls connect too quickly. If you accidentally tap on someone’s name there is no time to disconnect the call and they will receive a missed call. It would be better it was like the iPhones where connection took place after a second or so to give you time to disconnect.",5
"To WhatsApp, I love the app and it's a great way to communicate and talk to friends. I can message my friends and family with this app. I think there are a couple of improvements but none that I can think of!! It would be AWESOME if you could message without wifi but I know that will never happen sadly.😭 If you do end up making it able to use WhatsApp without wifi I'll always use WhatsApp because not everyone has data. Thanks",5
"All the features are perfect. One kind request. We need an option where it will enable the admin in a whatsapp group to block a particular troubling contact number. 
Incident: few teachers have created a group to share the educational details the link was shared publicly. One unknown person joins using that link and keeps on sharing bad irritating information and links. But no one is able to block that contact including the admin. If there is a option to sort this it will be great. Thanks ☺️☺️☺️",4
"I am always using whatsapp for chats and calls on a daily basis. The new update has caused a lot of issues. 
1. Calls sometimes get cut off for absolutely no reason.
2. Pictures will not show up properly if you send them at the same time as you are on a video call with someone
3. The type box will sometimes disappear and you have to scroll down for it to reappear. 
4. The screen will disappear just like when you are on a call and it goes black when your ear is on the screen but it happens in all instances as long as the app is open. I could just have the app open and hover my hand over the speaker area and the screen goes black which is kind of annoying really when im not actually talking to someone. 

A few other minor things too but they are the main ones. I love Whatsapp and like I said, I use it several several times a day so I would appreciate if you could update it again with those issues fixed. Thanks",1
Not secure. So your sending my data to Facebook and I can’t turn it off? Really? If you were honest about your data gouging you wouldn’t have to spend so much on PR damage control. If I’m wrong please advise how I can “opt out” of you stealing and selling my personal information and also please advise how I can get you to delete the data that your sharing? I’d say thank you but this is just another vile privacy violation. Stop selling my personal information and give me the option to stop “sharing” fun fact when someone is sharing personal information without knowledge or consent of the “customer” it’s actually stealing.,1
"I wasted a few hours compiling a detailed reply to a friend and had to leave it for a few minutes before completing & sending it & when I tried to return to it the entire reply had been erased…!! Is this 2023 or 1973 also I wanted to attache 2 photos but instead of it being a simple uninvasive procedure they wanted me to grant them total access to all 3,000 photos & 180 videos in photos & videos, which I refused meaning I was then unable to simply attache 2 photos to my reply.",3
"It’s a handy app to have but I have a complaint about the newest update. 
The darker and rounder text bubble is jarring and it makes the text feel really odd and muddy. The call group chat is also very annoying cause I don’t want to bug people in the group who don’t want to be called, and choosing who to call is better, and the extra steps to do a group call now is very annoying.
other than those, I have no other complaints",4
"WhatsApp decides it likes to crash. If you keep opening it a few times, during which it usually crashes back to the home screen almost immediately, you can get it stable again for a while, but if you switch to another app and come back, the instability is back, too. 

The only way to fix this is to restart your phone, which is annoying. The fact WhatsApp comes from Facebook, you’d think software quality would be top notch, but because WhatsApp works for a while and then exhibits the crashing that I’ve seen people online complain about for years, this is the worst and most unreliable app I’ve used. 

Thank goodness I can use WhatsApp on my Mac or iPad, because the phone version exhibits instability that must be a focus for the developers to fix urgently! Please fix ASAP, I’m not the only person experiencing this as can be ascertained by a simple google search.

I’m using an iPhone 11 Pro Max so am on the latest hardware and iOS 13.4.",2
"I never understood why so many people use this incredibly stupid app in the worldwide! The stupid as showing the phone number in most significant part in the entire app! Do I suppose to remember everyone’s phone number? The states of internet can’t let customers let feedback, lead me miss many messages. Login options is poor, never supposed to use it overseas with a new device. And if you lost your phone number accessional, than that it, you’d never expect your information and contact back. Literal every other apps in chat is better than this! WhatsApp? What a ***** App!

Plz! Everyone! Save the world! Start from delete this app from ME! And YOU!",1
"I've always hated and feared chaining my phone or restoring it or accidentally deleting WhatsApp because then I would loose all my data (Been there done that and it's painful)and I know A lot of ppl struggling like I do

So I would love it if the data gets saved on the app giving the phone number just like telegram 
Don't know how they've done it but it's probably the only feature that makes it better than WhatsApp 
Other than that nothing can compete with this app absolutely love it",4
I’ve been using WhatsApp for about a year now and I absolutely love it. It’s great with you’re overseas because I went to the US last year and it was great to text me friends from the other side of the world. I love the multiple FaceTime feature and the status one. I really hope you could make the background options better but I don’t mind as I use my own. I love WhatsApp and before I used Viber which was similar but WhatsApp honestly is better!,5
"WhatsApp is 50% the app it was before removing the iOS 16 widget for WhatsApp.  Access to recent messages and chats is so much less convenient now.  Meta says it’s been removed due to privacy,  well now it’s my privacy and probably others privacy that is now reduced because you have to open WhatsApp to see who messaged you now, whether it was a priority user or even some spam text.  I don’t like Home Screen banners and notifications so this was my ideal way to screen spam and low priority group texts.  Now it’s gone 😢😢",3
"I had difficulties changing numbers and have been locked out of my account. The WhatsApp help centre has been useless. It cycles through the same few responses including this absolute ripper: “Unfortunately, this issue is out of the scope of support that WhatsApp can provide.” If there was a person on the other end or a phone number to contact customer support I am certain the issue would be fixed. 

Overall unstable accessibility and atrocious customer support have led me to look at other options for messaging platforms. Meta has failed its users and I would advise everyone to step away from them.",1
"WhatsApp is one tool that I’ve been using for the past many years to communicate and keep in touch with my family,relatives and friends especially with my children who live outside our country.

I appreciate all the hard work and efforts to add new features and make it more user friendly. I’m very grateful for keeping it as a free app. 

Wishing you the very best! May you make many, many more happy in this hitec world!",5
"Hi there,
I would recommend a solution to a very common problem that is facing a lot of whatsapp users. The problem is hence we are members of lots of groups, the single chats disappear down under and we dont see it easily hence the groups are active and keeps popping up first. My recommendations is to make a separate icon for groups chats and keep the single chats separate like how u separate calls from chats plz. That would definitely help since we can not pin lots of chats up. Thanks,",4
"I was in remote area and was off from Facebook and what’s app for 15 days as soon as return from trip I called my wife and  talked about a Red Camera hire , I never search about renting this item on internet just had a phone discussion on whatsapp , as soon as i hung up and opens Facebook after 15 days I start getting sponsored post about renting Red camera in my local area , I was shocked. Then  I made another call on whatsapp to my friend and talked about completely different item , and guess what got the same items advertisements on fb. So they are legally or illegally hearing your so called encrypted conversations and selling your data. Bunch of thugs",1
"For some reason, I am not able to open the app from notification center in my iPhone14 pro max (software iOS 16.1). For instance, when a notification arrives in your phone, you can simply touch it and it opens up the respective app. But this isn’t working for Whatsapp (only). I am not sure whether that’s a software issue in my phone or if it’s a Whatsapp related issue or if it’s happening in every 14 pro max device! It’s pretty annoying. Would be glad if whatsapp rolls out an update or bug fix or something.",2
"This happens to be one of my favourite messaging apps. I really do like it how you can delete the conversations from the other person absolutely brilliant! The unsend feature isnreally helpful, much better than so many others. I highly recommend this application to anyone and also the background chatrooms is totally brilliant a well, the images (especially the city image is very captivating).",5
"So when l came back to school, l had just gotten a phone. I really needed something other that the normal messages app on all iPhones and WeChat. So after a few days, my friend introduced me to WhatsApp. It’s really easy to use and l like how you can change the background- .
If you need a app besides Messages or any default massaging system on your phone, l really recommend WhatsApp as it is convenient, good quality and just great for everyone’s use! 
⭐️⭐️⭐️⭐️⭐️",5
"A friend recommended the App to me while I was overseas. It saved the day on 2 occasions when Telstra let me down. I needed to urgently confirm a travel detail in Malta. Within a short time I was speaking to my agent who sorted it immediately.

Soon after that I found myself stranded at Ben Gurion airport in Tel Aviv. I was able to contact the tour leader who happened to be Jane Hutcheon who notified our guide. He retraced my steps within the airport and soon found me! Was I glad to see him!

Thank you",5
"It’s like being able to hold a private ongoing meeting with people of my choice and keep notes, documents, photos and shared links all in one place! I absolutely love it! 

However I’d really like a companion of this app to use on my iPad. Your copy cats seem to be ruining your reputation by really screwing up the privacy and putting in ads that run up fees. Why not kick them to the curb and make an app for iPad so my kids can talk to their gramma  without using my phone. That would be the bomb around here. Then 5 stars 😁",4
Would be nice if they would implement an option to disable making and receiving calls. Some countries don’t allow you to make and receive calls so when you get a call your phone rings but when you answer it disconnects. It’s really annoying to get what you think is a phone call only to realise it’s what’s app. You should be able to disable calls whenever you don’t want to receive any.  You could also move the call icon somewhere where you don’t always accidentally call the person you’re chatting to like in a hidden menu.,2
"Please do fix the issue where even my phone is connected to the internet all the time
But still my Mac whatsapp says “not connected to internet”
Upto I understand it’s the phone which is not syncing in the background  (yes, my setting for background refresh is on only) and I have to open it to get it connected and let it sync

Rest as you all know we love whatsapp",5
"Useful for staying in contact with friends and some international hotels prefer to use it for communications with their customers.

The privacy and security are quite bad. I had some random unsolicited crypto currency chat group titled IDK appear in my chats list. It could not be deleted. All normal swipe functions had somehow been disabled. It was swamping me with hundreds of messages.

I contacted whatsapp/Meta support advising them that their platform had been corrupted and asked for help to resolve this security issue with their app.
I received no proper assistance apart from a bot that kept directing me to the standard instructions for deleting chats (that I had already tried and found to not work in this instance).

Then a day later I received an automated message from Meta asking me to fill out a survey on how well they assisted me! The problem was ignored and never resolved.

VERY POOR USER SUPPORT AND NO CARE FACTOR.",2
"I’m not sure if this is just me but as soon as I updated my whatsapp I was unable to use it when I was out of the house even though I have mobile data. I have found it very annoying as I have not been able to communicate via whatsapp while I am out and about, which defeats the purpose of using it. Other than that problem, I think that it is a good app and is better than normal messaging.",4
"Love WhatsApp so much and it is my main messaging platform but I would love it if you could react to messages, like how in discord you can and a emoji to the message or how in messages you can add a simple reaction emote. I would also like it if I could use WhatsApp on my laptop when my phone is out of charge. Other then these little edits I think it’s a great app and whoever is reading things should get it, anyways stay safe everyone. <33

- idk some random person",4
"The app itself is good. The support staff, however, are not as great. I sent in an email asking a question regarding the removal of iPhone widgets and they responded that I needed to send a video to show the issue. I advised that I cannot send a video of a widget that is not there. I was then sent an email on how to find the WhatsApp app. I again explained that that is not my question as I can find the ‎WhatsApp app, but was inquiring whether the widget feature was removed after the update. I was then completely ignored and my email was not responded to.",2
"I have been using WhatsApp for many years and have always been happy with it. When they first introduced the calls i deactivated the microphone. Now i wanted to activate it again and it is gone. So i cannot make any calls. The microphone is nowhere to be found. Neither internet nor 3 phoneshops could help with this. Whatsapp Support cannot be accessed via the app. Have to install email or on the pc. Would really love to see in app help that works, therefore one star less.",4
"Hi there, 
The new updated WhatsApp has few annoying features, for tablets there’s a default spilt screen which is really annoying and when coming to status audio is been continued though we click on next . 
I think new updated WhatsApp  has few drawbacks, which needs to be fixed by FACEBOOK INC.

Thanks",5
"1. Notifications- Vibrates twice for one message received 
a. Once in the background 
b. Once when opening the app
2. Calls made from Whatsapp have no audio when connected to carplay. Normal calls to the same person is audible on Carplay. When the call is made from Whatsapp and put on loudspeaker the person is audible thus eliminating any network issues.
3. Password input pops up randomly with no keypad to put the password. Thus pushing to forcibly close the app and reopen again.",2
"I want improvement on status whatsapp. This is only my suggestion, it will be really good to see on whatsapp status whoever react on our post. Lets say my friends viewed my status and can press react like such simple way they can react, or respond which is will be send as a message like already exist in whatsapp, we can add react so whoever can react in a simple way which is the reaction can be viewed in status

I hope to see this improvement on whatsapp status

1)adding features or reactions 
2) can instantly swipe up on status to see who's react on our status or reply on our status.
This features will make whatapp so much more convenient and easy tracking on how we can connect in different ways and fun ways on whatsapp! Keep up a good work!",4
"I have lived here in Australia for the past 3 years and all my family and friends are back in South Africa, whom I stay in contact with via whatsapp. The data they refer to is basically like the usage for any multimedia like watching videos or listening to music, but very very little. No charges for calls or texts. And if in WiFi area u don't even use any data on your phone. I don't have a contract, I'm on Optus prepaid. This app is GREAT.",5
"App works all good but have an issue when it comes to forwarding. More than one item be it text message, image or an audio cannot be forwarded. Only the first item selected is sent. Also, the text message being forwarded goes as a newly composed message and not a forwarded message. I use iPhone XS whilst this problem seems mostly associated with only this more I believe. Since iPhone XS Max forwarding is working fine. Please get the fix included in the update.",4
"Can you please make answering a video call more easier/ accessibile. I have no problem but for my grandmother living in Ireland with no experience with technology, it is very difficult for her. I think a lot of people would appreciate this as a vast majority of people use it to contact there relatives, who may live far away from them. Thank you.",5
"A voice message bug that has existed and persisted for years. To reproduce, execute the following steps: while listening to a voice message on 1.5x or 2x speed, close WhatsApp and then lock the screen, the voice message speeds up to 100x speed and then stops playing after 1 second. In order to hear the voice message, you need to have the screen continuously unlocked.  

I’m just at awe at how a bug like this can persist for several years and no one in the development team even notices or bothers to fix it. Really astonishing",1
"Hi WhatsApp... I think you’ve got an awesome app here. The UI is simple, clean and very user friendly! The ONE thing that would make me click that 5th star is an Apple Watch compatible app... I love being able to have my iPhone on my wrist but kinda bummed that there is no WhatsApp app for the watch because it means if I forget my phone I still miss all my WhatsApp notifications. Would love an app for the watch... pleeease!! Otherwise you guys have done an awesome job and I love using this app👍🏼 Thanks!!",4
"You can not hide your presence information unless you block the contact.... i.e. If you don't want other to know if you are online, you must block them. So essentially to enable this privacy option you must block everyone... Other than that, What's App is used instead of other NFP applications that respect (and honour) your privacy options. Also check your options are not reset to default when the application is updated, as has been the case with this specific application only (for some strange reason).",1
"Hey, WhatsApp Devs, this app is really useful and I definitely do think everyone should use it.
There’s just ONE suggestion that I wish was in this app, and that is custom ringtones. I was just a little but disappointed when I couldn’t add my custom ringtones to the notification centre.
Other than that, really good app and I hope you will add this feature.
Thank you.",5
"Idk what to say but i had my old phone back then HTC ik that it was an old model so maybe the new update was not ok for it to cope up with old AI but literally the phone now I am using is iPhone 5s and now it’s having problem again like I am not able to send any messages or anything but I am able to receive it the story for my old phone was that I was not able to download and file or any pic or vid but literally in iPhone 5s it’s having a problem like wha- I-
Whatsapp launch the updates that are necessary I mean like because of you high updates I can’t use your app and that’s your loss😑",1
Please bring the option in next update where i can stop people from calling on WhatsApp without blocking them. It’s so annoying and even after blocking the contact from iPhone settings i still can receive video calls from that specific contact. It’s better to have option stop WhatsApp calls from any contact. Thanks,5
"Hello whatsapp team,
No doubt, it is amazing app and you’re adding more n more features. I would like to tell about minor issue. When I’m using whatsapp, and try to rotate my phone in auto rotation mode my screen goes white and remains white. I can’t see anything except just white display. Please fix this issue. All things are updated my iOS and Whatsapp latest update. 
Thank you so much for this amazing app.",5
LOVE WhatsApp but for a week or so my avatar will not load at all. I can’t edit it at all.  Just always loading especially since all the latest changes.  Nothing I try can get it to load. It’s not the Internet or my phone.  Whatever you’ve changed makes it impossible to load the pic inside the editing part. Thank you,5
"Hello watsapp, Meta ai has been such a useful feature! But can you please make it possible to send images to meta ai? Like, there r things which i don’t know the names of but can’t describe it to get the answer i want and some numerical math problems that i can’t solve but cant type evrything down. So, It would be so nice if i could just send an image to meta ai and it helps me find out the name of that object or help me solve my math problems. Pls do consider 🙏🏻",4
"I’ve been using WhatApp since beginning and admit from the core of my heart that it provided me the ultimate desired services, I needed. It surely is the true blessing of modern time which bridged the gap between me and my kith and kin who always remained out of my reach. It has provide a free lip-to-lip service to present gestation. I owe respect and thanks to it for its blessings. Today, it has become the true voice of needy people. I owe solute to WhatsApp.

Thanks    
Sadiq Saba.",5
"We as an NRI's having 2000+ groups in whatsapp would like to raise a humble suggestion to have an option where the admins of each group to have access for deleting files posted by members which are not complying with our policies and procedures. We have members of all age groups, gender on each groups. It will be much appreciated if this request can be considered with atmost importance. This will help and support all admins in maintaining the credibility of such a wonderful social platform.",4
"But before the latest update, I have a few issues on the notification that doesn’t function all the time, and the WhatsApp messenger between the one on my Iphone and on my macbook pro doesn’t synchronise. I just update on both devices. So I hope there will be no issue after that.",5
"Hey WhatsApp, amazing app with great privacy and reliability but please add a feature where you can share files in your WhatsApp channel because right now I can’t, which has proven to be a big inconvenience because I have a music channel called Voltage Beatz and I need to send MP3 files for my listeners. Overall though, great app, keep it up with the good ideas!",5
"Watsapp is an excellent platform of social media to stay connected safely with friends and family all over the world! 

My personal experience… once was getting unwanted messages from unknown people I contacted Watsapp technical support they acted on it straight away and thus problem solved. Till that day I never got any unknown texts. 

Thank you Watsapp you’re the best ( in my eyes)",5
"Competitor apps give much better call stability than Whattsapp. I am in the centre of Kuala Lumpur and I rarely get through a call without it being interrupted saying it is reconnecting. Goodness knows how people use the app outside major cities.
Additionally, no matter how hard I try I can’t get my iPhone to ring when someone tries to ring me on Whattsapp. It will only ring when I am in the middle of trying to send a text. 
Come on guys it’s not exactly the most complex app on the planet. How long is it going to take to get a fix to these basic problems. Stop adding functions I don’t need and get the ones I do need working properly.",1
Have used WhatsApp without a problem for a number of years - great for messages to friends overseas or to send photos and messages to family and friends when I was away - however woke up today to find I had been blocked due to not complying with their terms of service - managed to get reactivated twice only to be immediately blocked - on trying for 3 rd have been permanently blocked until I comply - unfortunately don’t know what I have done wrong - simply not worth the bother f communicating with Meta’s AI so will just send normal messages and delete app,1
I am so glad to have finally found a contact website that doesn’t store all my messages in a databank for them to sell to other companies. I am also pleased with the fact that you can change the background of you conversation and have group chats with people who don’t have apple phones. The only downside to this app is that you can’t block other people’s status updates from appearing but apart from that a really good app.,4
"Overall WhatsApp is very useful and I generally have no issues with it. 
However.. as of recently the Disappearing Messages timer has been suddenly turning on to some of my chats by itself! This is also happening to other people I know.
So, therefore I would like to raise this concern to see if there isn’t some bug occurring or something. 
Anyways, hope this gets through.. 
Thanks!",4
"The best app I could ever have! Best way to keep in touch with family and friends whilst not living in the same country.
What need improvement is that I reckon it time for whatsapp to fun filters like Snapchat & Instagram, most of my family and friends aren’t into social media. It would be so much fun for whatsapp filters & have fun along the way. Time for whatsapp to get that upgraded 👍",5
"WhatsApp Team,

If WhatsApp had an automatic language translation translate feature or I could just tap on each message and select translate I could keep track of what is being said in the group but unfortunately WhatsApp does not have that feature I will send to WhatsApp Made in the App Store Send a message to the vendor and maybe one day they might actually add this feature.",3
"Hi Team

If you delete a message the notification ““name” deleted the message “shouldn’t be displayed. What’s is the point in deleting the message when the opposite person knows that you deleted a message. For the next update please work on that feature. Should be like Instagram when you click on “Unsend” the message is removed completely and the receiver does not come to know.

Thanks",3
"Whatsapp is a great social media app, recently I had to use different device in different country with local prepaid sims
And I lost my chats as Whats app can only be run on one device with an option of keeping the same original phone number.

Somehow I did not have chat backup on but still chats on that device should show as they were if not backed-up on cloud",4
"I love using ur app, but for the last few months, find it difficult to connect to wifi, and it’s only ur app. I have a brand new iPhone, but most times, it will not connect on video calls using wifi.
I’m also noticing over the last few weeks that when I send a message, sometimes, it will not go through to the other person for at least 25 mins to an hour.
Please fix these issues as I love using ur app, but these issues make it difficult to do so",3
"I live in South Australia, and both my daughters live in Victoria, and the rest of our family live in Italy. This App allows us to keep in touch with our own family room which one of my daughters created. It’s so nice for all of us to be able to chat together, and even my Mum who is 81, sends. Cheerio to her brothers & sisters on this page, every now & then. 10/10 Whatsap🤗",5
"I use this app to communicate with one person only. We do a lot of voice messages. It is ridiculous that when playing a voice message and you move the phone, even just a tiny amount, the message stops playing and the screen goes black. It is not unusual to want to listen to a message while leaving the phone in one place, and walking around doing things. Sometimes this works, most of the time it doesn’t due to the above issue.",2
This app is wonderful  for keeping in touch with family and friends travelling abroad without having to type the same message multiple times and not advertising to the public you are away from your home as happens on other social media platforms,5
"Latest update is filled with bugs, I wish I hadn't downloaded it. I have several friends who contact me solely via whatsapp, and one annoying work-related group that's filled with chatter. Naturally I have the group muted and group notifications turned off. After the latest update, the app notifies me ONLY for new content from the muted group (sound and red message count on the app badge), and fails to notify me for any messages from my contacts, despite me having notifications and sounds turned on for them. Fix required, this is the opposite of easy communication.",1
"It’s really useful. No complaints at all. But I have a suggestion: the time delay of 6 hours to download back into another gadget is horrible. 
Recently I’ve experienced a weird thing that someone got accessed to my account and I’ve tried to get it back in my mobile but I had to wait 9 hours as I’ve tried too many times. Then the scammer used my account for abusing someone. 🤒🤬🤯",5
"Pretty ridiculous customer support, literally non existent. Was banned all of a sudden from WhatsApp, and when I tried numerous times to contact support team by writing email/sending a question through their website, I get no reply. Only the first time did they reply, but it seemed like a standard copy and paste template message. Just tells you to refer to their FAQ page for terms of service and regulations.

Been a week now since my whatsapp number has been banned. Frustrating with all my friend groups and business chats in there. 

RIDICULOUS.",1
"Honestly I use WhatsApp a lot!! I use it a lot to talk to friends but there is one thing that keeps happening and it’s starting to annoy me. Sometimes when I try to send messages to my friends it doesn’t deliver even though I am connected to the wifi, have the app updated and I know the person hasn’t blocked me. So please please fix this, because I sent a message to my friend an hour ago and it still hasn’t sent.",4
Really loved how much whatsapp has progressed after all these years of using it. I particularly enjoyed the new feature of pinning chats so you don’t have to scroll through or try to remember the group you need to search for. An excellent feature - maybe it would also be a worth pinning a message in a group chat like a pinned post. Thanks for reading this!,5
"1. Disappearing messages should be available to be activated by individuals. 
2. It should available to everyone, not just administrators. 
2. Starred messages should not be affected when the disappearing messages option is activated.
3. Time frame should have the option of 14 days and 28 days instead of just 7 days.",5
"WhatsApp is a frequently used essential and is SO useful to me with communicating with my friends and I use AI for the advice… however Ai isn’t working anymore I’ll ask it a question and it will answer then it will forget after 2 questions can you please fix this? I want it to be able to at least remeber 5 days of conversation because it’s really annoying.
But apart from that lovely app would recommend it to everyone",3
"WhatsApp is great but sometimes you can get randomly kicked out for “ breaching terms of service”, this happened to me and I put so much effort in to finding out what had happened. It turns out that it was an “accident”. This was the only thing I didn’t like about WhatsApp, I feel they can improve on the whole accidental kick out, as I really wasn’t happy and I was stressed about it, overall WhatsApp is great besides that one thing. 😄",3
"It will be great an extra option can be added under the Privacy to restrict message send to me when they are not in my contact list. That way can filter out a high volume of scams activities. 

As at the moment this option is only applicable to stop being added to group.",4
I had WhatsApp and just deleted it 2 days ago as I’m grieving loss of someone special and wanted some break. Tried to download again n stupid Apple won’t let me download this app without doing payment method which is completely free. Apple already has a payment method in my account n since they could not take any money from it they now won’t let me download this free app. WhatsApp you so stupid to do business with Apple. They just greedy company literally. Boycotting all them soon. We the people should decide what we pay for. Not Apple,1
"This app is amazing, I love it. Only downside is I had to get a SIM Card to use this app. If everyone was iPhone, I wouldn’t use this app. I only got it so I could chat with my Aunty. I have no recharge. Skype is better, you don’t need a SIM Card. But would recommend to download. Get Skype if you don’t want/have a SIM Card. You can get custom chat wallpapers, with the built in, or your own. 3 and a half stars if I could. ⭐️⭐️⭐️✨",4
"Hi!
WhatsApp is an amazing app! Something I really want to happen and would like WhatsApp to have, is filters so when you take a photo or video, there are face filters which I think are great to have because you can slightly change your appearance when you aren’t looking your best and to give the photo/ video a bit more of an effect. Please consider this!!
Thanks. 🙂",4
"When sending batches of photos (first of all, you can only send 30 at a time), they often show up as blank (images that are all black) and often glitch out of the app.
They are also really slow to start sending once you hit the send button.
Another thing is that users get notified for every single photo which is sent. Just one per batch would be more than enough.",3
"Ever since the latest update I can hear perfectly the other person but they can’t hear me and only every third word is getting through, we never had this issue before. 

It is frustrating even on video calls as the same thing is happening also 

I’m in a long distance relationship and this is our main form of communication so it’s frustrating and sad that we can’t hear each other.",2
"My siblings and I are spread across Australia. We created a what’s app family group to communicate about our 90 year old mum, who is in Sydney where only one of the 5 lives. But we use it to communicate about all sorts of things in our lives, and as the most far-flung and physically isolated one, I am so grateful to have this ease of ongoing connection with the others 💗",5
"This was a good messaging platform until the recent changes to its terms and conditions. 
The recent changes say it will gather and track your phone, addresses, contacts, location and share it with Facebook. It looks like in future this can pave way to tracking your payments, bank details and they will know what your interests are and what you buy. They will sell this info to private businesses and make money.
I am going to leave this platform soon. 
A very excellent alternative is to use signal messenger or Telegram messenger.",1
"It means that if you have a limit to your data usage on your phone, not ‘unlimited’ data for example, that if you are using wifi data to make the calls then you may be charged by your phone company.  If you check your phone data allowance then you will know whether you can talk (video uses more data) or whether you should text.",4
Reading the comment below means like any prepaid phone. You have to switch your data on or use wifi for the app to work. It’s not going to work if you aren’t connected. If you pay your bill post paid and on a plan then this won’t affect you. You will just be charged your monthly bill for unlimited data like me.,5
I have been trying to boost my Google reviews over the last 3 years and had done okay up to 19 reviews.  I then found this app and in the last 3 months my number has jumped up to 65 which is absolutely awesome. The team behind the app have been great with connecting and helping with any issues. Love it. I might even stop my Google Ad words campaign soon!!!,5
This app is an important part of day to day life. It has evolved a lot and has helped a lot in many ways. But today m hell frustrated as I had spent 5hrs for getting backup and still it’s showing 0%... it’s quite frustrating as I have many important conversations and now I wanna which it to new mobile. I don’t know how many people are facing the same issue but yes my friends are also facing the same.,4
"I love WhatsApp. But the recent change that merged the languages (I had Spanish and English) is really bad and annoyingly inconvenient. Cannot be used EFFICIENTLY. 

It doesn’t show the name of the language on your keyboard so when you’re using the voice dictation, it will write crazy things because it was not in the language that you are dictating.
Only then you realise it is in a different language. Even though we have the letter “ñ” in Spanish and you can see it on the keyboard, you get confused when using the voice dictation because it doesn’t let you see clearly the name of the language that is on the keyboard on the space tab as it used to be.

Small changes to make it easier to use, sometimes do the opposite. Please put it back as it was!",3
"Please add the feature to allow a group member to enable disappearing messages for themself only. My work supervisor doesn’t allow disappearing messages on our work group chat but my phone storage is always full and I want the option of disappearing messages for me only. 

Also it’s too hard to bulk delete older messages, you have to select each message one by one which is stupid. If you select more than 100 or so at a time the app crashes as. 

Why don’t you add the feature for us to be able to delete messages for our individual selves in a bulk fashion say by older than 3 months or something. Or, and I’m repeating myself, just have disappearing messages that don’t delete for the whole group!!!!!

Also would be good if you introduced scheduled messaging into the app.",2
"The latest update has messed up the whole functioning of archival. 

Pre update : if I archive someone’s chat and if that person/ group messages me then that chat automatically comes out of archive and gets displayed.

Post update: if I archive someone’s chat and if that person/group messages me then that chat does comes out of archive. We have to manually go and see the archival tab. Because of this feature for last two or days I missed to read messages on time.",2
"Just thought of these feature that whatsapp could consider having to bump up their game. 

1. Scheduled messages - a user could set a time and date to send a messages that has already been written 

2. Silent message - message sent to another user but not activating the user’s notification. Best or ideal at night time or during meetings.",5
"It works, but isn’t very feature rich. It’s a pity that WhatsApp doesn’t let you react to individual messages without making a new reply, or let you see who has read any group chat messages apart from what you have personally sent.  It’s a pity WhatsApp doesn’t support iPad at all.  It’s also a pity that the WhatsApp app on Windows 10 doesn't support voice or video calls and doesn't work when the host mobile phone is switched off.",3
"Whatsapp please fix your bug, i cant see notifications at my notifications bar only on the icon this is the new update and still this problem please fix it & sometimes i see notifications without sound even my phone isn’t on silent thank you",5
I love using whatsapp so much and as well with the update that has status but I would love if youse would add filter like snapchat has so it can just complete the package of it being awesome so plz plz plz put like dog filters or crowns or anything like that you can do thanks I would appreciate it because my parents don't let me have instagram or snapchat and whatsapp is the only thing I have and I believe others will agree and like it to thanksssss👍🏽👍🏽👍🏽👍🏽👍🏽👍🏽👍🏽👍🏽,3
Can you improve this app by putting an option for pop up messages to show or not while you got the option open. You could be showing someone a message/video and a message comes through on the screen. Needs more privacy.,5
Continues issues with WhatsApp There are two issues spoiling my time 1) Calls I’m receiving calls from my friend for every 10seconds even there phone is switched off and not calling me I even can’t use my phone in that scenario complained for 3 times yet this issue often happening to me 2) After 1st issue WhatsApp stopped working though this stupid calls are not stopping and I’m really frustrated with my phone due to WhatsApp calls so I’m writing this 1 star review and I hope this issue should resolve ASAP.,1
"I want to have an option to prevent people sending me voice notes. It takes way more time to listen to a voice note than to read, and any perceived time-saving the sender of the voice note has is wasted ten times over when they have to listen to one in return. The total time taken for two people communicating by voice notes is way more than if they messaged. I don’t send them because I respect other people’s time, and I hate receiving them. Please let there be a way to turn them off.",1
"I was enjoying WhatsApp until my notifications, including badges, sounds, everything, stopped working. 

I have tried the troubleshooting options I found and they worked again for a while, but have now stopped working again. I tried deleting and reinstalling the app and it hasn’t made a difference. 

Very frustrating as I’m missing important messages.",3
"Whatsapp is a very good app and I suggest you buy it. I have been communicating with friends and family. I highly recommend it because you receive messages easily and sending messages is no problem. You can also call your friends and family and it is great. I have other apps similar to whatsapp, but whatsapp is AMAZING. Download it NOW!",5
"The last update is quite disappointing. I really miss having the badges for muted conversation because at least I knew there were new messages without having to open the app. And now I either have to keep opening the app or I am missing messages and seeing them hours later. ;( 
No good",5
Love that I can write messages to my grandparents willets they are on holidays overseas. I love the text function where I can see if he has read my messages and when he was last on the app. Overall nice work. Only thing I would change is where there name is knowing the location would be nice and yeah,5
I can’t get over how amazing this app is. I have tried literally all of the existing texting apps and this one is definitely the best. I have texted on what’s app for so long and I have never had a problem with it. There updates are incredible and I don’t have a problem with any of it. I love this app.,5
"I’ve been a fan of this app for years for international purposes, video calling, and in-chat video link watching, but it recently has become quite slow for me. Maybe this is nit picky, but I really hate the new loading screen that tells you it’s from Facebook. I just want it to work like my messaging app that automatically and quickly opens up to all of my chats.",4
"Great great app! 
Just one request: Many of us have a lot of different chats that would probably fit into different categories (e.g. friends, work, family, hobby and interests group...). It would be extremely helpful for a better and more effective overview if there was an available function like this.",5
"Hi team, what'sapp is a great app and i use it quite often. I have a user scenario for you to consider : I have kids who use my phone all the times, some of my chats are private and I would prefer them to be hidden. 
Currently, I archive the chat however issue any new message auto un archive the chat. 
Hoping your team could come up with something to solve for this. 
Regards
 Mandy",5
"Once  a secure, end-to-end encrypted app with plenty of easy to use text, audio and video features, the latest update comes with a requirement that all information (including financial) be shared with the application’s owner - FaceBook. Soon to be filled with advertisements. Even if you don’t have this, anyone with the program installed who also has your phone number or other details will be required to share them with third parties. Thanks for the years of free and useful communication, but it’s time to find a better option.",1
"New feature that added this time, centre notification is so annoying. When you are texting or anything else doing centre notification won’t go back itself. You have to open or cancel before moving forward. If someone is keep sending you 100 pix and at the same time you are chatting with someone oh my gosh you have to cancel each time to continue texting. If you are chatting in different groups at the same time it is super frustrating to cancel all those msgs to continue with one 🙇‍♀️ 
Please change this feature!!!",1
"Our group benefits from this app immensely and it seems to suit all age groups. I would love it if there was an acknowledgement of comment icon or emoji so I don’t have to copy paste then write a reply. Then everyone will know we all agree etc without a string of written replies. It means I don’t reply to save everyone having to read anther response 
Also not sure how but all photos added to watsapp end up in my phone pinto album ?",4
"I have had this app for about 6 years and it has improved a lot in its time. The only issue I have is with sending audios. Since the new update when you press down on the audio button and swipe up to “lock” the audio, it just sends the audio. The audio function hasn’t been great for quite some time but worse since the last update. Please fix, I want my perfect app back!!",4
With WhatsApp groups you need a feature so you can keep the people in the group phone number and name private. So others in the group can’t message or annoy people in the group. Because not everyone in the group wants there contact details shown. Please add this feature.🥺,5
"Creating events in WhatsApp groups allow group member to create and manage event very smooth without copy paste list. Event may contain, ready template such as event type, party, trip, social gathering, academic related, business related, identify meeting online or address, fees and split expenses, meals, management teams access, for further details i am happy to be contacted by the developers",4
"Hello 
I want you to add another feature please if you could add the like button on photo status please and if everyone one who viewed the photo status could see how many likes the person got please it would be great if that feature would be added... 
and it’s really not a copy of anything can’t wait thanks 
Kind regards 
Aditi",5
This app would get five stars if the archive function allowed for permanent archiving but instead you mute and archive a chat and it constantly pops up at the very top of your feed anyway which basically means it’s fully active if someone messages and not archived at all. The only way around this is to exit the chat which in a group chat is overly dramatic and awkward when you see the people in person so you’re essentially stuck. For a social app it really hasn’t considered social dynamics.,2
"Rather horrified to learn that a major software flaw has left WhatsApp users vulnerable to hacking. Also that there has been no notification to my device from WhatsApp, despite this statement: “WhatsApp encourages people to upgrade to the latest version of our app, as well as keep their mobile operating system up to date, to protect against potential targeted exploits designed to compromise information stored on mobile devices,"" Really poor show from the company and its owner - Facebook.",2
"Can you bring back the Contact/Group Name on the message notification? It's very important feature because it makes possible to filter message importance according to the sender shown on the Notification. Now I can only see the sender if I ticked the message preview, while I don't want to use message preview because random people happen to look at my screen will have a glimpse of the message content meant for me.",3
"WhatsApp is great way to stay in touch with family and friends who are overseas. With good internet connection WhatsApp enables the user to make video and audio calls. The current feature of conference video call is amazing. It would be great, if WhatsApp can develop platform to take payments using our number. Otherwise great app.",5
"Hi, I am a very unhappy customer as I have an iPhone six and my phone requested me to do an update when I went to reopen my app. It kept glitching and cutting out going back to the home screen. I wasn’t able to access my app ever again I have now lost all my pictures messages and all my contacts that I once had I need you to fix this problem. I demand and request that you reach out and help me to fix this issue. I want all my information back what do I do very upset? Somethings I will neverBe able to get back",1
"I’ve been using whatsapp for years and it has been, by far, my preferable communication channel amongst friends and family. Yet, there’s always room for improvement and as long term whatsapp user I would love to see the ‘edit’ feature in the app wherein you can easily modify your messages instead of using a pesky start (*) in order to replace or correct your previous messages. I can tell, it’s very annoying. 

Also, it would be good if there’s a feature that translates between languages. No everyone speak the same language and it would be good if other people can easily interact with each other with ease. 

I hope the former feature comes along in near updates. 

Thanks",3
"Hey so this is a pretty good app but it won’t let me send pictures, I’m connected to the internet everything is fine and I can still send messages but when I send pictures it just automatically says it can’t send, so I deleted and reinstalled the app and now all my contacts profile pictures are gone. So any help with that would be much appreciated",4
"Really hard to use while travelling camera broke on my old phone only option it gives you to switch devices is a barcode which you need the camera for, offers no alternative. Amateur night. Can’t use in two devices if you have a work and personal phone. Just had to stop using for a while. App could be so much better.",3
"Why do you need to spoil major sports results in your gifs? You are the only app I’m using because I have to for work. I try to send 1 gif and you spoil the only thing I’m looking forward too in my miserable life. It was the first thing there. I don’t even send sports gifs to anyone so you are stealing my data to engage my interest and all it does is ruin the thing I’m looking forward to. 

It wasn’t even a good gif. It just said the result in black and white. It’s like you are trying to show me the thing I don’t want to see. Please bring this up in your next meaningless meeting and try to make a app that doesn’t annoy people.

WhatsApp? Data stealing jerks. 

Also why do you need to ask if I want to back up my conversations every week. The answer is no. Stop asking me. If I wanted to I’d select that I’d want to. Leave me alone. 

Terrible App",1
Can you please remove “Background App Refresh” from settings and just make it automatically part of the App. I have trouble with this app because “Background App Refresh” makes receiving new messages difficult and often results in me deleting the app and reinstalling it. But apart from that little issue it works well,4
"Ok so let me start, I am only 10 and my friends don’t have SIM cards so they can’t call me on normal phone and FaceTime. Well they have iPads and phones WITHOUT  a SIM card so this app is amazing because I can talk to friends without them having a SIM card. They just take their mums phone number and use that for WhatsApp. 10/10 definitely recommend👍",5
"I love the concept behind the app. 

Functionality is good, quick and easy to use.

There are times when the call quality is poor, drops out for no reason, or it’s hard to hear the other person on a call.

I’d also love to be able to increase the tone volume when someone calls. For some strange reason it seems low when compared to being called by someone through the mobile / cell service. This means I often miss calls.

On the iPhone the phone also needs to be unlocked when answering a call through the app vs the mobile/cell service which can simply be answered straight away. I’d love to see this addressed.

Other than that, the app is good.",4
It would be really good if there was a setting to have only people in your contact list able to contact you. I know I can block people but it would be awesome to have this feature in the first place. I have so many randoms contacting me and it’s very annoying.,5
"Since the latest upgrade, new messages from friends do not display at the top of your feed, meaning you have to scroll through all your messages to find the last time you sent that person something. It's easy to lose messages or not realise one has been sent. This needs to be fixed, but seems to be getting ignored by WhatsApp and not addressed. It's a wide problem with a lot of people complaining about it. Please fix this bug",1
WhatsApp is an excellent app that provides a convenient way to communicate to friends and family globally. This app provides ways to share what you are doing at that moment just like instagram and facebook. Overall this is my reasoning for giving WhatsApp a five star rating!!,5
I have missed incoming call waiting while having what’s app calls using my Bluetooth headphones. What’s app doesn’t give you any ringtone or vibration whatsoever for any incoming call waiting when you are having a call already UNLESS YOU ARE LOOKING AT YOUR SCREEN CONSTANTLY. Soooooo Disappointing. Almost got me divorced,5
"The calling clarity, is way better with WhatsApp, than the service providers, Telstra, Optus, Vodafone, etc!
A great product for people to stay in touch, especially those that have a very low or no  income. 
The reason for WhatsApp being founded, by the founder. The greatest person, to have made a mammoth change, in the lives of the poor, to stay connected.",4
I’m a long term user since 2012 and I’ve never had a problem with it. Use it heavily as my prime messaging platform and I’ve gotta say I’m very satisfied and there’s nothing I would change. The team is doing a good job in making the experience smooth and simple as the interphase is extremely user friendly. Highly recommend!,5
"I can’t imagine my life without what’s app! It not only connects me with my family, friends and relatives overseas but also all my friends here in Sydney. It is no doubt an excellent and very useful app if we use it wisely in our busy lives! It connects people no matter what the distance is!! I could not thank enough to who created whats app!haha Love it!!😬",5
"Hello Whatsapp. I really love when your team did a very good effort in improving the apps. However, after the latest update, there is no name displayed on the notification pane which for me is tiring because sometimes we just don’t want to read the message yet but now because I don’t know who the sender is, I have to keep open the Whatsapp. Hope you can fix the problem as soon as possible.",3
"Recently I come across a bug that doesn't let me download the Media during call. I have to disconnect the call then I can download.

I tried different settings of Auto download / manual download but looks like doesn't work the only way is to disconnect the call to download.
Thank you",5
"Here's a review you can post on the Play Store: ""I’ve been using WhatsApp for years, but my number has been banned for over 2 months now without any clear reason. I’ve appealed multiple times, but I haven't received a positive response. To make things worse, email support has stopped responding to my case entirely. I’m left without any help or explanation for what I did wrong. This situation is really demotivating. I hope the support team can address this issue and help me get my number unbanned.""",1
I would like to make a suggestion for WhatsApp to add a feature to the app which can show attachments from all groups and chat in one folder or something so that it will be easy for user to delete unnecessary pics/videos and save storage on their mobile,5
Hi team i hope you guys are doing well after updating to latest version whatsapp crashing when i upload status and also on sending any picture or video in chat kindly fix this issue thank you you guys are doing great,5
Don’t like being forced to update. Would prefer to keep using whatsapp until I decide that I need to update to the latest version. It’s update or forget about receiving your messages or even old history. I don’t get a warning or notification that updates are pending and I’ll need to update. Just one day I try to read a new message and there’s no way to unless I update. Forget about waiting until I can connect to wifi. Need to update over cellular if I need to access a message urgently. Hate being controlled.,1
"Dear WhatsApp, I use your app more than any other app. You are one of the best apps out there. BUT WHY OH WHY DONT YOU HAVE A POLLING FEATURE?! Do you know how hard it is to decide on a date and time to catch up with your friends? There is such a simple solution!! Surely it’s not too complex to implement. Please!",5
"What’s app is an amazing app and very entertaining. You can communicate with whoever u want , watch peoples staus and basically have fun there . You can call on both video and voice call it’s a friendly app that u need to use with your phone number . It’s Definitely worth the time of downloading it ❤️",5
"pWhatsapp is a great app but there is one bug.
When typing with voiceover you are unable to hear what you have typed.
It doesn't announced the character word.
Knowledge if you have deleted a message then you are able to hear what you have typed.",5
"I love this app!! So much better than messages cause you can see if the person you are chatting to are still online and you can see if anyone has read your messages! And you can create statuses and phone calls and last but not least, you can choose your background!!!!!!!!!!!!!!!!!!!

This app is amazing!!!!!!",5
"Many of my friends do not have an apple phone, and don’t have Snapchat or other social media. So WhatsApp was a great solution! 
There is a recent review asking to make it more like Snapchat (for the record Snapchat is only 12+)
The idea of WhatsApp is that it is its own app, more about the texting and communication then just pictures.
I do appreciate the 1 time photo view, especially how you can’t even screenshot it.
Chats are easy to access and the app works very smoothly, also makes great for any sport or activity groups.
I will continue using this for a long time.
Thanks team",5
"Look, it’s great that I can have group chats with people on different operating systems, but I wish I could use my own ringtone. I like having one that doesn’t sound like everyone else’s. Also the app sometimes stuffs up after an update and I don’t receive notifications of messages until after I open the app. So I might have 30 missed messages.
Please let us use our own tones! Or add more options!
Thanks!",3
"1- I lost 7 years of my WhatsApp because I backed it up after a while & unfortunately it overwrote the whole thing & I lost everything except the last few days. It means I lost all the photos, videos, voice messages (from my father & a couple of friends who were passed) & all the other stuff that I had saved there😡😡😡🤔🤔😭😭😤😤😤😭😭😭😭😭

2- Doesn’t allow to send or share post or clips more than 5 people🤔🤔😡😡

3- There is no phone number so you can talk to a person, when you    need help😳😳🤔🤔🤨🤨😡😡",1
"Could there be a checklist feature added to the app, something like the poll feature? 
You have family groups here and sometimes it’s easier to post a checklist of items to do for the members in the group.",5
"Hi have been using WhatsApp for many years now. After changing numbers and successfully restoring all my data from the previous number to the new one, I was suddenly banned from the app. It took 24 hours for the ban to be lifted and after that, none of my data could be restored. I can see the 20GB worth of data on my iCloud, but there is no way for me to access it in the app. Now I have sent multiple emails to their support team but was met with radio silence. Truly disappointing",1
"I need a possible way to clear voice notes, please add this feature. At the moment there is only option under manage storage to clear video photos or docs.
I dont wanna open individual chats and then go through individual voice notes to clear space.",4
"As WhatsApp is the most popular messaging app, there should be an edit sent message option, it is very important need of the user, and deleted message should not be visible as deleted to the other person, please if you can add these features it will be more useful for me and lot of other peoples",5
"I recently had to contact customer service because their app wasn’t working as intended and was branching chats & incorrectly formatting international numbers. I don’t think I’ve ever dealt with more incompetence before! Responses were irrelevant and unhelpful, they never read past messages in the case even when I opened my message with the request that they do so, they never resolved either issue in any way nor even suggested a fix. They didn’t even suggest a reinstall! Absolutely useless. I have up after 27 messages!",1
"I love WhatsApp!  It is an affordable, efficient and effective means of communicating not only with my family and friends overseas but with those locally as well. We can share videos, photos and chat regularly.
Thank you, well done and keep up the great work with the continuous improvement!
Enjoy your day!",5
"WhatsApp is generally amazing!!! Allowing me and millions of user to benefit from all the features it provides one being the best; free phone calls or video calls. These which wer unimaginable years ago before the coming of the mobile phone technology.

Currently experiencing cracking noises when listening to audio messages and I wonder if there’s anything that can be done to fix this issue. 

This has occurred after switching from my old iPhone X to my brand new iPhone 14

I have tried deleting the WhatsApp and reinstalling with no positive results. 

Kind regards Fernando",5
"I use this app solely to communicate with my boyfriend who lives in Melbourne. Since updating it through the App Store this morning, I no longer receive notifications to indicate a message has been received.  I’ve gone through and checked settings in-app as well as through iPhone and everything is looking as it should be, however notifications are just not being announced. I genuinely wish I hadn’t updated the app, as I can see this has happened to people with previous updates in the past.",1
"Status updates, last seen and profile picture not appearing to my contacts even though privacy settings are all set to viewable by all contacts. Updated app, and reinstalled numerous times and still got same issue",5
"The more updates are coming to be more distracting. WhatsApp is moving out from the main theory of chatting; rather than the story section or channel section, I do not support it. I believe WhatsApp should go back, or give options to use the BASIC MODE (only checking in chats, phone or video calls)",4
Keep audio call and video call buttons away from main windows just like in telegram app. So many accidental hits on call buttons annoying users. Please do this immediately in the next build. I am a software testing professional and suggesting this change keeping user experience in mind. Thanks.,5
"Whatsapp is a fantastic app for a traveler or friends who live internationally. It would be better if you could favourite a conversation. I use whatsapp for work and as a result conversations with friends can get moved down a long list and as a result I sometimes don’t read a message I would have liked to, for extended periods of time.",5
"Hi team, Can you please try to add the logout feature in the near future. I think this will be the great feature to look into. It will give us the option to be online whenever we want and eliminate the unwanted distraction. Hope you consider this. Thank you",5
"Love WhatsApp but I know everyone will agree when I say THERE NEEDS TO BE A MORE EASY AND EFFICIENT WAY TO DELETE MULTIPLE MESSAGES!!!! It is so frustrating that I have to delete hundreds of messages one by by! Especially as my inbox is flooded with spam messages.. why would my only other option is to archive a bulk of these messages and not the option to move to trash??? 

Please PLEASE do something about this!",3
"For most of the things in this world there are some advantageous and disadvantages. But for smartphone whatsapp is a boon and lovely app to use with any age group and so secure to send messages. 
You guys come like iOS, takes time to bring the changes but once updates are released, they will be so stable and humble 😄
Thank you everyone in the team. 👍🙏",5
"Hi team
In the new update when a text receives from an archived chat it shows there is a message from archived chats automatically. Which is annoying. Until the last update we had to scroll down on the main chat list to enter to the archived chats but now its showing automatically. Could you please fix that to as it was in the previous update? Thank you!",3
"Today we went to the Sri Lankan cooking class. We went to purchase the freshest ingredients and were so pleased to cook in a traditional kitchen house. Our host was amazing and taught us the finer details of Sri Lankan cuisine. After cooking we enjoyed the meal and were treated to dessert and wonderful fruit beverages. He couldn’t have done any more to make our experience remarkable 
Maureen and Christian",5
I've tried to move my WhatsApp across to another device and it didn't ask about restoring my backup. Your site says to uninstall and reinstall and now I'm stuck here for 6 hrs waiting. Tried the calling. Got an error. You idiots didn't even warm me if this stupid lock out. What a ridiculous app.,5
"Single and only complaint is that the ‘sent sound’ can’t be turned off which means if you want to receive notification when a message is received, you have to hear the sent sound after every single message you send. I end up putting my phone on mute when I use Whatsapp.",4
It is a good way to communicate as a group and keep in touch with friends and family. No adds is a great because it does not interfere as to communicate with family worldwide. It makes me feel like I’m in a room without the world intruding. I like WhatsApp 10/10,5
"Love to use WhatsApp for work groups, would be great if there was a feature to take a poll. Where you could make it anonymous or check who clicked what. This feature would be amazing for checking who’s available, what’s preferred, etc.",5
"i updated my WhatsApp app but now i am unable to edit photos like crop and add text and emoji’s etc while sharing it with others please resolve this issue as soon as possible..
And i try to search your customer care number also but its not there so available one dedicated customer care number to solve this small issue.. otherwise app is ok",3
"Banning my business account suddenly & for no reason at and negatively effecting my business and hundreds of my clients than apologizing for it, than telling me you removed the ban but the account still shows the same message that the account is banned, I contact you with proof that the account ban is not removed than you tell me it’s out of the scoop of what WhatsApp supper can help with
What joke of an application and support team 
You don’t even deserve the one star that I can’t go below",1
"Has had a bug with apple car play for over 6 months now.
1. It will reread all messages sent by a person during a car trip every time a new message for that chat is received. Incredibly annoying.
2. I also now can no longer direct reply and must say “no” to “do you want to reply” and then open a new message with Siri to send a reply. 
3. Group message now no longer can be replied to at all.",2
"I have been using Whatsapp as my one and only messaging app since its birth, even when all my friends were on BBM. Slowly but sure I persuaded my friends to install and use Whatsapp so they could reach me. 

From day one until now, I have never been disappointed with this app. It is simply the best 👍🏼😄",5
I’ve been using Whatsapp for many years without any issues and all my friends and relatives uses it. But recently when I had to erase my iPhone and I tried to retrieve from the previous backup which apparently it doesn’t exist. So I lost all my chats from before. So I then found out that auto backup doesn’t work therefore have to manually backup once a week. Apparently other users are experiencing the same issue. Whatsapp please fix this!,2
"WhatsApp was definitely groundbreaking back in the day but all the other communication apps seemed to have caught up and then some. It’s basically become the Motorola of messaging apps. 

EDIT: One thing that would bring me back into the fold is a much needed “DARK MODE”. The crappy wallpaper changes just don’t cut it for me. WhatsApp, please, it’s time for a Dark Mode. JUST DO IT!",4
"This app is a great app for hanging out and texting friends and family! Since I’m not allowed social media, I couldn’t text any of my friends without using my data on iMessages! But when my friend introduced me to this, I can now connect with all my friends and family!! I recommend this app for everyone’s use! It’s awesome!!!🤗🤗🤗",5
"Absolutely love the app , Been using it since past 5 years before Facebook bought the app and have incredible improvements all over the platform but one thing I would like to request from the developers that please support the minimising of video calls for iOS 14",5
"I personally dislike this app dude to the lack of login options. I do not have a phone number which means I can’t not use this app. I need to use this app because I have to be my n a soccer group chat that tells me where in train, when I train, when the games start etc. I think you should add the option of email so people like me can use this app. I will be giving WhatsApp a 1/5 star rate because I could not experience the app beyond the login. I hope you can change my mind!",1
"Hi team WhatsApp. Each time I try to search a contact to add to an existing video call on WhatsApp, the keyboard fails to open and I am unable to write the name to search through the contacts. Could you please help fixing the issue. FYI, I am using updated version of WhatsApp on iPhone 11pro max.",4
"For some reason, I cannot cancel and restart my  download from scratch.

I have tried everything I know of short of downloading a 3rd party app to look and running processes to kill the relevant download.

I have signed out and back into my Apple ID, I have signed out and back into the Ap Store, I have connected to iTunes hoping to see the download there so I can kill it, I have turned on Airplane mode - reboot - turn off, I have done the same with the wireless, I have turned off all the automatic downloads, and etc etc etc.

The download button still shows paused. Pls help.

Thk you",5
I don’t what happen if it was the update on here or it thru Apple car play I can send messages any now use the car play I speak a message out on it tell something has gone wrong. It will read my messages but can’t send them,5
"This is a really good app and works great, especially for group chats! I would really love it if we could “react” to people’s messages (e.g. with a “like” or “love” button), and also if a poll function could be added. It would make conversations in group chats so much easier!
Thank you so much for bringing us this wonderful app, and I can’t wait to see future developments! :)",4
"The in-app “2FA” pin is laughable at best for security, being a static 6-digit numeric PIN, which you are continually prompted to enter each time you “cold launch” the app.

As if that wasn’t annoying enough, you can’t skip it, and half the time, it won’t continue and let you into the app once you do enter the correct PIN, and just hangs there until you close and reopen the app.

Seriously, if you guys can’t handle authentication properly, stop trying, and just use FaceID/TouchID like the rest of civilised society.",1
"Wherever we are in the world, this is the one App that we MUST have! Had an audio call from family even when I was walking along a beach in Zanzibar which was a pleasant surprise. Best way to send photos and videos as it’s speedy and efficient. Great that  it’s free and for everything that this App does, it is very much appreciated.",5
I have just switched from group SMS texting to what's app group texting. It is a hands down better way of sharing information. We are a growing list of over 70 west coast surfers that use this as a surf report or shark sighting report. Real time info without a mediator required. No more relaying info for me. We all post to the one group.  Yeeeeeooooowwww,5
"WhatsApp on My mom’s phone and my phone gets downloaded on the phone memory instead of the sd card which is a nuisance because every time there’s an update, we have to delete pictures & stuff. So can you please not force us the updates and let us continue using the old version since we use WhatsApp only for calls?",3
"When I am on whatsapp voice call with friend or group call, the call get disconnected automatically if you try to watch video/reels during the call. It does happen with all my friends, so nothing wrong with phone. Please please fix the issue as soon as possible. The issue is since at least six months.",3
"Although WhatsApp messaging has been a great experience, the voice call, specifically internationally has been terrible with calls between parties getting stuck at “connecting”. 

WhatsApp support is nonexistent and the main reason behind my poor rating. This should be a know issue and easily solved, they glad features like AI, however WhatsApp just need to get back to basics and give actually support to the user in time of need, not a terrible FAQ list!!",1
Hi WhatsApp! I’m loving the app but a few moments ago an issue started occurring after the recent update. Whenever I view the info of a group chat and go back to the chat the message “Yow were added” shows up. It happens every time I view the group info,5
"Great app, works well. Used predominantly for our volunteer bushfire brigades for instant fire reporting so would like to suggest that the updates needed are able to be done at a time that is convenient. Notification came through of a fire and I was not able to respond until I had updated the app.",4
"I have been using what’s app for several years and had no issues. Best way to keep in contact with loved ones while you travel or on a daily base. 
Easy to use and able to make calls and video calls as well. Work really well as well. 
Love the group chat function.",5
"I have WhatsApp only because so many others have it. I’d prefer to be away from the Meta/Facebook realm completely but it’s hard when others use this platform so much. Competitive messengers are much stronger. WhatsApp doesn’t even allow you to edit a message once sent - that alone is pretty poor among other drawbacks. Not my platform of choice, but here we are…",3
"We use WhatsApp to chat with individuals and groups. Whether overseas myself and/or with those gone away, we keep in touch with ease- no roaming charges. Those who moved to other countries and changed their numbers since, are still in touch as if nothing happened. Great App to use❣️WhatsApp❣️",5
"This apps version is great, but I have some issue with not having a misscall while I’m on call. As I always use whatsapp to call and receive call from my client, this issue had been great till the newer version. I hope this issue is resolve. Overall, apps is great , keep up the good work !",4
Please make it so that group admins can delete messages sent my other members. Sometimes a user write an inappropriate message and the admins have to message them privately to delete the message so that others don’t read it but the contact may take a while to respond and delete the message. How much better the app will be if this feature is included.,3
"This is a great undoubtedly, but after a recent upgrade there’s this thing about the notification. I have switched off the preview of the message on the lock screen. Before the update it showed the name of the person who messaged but now it doesn’t show anymore. 
Request you to fix that please ASAP.
Thanks!",4
"This is the best messaging app out there. I use it all the time because when I use it, I always feel more secure when sending messages and it’s also much more reliable. I’d love for face stickers or filters to be added, and when typing a status, the font to be able to be changed and for more to stickers to be added. Thx!",4
"Crystal clear international phone call across the globe. We couldn’t be physically more far apart atm, but I was called by a friend and it was the best and clearest Mobile call I’ve ever experienced! It was like we were talking in the same room, no delay, no noise, no fading in and out. 🙏🏽",5
"I’d love to Use WhatsApp in two device with the same number, as we have different d peoples using the same WhatsApp to answer same clients… the users are part of business, it’s a nice function for WhatsApp business.",5
"I've been using WhatsApp for a couple of years now, and it's been my best app for communicating with all my friends who have it. It's simple, minimal and I just love how ""second nature"" it has become.
I also love how there are no ads and everything is kept sage.
Thanks for what you do!",5
I just upgraded to iPhone 13. Since then it won’t let me ring one of my contacts who I usually ring in a daily basis. Just this one so far that I know of. I have checked with them; I’m not blocked and we have no other settings on that would make this happen. It’s just something wrong with WhatsApp. Just a bit annoying,3
WhatsApp is most used app now but when it comes to change phone that time it is challenging to transfer WhatsApp data which might require for future reference. I hope developers understand this and have a resolution to backup on other devices and can be accessible.,3
"This has become quite troublesome for me. No many how many times I change the settings and block random numbers, they seemingly still text me. It’s either really random numbers or the same number over and over again. 

Please put more security measures or updates for this matter, as personal information could be stolen.",3
"I recently had the WhatsApp icon disappear and could not find it anywhere. 
I was forced to download and re install. I then retrieved the data backed up to I cloud. It did not retrieve the last chat, which I think was still open. Also, would be interested to know why the app disappeared in the first place. 
Otherwise I find the app very good.",4
"Been using it for 3 days - first time ever, to participate in a sports club committee chat & locked out of the app with no warning or reason - “you are not able to use whatsapp” - brand new club, critical times & discussion now this rubbish & I have to wait 24hrs for a review of goodness knows what - not happy.",5
"Been using whatsapp since it's early development days it's my most frequently used app for work and personal messaging, the one thing i do wish was implemented was a separate tab for group chats, it would make it much easier to separate chats especially if you have several conversations for friends and clients/groups",4
"its a good app although it lags sometimes when i have too many messages. when it comes to the privacy setting, can you create another option that is called 'everyone except...'? this way anyone except for your selected people can see your stuff.",4
Over the past few months of having WhatsApp I have realized it’s basically a rip-off Snapchat. In my opinion it is a pretty good app but honestly just get Snapchat. The “ status” section is probably taken form the Snapchat stories. Let’s be honest every kid who doesn’t have Snapchat uses this instead.,4
"Loving this app and using it for everything!
Bug free and very intuitive!
It would be interesting to have a moderator function though. I run a few fairly large groups (150ppl) and having a moderator role (able to add people, but not delete the group) would be handy!",5
Essential Missing Feature is Admin to delete posts of group if they are contrary to the group policy. Admin can only expel users but sometimes that is not warranted but a misspost or even inflammatory post should be able to be deleted by Admin and after a warning they could expel the user.,4
"Hi

WhatsApp has been a wonderful service. However with the introduction of Apple latest iPhone XS MAX, some of the words were being cut off at the text area. Let me know how I can send an example over. 

Appreciate if WhatsApp can release an upgraded version to improve this situation for XS MAX users ASAP. Thanks.",5
"My sister introduced WhatsApp to me a year ago and I haven’t looked back! 
Thank you so much! A fantastic service and a wonderful way to connect with family and friends overseas. Wish this was available when my mom was alive. I couldn’t speak or message her often - it cost too much!",5
I’m trying to open the app and it starts but I get a blank white screen and then the app shuts down. And how do you contact WhatsApp to ask them?? I don’t see this issue on FAQs which is where it takes you if you want support.,5
"Not sure if it’s iOS’ fault or whatsapp’s, but after updating to the latest version, sometimes my phone didn’t even realize that there are new whatsapp messages. And sometimes my whatsapp didn’t even realize that I have new messages. It’s as if I’m not connected to whatsapp’s server or something when the app’s running in the background",3
"Just a couple of suggestions - any way to stop the loss of a message when you're interrupted by a phone call? 

And - if would be great if the recording could start and stop on the click of the microphone, rather than having to keep the mic pressed down.  It's too easy for the thumb to slip off !

Thanks though for the App - it's really great.",4
"WhatsApp used to be a simple usable messaging app. Now the search bar activates a Meta AI search. For example, say you want to search in your messages for ones including “tennis”. The screen now fills with random useless internet searches that include the word “tennis”. You have to scroll past it all to find that message your friend sent you that says when your tennis game is. It’s so stupid. And you can’t turn it off on an iPhone. There’s no option to opt out of meta AI.",1
"I like using WhatsApp, but I’m considering switching to another messenger because I often have to listen to voice messages on 1.5 and double speed, and for the messages to sound normal without cutting out I have to have my phone unlocked, which is inconvenient. Hopefully it can be addressed in the next updates.",3
I deleted a message by clicking the ‘delete for me’ option instead of the ‘delete for everyone ‘ option. Now I am unable to undo this and delete it for everyone. Are you able to help fix this so we can undo this action please? Thanks.,4
"This proximity sensor going off everytime I put my phone down or even move it slightly Is the sole reason I’m not using the app anymore, people send voice messages so they don’t have to sit and talk with the phone to there ear, this badly needs even a moments thought.",5
"It’s reliable and easy to use. However, receiving notifications hasn’t been consistent. I’ll have to manually check for notifications. Sometimes the app also lags...and I just upgraded to a new iPhone! Please have an app update to get this issue fixed!",5
"This is a great app, except for one incredibly annoying decision by the developer: notifications. 

If they are on, you have to swipe them away. This means that if you’re using your phone for anything else, you have to stop that and swipe. This is DANGEROUS when driving (e.g. when trying to use your phone as a satnav). 

If you turn notifications off, the app’s landing screen tries to get you to turn them on again. Every time you open it. 

I deleted my Facebook account because it kept changing my preferences for me, without letting me know. This issue with notifications is close to driving me to do the same thing with this app. 

Facebook, out of simple courtesy to your users, why not just respect their decisions, instead of thinking that you know better?",1
"If u need one app on ur mobile, it is Whatsapp’. It is unique in many ways. U can communicate to one or a group. It keeps track of unreadable from each. You can get or send text, music or video. U can calll or video call at no cost if u have wi fi. The most useful app I have come across.",5
"Hello how are you 
How can I see the numbers of contact I have on WhatsApp? It is showing the same number of my mother? 256? Is there any way to see how many contacts do I have ? if not could u update a new version please ? Thanks",5
"After the most recent update, there’s an error in sending a photo to multiple people. The red exclamation mark says it’s not sent, there is no option to resend only ‘delete’. However it appears the photo still goes through it’s just an error I have against each chat. So I have to go back to send the same photo to multiple people one at each time not as a group forward",1
When I switch to whatsapp my accounts or payment methods or any profile related settings app freezes cannot go back to chats or status need to close the app and restart then it starts working again if I go to profile settings same thing happens plz fix the bug and give bug bounty😂for reporting.,3
"Love the app , but can you please change the location of person’s name,  one sending or forwarding msg/ anything to upper right corner instead of lower right corner, it’s always across thumb left or right hand type 
Or put in two place bottom and top",4
"I’m starting to get loads of unwanted calls via WhatsApp, as well as X rated pictures in messages, from various numbers. They ring 24 hours a day which is very inconvenient. Please can you add the block feature to any number not in the phone book. Thanks.",4
"Good app but some features could be improved and added 

*Removing time restriction for deleting messages 

*Admins of groups being able to delete messages by all participants for all participants, again with no time restrictions 

*the ability for Users to be able to use a user name rather than their number to appear in groups, especially community groups or groups where u don’t know all participants so they can protect their privacy ( their phone number ) 

*Being able to control wether people can private message u or not in groups would be an awesome feature, being able to accept or reject a private message would be awesome",3
"I like the idea of deleting the comment.
Is there any we can undo the delete option when comment deleted & within some time stipulated user can get/undo the comment back .
Would be really helpful ,save the user bit to type again,if delete by mistake!",5
I do have one issue though. Ever since the last patch I haven’t been able to access my old GIFs folder through WhatsApp. It’s there in photos though under “Animated”. Before the patch it was accessible. But now it’s just not appearing in WhatsApp when I want to send a dank meme to my friends :/,5
"IAm hoping that what's app will have something in store for my mother's day today. I've never spent a mother's day alone before. No husband and my dear children are in a different state region and because of the coronavirus pandemic precautions, there's no seeing the ones I love most today.. very sad. It's adding to the awful feeling of aging.",5
"When I delete a message on WhatsApp for iOS, the chat doesn’t move down the list. WhatsApp treats the deleted message as the last one, preventing the chat from moving down the list.",4
"Hi team, 

I would really love a different experience with record button. My friends and I prefer to record an audio, but sometimes it’s nearly impossible to hold that tiny button. And it’s extremely frustrating. Please have a look at how it’s done in WeChat for example. Cheers!",4
The latest update is one of the most horrendous things I’ve seen being released. I’m usually switching between my phone and WhatsApp web at any given time in the day. Now I get messages that get on my browser but I can’t see them on my phone and there’s this stupid message that it might take a while. Somehow you managed to release a messaging app that does not allow me to see the messages sent to me. Horrible and utterly annoying,1
"I hate the way WhatsApp limits the amount of people you can send a item to. 
You can only send one at a time if the person before you has sent five or more
What a load of nonsense.  Who has only one friend
It’s just a way of making you use your phone more to get more people to advertise
Please go back to the way it was",4
"This app is great, never lets you down like other apps like Viber ( pathetic) etc, also one suggestion would be if you could make it a bit easy to use , like easier to add contacts because my parents have a hard time trying to add contacts into it",5
"Its a means of connecting my dear one’s around the world. I feel that  I am just a click away from my friends and relatives. It is the easiest way of communicating and knowing the welfare of each other. Hope this facility will last for ever. 
My best wishes.",5
"WhatsApp is a good messenger app and it’s quite convenient to use with loved ones and friends who reside overseas. However, the chat backup system only allows you to use the most recent backup instead of letting you choose from a series of backups. This is the huge flaw with this application. Otherwise, I have no complaints.",4
"Used this for years. Excellent app. The only thing I'd like to see if when you have sent someone an image with text, having the option to forward that text if you're forwarding the image. And if not, then at least having the ability to copy/paste that text which you can't currently do",4
"I only have this app because I need it to communicate with some people that I can't communicate with on other platforms. It doesn't offer anything very special that can't be done and done better using Facebook messenger. I'm especially disappointed that I am unable to log on to multiple devices at a time in WhatsApp, except using the web client for tablets/desktops which is primitive at best.",3
"Whatsapp has become an enormous and essential tool in order to bring our family together.  We are placed all over the globe, with WhatsApp we can keep up with one another whenever we like …. And it’s FREE!! 

Thanks from the Hopkirk family.",5
"Easy to use app great for overseas calls and videos.
When it work it work amazing but lately unable to do any video or normal calls I tried to delete and download the latest app but still an issue what have you done!!!",5
"I avoided using this app with my European friends for years. I now have a need to keep in contact with large groups but the app needs a like button for msgs. One person will post a msg and 20 people reply to like it and it clogs up the whole feed. 
Also, yes the default save of images is annoying for an app that is used as a private app.",3
"Not able to switch off access to my photos. Wouldn’t want to switch off. However every photo or video that someone sends me gets automatically saved in my photo album. No choice given
Also I have to opt for a nickname?",5
"It’s a great app, I find it really useful when travelling overseas. Only thing that lets it down is you can’t use it for anyone not all ready in your saved contacts and also if the other person doesn’t have whatsapp. Other then that I like it!",5
"The app is very good, but the only reason I have given it a four star is, could you guys make an update every time someone updates their status like puts a picture up in their status, maybe everyone in their contacts who has whatsapp could get a notification. 🤔 Regards Camilla",4
"After I upgraded to iOS 11.0.3, my WhatsApp notifications have not been working properly even though my notification setting is set to Always. I missed out some messages that need urgent response. Now I have to check the app from time to time to check new messages. Please check. Thanks.",4
"The app isn’t receiving any notification unless I open the actual app. Wondering why I haven’t been getting any what’s app messages till I open the app and then a load of new chats will pop up. 
Tried everything from logging in and out etc.

Please fix. Thank you!",4
"I have been using whats app on my current number from last more than 2 years and yesterday i got message that your account is banned, I request apple support team to help me to recover my account.",5
"I love using this app but there is a issue. Every time I swipe up & close the app I get a notification popping up saying, swiping up WhatsApp will disable notifications. This is so annoying can you please fix this problem I use an iPhone thanks",5
I can not download media files. Its not an network issue the file cant be downloaded as when I click on download button on file theres no response from that.,4
"Hi team, not sure what's going on but probably with the last update, I'm not able to change my last seen and it is on nobody by default and I'm not too impressed with it.
When I try to change it to contacts only or everyone, I get an error message saying that 'WhatsApp was not able to change privacy setting. Please try again later'.
Can this issue be fixed asap?
P.s. I'm using the latest version of iOS on my iPhone (13.5.1).",1
"Joking on the title but seriously - this app is really privacy invading and they don’t care. You cannot remove your “online” status so people can bug you and ask why you’re online but not talking to them, and you can’t turn off calls. I don’t want calls from my WhatsApp contacts! The calls pop up on my phone, and any random can do that. How is that not ridiculous. I just want to use it like it should be - a CHAT app. Don’t try to be my phone for me.",1
"I use WhatsApp everyday 

Since one week ago I don’t know what happened!! Sometimes I don’t receive notifications when someone texts me.
For the people who texting me it shows them that I haven’t received the message until I open the app :(",5
"I’m not real good with technology but WhatsApp is very straight forward and seems to just work every time,with no problems,As I have family all over the world,it’s so easy and convenient,Thankyou for a wonderful service",5
"It fixed last update I guess, where you can select multiple images from the gallery without having to long press an image and then click select and then select the images! It worked for a few weeks and now it’s back 🤢 I’m on iOS",3
"The privacy and popular of this app for working text messages are really good but please fix you system whenever i view the picture of someone sending to me it’s always stopping the application and display “the whatsapp couldn’t start…” hundred of times even i try to update my ios, application, reset phone on my iphone 13 pro max. Please fix this bug",2
When my phone was stolen while travelling it was WhatsApp that reconnected me to family and friends when Google did not allow me access to email when using a new phone - very grateful 🙏🏼,5
Ever since 2015 in Malaysia when I first I had WhatsApp enjoyed it immensely and then back in Australia immensely and it’s been some six years even more than six years since I’ve been able to download it again joys and enjoy it kind regards Adrian Brown,5
"I have shortage of storage and noticed that the setting would be reset after closing and opening the app in my iphone.
I have set up to never download anything automatically but once I closed the whatsapp and open it again all my settings are reset and this is very annoying for me cause I have so many groups that shared videos and I donot neet to download them..",2
I think a great new idea could be adding filters onto WhatsApp. This would make using WhatsApp really fun for me and a lot of others u could get ideas from Snapchat filters or something like that as well.,5
"I love the app as we use it to have a chat with all the family, but have recently noticed the sound on our videos is really quiet. We’ve checked the settings and can’t find anything to change it, on our other apps it’s fine, it’s just what’sapp! 
Other than that it’s a great app!",4
".....I love ❤️ this app.......

But I’m now problem with video call.......
when I am on an video call and suddenly I rotate my phone horizontally the video isn’t auto rotate with it , if my friend who is on other side of call rotate his phone just like me than it rotate......even with my “auto rotate” on..........please fix it......❤️",4
"Hi there. Well hail wotsapp .. the best chatting video calling communication app till date. Its so easy n convenient to use and chat feature are so grat. Well jus want wotsapp to introduce dark mode. As other apps n IOS has recently introduced dark mode, so it would be so great if wotsapp consider this suggestion. Ihope evryones gonna love it :)",5
"All good except for voice chat. The voice chat button is way to easy to accidentally activate. A have a few WhatsApp’s chats and now they are filled with “voice chat, 4 sec, 1 joined”!!!
So many! And so many notifications that I have turned off notifications to calm the amount of 1-24 second, one person voice chats on my what’s app application. 
Please change this situation. It’s not good. Cheers Lisa",2
"Very useful app. 
However, not sure the link to a specific phone number is necessary or helpful, especially when you are travelling and are using a temporary sim on another phone instrument it can be challenging to transfer the app.",4
"Whatsapp is a pretty good texting and calling app, what it lacks is additional features, I don’t see myself using this instead of good old text messages or iMessage, don’t get me wrong, I use WhatsApp often with my friends, but I don’t see much of a difference between WhatsApp and messages. I do recommend it though.",4
"WhatsApp seems to be the preferred app for cheap and immediate communication in most of Latin America, Oceania and among students.  It can send photos and small videos without hassle.  I have never had any glitches in 18 months of near daily use.  
A great app to have on your smartphone.",5
"Great app which I use all the time!.

Have noticed in recent times the share location no longer picks up the place that I am at. I used to check in to these places but it seems they are no longer available even when searched for.",5
I have to tell you that I had a lot of difficulty to add the second part of my clip to the status. I found that “+” button but I think it needs “gallery” section as well!! 😊,5
"WhatsApp is amazing and I don’t really have any criticism apart from the avatar. At this point I can change anything apart from my clothes and it’s kind of annoying, if that could be fixed great. Also the channels… is it possible to have the channel public to other WhatsApp users?",4
"Hello whatsapp,

I find your app to be very useful, helpful and easy to use but I am curious to figure out why my account has been banned. I did not violate any rules of service and i am unsure if my ban is permanent or temporary.

Please understand that I haven't broken any rules if service, and thank you for reading my review.",3
"Hello what’s app developers, 

A major issue has to be addressed from your end ASAP. The camera is accessed by WhatsApp even after ending the video call. This is not a minor error, please fix before it becomes a threat to the user’s privacy.",5
Since being introduced to What’s App it’s been great being able to communicate via video chat with my friends overseas. Great service and will keep using it and referring it to others to use this service.,5
"In my personal view, i think whatsapp is a source of communication we can share and receive messages or call and also the privacy of this app is good. 
Thank you to give this facilities",5
"I’ve used WhatsApp for some time and suddenly I stopped getting any notifications for messages, phone calls and video calls when I’m not in the app. Ive been missing out on important messages from family overseas. I’ve deleted and reinstalled the app and asked WhatsApp for help several times and have not received any assistance that has fixed this problem. Not good enough.",1
"U have got Iphone 11 max pro 512GB, whatsapp suddenly stopped working. Videos were not playing initially and now the app crashes whenever i try to launch whatsapp. Really frustrating and disappointing.",5
"Being an Aussie with a son on his first overseas trip, to India, what’s app has been an awesome instant and free platform to stay in touch, to know everything is ok, to send and receive heartfelt messages, and even get a giggle from selfies n vids! Go for it - you’ll love it too 🥰",5
"It’s pretty good, I like the stickers but I don’t like how the photos that are sent to you are immediately put onto your camera, but I do like how you can delete text for both people so if you make a mistake its all good. Overall I would recommend this app as it is extremely reliable and is easy to used because I am stupid.",4
"Since the latest update my notifications no longer say who the what’s app message is from. Just that I have a message.

Edited: Thanks for the support, app notifications now again showing contact details after changing settings.",4
Do you really want to endanger the people that you are sending over? Nothing smoking mirrors? be conscious of your surroundings is a matter what kind of team you have around you because all roads point to you you're very angry. I seen your day and I I'm just trying get some peace and have a truce,4
"Great to keep in touch with the family especially when they all live far away and overseas. It’s wonderful to see their faces while we talk.
Great service to help families stay together and up to date with everyone. 😍",5
Had wondering for long time WhatsApp can add function to let user change their ID shown in group. This is very helpful when you prefer the nickname suitable for that group… However whatsapp team seems ignore this request…,4
"I am soo happy to phone with WhatsApp. Without it would be difficult 
to write and speak with my children and friends here and specially overseas. 
With WhatsApp it is possible to stay in contact ♥️
Sorry I am not good in English writing",5
WhatsApp really make it easy to connect to family through video calls . Better quality video calls feel like you talking to someone next to you . Cheers,5
"Link a device button on companion IPhone is not available in the latest version, although the version notes claim this feature.",4
"U deserved to get 10 stars “WhatsApp”. Whoever invented this is soooo clever. I have used this to communicate with so many friends who are using WhatsApp too within my country n overseas for FREE!!!!! Without u, I would have been broke!!!!!! Thank u for the idea n thank u God for giving u the idea.",5
Since the second last update for iPhone the sound notification has disappeared. I have double check to see if its on and everything is the same before the upgrade. Please fix this as its so annoying as i missed messages on Whatsapp!,3
I think WhatsApp should have a place that all our status’s should be saved to after 24hrs so that even tho it’s gone we can still go back and see our old status’s,5
"I had an issue was my phone (I phone 11 pro) take a WhatsApp or receiving only WhatsApp calls automatically reduced the mobile phone sound I need to manually increase every single call, it's the very disappointing this situation. if I forgot the increasing volume of my mobile I will miss several incoming calls reason was phone convert like silent mode no sound",2
"This just started recently with the new updates. My status doesn’t have an audio output. I’ll have to shut down my WhatsApp multiple time to finally make it have an audio. I hope this can be rectified on the new update.  (And just incase, there’s nothing wrong with my device).",3
"That could be good if we could delete chats and texts even after hours. Also, would be nice to be able to delete the chats for me and also the other person ( like Telegram)",5
Have been using this free app for communicating with friends and relatives internationally with quality videos. Sharing photos and videos another plus. I wish I can do this easily on my laptop/iPad as well.,5
Iranian users cannot access their messages and use the app for communication during critical time of protests. Iranian-based phone numbers of those living outside of Iran have also experienced the same blockage by WhatsApp. This means the issue was caused by the company as well as the Iranian government. We will not forget that the time when your application was needed the most you decided to ban those people who needed it the most. Shame on you,1
Can’t seem to see most of my contacts online and last seen information.. I deleted app and downloaded but still the same.. it happened since iOS 15.. i thought it will be fix by itself with the last update but still the same.. how do I fix this!!,3
"We have formed a group using this software with an Administrator to add members to the group, somehow recently we received two messages from overseas messenger who are not existing in our group. I have thought this software has been tested before releasing to all apple users. We feel that our conversations within the group have been leaked. I have already blocked these messengers. Can you please fix the software?",1
"The only thing is voice fades away after 2 min. Annoying if in the middle of something. Otherwise, What a breeze with the invention of the likes of what’s app and Hotmail! Makes it cheaper and more convenient to keep in touch with friends and relatives!",5
"Love the App and thought the addition of FaceID would be super useful.  Unfortunately turning that on stops any sending of messages via CarPlay.  Spending a lot of time in the car means that I can’t use FaceID. 
Tried setting time out for 15 minutes or an hour but will not send. 
Oh well, FaceID security turned off again.",4
"Other message apps, eg Slack, allow you to edit  messages you’ve just sent, but not WhatsApp.

With active autocorrect on most phones, you can get some stupid and even embarrassing messages from mistyping. Regardless, message apps should allow you to edit a message you’ve just sent.",4
"What’s app has worked so well as my wife has just traveled to the other side of the world 
And was able to keep in touch 
Thank to what’s app where local phone service was no available",5
The deleting messages by mistake is great but I suggest to delete message whenever cause like when talking to someone you hate and then the next day or week you regret what you texted them so you can delete them instead it would make my life change if you guys did that,4
"I love the app but it is easy for people to find you and know you are active again on whats app, is great app for sharing in private confidential discreetly going around our business with no security problems",5
"This is an amazing app to post on to call and text. It dosent even need 5 stars or reviews to be downloaded l! 

But my issue is that when ever I call the same number every time , it ends randomly cuts out the volume dosent works dm its so blurry the voice is delayed(sound). It’s an amazing app but pls fix all the inconvenience as it doesn’t only happen on this contact.

I would like to further on enjoy ur app and I hope to whoever it may concern feels the same with no issues.

Thanks for fixing my issue (?) 

Kind regards - 🇵🇸",4
For a 13 year old girl who isn’t allowed Snapchat this has helped me connect with people so much and it is so convenient and I absolutely LOVE the status because it gives me a chance to let people know what I’m up to ✌️,5
"WhatsApp makes communication with those we care about so easy even during the Christmas & New Year Season. Thankyou WhatsApp. 
Happy New Year to all!!",5
I got hacked and I believe that what’s app is the safest way to communicate I don’t trust any form of electronic device anymore but what’s app gives me hope that no one’s can read my messages or see my information 🧿🙏🏻😇,5
I delete Whatsapp but in my iphone it showing white icon . If i delete and restart phone then it come again . In appstore it showing it already downloaded but its not opening🥺🥺 device iphone 6s,5
My Facebook was hacked weeks ago which affected my WhatsApp and I cannot get anybody to return messages or emails. This was how my family stayed in touch as a group ☹️ It just says my phone is banned!!! Can someone help?,5
As of several weeks ago I've not been able to receive calls or notifications like I used to. Very disappointing.,5
"I wish whatsApp had the option of NOT showing the sender’s profile picture when a notification pops up. Instead, can it just show a name like it did before!?",4
Hello i want you guys to fix this on iphone x and others when u sending photos to someone the editing button and crop button is outside screen u cant press them after last update this happened please fix it,4
"Unable to reach my contacts and show them when try to add names
Also it does not show my contact name
This really embarrassing as I can not recognise who the message has been sent
Please fix this problem or advise how to fix it
Thanks",5
Great app. Would be better if I could switch off my contacts status. It’s annoying when there’s new status from someone and have that notification on the corner. I believe I’m not the only one who gives a s... about whatever they’re doing. Thanks,4
"I have been using Whatsapp since 2011. Migrated from iPhone 7 to iPhone 11 Pro Max expecting a smooth transfer. All my apps completed migration other than whatsapp. 
Whatsapp does not back up on my old phone as well. I cannot loose my data over so many years!
Tried repeatedly contacting whatsapp to resolve the issue they just don’t care to respond in time even after repeatedly pleading with them.
Horrible service after using them for so many years",1
Our recent holiday in Europe was one that required remaining in contact with family during difficult times. Whatsapp made this possible without the additional costs of international roaming.,5
"Hi everyone beautiful app i was used befor long time, Also very nice update but there is problem with the Notifications when someone writes for you is it didn’t show up.

Thank you",5
"Please bring the proper notification when a message is received on WhatsApp, it’s now just blank where as before it came up with the name of the sender and it would say “message “ it looked like a regular message notification, that I thought was really cool. New update with just notification and nothing is annoying. Thank you",3
"I am a teenager and I find this app better than any other communicating apps like Messenger etc. You can post stickers to friends and post status updates of your daily life! 
I’ve always loved WhatsApp. 
Thank you!!",5
Hmm that was sus why you didn’t say “ for now on whatsApp can Sent status for whatsApp” when I updated WhatsApp? And can you add messenger things? But do it when you’re not tired! Take care of yourself!!!! 💓 💗,5
"Overall app is pretty good however push notifications are not showing up anymore, even though I have notifications turned on in the settings app and also turned on in WhatsApp. I also have NOT muted the direct message/group messages.",3
I don't understand why the three dots to view your status all at once was removed? It was much more easy to navigate through your starus and delete multiple status from the screen at once. Now that its been removed i can only delete the status manually by going one by one. Which is annoying. Please bring the feature back.,1
"Great app. However, after all these years the volume bar still appears on screen and takes up 1/4th of the screen for up to 4 seconds. Please use instas idea and put it on the top right of the screen.
Thanks.",5
"This is a good app. I have used it for years. 

Recently though, the stickers are driving me crazy. Please give us an option to remove all of them, or switch them off, or something that makes it impossible to send them. 

I type fast. It’s never been an issue but now I find I end up sending a random rainbow Unicorn sticker and it’s really inconvenient and inappropriate at times. I can delete them if it’s not a real-time conversation but then people often want to know what I deleted.

This should be a feature that can be disabled but, failing that, we should be able to delete all sticker packs. Please.",3
"I like it coz you can make group chats and stuff on it. 
I like that you can put stuff on your status. 
I wish you would get a notification when someone put something on their status so you can see it. 
Also sometimes, I don’t get notified when messages come in. 
Overall, great!",4
I have only used this platform for one day and it is very easy to use. You know by the 2 ticks if the message has been read and the photos are clearly displayed. Looking forward to exploring WhatsApp’s other capabilities!,5
I wonder why people are limited up to 20 contacts to share with any information at once! So things appeared to be changed without people opinions. I would suggest to that and at least give people the chance to enjoy the WatsApp to the best of their abilities. Thank you very much for the best of your understanding.,3
I have been a user of WhatsApp for a good while now. The developer of this product has achieved greatly for all mankind to use. I am a very appreciative user of which I am truly grateful in being able to use this media. Thank you Team WhatsApp!,5
"Don’t use this app. This app has caused me so much stress the day it’s gone from the AppStore I will literally pop champagne. I love shoving the bottom of my phone against my ear. It’s so fun. Especially with important time sensitive issues x  I also love having to copy paste everything into a translator app, saves me so much time. The UX of this app sets the standard for the funniest joke in the history of the AppStore and UX design. Meta is the best, all their products are super on point. Like that copy of Roblox",1
Our family are big users of the app and I was wondering if you could consider being able to like or react to comments people make using emojis like you can on FB?,5
Thankyou so much WhatsApp this is one of the best apps ever i use it all the time more then normal messages. I only have one tiny problem i can’t access the Meta feature I’m not sure if it’s because I’m in Australia. If you could tell me how to fix it it would be great! Thanks,4
"Devs, all you had to do was fix bugs, not break the existing functionalities! I noticed my whatsapp has been silent after an update, turns out your “bugfixes” have removed the whatsapp push notification settings from iPhone settings. Now I have to delete and reinstall the whole app?! All the Gigabytes of documents and chats of mine exceed 5 gb and I can’t backup to iCloud. You’ve ruined this app for me, thanks.",1
"Hello
WhatsApp is one of the best messengers. But we as users need more items. Please add ""pin message"". It's highly needed through groups. 
Moreover, we can forward just for 5 contacts or groups. Please increase it. Thank you",5
"Hi everyone, WhatsApp have changed their privacy settings.

This means this group and all other groups you are in are now open to everyone.
Its group settings include “everyone” by default so people you don’t know can add you to a group without you ever knowing.  These may include scammers etc..

You can change the default settings as follows:

1. Open WhatsApp:
2. Click Settings
3. Click Account
4. Click Privacy
5.  Click Groups
6.  Change from (Everyone) to (My Contacts)

I checked mine and they had all changed to being all open to everyone. 

Please share with your other groups - all other groups you are in are now open by default.",1
"WhatsApp is great but it will not let me add it to my iPhone 
I’ve got to log in threw google each time instead of having the option to download it to my iPhone as a app",5
I absolutely love this app and I use it all the time when texting and calling friends. A few things I would love to be improved are if people could call more than four people on a group call and if there were more stickers available. Other than that amazing!,4
"Love this app. Heavily reliant on it. 
However randomly have just lost all chat data (including pics) from my sister?! 
Did a restore from previous day iCloud backup but no luck there. 
Also another friend's chat data has lost everything prior to this month? I don't understand how this happened. Maybe that Chat wasn't backup up / restored properly? But try really shouldn't be.",2
"Although a convenient way to communicate with family overseas. My experience has been ruined with the lack of security and privacy settings. Anyone can call, video call or msg you. After being bombarded with unwanted calls & msgs from unknown people and blocking & reporting, I had to delete the app for my own safety and sanity. They really should have an option to permit people to contact you, like on messenger, particularly if they are not in your contacts.",1
"my boyfriend tried to contact me on whatsapp not knowing i didn’t have it, but he thought i had it because my number and real name was on the app. he called my number and an indian woman was using it? why did that happen, it’s actually weird and disgusting. so because it was my number, I logged in just to find out it was true and it was an already used account under my name. i deleted their account, but will not be using whatsapp due to this creepy incident.",1
I would like to see a feature added when you can still go into WhatsApp and read your messages and not have your last session made is last active this feature can be turned on and off,4
"I've been experiencing some frustrations with the UI/UX design, particularly when it comes to managing catalogues. Despite multiple updates, I'm still unable to edit or delete products, which means I'm stuck selling at outdated prices.

The labeling system also needs improvement. When working with a large number of orders (e.g., 100), I have to close and restart from the beginning, which is inefficient.

Additionally, accessing customer information, such as addresses, requires a cumbersome process of navigating between settings, labels, and individual chats.

I hope the development team will take these issues into consideration and implement improvements to enhance the overall user experience.""",1
"Don’t like the green colour in the new update. 
Aksob when you archived a message and the contact message you, you don’t get a notification anymore. Where as before, they would pop back into your active chat list and you’d get a notification.",3
Updated to the latest version. Photo received is still automatically saved in cameroll roll when the function is already turned off. Please fix the bug!,3
"Thanks to WhatsAppwe, we have the feeling to be everywhere around the world. From Australia we can communicate cheaper with our family, friends or colleagues, who are very far. Also, we can communicate informations, news or transmit our sentiments to love ones. 
We can say that WhatsApp is part of our life.",3
Needs mobile access beyond simple data access if I had phone access why would anyone use this service lol,5
"I’ve been video-taking to my friends using this app over the last five years. Despite the fact that some say WhatsApp is no longer safe, I continued sing this remarkable application.",5
"Love the app, very easy to use and super convenient for group messaging, just wish it was compatible with my Apple Watch so I could see messages come through for work without having to have my phone near by!",4
"On iPhone X... in the calls tab, when you swipe left on it to delete the past call, and turn the phone into landscape mode and back to portrait, the call changes its position to an inaccessible place! 
PLZ FIX IT :)",5
I don’t know how this happened and I can’t see any settings to prevent it in WhatsApp. I was sending an image to my landlord and noticed three pictures from my hidden album in the WhatsApp interface with my iPhone photo stream. I double checked it against my phones photo stream and those pictures are hidden and so not show up at all next to the images that they are next to in WhatsApp. Quite a privacy breach.,1
Please improve the video and photo quality while uploading the status,5
"Please remove the line that says ‘This message has been deleted’ when a message is deleted for everyone. It’s annoying because if I delete a message, it’s because I don’t want the other person to read or see it. Just remove it—it doesn’t make any sense.",3
"This is a really great app. Convenient, easy and efficient. I love all of the great features! Just find it a bit frustrating how I can’t chat to my friend who only has an iPad.",5
"I literally use this app to text all my friends. It’s so easy and convenient to use. I love the new video message feature!! The only thing I would want to add is the option to have a dark mode of the app, as I personally prefer dark modes of apps.",4
"I come in to join, and I get a notice that there’s a choice to not get history. I have no idea what that’s about as I haven’t been here before.  Now I’ve joined a group chat, I understand what that meant. Why do you assume a new account knows what you’re referring too, or what the process is, before they get in the door?",3
"When i call someone from whatsapp and if they dont answer, it just keeps ringing on their phone eventhough the call has been disconnected from my side. Which is annoying for both sides as their phone battery reduces because it keeps showing on their phone",3
"Hi Team, Any chance of adding a like button for messages in group chats? Shifted group chat from Viber and this appears to be the only thing you don’t have. Thank you for your consideration.",5
"I wish there was an option to keep voice messages playing, when the app is in background.",5
"App is playing since a few weeks now. It’s terrible as I can not download pictures I receive while on a call anymore. I always have to hang up to download the pictures. It’s actually annoying. Moreover, app goes all black and I can not see anything sometimes while talking to mates. Overall, app is not doing a good job since a few weeks now.",1
This button is so annoying it needs to have an option to disable it or at least a pop up to confirm the action.,4
"Wow ! This is the most amazing app ever to stay in contact with friends and family AROUND THE WHOLE GLOBE!!!
Would recommend that the admin gets to do a little bit more stuff then the rest of the group for eg. delete others messages !
Absolutely a 5 Star rating app!!!
🥰😘😍",5
I use WhatsApp when travelling o/s and the moment you get WiFi - it works well.  It seems to be very capable on a low signal strength.  Sending a pics and vids are a breeze and have little to no impact with the low signal strength.  It is a very popular app in South America.,5
"Hello and thank you for giving me the opportunity to keep in touch with my family oversees. Keeping in touch with them use to be an expensive exercise until you cane into my life.
Many thanks to all at whatsapp",5
"I was introduced to this App after moving away from family and friends. A brilliant way of keeping in touch, especially for those who do not want Facebook",5
"I don’t get notifications of my phone calls 
Or text messages 
When I am on whatsapp calling",5
"hello, I had to re-install the whatsapp app and I am blocked during login just after entering my phone number, the blue button ""Next"" is positioned just above the text with a hyperlink to the whatsapp website and when I click on it I am each and every time sent to the web site instead of progressing with the login.  It’s very frustrating 
I am using an iphone 5s
Do you have a solution ?
thanks",1
Well after getting msg from someone than only we can block or report thet person if we can have the setting not to let anyone msg or call us even they have our numbers that will be so easier for us good for our security in Whatsapp 😊😊,3
"Unable to take pics for last 3 days.  Press the camera icon and the app hangs. Little green light comes on to indicate camera is in use but need to kill the app to get back to messages.  All buttons non-operational.  
Various problems currently being reported globally.  
Normally solid app. Now non-functional.",3
Now that WhatsApp is owned by Facebook the conversations I have DEFINITELY are NOT end to end encrypted or private!! I am getting ads about things I have typed about or voice messaged to friends... I don’t even have Facebook on my phone but I get ads on my iPad when using Facebook about things I have talked to friends about on WhatsApp on my iPhone!! I hope Apple increases their privacy settings as I hate that my privacy is invaded by Facebook all the time!!,1
"As per my opinion whatsapp app needs to add one functionality which is uodate or edit status because if i forget to write something so i need to write again so if you can add edit functionality so we can change on that written things .
Thanks",4
"Well, it is certainly easier now to set up WhatsApp on another handset. Test Cretinous not to be able to migrate WhatsApp history from 1 phone to another?? Time to jump up to modernity, WhatsApp!",5
"The most popular Chat app in the world Is still  considered by cyber security experts as one of the most trusted and secure, despite ownership by Facebook. The messaging module, and brief phone calls,  are excellent.  I give it four stars because I have experienced drop-outs when having longer phone calls.",4
"In this day and age there are so many blackmailing scams, please introduce the option to remove messages for both devices with no time limit.

Keep the data on your servers or whatever, but people can use messages for extortion with very little consequence.

Please introduce this option.",3
"The only annoyance I have with this app is the notification you receive on your Apple Watch when you’re sent an image. 

The thumbnail on the phones notification centre is pretty crisp and clear. But on the watch the image is such a low quality image you cannot make out the image. 

All other third party apps that throw an image to the watch in the notification message, are crisp as. Why WhatsApps watch notification is so rubbish is beyond my understanding. 

Fix this and remove the only annoyance I have and get that fifth star rating.",4
"Sometimes my messages are delayed sending but my internet connection is fine.
Other than this whatsapp is good.",5
"I love a WhatsApp. The description is spot on. Simple and easy. No stupid filters that are too confusing to work and no unnecessary extras like some other social media applications. 
5 our of 5 for me. Keep up the good work and the effort is really paying off!",5
Seems since the update 2nd feb 2018 if you insert a photo or gif/ video from photo library it is in very low resolution- I have not changed any settings and can’t see a setting to address this,5
WhatsApp Is the best for calling and texting and and your 1 stop app for everything highly recommended to use everywhere and for everything,5
"I had just set up my account a few days ago, so since I was new and had barley any contacts on it I didn’t use is as much. Then for some reason they said that “This account is not allowed to use WhatsApp.” Like that’s just stupid. Just because my account has been inactive for 3 days doesn’t mean they could ban me. I don’t think being inactive for 3 days is enough to be banned. Hope this gets fixed.",1
"I love WhatsApp it’s so easy and no problems, private, and I can delete my stored photos if I wish, which other s don’t allow, I will continue to enjoy, WhatsApp while it exists. Thank you.",5
"THIS IS THE MOST STUPIDEST APP EVER, don’t get it. I’ve had WhatsApp for a while now, recently it started saying storage nearly full, and out of nowhere WhatsApp said storage full and the app blacked out, now the app doesn’t work, I’ve tried restarting and re-downloading the app many times but nothing works. I sent a review before on this before but it was never put up. So I say Don’t get this app. Get messenger or Instagram, WhatsApp is a waste of time.",1
I got a new update today. The videos don’t play sometimes and today the phone rebooted itself while playing a video.,5
There seems to be an problem going back to stared messages in a group chat or private message you have to scroll up then go back to starred messages before you can see what you starred,5
"A great app, which with the Covid-19 situation could greatly decrease social isolation by allowing us to stay connected.

Please,please Whatsapp increase the current call/video call function to increase so more group calls can happen, keeping people connected.",4
"It seems that for new contacts created since the last update the names won’t show in the chat, even though my friends and I are in each other’s contacts. I tried everything I could find on Google and the names still won’t show, just the numbers.",3
"Hi wahtsapp!!!! 

Do you have any possibility to fix the messages can be sent later if we schedule it before. It could be useful for wishes, many more.  Apart from that whatsapp is fantastic. I hope you will solve this problem.....

Thanks",5
"There's a sort of bug when a message won't completely send but will only show one tick, this confuses me since I've got usually good wifi and signal, this is really the only problem other than that is the look of it, the look is outdated a bit and could do with a bit of redesigning",3
"Would be good to have the ability to mute a specific group chat and not receive any notifications at all. For e.g right now if you mute a conversation, it still pops up next to the chat in your homepage feed. Would be good to get rid of that too!",4
"This is an amazing and u can even change the wallpaper for messages and FaceTime people that have androids and make group chats no matter what phone u have and they are sent super quickly.
Definitely recommend",5
WhatsApp in a way is way better than text as you have a profile you can see when it is delivered and you can see when it is read😊if I were you I would download this app,5
The WhatsApp app is very supportive when it comes to talking to relatives and friends across the globe. One of my closest friends who has moved overseas until next year started talking to me on it. It was an easy way to communicate and now I talk to all relatives in India.,5
"Great app. Everything good. 

Needs voice message to text feature (like Slack has).

Other than that, perfect experience.",5
I very like this app because I talk to friend about private stuff a lot and I don’t want the government spy on me so I like the end to end encryption and stuff also I like to FaceTime my friends who don’t ave the same phone as me,5
I don’t know if its my device or the actual app but during audio call i can’t hear anything but the other person can hear me. Its only the whatsapp my other apps can work perfectly fine during audio calls,3
I was given a filter option anything I do a video call with my family and friends. Suddenly everything changed I can’t see the filter option anymore and my AI is not even working. What’s wrong? What’s going on now. Meta please explain things to me. My AI is not operating. My WhatsApp video call filter is not showing anymore. I need answers please,2
"Hi developer ! 
WhatsApp is amazing. 
However the option for people don’t see us online haven’t arrived in Australia. Hope it comes soon. 
It’s nice have the freedom to be online withou appear for who we don’t want to talk. 
Thanks",5
"Ever since we decided to join our families overseas our life has become richer.
We have much more knowledge of each other’s life.
We write in the family app, or personally to one or the other, have long telephone conversations. Again with the group or person to person.
Ideal, also or especially for older people.
Great reception and all for nothing.
So do your parent a favour and get them connected with their homeland.
We certainly love it!",5
"Not a reliable app, after rest phone try many time to restore from backup but “no backup found” and this crapApp had around 400md data in iCloud storage details. Now after a day later crapApp not only updated my backup but I tested its restoring yesterdays chats. So professional users don’t trust crapApp be sure it’s backup/restore system is not working properly.",2
"If uses phone number to send a text, better off just use the message that comes with the phone itself instead (save an app on the phone at least). Sometimes we don’t want to add anyone or let them adding our number to theirs if we are not close! Therefore, an user id is much preferred!",2
"Easy to use, effiicient, widely used by my contacts and flexible

Sadly though I lost my chats between December 2020 and last week because I was not able to back up on what’s app those chats.",5
"I am receving calls from all the numbers except my mom number i m unable to fix it.
I tried to delete and reinstall the whatsup but nuthing fixed.",5
Chat backup to iCloud gets stuck at some random percentage all the time. No way to cancel/restart the backup process. Further attempts to delete the existing WhatsApp data from iCloud will cause WhatsApp chat backup to then get stuck at 0% 0 bytes uploaded forever. Please fix this!!,3
"My boss loves this app, brags about it like it’s his child... I only downloaded it so I could effectively communicate and get a response within a reasonable time frame. Works wonders, best feature of the app is that my boss now replies almost instantly.

Thank you WhatsApp.",5
"Got the app specifically to communicate with home while on an overseas trip. As long as there is WiFi (basically everywhere in Europe), I have phone, text, FaceTime. Some expected minor dropping out of phone calls but generally excellent and free communication.",5
"I have been Facing the problem on whatsapp during voice messages since when i installed the app on this phone. As I have had to sent the voice messages with couple of attempts, so i thought to write you a review, So you can acknowledge this issue and send a update ASAP !
Some of my Friends are also Facing this Issue. It would be a-lot better for the users, if you tackle the Problem.
Thanks !",1
Voice call and video calls microphone doesn’t work other person can’t hear anything iPhone 6S plus but on GSM calls it works all fine,5
I love using this app - it makes it so easy to keep in touch with my sister in law who lives in the UK (we live in Australia). We message & chat on a weekly basis.  It’s also a fab way to keep in touch with home when you are traveling. So easy to use & so reliable.  A+ 👍🏻,5
"Whatsapp is a very useful app to communicate to other people. But maybe if you could add a thing where you can have a poll or a vote in whatsapp so it can be more useful.

Thank you whatsapp developers for making wathsapp",5
"I’m a long term lover of Whatsapp, but ever since I’ve updated I’ve been having notification issues where I don’t receive them unless I open the app. I thought it was my operating system issues but I get notifications for all my other apps when I close them so I’m thinking it’s a Whatsapp thing!!",3
It’s a good chat service buy unlike FB messenger you’ll have to be mindful of backing up messages otherwise it gets lost when you try to change phones. It was disappointing if you don’t know about it. I lost months of important chats and files,3
"This is a great app ! It lets you send large video files as well as heaps of text. It has storage function and phone  and real time video calls. This is my go-to communication platform, love it !!!",5
"I love WhatsApp BUT l seem to NEVER receive a notification when someone writes to me which is terrible. 
It used to do this but it seems to have lost this function and it’s not only me that this has happened to, plenty of my family and friends have the same issue! 
Fix this and I’ll fix my rating for you ⭐️⭐️",2
Since the new updates everytime I use a sticker or do an action other than writing it ducks up the typing section. Each time I type the grey “write a message” or whatever stays there and I can’t write or click or send or do anything!!!!! Each time I close the app then reopen IT DOESNT FIX. So how am I supposed to use an app that is broken 😑,2
While putting status the upper toolbar like cropping and all stuff got hide under notch. After updation to 15 this thing comes up. Kindly fix that thing.,5
There is still no option to link an iPhone as a secondary device. The option isn’t available on “Enter your phone number” screen,4
"Got a message from my missus yesterday. It wasn’t a forwarded message. it looked like she typed the message herself.
And somehow I can’t forward that message.
It was happens after I updated my wasap to the current update.
I had similar situation when I had 2nd last update. Then it was rectified in the previous update. Now with the current update it came back again…
So annoying🤦‍♂️",1
I can’t even believe this rating is working when I can’t access WhatsApp. It’s just spinning “loading” everything else on my phone works.,5
"With “What’s up” it is great to find out what disasters have befallen our members. Everyone gets the news at the same time and the story is not embellished .
Accidents no problem, ocean swims are hurrah moments and baby ninja success is instantaneous. We all love it.",5
"Always reliable, have never had any problems with WhatsApp over the 6 years (at least) I’ve been with them. Fantastic when family and friends are over seas.",5
"As a family it has served and helps us in so many ways in times of happiness and sorrow an incredible quick way to communicate to all our family young and old, invaluable.
Brian Curtain.",5
"Be careful. Whatsapp access your contacts. I will never allow a company to access my contacts. My problem is people are allowing Zuckerberg to access this information. Your contacts might have a name and number, but it also might have emails, addresses, birthdates, credit card numbers... why would you give all that information about people you know to Mark Zuckerberg?",1
"Great App, however what would be great is when you turn of sound notifications that you can activate vibrate notifications instead of just having the only other option as a banner or no banner. This would be really useful.",4
I would like to know why I can reach some phones in America and not others. The one in question is in Colorado and her texts come through to me just fine but she can’t get mine. We are both using wifi.,5
Facebook is doing an AMAZING job with whatsapp! Never ending helpful innovations to the app making it very convenient for business & family life. Hope someday we can send invoices and make/receive payments. Keep it up guys,5
"I have a problem with notifications. It shows the wrong number of messages in notifications.
For example -When i have 2 messages it shows 5 on the icon. Please fix that. Thank you.",4
"Overall the App is fab but just from past 3-4 days its like working but slow.. sometimes when i type the text it stops typing or sometimes it just got hang... fix the issue asap please
Thanks",4
"WhatsApp has been the best app for all mobile phone users ever invented!!
It manages to facilitate communication worldwide which would never have been possible since the invention of telephones…so our gratitude to WhatApp .",5
"I have been using Watts App for a number of years and loved it until I changed my I-Phone. Despite going to an Apple Store, they were unable to transfer my Watts App history to my new phone. Lost some wonderful memories. They told me this is an issue with the configuration of Watts App and many users experience the same - so disappointing.",2
"I really like the length of videos that can be sent. Juts disappointed that hackers can still get in and send fake messages ""from your son/daughter""! That would be great if you could stop this happening.",4
I really like that what’s app is encrypted it really helps me with chatting freely with my friends but I do think that one thing that would make that lite bit better is if there was filters on the cameras to make you look funny and what not,4
"I like the format I think it easy to use , my only worry is that you can screen shot messages and that not a good thing as it defeats the point of it being private",5
Using this on a iPhone 12 mini is terrible. Many elements don't stay on the screen or are not clickable a lot of the time. I have to close the app to end a WhatsApp phone call because I can't get back to the call screen. Latest version often my messages stretch off the sides of the screen now.,2
"I am with a group discussion. Firstly we had troubles with getting it to work on my phone. Now it shows I have new messages, but will not show them. Has been like this for over 1 week now.",5
"Thanks to iOS 14, it tells you if an app is using your camera or microphone even while you’re not using the app. When I disabled the permission to camera for all of my apps except for WhatsApp, I can still see my camera being used as a background activity from time to time. Why do you feel the need to use our camera while we’re not using the app? That’s a clear invasion of your users’ privacy.",1
"Hey guys

I’m not able to send photos through my app, it was working fine till yesterday.
I also cleared space in the app by deleting old photos but still no use 
Please suggest",5
"I don’t understand why the new versions of WhatsApp does not allow to send forwarding messages to more the 5 groups on which I AM THE ADMINISTRATOR. I can understand if they are trying to refrain spam, but another story is if I am the administrator of those groups and I need to send communications to those groups I administer. Please fix this problem. Thanks",3
I installed WhatsApp on my new iPhone 14 and the location option in my chats does not appear. Support was unable to fix the problem.,5
When the sender sends the photos in an album form it comes with a blank display and in media display we can see  ..There needs to be an update for ios so than we can see the photos when received..,3
"My only source of connection to all my friends, family, co-workers, and everyone who I share my life with is due to having this application called WhatsApp 

Lovely tool to help from sundown to sunset.",5
Hi WhatsApp is amazing and I personally love the stickers but I wish there was a feature that would for example let you keep your status for more than 24 hrs but other than that it’s great 👍🏻😉😉😉😉😉👍🏻👍🏻,5
My Facebook account was hacked and now my WhatsApp and Instagram is also banned because it used the same number. I have received no help from Facebook to fix this. A flaw in their service they make you trust them to put your life/photos/chats and business in their hands and then don’t offer any service when you are hacked. I’ve lost everything.,1
"Some numbers from my iPhone don’t transfer (I.e they aren’t available) in WhatsApp, sometimes WhatsApp only shows the contacts number, not their name. This happens for existing contacts and new contacts. Nothing on the help site has resolved the issue and I’ve received no response from their support team in over 2 weeks.",2
Great way to catch up with family and friends for free. Good way to send photos and communicate when you are overseas. You only need wi fi and you can video call or voice call easily. Thank you,5
My son is travelling internationally and it’s wonderful to be able to text him and voice call him with worrying about the cost. We created a family group chat too. It’s great to share messages and photos to everyone in the group at the same time.,4
I’ve used WhatsApp for years now. We sometimes forget when things in life just “work” and actually DO make life easier. Well done WhatsApp Inc 👊🏻,5
When I talk to my friend it only shows 1 tick so plz fix it then I will be able to give a 5 star other then that everything is good but still plz fix that thing that's happening… Now it's happening with my parents fix it or I won't give 5 star btw u guys are stupid,4
"I love this app but I absolutely hate the fact that I have to hold onto the stupid voice recording button.

Its completely unintuitive and stupidly hard to use and frequently cuts me off or glitches and then I have to restart all over again!
Fix this issue! 😡",4
"I love free messaging and audio calling across all platforms. 

But when I want to video my family back home, we all use iPads. And WhatsApp video calling isn’t available on iPadOS. Game over. So we have to use FaceTime / Skype / Zoom/ Teams / Meet - All of which have complicated user names, registration requirements & invitation processes, or are not platform agnostic. 

If you can make phone number linked video work on windows and Mac, why not iPadOS ? 

This is the single most wanted feature. It would firmly place WhatsApp as the number one audio and video calling app. Why has Meta fallen asleep with this?",2
"Why can’t we delete images we have sent in a group chat for ‘everyone’? I understand nothing can be done if they are saved to camera roll, but the sender of images/video should be able to delete their own from everyone’s chat. Sometimes circumstances change and it’s no longer content we wish to share.",1
"Had 8gb of chats backed up in the cloud. When reinstalling WhatsApp on a repaired iPhone found it impossible to load the back up. Had to re-enter password. Because it was years since I used it had forgotten it, I had to reset. Consequently ALL chat history lost. Think these IT needs could organise a much more practical and user friendly system. They can’t.",1
Don’t like the new layout of the notifications it’s very confusing please revert it back to how it was!!,5
Whatsapp is a very sucre app where none of your parents friends or anyone not even whatsapp can read your texts so when I’m texting on there i feel like its only me and the person,5
"Video call notifications are really very bad. Whenever someone places a video call it doesn’t give full screen display and no option to decline. The call notification comes in hidden notifications area like a message notification.

This is really very bad and surprised that this issue is not even resolved.

Can you please fix this?",1
"It’s a fantastic app to make a call, video call from anywhere in the world. It’s great app to spend time with friends and family to share photos, videos, documents and messages.",5
Everything’s good no issues for me. But can you please some haptic touch feature in chat list ? So it can preview the chat. Iphone with 3D touch can do that but not haptic touch. Thank you,5
"With previous versions of WhatsApp I was able to read the messages on the screen without opening WhatsApp 
But after this IOS 14 upgrade WhatsApp doesn’t show the preview of the messages and we have to open the app to see what messages are being sent
Is there a way to fix it back as previously?",2
A great app although the video call function has decreased in quality in the last month or so! Can you please work on developing Picture in Picture mode for IOS. It’s the one major downside for WhatsApp on iPhone - no multitasking!,4
"Photos and videos are auto saving from chats even if it’s turned off in individual chats and in settings. This is happening not only to me, can this be fixed please?",5
Plz fix the notifications on your last update.. i am getting the notifications that i got a massage but with out the senders names even for my registered contacts,5
"Could you please give authority to admin person to delete anyone post

If someone put wrong post so, Admin person can delete it before everyone read or see it because we have friends and family group and some of them don’t know how to delete post",3
I travel between countries quite often and you guys are making it completely unusable by pestering me to update my phone number every time I change a SIM card. People can’t add each other without having them in the contact is also so stupid and unnecessary. I’ve deleted the app. Can’t even be bothered to deal with people who use this app anyways.,1
"This app is a private and extremely easy to use, it also has a lot of things to do on it, I highly recommend it.",5
Please change back other people’s status from “Online” and “Typing” to “online” and “typing”,5
"Everything worked brilliantly except the voice record button need to be larger/improved or ideally press once to record and press again to stop setup, like Instagram’s which worked like a charm.",3
"I’ve only just downloaded the app and created an account a couple days ago haven’t used it, and opened it today because I was supposed to receive documents from my boss for my new job 
I’ve opened the app to a pop up saying “this account can no longer use WhatsApp” 
And I need it for work 
I’ve done nothing wrong 
This may have just cost me my job",1
"I had very important videos that I sent to my friend when I tried finding them again they weren’t in the chat anymore and she didn’t see them in the chat either. I don’t have disappearing messages on and I’ve updated the app to the latest update. I don’t know if this is a glitch or not but those were really important videos, please fix.",1
"Heads up, this forced update removes a feature. If you previously had a single wallpaper selected across all chats, you no longer have this option. Now users have to select a wallpaper for each and every individual chat or group. I want to set my wallpaper across all chats and groups, so please bring back that setting. One ⭐️until it’s fixed.",1
"I love WhatsApp! It got so much better lately. It would be great if we could pin messages so they are easily accessible at the top. Also, the ability to create events with dates... Etc in messages",4
"I have badge set on my WhatsApp so that I can see at a glance, that there are messages waiting to be read.  
Mine have disappeared!
I’ve looked into the settings and the notification settings.  All looks as it should be but I’m still not seeing the badge symbol.",3
"App is good. 

It would be better if archived group chats can be at the bottom, not at the top. people usually will put first line as important, so it distracts the attention away with notification number. since it’s archived, it’s insignificant so it’s better to be at the end.",3
"There are some issues with voice recording 
Whenever i tried it said please restart your mbl
I have iphone 14 
IOS 16.2
What is the issue with whatsapp?",5
"Would like more functionality around managing conversations in a big group. 
It’s like it was great at start then nothing more developed. 
But basic messages and photo sharing is good.",4
"WhatsApp has been amazing in remaining connected with Family and Friends locally and internationally.
No complaints, other than wish there was the option to have more than 3 pinned chats.",5
"There is a problem with the app, every time I open the app the screen brightness goes up to the top, even if I try to lower the brightness it goes all the way up again",4
Add a privacy option to profile picture so that we can choose the person to whom we want to show our dp as it is for the status,5
"This is the perfect way to share photos, videos, chat and be a part of my family’s lives that are scattered across the globe. I’m not a social media user and I find WhatsApp perfect to communicate privately.",5
The last update has added this unnecessary prompt for the new message over an existing open chat window which is quite annoying. Even during a whatsapp call the window keeps popping up. Please give an option to disable it or disable it completely.,2
My WhatsApp is not connecting to the internet even when i have an internet connection on my phone. All other apps are working well. Please help me fix this issue,5
"I’d love to give 5 stars however I feel like the app is lacking slightly, mostly when it comes to groups. It’d be amazing if you could add a group call function since most of the people I talk to are American and I’m Australian if we want to all call together we can’t",4
"Every picture I receive is saved automatically, which is incredibly annoying and unnecessary.

Please make this an option.  Currently only Read/Write or Never.

Otherwise, good messaging app.",4
"I upgraded to latest version this morning and although there isn’t any defect in WhatsApp itself, the icon isn’t visible on my home screen, instead I see a white background logo.",4
"Hey guys,

Before the update, I had the preview and name hidden from display when locked, now, even with those settings turned on, it hides the content of the message but the receivers name is seen when iOS is locked?",4
"Notifications don’t always come up. Sometimes I’ll have a 1 in the badge, and I’ll go in and there are half a dozen messages waiting for me",5
"Hi Team,

I wanted to express my viewpoint and provide suggestion on that.

Why the search feature got deleted from the chat? It was an important feature. It use to save a lot of time if you want to search smthing using key word. It was so helpful.

I could not actually find the reason why it must have been removed.

I look forward to getting reply on this and providing sone solution.

Kind Regards,
Divya",5
"When all other options failed to keep us connected globally WhatsApp saved the day in every country.
Lou and Myra.",5
"Hi Developer

Thank you for the beautiful feature as my parents & in-laws who are not tech savvy I can trouble shot them when they share the screen to me for their smart phone issues.

I would high request additional feature of allowing me to drive the phone to fix issue for then during video chat rather then view only mode would be extremely helpful in my case & other users similar to my situation.

Keep on the good work team🫡👍",4
I find it annoying when there are so many scammers on here  who put up fake profiles of not their self. And using some one else.😤😤😤.,5
"Would like the ability to edit after sending please Meta. Other apps already have it and this one is lagging. Focus seems to be on emoji reactions right now instead of ease-of-use functionality. 
When can we expect it? Thanks ✌🏼",3
Sadly WhatsApp is behind the times as it doesn’t allow people with multiple phone numbers to carry their WhatsApp account across devices. This is a real inconvenience for those working internationally and traveling.,3
Awesome App really useful tool for work when we take a lot of photos for work verification but the latest update on my Mac book has changed the download function and now you have to look at each attachment separately which doubles the time :(,4
What ever happened to the delete for everyone when you sent a message by accident and want to delete it??? I cannot see it.,5
WhatsApp is owned by Facebook and totally compromised as a secure messaging platform. I’ve long been aware this app will scan your messages and use them to target you with ads. It has recently come to light that the service is also running voice recognition software on your voice calls as well.,2
"Now that you can delete a message and share live location, this is a complete package. Especially useful for having friends with different phones. Brilliant. 🎖🎖🎖",5
I use this to communicate with my friend in Italy and the app is flawless if one or two things change about the app we probably wouldn’t use it love the privacy love the simplicity!,5
"It keep crashing after 5-10mins of using the app.
And i need to restart my phone just to open it again.",5
I used to send many pictures to my contacts but when I received a notification from my friend asking me to send a picture. I tried to send a picture to my friend but the app kicked me back to my home page. I updated the app and resented my phone to see if i can fix the problem but it didn’t work. PLEASE FIX THE BUG PLEASE,1
WhatsApp is great but there are groups that are like add everyone in your contacts and my phone keeps glitching pls ban them because they have so many people and there’s some bad stuff on them,4
"I love this app, i make calls to overseas through WhatsApp almost every single day and I really appreciate its quality. Special thanks to whatsapp team 👍👍👍",5
Can you pls add an option to hide or toggle off for ai button as it does looks so bad with the rainbow ring on the top as I won’t really using it + I bet many people will appreciate it with this options. Love the previous whatsapp before I updated it. Way more more simple,3
Unable to sync contacts in my iPhone to WhatsApp. I have given access to contacts in my iPhone.,5
"Izzy,  the * means if your using YOUR wifi your paying for, data charges apply to you unless your using free wifi, ie at a hotel etc, (then of course it’s free) & if your using WhatsApp in cellular mode then that is also FREE...",5
"Would be great to be able to delete messages for not only myself but the recipient without time restrictions or limitations 

Would be great also if admins of groups were able to delete members messages also without time restrictions or limitations",3
"When your internet is being a jerk, you can always trust whatsapp has your back. Its easy to work and can send gifs, text stickers and lots of fun stuff. Get it. NOW!!! (you will regret nothing)😉😂",5
"End-to-end encryption is fine, but the integration with Facebook ecosystem is a concern to Whatsapp users. Is there a way that Whatsapp could be disintegrated from Facebook?",5
"In this new version , we cant get missed call  at back when we are talking to someone else 
Otherwise all good
Hope this issue corrected soon
Thanx",5
"I'm using WhatsApp for a few years, and I love it
Now I can contact with my family and friends
 I would love if the app were available for IPad as well 
Thank you for the great app
❤️👍❤️👍❤️",5
"Great 
Very responsive
Was able to keep in touch with friends family while away 
Is it free as I had to place my credit card details to be able to access it?",5
Is legal for apple to force my to give my bank details in order to be able to use WhatsApp?,5
Like seriously for some reason is said my account was banned this was so annoying I use WhatsApp everyday and then this happened,5
"There are some issues with the latest update. When I switch from say watching a movie in Netflix app to whatsapp, the text bar appears somewhere near the top without the keypad. The text bar appears on top of the conversation box ie on top of text. I have to then shut whatsapp down and then restart the app again to get rid of it.",2
WhatsApp needs to be fixed and updated,5
"Does it even make sense to waste money on your development team when I can’t design an app that last longer than about a week before it needs to be updated! Fire them! Find some developers are can build app to last couple of months before it needs to be updated, for crying out loud. OMG, you'd think Suckerburg , would hate to throw a good money after bad.",1
This new feature of rejoining video calls is so dope. Also this feature of sending media file that can be opened once only is lit🔥,5
"Everytime i post a video as a Whatsapp story, after the first part, voice goes out of sync for next parts as video being divided into parts. Please try to fix it. Thanks",4
This app is amazing because you can connect with family and friends over seas so that they don’t have to some times pay for text messages,5
"Even when I have been an active user of the app for more than 8 years, lately the messages are not coming on time. I have been dealing with delays of more than three hours since the sender writes to me until I got the message. So annoying!!",3
Why do you completely shut down the ability to view old messages and content within the app to mandate an update!? Why is this update so important? Why not just disable features if you must and still allow me to access my own data! I request you give me access to my data! Unlock the old app please!,1
Why have a function of having the ability to delete a message posted incorrectly to recipients as well as to yourself so that when u incorrectly choose yourself u got no other options! Why would I want to delete a message just to myself!!?? Please delete this function so further errors are avoided.!!,2
I don’t rlly want to spend that much money on my phone for messages and this is really good because then I don’t need to waste money texting my friends and I can still keep in touch with them!!❤️❤️🙃😊😁,5
"Can you make it when u view the icons of people who saw your status story - you can press on them to chat to them directly. This makes it easier to resume to
Conversation after seeing they saw your status update.",4
"I have lot of attachment with what’s up while I fall in love before to get married with my wife spend 3 month on what’s up day and night more than 500 thousand sms I sent to her in just 3 months via what’s up 
Love it amazing",5
This is a great app. Allows me to connect with family all over. Message to the developers can I please have blue whatsapp again. I got used to it and now I want it.,5
"You can mute a person. 
You can mute a chat.
But you can’t mute one person in a chat. You should add this feature. 
There is one in every group.",5
"That’s something that happening for 1~2 months and after few updates the “bug” still happens.

Every time that I heard a message audio and started texting the noise of the texting became WAYYY too Loud. 
It happens when the iPhone is not on quiet mode.",3
So basically I woke up one day to not being able to actually get into WhatsApp which is a huge problem as that’s my only way to text my dad and some of my friends and I’ve been in many group chats I’m deleting and redownloading it now but it’s still very annoying,2
It’s the best for over seas if I don’t have WiFi and it’s better for messaging my family if I don’t have they’re contacts in messages,5
"When sending video messages that are recorded on the app, the videos are out of sync since October 2023. I had an iPhone 12 mini then and now I have an iPhone 13 the issue still persists. Apple has advised it’s not their issue as videos recorded using their app are not affected. This is appalling. Spent $2000 on a phone to have this experience. And for 6 months!",1
"I am very content with the WhatsApp as it keeps me connect with family and friends.
It a resourceful devise  that  connects you with families and friends around the world. 
I used it daily.",5
"WhatsApp is a nice app that has solid functionality. But unfortunately, we consumers fall prey to the changes of the app. As in, once we are settled into the app, slight changes like the colour palette of the app becoming Green inside the app, the communities tab that does not go away in your main chats. Small aspects like these are annoying. This will eventually lead to people wanting to move away from the app.",1
WhatsApp is only app I use most of the times for getting in n touch with my mates and family. It’s been wonderful experience with this app,5
"Thank you for all the new features, such as the comment/ photo feedback features and document upload possibilities.",5
send large files videos voice messages audio 😍,5
"Nobody with iPhones like to share pictures on whatsapp because it distorts the image quality and what’s with the distortion in display pictures? Like are you being serious? Being a multi billion dollar company, we are supposed to face issues with pictures being blurry on the app either it being a display picture or sharing them?",1
So the app is very good and all I like texting my friends but I keep getting added to these random businesses groups and people who think I’m someone else I have to block new people every day please try to make this stop it’s really annoying,3
"I’m left with two options. Completely have notifications banners turned off, or have my “notifications without preview” displaying the sender’s photo. This is not private at all. 
I have reached out to WhatsApp months ago about this feature and still no fix. 
Private notifications would just say WhatsApp. Not tell everyone what the sender looks like.",1
"Hi WhatsApp we love WhatsApp ❤️. we want to fight WhatsAppGB please do something simple peoples are thinking using GBwhatsapp and doing wrong things because GBwhatsapp help them to display false last seen etc 
For me WhatsApp is the best the gb must go in the bin.",5
"At the moment even if we mute a grp , as new msgs come in , the group pops to the top, can we have an option to permanently mute it so it doesn’t show notifications on it",5
If it wasn’t for Whats-up I would hear and see very little of my family! We live on different continents and Whats - up keeps us together. Thank you for this amazing and free service.,5
"This app is the best!!!! There’s great reception on it and it’s good for keeping in touch with what’s happening in the world. It’s an easy setup and it works really smoothly, I definitely recommend getting it, also it’s completely free.😀",5
"I love WhatsApp, but when I try to video chat with someone I can’t see or hear the other person. I don’t know if there’s a problem with the app or if person I’m talking to just has their camera and microphone turned off.",4
"WhatsApp is the most annoying app! I wouldn’t have ever used it if my other friends didn’t have it or if Telegram was accessible to my friends.
It’s not possible to get out of a chat page while listening to a voice message which is annoying with long messages.
There’s no edit option.
It’s often not possible to forward photos to other apps.
I can go forever.",1
After the new update the messages don't read when I read them so I have to swipe across the chat and press read if I don't want the chat to go up to one of the messages I already read,4
"I always think about what life would be like without WhatsApp, with family and friends ineirope and South Africa it’s amazing that we can all still stay in contact on  on a daily basics. A",5
When I go on the app it always closes and phone goes back to home page if it keeps it up I wil delete it,5
"The apps REALLY good but lately me and all of my friends can’t see when people have read our messages and none of us have turned off read receipts, can u guys plz fix this?",5
"App was working very well right up until my number was banned for supposedly violating terms of service. All I ever did with the app was send memes every now and then, chat with my sister and used a group chat to organise some events with a few mates. 
Not sure what the deal is and it’s honestly pretty silly to be able to ban someone without actually providing info as to what they did to receive the ban",1
"This app has been very handy while being overseas, as it has let me keep in contact with family back home that I otherwise wouldn’t be able to.",5
To be alive this century where truly anyone in one part of the globe in contact with another anywhere for whatever reason with least inconvenience is amazing and wonderful. Hope it is used to achieve John Lennon’s world of peace and harmony.,5
"This is a great app to talk to people on, but in the new update that came out... I checked every tab on the settings and none said Face ID or Finger ID... I'm not trying to hate or anything I was just really excited but now disappointed. By the way I'm using an iPhone 5 for this.",4
"WhatsApp is one of the best to chat on easy too make a phone call. 
When u get a message it tells you 
I use it to talk to family in UK 
You get xx amount of minutes free 
So I highly recommended",5
My WhatsApp updated itself and now I am unable to send voice notes or make WhatsApp calls! It’s ridiculous...,5
"The way Whatsapp is now is perfect if you know what your doing when tweaking the optimal security settings!! What I would like to see is whatsapp with encrypted video call!!!!!!

So yeah great work and take it to the next level guys!!!",5
Great app. Fulfills all my needs and has even more. New updates make it even better. I think I don't need anymore but then they come up with something new and it's always great!,5
I am so happy I have what’s up I can text my cousin family and friends🤗🌈😊. I am always doing something on what’s up like how did dis so cool👍🏻😂 make sure you get it get what up ya girl math🤪🥳🤣,5
Because I’m tired of the women on here asking me for money that shouldn’t be happening to meet someone to pay them money. I think it’s a disgrace. because all they do is rip you off by giving you a false address and I only want Apple cards.,3
"I love this app, but can you give me a girlfriend because I’m lonely my girlfriend broke up with me few days ago and I’m looking for a new one so please give me one and also good app you have",5
I used to be able to create stickers via AI but now shows error message that couldn't creat it and try again. Just wondering if you guys can fix it again.,4
Its soo annoying that app is crashing every-time after 5secs on latest ios. Please fix it and release the update ASAP.! Thanks,5
"1)New user interface is very bad. Don’t have options to delete multiple status.
2) earlier it was just long press and you can see other friends status now you need to open status and see.
3) channel option is totally useless for normal people.
4) in sort nothing is user friendly in new WhatsApp update. I just loved old UI",1
It is good because we had an exchange student staying with us from Bali and when she went home we could still communicate with her!!,5
"Everything works fine until the latest update...suddenly I cannot open the app
When I open the app, it all comes to the logo only and then I am back at my home screen...please fix this",3
"I have only been able to listen to half of the message, because it cuts out all of the time.",5
"For no reason and even when I re loaded the app, it still happens. Love it usually, hate this new problem.",5
I love using the app but would love to change text bubble colour. I will come back and change it to 5 stars once I get to change the text bubble colour.,4
Dear whatsapp I am a very old user of whatsapp but after using this worst application for so long I came to know that the application is good but the Status feature is worst this feature can give a heart break to a person so this feature is unhealthy u should remove this right now otherwise I will go to WHO and complain about it,1
"I gave it a 4 star as it doesn’t allow you look black that far. Not good as you might miss important information 
Still great quality would use to chat to someone",4
"Hi Team Whatsapp,
I just upgraded to iOS 14.2 on iPhone 11 Pro Max and the Whatsapp started crashing. When tried opening it, it doesn’t open and quits immediately. There might be other people facing the same issue. Kindly fix it asap.
Thanks
Gaurav",4
"Some devices have issue using attachment via web whatsapp.

And some devices can’t click on previous images, only last image keeps displaying",4
"App says I must update, takes me to store and only give me option to ""open"" app, not update it. Second time. Prior time it seems you fixed it within a day or two. Are you accounting for all time zones when you force these impossible updates?",3
i loved using whatsapp when i was able to actually call someone normally and not need to worry about the call ending for the stupidest reasons. my iphone is now unable to keep a call on as soon as i watch a instagram story or video with audio it ends the call. usually it would allow me to do so without ending the call. but now it’s been ending it. please fix this. also i used to be able to go on certain apps without the call being affected but for a while now its been ending the call instead of putting it on hold. please fix this,3
This the best app for people who need to contact people when they are travelling. Should have downloaded it years ago instead of paying rip off roaming fees and the intrusion of social media,5
"I think if is secure as said encryption is always private confidential always trusting the platform I believe in my personal friends love to be enormous, I have faith in this app and chatting with friends all over the world integrity is important",5
"Yesterday I have updated to iOS 12 and today when I was using WhatsApp I caved across the UI bug.
When I tried to navigate back from chat screen the UI Tab bar seems glitched. It was not placed at the bottom upon being navigated.",4
"Great app, would be even better if I could read the message on my watch rather than just see a notification. While you’re at it, you might as well let people respond via the watch. Thanks",4
"Hi, I think whatsapp is absolutely fantastic, although, lately, for me and other people, after about 3 seconds of it opening, it crashes. It is really frustrating, and I can’t do anything about it at the moment",4
Great app but since last download the text box to write in is now locked in the middle of the screen and my chats scroll through it. Would be great if it was locked at the bottom of the screen again,4
Loved getting messages quickly,5
What’s app is Amazing you don’t have to pay so it’s totally free for everyone and when you have no wi fi you can still text and they will receive it. What’s app is AMAZING!!!!,5
"I enjoy WhatsApp to comunícate with family & friends.   I  would recommend WhatsApp that allow us to have the app in different devices as in messenger. 
I use more than 1 mobile and it’s a problem have WhatsApp only in one mobile.",3
I love whattsapp but am very unhappy that I cannot get old messages that are still on my computer  on new iphone or messages on old computer. This makes my use of the app excruciating as I always need both devices.,3
"WhatsApp is the best thing I have ever used, it saved me from ptsd and post depression suicide, I am so grateful, COVID ruined me but because of my connection with friends and family because of this app I am alive",5
"Well, I have never seen so many scammers using this app, I get suspended from using this app because some Nigerian dog decided to report me, now he continues on his way taking innocent people’s money and I can’t communicate with my family, shame on this unjustifiable app",3
What’s App Has Been An Absolute Benefit . I Am Able To Connect With India : U.K. Sri Lanka Etc . With Both Audio Text.  Very Unfortunately A Few Random Folk Have Accessed My Whats App & I Have To Delete Them Immediately . I Hope & Pray My Privacy Is Always Safe & My Private Texts & Pictures Are Not Impacted.  Txu Once Again Whats App .,3
"WhatsApp helps me in time management as I can deal with all types of communications (family, work, services) in just one space!
I just love it.",5
"Notifications of messages are delayed. Tried everything under the sun to fix it. Did nothing. I don’t even get call notifications either. When I randomly open the app, it shows that I have miss calls. Please fix this. Otherwise great app.",2
It has stopped working and had to reinstall it.,5
Kindly remove last see option its a request,5
"This was a much awaited feature for me since a long time. WhatsApp has delivered and how!!!
Great work and thanks for listening to your users.

Excellent!",5
I experienced black screen during  WhatsApp calls. It was worse when it is more than two people in the call. I was not able to terminate the call nor change anything as the phone became unresponsive.,3
Need an update to fix bugs ... it doesn’t work since I have updated IOS 14.2 it’s constantly crashing and I can’t open WhatsApp it is really annoying... I think it has bugs need update so it can fix I uninstalled and reinstalled for 2 times lost pics of my deceased grandmaa as chat did back up for that day.,2
Took me ages to find how to bulk delete messages. I couldn’t find anything in your FAQ but finally discovered it after swiping and clicking on “more”,5
You have been searching the best possible ways like renewable encryption to protect users from being hacked and to serve all users to get almost nothing in return; this is benevolent altruism. Well done!,5
"It’s a great app for all communication, but it would be really nice if you would add a Dark Mode, just to give the option for a different look, switch things up, thanks.",5
"This is a really useful app to keep the family in contact when 3000 km apart. Lots of photos and videos of the grandchildren. Video messages are great.
Just a great communication and sharing tool.
Tony",5
"Won’t display names in the conversations anymore unless you allow WhatsApp to access all your contacts. You are left looking at phone numbers despite the display name still being accessible within the contact profile. 

I don’t approve of this considering the parent organisations history. Sadly feels like a veiled attempt towards more  Facebook data-grabbing.",1
"I have iMessage, and WhatsApp is soooooooooo much better, in my opinion, it deserves ⭐️⭐️⭐️⭐️. I love how you can chat in groups rather than one by one, however, I hate how I always get spammed up to 96 messages an hour, if I wasn’t spammed as much, then I would give WhatsApp a ⭐️⭐️⭐️⭐️⭐️.",4
Hii WhatsApp i want to suggest.. please provide an option that saves automatically profile pictures like display pictures and status ..,5
Thanks WhatsApp for giving me a tool that keeps my family informed and connected. When you have to be apart this app brings you together.,5
"We relied on what’s app to communicate with friends and relatives in Australia when web went to LA, Vegas and NYC. The phone call reception was clearer and quicker than using mobile roaming. Only problem was if wifi dropped out ...",5
"Amazing app to use. To top it off, if there is a feature to have a custom mute option so we can mute people/groups for however long would be awesome.",5
This app is good but when you want to send someone just say 15 photos you have to send each one individually and it’s really annoying there should be a feature that allows you to select a bunch of photos and then send,3
"The app is a bit laggy after the update to iOS 11. And there’s a problem that I can’t save the photos sent in Whatsapp, it doesn’t go into my Photos when I click save. Even when I enabled the auto save photos in the Whatsapp settings. Please fix the bug",3
I am so annoyed with what’s app saying “What’s app couldn’t start please restart your iPhone if the problem continues” I have done this multiple times but no luck. I have uninstalled and reinstalled the app few times but the problem still persists. I also bought a new iPhone 16 plus considering it was the phone issue.,1
I have an iPhone 13 pro max and any video or video note has a scratching sound on it. Video works fine in any other app so its not hardware. Also saw someone complaining on reddit with similar issue.,3
"Hi WhatsApp,

Can you please bring back the non capitalised version of the status bar? 

It’s really irritating for me and it seems a lot of others",4
Some times calling issues are there. We cannot hear the other said. Still WhatsApp not improved yet.,4
Thanks whatsapp for making a feature like video call!,5
Please don't let the quality decrease while sharing something in the story.  many people are actively using this application but this problem is still not fixed.,3
"After opening this App
Why there is a annoying notification in WhatsApp about chat backup .?
If you muted a group than why notifications for ?",4
"The app is great to use and easy too. However, we feel the requirement to allow creating polls/voting directly on WhatsApp groups rather than using a third party link/etc.",4
"I want you guys to make infinites pins on contacts. We people have more than three favourite contacts to talk on. So please add this feature and need it badly. 

Thanks",5
"WhatsApp claim they won’t share your contacts with Facebook. However, you need to give Facebook your phone number now. This obviously lets Facebook look between their own users to make a web of connections 

WhatsApp claim they won’t share message information. Which I believe. This will change within the next two years though.",1
Can we please have a poll option on our whatsapp status,5
The app is good overall just some improvements could be stickers as well as changing the background in separate conversations. Viber is doing a lot better in privatizing conversations where you can put passwords on private conversations as well as unlock it and hide it.,3
"Luv’nnn the simplicity of  it all, mostly use What’sApp for all my calls, msg & vids. Love What’sApp check it out,,, u won’t regret it I promise u. It’s all about to ‘simplify’ your life, right... Enjoy like I do thx What’sApp. Oh one last thing no dramas for Overseas communication either... 👏🏽👏🏽👏🏽👏🏽🌍🌈💓",5
"Although listed as available in the latest update, it doesn’t activate even if system-wide the phone is set to Dark Mode. 

Most apps switched to dark mode months ago, such a long wait and can’t even do it right... disappointing! Specially considering the app has the backing and the funds of a massive company behind.",1
What’s app is such a great service that is useful in personal and professional life as well. One thing I wish be done: having the unread messages at the top constantly.,5
I love whatsapp but I’ll only give a 5 star review once we can actually pin status updates... it’s nice to be able to see the important people first without scrolling through the rabble.,4
We use it to let one another know what is going on. I need help from time to time. The nearest can then just pop in. I am very grateful.,5
"Dear admin, thank for giving back my account. Now I can use whatsapp again with my lover and my family. Thanks",5
"It’s great app. But, I would love a better integration with Shortcuts App. For example ability to send a message/text/video to a WhatsApp group without additional UI interactions, so you could just say “Hey Siri, send the last video to my Family” ...",4
"I have relatives overseas that I would like to contact on WhatsApp, but I am unable to because they don’t appear in my WhatsApp contact list despite being in my phone’s contact list.
Could you please fix this?",4
I don’t know what happened but I can’t open WhatsApp on my iPhone. Every time I open it it keep crashing. It doesn’t even open,5
"Love WhatsApp, but I use it for 2 jobs and personal use. Would love to be able to categorise my group chats so I can mute certain group chats at once (e.g. outside of work hours etc.). Would make such a difference!",4
"I do not like it. I have used whatsapp for years and the update makes it feel wrong. I tried to get used to it, but pressing a green send button still feels wrong.",4
I communicate with my family and friends overseas regularly and find that WhatsApp is very reliable and convenient.,5
"When navigating the status or skipping the status, the audio of the previous plays on the following status.",4
I don’t have unlimited texting & calls so appreciate a free service. Most of my friends are on it so it’s well used 😀,5
Why can’t you use stickers on WhatsApp anymore ? You can’t minimise the sticker to fit correctly in the picture - terrible upgrade gone backwards,4
"I use whatsapp a lot.🥳But one thing that bothers me is that there are WAY TOO MUCH scammers on it. 🙄

Have you ever had someone texting you like: Hey,u wanna job for 200 dollars a day?😅 Or are you a boyfriend aunt has told me about?😍 Or meeting is kind of fate, let's be friends. 😒NO MATTER HOW MANY TIMES YOU BLOCK THEM, theyll change their phone number and just keep trying~😳

I Really Wish WhatsApp can make a change to this problem!
ʕ•̫͡•ʕ*̫͡*ʕ•͓͡•ʔ-̫͡-ʕ•̫͡•ʔ*̫͡*ʔ-̫͡-ʔ
A whatsapp lover and user~😊",4
"I love this app if you can make it easier for those who are dyslexic and don’t understand much about iPhones.
Besides that very happy 😃",5
Thanks for the excellent free service .Only problem is  I need Wifi to use it. Sometimes I don’t have it when outside my home.,5
This photograph very nice photograph just I want to put noticed about the camera can you do something can you know that camera go nice more thank you,5
I’ve been using messages for a while but now I found WhatsApp back in 2014 ever since then I’ve been using it that app has evolved over time in to the best app to message,5
This app helped me contact my best friend that I haven’t seen in years. If this app was not created then I would not be able to talk to her because she had an English phone number! Thankyou WhatsApp,5
"I have one sticker in my favourites that I can’t remove, I’m able to remove other stickers, please fix!",5
This update version is not working in my phone .. what i need to do to open my whats app account ???,5
"One thing that would be good to add is the ability to turn off notifications for individual groups not just mute them. I don’t want the badge with messages to show up when it’s only for a group I not concerned about at the time.
I have many groups on the go but some I want to turn off for a time while still getting notifications on others regularly.
Maybe ok next update??

Cheers
🤙🏻👌🏻",5
"It would be great if you added an exception list for the ‘seen status’ etc...
Other message apps have this. Still surprised WhatsApp doesn’t.",5
Hi what’sapp  when I do voice call the connection seems to be very bad but it’s all ok when I do video call. I was wondering why that’s happening,5
I used to be able to forward messages to up to 20 contacts which was really handy but it's now restricted to 5 after the latest updates. Hope it can get back to more allowance,3
Cause it tells when there reading the text and typing and has a good background too,5
"I love What’sapp but feel instead of scrolling through my contacts couldn’t there be a way to put them in categories like family, favs, business etc?",5
They have really good service but there call are abit laggy but it is great I love using WhatsApp it’s is great for people who are overseas and need to talk to there family or loved ones.,5
Hi Whatsapp. I recently updated to iOS 11.3 on my iPhone 8 Plus and since then my whatsapp app no longer shows or has access to my contacts off my office 365 corporate email account. Reviews online are suggesting a compatibility issue. Please fix with an update to the app ASAP.,3
WhatsApp is a great app to use to communicate!! I would definitely recommend this app for anyone of any age!! Definitely worth it!! 👏🏻🥳,5
"I love this app, because I can talk to family and friends every noun again, and ask them what they are doing for the day, and it is a great way to be sociable",5
Created a group chat for my gym class mates which has made it super easy to keep updated with gym class cancellations and general chat.,5
Really good app. U can share stories and make calls all while texting and following your favourite channel its a really good app one slite problem is that the calls are really laggy ⭐️⭐️⭐️⭐️ four stars!,4
Please give justice to this innocent little user who just changed her number and did absolutely nothing to deserve getting banned. I just want to peacefully connect with my family and friends. What ever this new number’s old owner did on whatsapp previously has nothing to do with me. :(,1
"I wish I could answer what’s up  call on Apple Watch or Samsung watch, as u know we receive just the notifications",5
Badly need PiP support. All the phones have it and I was disappointed to see that it's not there,5
"This app it’s Awesome,you can send photos and videos and they keep the same quality as when you did it , I give 5/5 starts 👍😎",5
Once I click on any dp …then after click close then close option not working …push another new update,4
"This is discussing without giving me a formal warning they have banned my WhatsApp number this can be a mistake, didn’t think about my account how could you do it still on my word it can be mistake since you have banned my number on WhatsApp, atleast someone give a response what going on with my account.",1
I just love WhatsApp I use this app all the time to communicate with my family - it is the absolute best way to keep in contact. The video calls are of the highest reception. 10 star rating ❤️,5
"When someone is on another video call , WhatsApp should show us on xyz is another call , instead of showing only calling  ... it is very important to add this feature,  because it creates mess",3
There are hacks going around on whatsapp and they are not doing anything about it to help those hacked. I have been kicked off all day as well thanks to the hackers. It’s frustrating that whatsapp doesn’t have any function to contact someone and to have these issues rectified as they have access to a lot of people’s personal information.,1
I love WhatsApp and the app needs to lock people out if they are going to hack the phone number on the person that do not own the phone number,5
I can’t see see my phone contacts even after troubleshooting and applying available solutions on internet,5
"I’ve used what’sapp for many years, this time it’s quite annoyed that pop up a page ‘ logo and Facebook’ as it seems wasting our time to open app? 
I better sure everyone know Facebook have bought this app and Instagram.",3
"One thing needs to be improved and that is deleting the messages when ever you want not within 1 hour, otherwise everything is perfect.",4
"I use WhatsApp to call all over the world. Am with Optus and I’ve never had extra charges. In Spain I purchase a SIM card and continue using WhatsApp. You can’t go wrong, it’s fabulous and free.
Stephanie",5
"Great app but I would like to see the ability to search GIFS and use Bitmoji or some new sticker packs added, change text colour etc just some things to make it fun and exciting 😁",4
My family are spread around the world and it is very frustrating that the notifications that I have messages or even phone calls do not work. I open the app to find that I have messages from hours or days ago that I received no notification about. Please fix this.,2
"I love overseas and my family is very far from me but thanks to watsapp, i get to talk to my parents and siblings everyday and see them via video calls. Amazing app.",5
"Reliable communication with anyone anywhere, and low cost",5
"Hiya all
I’ve noticed that the app runs fine and all but noticed that when it comes to notifications tones etc it’s doesn’t configure with your original phone tone settings can you please fix this please it’s so annoying as my phone is setup to paid tones for normal calls and msgs but won’t play them with your app",2
This app is good and it’s easy to use but the thing that is not good is that when I connect my apple AirPods the video call disconnect 😕. And also you can’t at least get the notification on Apple Watch because there is no WhatsApp app so pls add WhatsApp on Apple Watch,3
"Hi
This came to my attention that I cannot screen share through my Whatsapp. I don’t know what exactly is the issue but I cannot do it. It says something related to whatsapp business. 
I don’t know
But please check it out",3
Service my son in law and I received today was kind and courteous.  Gave me confidence that i will manage my new phone….thank you,5
Recently I am facing issues while going through watsapp status . The audio of one status is being carry forwarded to next status and it’s irritating. Please fix this,3
After changing my iPhone over I lost my chat history. Not impressed...,5
"Not as private as it used to be. Was a good system to chat without stupid requests from non friends 
Now I get stupid people wanting to chat to me who obviously want something other than a chat 🙄",4
"Since the last update, I don’t have control over media downloading preferences. Now by default, it saves all of the media moment you go on wifi irrespective of your manually configured settings. Every time i close WhatsApp, it changes back to Download all media on wifi.

Please fix this bug",1
Followed the directions but don’t see the option available in settings,5
"Hi..After new update, when in a group call sometimes call ends automatically. It happens when some app sends a notification and on receiving those notifications whatsapp group call goes end. Its really frustrating. Please check and resolve this issue. This issue is Only with group call.",1
Please introduce Restricting individuals from calling. We should be able to stop some people from calling us by turning it on or off after clicking on their profile,4
"When a message comes through, it says incoming call when though it is just a message ??",4
"My friend isn’t receiving notifications from WhatsApp. If you could please fix this that would be great. Other than that WhatsApp is pretty good,",4
I love WhatsApp to share my life with my friends. This platform is safe and reliable to pass on a message to another person sitting on the other corner of the earth.,5
Normally have no issues with WhatsApp but just today after updating I can’t send pics in the chats,5
"One of my sons went to the states and as I’m in the land downunder he downloaded WhatsApp for us to keep
In touch.. he’s home now.. but wow..
It’s awesome love it..
Now I’m using for one of my other children who lives nearby..
Thankyou",5
Lots of issues with updated app on iphone 7. It keeps freezing and crashing all the time.,5
The app is amazing but I have a question how do I see my friends Profile Picture is when I open my app?,5
"Recently I Keep losing main page chats contact photos. I have to reset my iPhone 7plus to get them back. But to reset 3 times in a week is too annoying.

Not sure if anyone else is experiencing this issue!! But who do you call??? 

Not happy",3
It is a great app. Easy to access and allows you to communicate to your family and friends all around the world! Would definitely recommend it.,5
"Brilliant 
Can chat and message my sis who lives overseas whenever I feel like it
Can post videos and photos too
Can constantly be in touch with family 
Thanks",5
Pretty much the only app I use for texting! Super great way to keep connected with others. Would be great if you could increase the number of chats we are allowed to pin! Sometimes three just isn’t enough :-),4
It’s a really good thing that you can contact people on them and take care of yourself with all the people,5
"Wow I just want to say thanks for supporting me with amazing free spins and coupons it’s been a wonderful experience. I hope there is more like it, you are great. Thanks",5
"The call quality is not good, especially when we speak with someone in another country. Also, we notice strange and unusual changes every day that are difficult to understand.",3
Needs an option to like messages!,5
"Hi, I have been enjoying using the short video feature, but it’s disappeared even since I updated it. Please bring it back",4
"i just downloaded the app and put in my phone number becuase face time was giving me issues. After making the account, i quickly called back my sister but then got a message that i was not allowed to use whatsapp due to spam. How is this spam? i called her once and i just made the account. Fix this up whatsapp. ASAP.",1
I used to love this app as I use it to chat with friends but recently I’ve stopped getting notifications and no longer get them on mu Apple Watch which is really frustrating. I’ve tried everything but still not working,2
"Problems with sending messages, often only one tick is shown, and there is a long delay to see the second tick showing the message has been received. Even when both parties have full reception. 
Vibrate alerts seem to be inconsistent also.",2
"Since yesterday WhatsApp is keep crashing and unable to do anything as it stuck. Not able to read any chats etc. since then I’m using only web-WhatsApp for reading msgs.
Tried updating both WhatsApp and iOS but no success. Request you fix the problem asap",1
"Forget about trying to get help for a problem . You will be dealing with robotic A.I replies . 
I tried to report a scam and just got repeated impersonal answers that were totally irrelevant to the subject. 
Then finishing with , if there is anything else we can help you with please get back in contact with us . 
It was quite bizarre.",2
"I have both WhatsApp and WhatsApp for Business applications installed, notifications doesn’t come up from either of the applications. In Notifications settings of iPhone WhatsApp application doesn’t show up at all and only WhatsApp Business is available.",1
The date search would be appreciated,5
The app keeps closing on me. I deleted and reinstalled and still same issue! I can barely enter my number to set it up now. Not happy Jan!,5
"Disagree with privacy policy 2021, shifting to other messaging applications that provide better privacy with E2E encryption and no third party companies to access user's data and personal information.",4
I have never had any problem with WhatsApp. It has always been very easy to use and accessible to me does not where I am in the world.,5
"This app is really good
I would like it if you put dates before the messages so that I know what my message history is from
But otherwise it’s the best app I have ever used",5
"You don’t need to pay a cent this app is incredible!
You can send videos up to about 10 minutes which helps a lot when I want to send my friend videos for her to edit
It is a great chat with groups up to what was it?
20 people!
You can group call make a private chat and call privately reply to messages on group chat!
If you confused about what I’m saying let’s sum it up and boy/girl reading this comment download this app!",5
"I have had a few bugs on my phone since doing the update 3 weeks ago on this app.  Ever since reading the review about the bug on this app on the news websites I have had a bug on this phone because of your stupid app which I use to love to use but now don’t use it all. 

It has just been deleted from my phone. Not happy 😭😭😭. Fix up the bugs as soon as possible",1
Trouble is if I want to send files to someone else with whatapp it’s got to be on my iPhone. Would be nice if there’s a windows version that is available where the iPhone would send a link to email for the installation on Windows to happen.,3
Whatsapp is really convenient and it is really great for contacting people in different countries because on messages you can’t message people in other countries.,5
"Facebook (WhatsApp) is sending Ad’s to all your contacts in your phone. Allowing WhatsApp to access your contacts is allowing FaceBook to target Ad’s to all your contacts and their contacts and so in. Be careful of Facebook people. If you already didn’t know, Facebook owns WhatsApp. Facebook is using all your contact information for marketing and advertising. WE ARE SO SICK AND TIRED OF FACEBOOK. EFF you Facebook.",1
"Fantastic that I can communicate with family across the world and see/hear them clearly, makes the barrier of distance a lot more easier to handle",5
"An excellent App exchanging messages, photos, videos, voice calls and even files.  Most convenient of all such apps available today.",5
"Please make the application for iPad version 
You guys made one for macOS but really need for an iPad as well.  
Please get on to it. 
This is very much the time for it happen.",5
"When attempting to type in the text field, the entire field is pulled all the way up the display and is impossible to type as you can’t see what you’re typing. Please fix it!",4
Why what’s app problem contact number block solve this problem please,5
"When exporting a chat group, the message that is added with a video is not exported. I need all the messages exported to have a full backup. Else the app is great.",4
"I can’t simply delete groups, I can’t sent large files due to limit. I can’t just log into my pc normally and use it like every other messenger because the phone has to be connected. Don’t get me started on the anaemic call quality, you can barely hear a word.

also my new account was deleted for no reason given",1
"I am very happy to used this app 
It’s Exellent for the communication from WiFi when you in overseas.",5
Your new thing with community is horrible idea. My entire work does not support that all chats now in the same group as they were chats for different departments of the job. Now in order to see if I have message I have to open entire community and check. It should be a choice not a default.,1
"I was scammed into putting this app on my phone. I don’t know if it is a scam whether it can access my information, but I have now deleted it. Please be careful text message saying My Son smashed his phone. I needed me to call certain number and put this on on my phone so I could contact him. I am really really angry.",1
I love using WhatsApp however I would love it if you added those emojis where you can react to messages that’d be cool.,5
"So easy to use
You can share long videos & voice recording 
& connect easily to people all over the world.",5
It’s a wonder why telecommunications in Australia are so expensive when there are platforms such as these ones doing a lot of connecting for basically nothing! 🤔,5
"Amazing app... Helps friends and family to stay connected, share jokes, news and updates about each other. 

Esp helpful when you can’t (or don’t want to) call each and every member of group to maintain a level of connection with them. 

Also very economical compared to international calls and much less energy intensive than some other social media platforms.

A big👍🏾",5
I can’t delete messages for everyone my app is updated and the person that I accidentally sent wrong message his is also updated but still I can’t delete my messages please solve this problem as soon as possible because sometimes we accidentally send wrong messages that meant to be sent to someone else.,1
Please introduce an option in the settings to view and send WhatsApp Messages on Apple Watch as well. It will be a wonderful convenient option for Apple Watch users. I am hoping that you will introduce this option by the end of this 2018.,3
I love WhatsApp and it is a quick easy way to communicate with my friends and family. But recently I got asked to get married with someone I do not know. Just to let you know I don’t have ANY social media so I want to know I he got  my number and how he knew I was Australian.,3
You should be able to accept or reject being invited to group messages! Would be great to see this option available in the new year.,4
"Since i updated to the latest version, i have not be getting any updates, i’ve checked all the notification settings on my phone as well as in-app notification settings. I don’t get notifications especially from individual chats. Please fix the problem.",2
"Downloaded this a few days ago for communication in my work place. I went to open it today and it says my account is banned? I have never sent a single message or even added anyone, so how can my account be banned? Please fix this",2
"I am new to ‎WhatsApp, and I absolutely love it♥️ I can now keep in contact with people overseas and it is so fantastic. Thank you for making this all possible♥️♥️♥️",5
I am able to see and talk to my family and friends even just internet,5
"What’s app is a social
 media app which allows you to call all around the world even if you have no internet",5
"You should be able to defer your updates to LATER and be able to get to the messages sent. Some messages are urgent but your UPDATE insists on being done before you can read them. 
I dislike immensely that you do this and would have given NO stars if possible.  
Your updates take too long - really slow.",1
"First of All , I have to restart my phone everyday once to use whatsapp ! Then , The notifications are not coming properly sometimes please fix this issue!",3
"Please give the old WhatsApp version back !!
I can’t view my status section completely and I don’t want to see channels section in my status tab. There should be an option to remove or hide channels if we don’t wanna use it . 
This is such a waste",2
WhatsApp is allowing me to stay connected to friends & family worldwide . Invaluable 👍,5
Very disappointed that I can’t use WhatsApp on my iPad. I’ve been using the app for years and recently bought an iPad so I could have a bigger screen to work on. All my apps synced without any issues except for WhatsApp. Then I found out it’s not available 😡,2
can’t use video call. I really need your help,5
"The app itself is fine but I deleted it, now I’m trying to get it back again it won’t work, I tap the little cloud with the arrow and it loads for 2 seconds before going back to the cloud with the arrow",3
"First time I have used the app and it has helped me keep in touch with my family who are on holidays overseas,giving me a lot of peace of mind thanks",5
"I am unable to open whatsapp, when i get to open it, i am direct sent to homescreen of my mobile",5
Looks like another scam from Mr Zuckerberg. Whatsapp wont let me turn off auto downloads over wifi or cellular data. As soon as you turn if off and leave that menu. It reverts to downlod everything over wifi and mobile data. This looks like a big data scam to me. Haven’t been able to do nothing anout it.,1
This is so annoying! Why letting people around us know who is sending message to you?,4
"Impressed @ ease & Clarity of Use . Additional features of Photograhy within App great. 
Positive advise about New features when Advised versus Just suddenly appearing beneficial. 
Intermittently Signal Dropoff.. Annoying especially if in Midst of important exchange whilst Have someone’s attention",4
So good to keep families in touch when you are spread out over the country having multiple groups,5
"For some reason WhatsApp won’t let me change my last seen. I did not change any settings it randomly changed and won’t let me change it back. Love the app very much, but it is very annoying at the moment!

Regards",3
I’ve been a user for a long time and it’s always worked plus very easy to use. Pity it’s not as secure as it could be. I hope future updates will make is more secure. I’ll give it 5-Stars if that happens,4
Having trouble in voice in video call please do something about it. Thank you,4
"Whatsapp has been fantastic for years, but recently calls are not ringing, and you only receive a missed call banner. There are numerous forums about the same issue, but no support. Very frustrating.",3
Awesome application for messaging. I have been using this for years but since I have shifted to Australia I am not able to set privacy for group. I this a bug or what ?,5
"Had been awesome until recently you can’t bring up old media through “all media” in the chat, it always displays the last image which is pretty annoying - please fix the issue thankyou!",3
"Whatsap is indispensable for travellers. I travel a lot and it is a great way to keep in touch, not only with home, but with people I’m travelling with. I would feel very isolated without whatsap",5
"Why have all my contact names and faces now disappeared with this forced update? 

They now only come up as their phone numbers!!

It’s so frustratingly irritating to not be able to see my contacts as names. Now I need to touch them all to know who I’m sending/chatting too. Jeeeze!!",2
"My son was in Cambodia, the phone numbers did not seem to work. We did not know why , there was an emergency and whatsapp was the only reliable means of communication. It’s a modern miracle. We love it.",5
All my saved videos are locked in the name of encryption with notifications.,5
"The new update is not supporting sharing photos in I phone 7+, after selecting photos when I click on WhatsApp the app open and then close, pls fix this problem",4
We really appreciate you WhatsApp application making the world easy for communicating with our family and friends.,5
I used to get vibration whenever i was chatting with someone in chat. Now i don’t feel any vibration during chatting with someone why ?,5
Could you please make a feature that I can use to BLOCK voice notes? Just a switch I can use that will prevent others from sending them,3
WhatsApp always been so reliable I have been using for over 12 years and loving it !,5
"It would be great if we could choose which emojis come up in that reaction bar, so we could have the ones we use most often there.",4
“New update available”pop up notify on the whatsapp application,5
Fabulous way to keep in touch and share the day over the distances,5
Why I can't pick option never on media auto-download,5
"Please make the useres to able delete the messages longer than this, 6 hours at least the current is too short!!",3
"Whatsapp is very helpful in many ways. It always is one of the best social media platform. As a tribute to black panther and Chadwick Boseman, can you come up with the wakanda forever emoji just a request as a fan thank you.",5
"I love everything except:
-u need a number to start a contact
-ur status replies from other people come up in the normal messages
-u can’t drag a sticker onto a text like u can in normal messages
-u can’t have GIFs as backgrounds

What I want to change:
-u can have emails to have then contacts
-have the status replies come up in status 
-to drag a sticker onto a text
-to have GIFs as backgrounds",4
"I love Whatsapp it allows me to keep in touch with
friends, and loved ones, it is versatile. Love that it has messages video and audio calls and best of all it is free to use. 
Thank you for this app.",5
"My while family has it and I would highly recommend to use it bit the prob is why is it green on other phones on white on mine!! It's frustrating , I rlly want it to be green! Pls change it! 😡",4
No excuse - love how Whatsapp allows everyone to keep in touch regardless of  where you live and what phone plan you have.   Just head to your nearest hot spot,5
Every time I sent photos text messages friends doesn’t have to wait. Unlike messenger takes time to download. I’m very very happy with WhatsApp.,5
"Hello, I heard about the latest whatsapp named as gb whatsapp. I tried to download in iphone but i couldnt unfortunately. Can you please tell me how can I download it or i can download in iphone or not? Thanks",5
"The app should have around three kinds of phone verification like sms messages, mail , call. Because I’m from other country and I bought a different phone so i needed to buy a phone plan of the country I’m staying. So it’s kinda a problem.",3
"The app is very good. One feature to record live parts of video chat with the consent from the other end , that would be great.",5
We are thankful for your app that can connect families far away together so please keep up the good work and we happy to stay with you,5
"Hi , please advice how to solve the problem of not showing the picture of all of my contact thank you",5
What’s App is a brilliant bridge to Connect with family & friends all over the world in a personal safe space.,5
Worked really well during quick trip to Vanuatu. Would have given a 5 star rating if it wasn’t for constant interference during some phone conversations- otherwise 👍,4
"Been using whatsapp for ever but since last update i notice that when i make phone call and put it on loud speaker, the other person couldnt hear me at all also when i make video call. My phone is on the latest IOs, tried to uninstall and install reboot my phone.. nothing has change. So please developer consider another bug fix please",1
"Love being able to keep in touch with all my relatives, scattered around the world, so easily.",5
I can’t create my WhatsApp channel because I can’t find create channel link anyone can help me please,5
"I’m using WhatsApp from a long time but unfortunately My WhatsApp got banned, and I've reviewed the terms and conditions thoroughly and assure you that I'll comply with all the rules. I kindly request you to unban my account. I will follow all the protocols",3
"Kindly work on improving the waiting period when changing from a number to another. 
It’s frustrating and unlikely for a well known app like yours.",4
Warning! This app is loaded with nothing but scammers. They will do everything possible to take advantage of people and everything dollar and cent a person has too. I have had a very bad experience on this app and wish I had never downloaded it. I am now broke after being mentally abused and forced into losing everything I owned 😡,1
Wish had an option of putting a status listening to a song just like in yahoo messenger back in old days,4
"I had my Facebook account hacked and then disabled. This extended - eventually - to WhatsApp. I have been arguing and attempting to rectify my ban with all Meta parties involved and have had no luck despite evidence and data to back it all up, however no one will listen. The Meta companies have no integrity when it comes to customer service",1
"Hi WhatsApp, a good messaging/video call service but it would be great to see it catch up with some of the other video messaging apps with Video Call filters. This would make WhatsApp more appealing to a wider variety of users.",3
"Don’t like the new update , when on call I now have a slide up menu with new participants, why ? Now the is a slide up menu and also a button … when next to an ear , buttons are pressed sometimes and it adds people to a call just annoying",2
"I really do enjoy this app, but since my work relate on WhatsApp and the app isn’t compatible with iPhone 12 yet I have a brand new phone I can’t use! This is very frustrating. I can download the app, but my data just doesn’t transfer into my new phone. Unimpressed. The iPhone 12 has been out for almost 3 weeks now. If anyone has a solution please let me know! Thanks",1
"This app has changed my life. With it I lost 75kgs and have gone from broke to making $100,000 a year. I have also grown all my hair back and I’m now dating a bikini model. Thanks WhatsApp",5
Could not able to update Last seen privacy settings,4
"The green colour in the new dark mode is bad and looks ugly. As a suggestion, could you make it so you can customise the chat box colours, not just the background. Otherwise, this app is great for messaging and making group chats!",4
"been using for several years!!! I wish a suitable original version can come up for Apple Watches...it’s a shame it has not been developed!!!

Keep up with the good job!!",5
It’s been fantastic to stay in touch with my children while they have been in Europe. So easy to use and I’m not a Device person at all. Thanks!,5
"I am using this app for many years. I sincerely appreciate the fantastic utility of the features. 

I am finding a bit difficulty to recover the Msgs and  vedios when sim changed.",5
Glitch with other users not showing what time they have read their messages.,5
"If you guys could, can toy please add Dark Mode? I'm so sorry we're hassling you with all these requests, you don't have to get them over and done with INSTANTLY, we can all have a little time to wait but please don't be TOO long. Thanks guys",4
"Really easy to stay in touch with my family and friends who live overseas. I do recommend this application to all of my friends as it is very friendly to use.
Cheers
Marek",5
"Even you prohibit it access the contacts in your iPhone, it still can access & create a shortcut for each contact.
Very easy to press the shortcut by mistake then creating a video call which you don’t expect.",4
"Great messaging app for family & friends, works great on wifi or mobile networks. Love the groups function too.",5
Using the app since last 5+ years & loving this. Highly recommended for messages & video calling. We no longer use Skype... 😊,5
"Good app overall, a suggestion though: to add the option to pin messages in a group chat!
Just a thought though 🙏🙏
- Thanks",4
facebook account got banned for no reason… now all my chat history is missing can’t restore… just shows the silly message “Waiting for this message This may take a while” extremely inconvenient as i’m currently overseas and can access my australia sim card,1
Kindly improve your video status quality it’s disgusting if we upload some videos on it the quality that will appear on screen is worst.,3
"Latest version is providing black text on black background. Which I guess is dark mode but it’s a bit too “ultra dark mode” as you have no idea what to press!

Rest of the update, green links etc. is gross but whatever, you can live with it.",2
In recent update you can’t change the volume on ongoing call everytime you need to go to back home then able to change volume,3
"Until mid/late August, 2023, I didn’t even know about WhatsApp. Then I was introduced to it and I love it. It is a simple, quick and efficient way to communicate with multiple people.",4
"The app does not make a sound or a vibration when the phone is locked. Loud or on silent.
I’ve reinstalled the app and enabled everything under phone settings. No change. 
Really frustrating, please advise.",2
"For any of my contacts I am unable to perform delete for everyone from yesterday (26th jan), if i select a message for deletion I could see only delete for me option. Where my friends able to perform delete for everyone successfully, what the hell is happening with my account?",1
"Even if we give auto download off, its downloading to phone.",5
"I preferred this app when we could see when friends are online or last online. Since a few days ago this now is not possible and can’t see if friends are awake to chat - disappointed 
Otherwise love the app",2
I can finally get In touch with my family members who live overseas and they don’t have to pay money to speak to me anymore 😀😀😀,5
"I just downloaded and started using this app. 
I couldn’t be more satisfied. 
I couldn’t fault this app. 
A big thank you to the developers of such a fantastic app.... ✅✅✅",5
"The app itself also performs well, has great quality calls, includes a great feature set and more. My favourite messaging app for sure.",5
"To the developer!
Please add IPad support to receive call and text without having a phone associated with WhatsApp.
As I only have an iPad to use for social media.",5
Staying connected to people around the world without the need of being on social media,5
"WhatsApp provides a good service overall. However when I wiped my old phone and tried to set up my service again, all the data was lost. This was due to a change of phone number but I wish the system was more robust.",2
Great app! What I think is needed and would be great is in group chats that the admins of the group have the option to delete chats/pictures etc that members post. Would be very useful.,4
My WhatsApp is getting hang most of the times kindly help me as it got stuck 90% times,5
I recently changed my number . I was having two accounts on two mobile numbers . But as soo.n as I changed my number to another number my whole data related to the second number was either deleted or something else. I don’t know what’s happened but I can’t access my data for the first account.,1
"Why can I not take a video any more on this app , the option clearly states to push button to take photo have you gotten rid of the video feature ? If so it’s a must that you get it fixed",3
"I continue to left swipe 46 to 56 year olds as I'm looking for someone my age group. Mentioned this so many times but either nobody reads these comments or your company does not take this seriously enough. 
Your slide age feature needs extending on the upper range!!!!!!!
Great app apart from that 
Take Care Mike",3
This sort of thing should be against the law. Forcing users to hand over all their phone contacts to what apps. You are sharing other people's phone numbers without their permission. I need the app for 1 person and I have their phone number. I should not need to add my whole contact list.,1
Annoying sound when sending a message even tho I have all sounds deactivated in configuration and setup. The only way it doesn’t sound is by silencing the phone entirely. Sooo annoying,3
I can’t seem to search up  my previous friends,5
"Frustrating as I don’t get notifications anymore. Tried turning off / onphone, checked settings etc. nothing works. Only way I know I have messages is when I go into the app and suddenly a whole heap appear.",2
Hopefully next year is a better year,5
Not sure what’s gone wrong but I can no longer record videos using the app. The screen constantly goes blank and says no video has been recorded. I have tried deleting and uninstalling. I have even told the developers about it and provided screenshots of the issue. Still it persists and is driving me batty.,1
Been enjoying what’s app for years. But in the past year or so the app have improved extensively.,4
"Our kids and our darling grandson are travelling overseas and I so look forward to hearing from them
What’s App is the best way to do it xx",5
"Really good app, very secure, definitely recommend nothing wrong with it perfect for messaging friends. Has tones of stickers and is similar to other social media’s such a Snapchat",5
"My device is an iPhone 13 mini. The system is up to date. I already turned the mobile off and back on, changed networks, changed settings and removed and installed again but I am still unable to open the app on my iPhone. Could you please help me with this?",1
It is not connecting properly only this app I other I have no problem with internet connection but this one I tried updating re download but it still not working.,3
I want to be able to delete for all but even although I’ve updated the app I can still only delete for me. As admin for a group chat this is very annoying.,3
"When someone messages in a group, I am getting an alert as ‘Incoming voice call’ instead of ‘Sent a message’. OS: 14.6 Phone: iPhone 12",4
"WhatsApp was a very good App prior to Facebook purchasing it. 
After that they kept pushing updates and forcing you to accept the updates otherwise they will limit the function on it and eventually your account will either be deleted/blocked or simply not functional.",1
Hi there after I downloaded the new iOS I can’t upload pictures WhatsApp to out look.,5
"I'm using new version of whatsapp I don't know how many people have noticed that issue.

There is a search bar in status viewing user interface but I didn't work for me while i was searching someone else name that who have already uploaded their status.",2
"It’s a great way to talk to family over seas. It’s really quite helpful to me and all my friends that use it.
The only thing is you need wifi otherwise it’s awesome 😃",5
When installing the latest update WhatsApp exited ALL my group chats. I have had to go one by one and ask to be reinvited to all of them (annoying and time consuming) this also means the history of them all has been deleted from my view. All family photos etc are now gone from my history. Not happy WhatsApp 👎🏼,1
"This app doesn’t work well for me, when my friends are in my contacts list on the app it says the person isn’t in my contacts list and I and my friend have been trying to get in the same group for weeks",3
I absolutely love this app! It allows me to stay in contact with my loved ones over seas and it’s a great app to just chat with your friends as well! I highly recommend.,5
"Love it! But honestly, where is the iPod touch compatible version? Phone died and temporarily using my iPod Touch. I can’t access my Whatsapp messages so have had to revert to other messaging apps, sadly.",4
"Hi Team,
Your last update removed the person’s ID. So now I get a notification to say message received In WhatsApp messenger. Before I had the name pop up. Now I have to go into the messenger to see who sent me a msg. I did not change any settings in my phone. Since your last update I’m having this issue. I have an iPhone 7. Pls look into this urgently. Thanking you.",1
It is really good because it is easier to type When your family or friends live in a different country.,5
I love this app. It is an amazing way where I can connect to my family and friends. Definitely try it.,5
"Can you change the indicator under the chat name (that says online, last seen, typing, etc) back to lower case. It looked much better.",3
"Transferred WhatsApp to new phone, worked great until I started receiving messages and now I can only read them from notifications centre, I I go into WhatsApp their not there or are for a bit but once I close app theyre gone? I’ve deleted WhatsApp and reinstalled and it doesn’t fix issue.",1
"Once we upload status and find there is something wrong then there is no option to delete it,which donkeys has upgraded this software like this send that idiot back to school",1
Great easy to use app . Very fast and great 👍 chance for me to catch up with friends and family . Very professional. Keep up the good 😊 work guys .,5
"Love whatsapp, just think is missing an option where we can see all unread messages",5
"I love using what’s app but PLEASE have the option to select to send multiple photos at once since I use this app for work related chats. 
Thank you!!",4
"So instead of adding features that help protecting privacy and online abuse, you remove key features? Why? There used be an option where you could delete a sent message after it’s sent and received. It’s gone now. Great job everyone!",1
The new update is not that great. When you are on a call you can’t see the photos or images the person sends you. You have to get off the phone to see the images. Please fix this and return to original. 🙄🙄🙄 thanks 🙂,2
"Hi, 

with the two recent upgrades the dark mode on the chats background is now white instead of black?
 Can this please be fixed to be dark again?
This has happened to me before in previous upgrades as well, not sure why this keeps happening",1
Love that I can change the background for each chat now! Been hoping it would happen one day and it has!,5
Best app on media which helps me to connect with my family friends and loved ones. I love it when they upgrade to beat other apps,5
"Hello I am trying to open my Whats app account but can’t do it. I tried calling on Apple as well but they want me to contact you. My software is up to date, messenger is also updated. I am using iPhone pro max. Can you please help me with the solution.",3
"A great and efficient way to communicate with others all over the world. Text, calls & multi-media. I couldn’t imagine living without it.",5
Good communication app. But the sticker pack downloads don’t really get updated. Also there is no way to upload your own sticker packs.,4
Great cross platform product but it needs dark mode.  It has not been updated in look and feel in sooo long.  Be creative and make it look good.,5
Please introduce group invite join permission so that user would have control over the decision of joining particular group.,5
"It’s a app which connect everyone so well where you can chat, call and FaceTime without spending any money. Also it’s so easy to use",5
I’m learning new things about Whatsapp all the time. So valuable for someone who came late to IT...and about to go on a long European trip where it should prove invaluable. Nelicanpe,5
"Has allowed for “ok” video chat, good chatting system, would prefer if I could get all my messages from when I first got what’s app to be available",5
"I am a senior person and this app has literally changed my life. Now I can phone and see my relatives all over the world for free.

Don’t know how you do it, but thanks.👍",5
"The fact that the options for the chat boxes are organized in a vertical manner and the ""reply"" button is so far up and it takes so long to pop up because it uses too many animations are killing me
I am using whatsapp to be fast and efficient not to be fancy and useless and slow
This is the worst update ever",1
"Hi, I am using This app since many years, I also update versions whenever it requires, for some reasons I can’t see any update in my phone , my friends are sending me messages , I can’t see them and app says your version doesn’t not support to see this messages , please help me update this version.",2
Great for sharing short family videos. The sort of size email can’t handle.,5
"I’m able to stay in touch effectively through WhatsApp with all my friends and family around the world.
What’s app messenger brings people together privately👏🏻👏🏻🙏🏻🙏🏻",5
I use the app on my smartphone and it’s great on that platform but it needs to support people that have an iPad or other tablet. There are still people out there that have a tablet but the old school Nokia’s etc that I cannot contact. Please add this app for tablet usage!,3
Yes I just love everything about WhatsApp have meet many people through this app I recommend to anybody,5
I hate it now. Used to use it more than Messenger to keep in touch with friends overseas. Now I get cold-contacted by online fraudsters who are no longer waiting for you to stumble into their web. I’m so sick of the invasion of my private life by messages from Nigerian princes and work from home hoaxes that ask you to bank-roll their scam.,1
Finally!!!! The widget is back. Much better than having to go into the app to check notifications,4
The new green theme that you can’t change in the latest update is horrible. Wish they would go back to blue for the links and other buttons in the interface — or at least let us choose the colour. It definitely makes me want to change messaging apps.,1
What a fantastic easy way to keep in contact with friends and family far away. Thank you for making it possible.,4
It was a good feature I’m dissatisfied now,5
"I’ve never had this problem before maybe it is a part of the new update
Whenever i copy multiple messages it only pastes the messages as images.. like whatsapp status.. and i don’t know how to fix it",2
"Hi guys 
I went to do a job for a referral job and we didn’t went well and had an argument on the job and now he is defaming me and posting my personal details on different whatsapp group have a look into this and tell me where I should report this 
I have got screenshot and all the details I can provide 
Thanks",1
WhatsApp keeps crashing on my iPhone 12 pro,5
In doesn’t seem to be friendly to use with voice-over,4
"Since updating the app yesterday I no longer get notifications. I’ve checked and rechecked settings in both the app and my phone settings. 

Cleary an issue with the app.

****edit: response to the developer****

I already tired restarting my phone

I have a brand new iPhone 12 Pro and it’s all up to date with IOS. 

I have your latest app update

I am running on wifi or 5G

I look forward to what your next response will be rather than just acknowledging that your update has cause notification errors, and fixing it.",1
As above,5
"Let me say this particular App has eased our multiple communication network to of daily work communication to flow.

I’ll recommend",5
"I’m enjoying whatsapp but please give us the option for back up for last few years, it’s should be more enjoyable.
Thanks",5
"What bugs? I’ve never had “ bugs”. What are you really “ fixing”? Can you actually elaborate a little more about your updates? It’s like FB, “ Improvments for reliability and speed”, and nothing actually change that we can see.",3
"Reports in May 2019 show that attackers can just call your phone and inject Spyware, you don’t even need to pick up the call. WhatsApp, owned by Facebook, released an update, but did nothing to alert users of the security issue (even in the upgrade notes), even after it had released in the public domain, leaving users wide open for attack.",1
Love the app but not being able to decline a video call by pressing the side button on phone is really annoying. Need to fix it.,4
"When you are on the call on WhatsApp and if another person is calling there is no notification coming saying that this person has called you or missed call you 
Before it use to show 
Only this error should be changed. 
Thankyou",2
This is a very good app I just think on  another app if we have someone’s number it should automatically go to the other comunacation apps,5
"I like it, but it would be 10 times better if there was an option for a passcode for the app itself!",5
"Just love it, that’s all. It’s quite remarkable really, for this ‘older person’.😂 Chat chatting interstate and to those on the other side of the world, in real time, has been brilliant.",5
I’ve tried in all possible ways to add new contacts to whatsapp. they do get added to my iPhone contacts but not as whatsapp contacts.,4
Add a option too appear offline and remove the last seen time,5
"Had clients who were traveling in Europe who I had to speak with at least twice a week over a period of a month, great service.",5
I’m living abroad and this is one of the only ways I can keep in touch with my family,5
"I agree, this has been so good during my overseas trip, most places have wi-fi nd you can message, ring and send photos. And.... when you don’t have wi-fi you can have a holiday from the phone👍🏼",4
Enjoy whats app because I can have conversations without interference from phone and utility owners.,5
I like using the app but It would make it a lot more fun if as events come up there would be a lot easier to have more GIF  things to do with the event,4
"Recently had targeted ads on fb related to one media file that was sent to a group chat.

Further experimentation reveals that whatsapp is reading and scanning media files in order to target ads cross platform.

Therefore their claim of privacy is false and the end to end encryption doesn’t truly exist.",1
Is fun I love to text my family and my friends it is  very nice they made an app like this it just really nice what they didi really like whatsapp,5
It is a great way of having a group of like minded people keep in touch easily,5
WhatsApp has been great to keep in touch with long lost friends,5
"Despite some of the new features being great, there was some glitchiness to the users interface.",4
I like the better than the messages app,5
"I enjoy the clear photos and writing emails, as well as speech and videos  great communicator facilitator. I love and Family",5
I don’t understand either my new iPhone problem or was WhatsApp. But I already asking to Apple Store n they said have to uninstall whatsapp apps n install back. Not Bcause new phone problem!! Done did everything but still asking me to restart whatsapp alwayssssz. Urgh,1
"For about 2 weeks now my app shuts out, especially when I use the stickers during chats. I have uninstalled the app and restarted my phone several times but this keeps happening snd it’s not just with me, it happens to most iPhone users I know.",2
"Close automatically media download , close this option starting to I don’t use this option because this automatically option too much use data so please close this automatically download option",1
Please WhatsApp fix your bugs bro. It started a while ago where I couldn’t watch any videos and now I’m simply denied all access to the app. Why????? It’s not fair,5
The speaker button doesn’t work and when not on speaker it shows that it is which is confusing please fix this,4
"I  use that application both for personal and professional messaging and it is just the best mean of safe communications I have found.
Thank you so much
Christian",5
WhatsApp compresses photos too heavily. A simple screen capture of a news pages of text compressed the image to a point where it was difficult to read. The compression introduces all sorts of pixelation and distortion to images. If you can address the problem then I can revise my rating.,2
Went to reply to a message this morning and the app keeps closing itself? I’m on the iPhone 11 Pro. Before now though it was working perfectly.,4
Just wish it had the option to acknowledge/like a message without having to respond. With multiple people in the group it means lots of unnecessary messaging and the important message can be lost amongst it.,3
"When travelling away from home to Europe, it seemed everyone used Whtasapp to communicate. I downloaded it and it was so easy to use and very convenient. I will continue to use it back in Australia",4
“Data chargers may apply” means it will use your data (internet) in order to function.,5
Can Anyone tell Why don’t i get the Channels update on whatsapp even though I keep the App updated,5
"The call sometimes is not clear enough , need more improvement especially for people are not using WiFi",4
I think WhatsApp is great but recently I was having a group chat conversation about my mother in law. I opened Instagram after the chat and the first sponsored ad that showed up was an advertisement for a wine called “Mother-in-Law”. I now no longer fully trust the privacy of WhatsApp encryption.,3
This app offers no privacy additional to standard messaging because Facebook trawls and sells you WhatsApp content the same way it does everything else.,4
"It is very frustrating that WhatsApp doesn’t even have a fundamental feature to edit the sent messages like Telegram.

If you also could creat a new feature called channel like telegram we also highly appreciate it. It helps freedom of speech in countries like Russia and Iran which ban social networks.",2
And everything works okay. That’s all I really care about,5
"Unfortunately, WhatsApp has introduced Channels under Status Updates. Totally useless. As absolutely unwanted. Cannot be removed. Plus due to the new required space. Status updates from friends can be only be seen once and not accessed again. 
What were you thinking?",1
"WhatsApp used to be great, but for the past few weeks it constantly crashes without warning, while I’m midway through typing a message or recording a voice note. I’ve uninstalled and reinstalled the app, turned on and off my phone. Please fix!",1
"WhatsApp crashed and it took over 12 hours to partially restore my messages. 
26hrs later I still do not have all messages restored.
Suffice to say this is extremely frustrating and stressful when WhatsApp is relied upon for communication.",2
Got log out of a chat group and unable to get it . Every time i try to open the chat it will jump out of Whatsapp. BUGS,3
"Hi, the keyboard sometimes when I search contacts while sharing a photo, I cancel the sharing and try again to see the keyboard.",4
"My contacts no longer display their names. It says I need to update my privacy settings>contacts to allow WhatsApp access, but there is no request from WhatsApp to access my contacts. I can’t even contact WhatsApp to let them know of the fault due to this error. Looking forward to an update ASAP!",1
Why can I not turn my active status on every time I try it says it’s unable to turn it on 😕,5
"Guys, seems that you guys delete albums which is a shame

My suggestion is to create an “unlike” button, so when playing an album it will skip the song",4
It’s great. Don’t do international roaming so it’s cost saving as I visit relatives overseas and also when I call home. The video and audio is always good. Very pleased with WhatsApp. Thanks.,5
"If you don’t have an email then this app will be helpful because you can use it to message, call and FaceTime your friends🤩😂",5
"Overall whatsapp is good enough!
But maybe consider like Line, promote some themes maybe quit attractive.
In business , I’m sure you could earn a lot by people buying themes.",4
It is an amazing way of connecting with family and friends specially if you live far from them 💖,5
"The app is generally easy to use and up to date. The only downside is we can not edit the texts after they’re sent, whereas in other apps such as telegram it’s doable.",4
"hello this is a kool app and i like it and i like talking to my friends ok anyway i think its time that u let uS LIKE MESSAGES
u kno in instagram how u can double tap a message to liek it
yes well me and my friends woudl really apreciate if u added th feature to whatsapp too 
thank u love u <3",4
"Hello, 
I noticed issue in current/latest version of WhatsApp. Issue is when I try to share 10 images, share option is crashing and I unable to share images. 
In order to send now I have to reduce images and then I able to send. 
Do you think this is known issue and get fixed in next release?

Thank You.",5
Updated my phone to. New one and lost all my chat history and stuff.. wish there was an easier way if u don’t use iCloud.. otherwise very happy with the app,4
"I love the app but since yesterday's update I can't see the expeditor's name when I receive a message. I can only see ""Message"". Please rectify :)",5
"Since this new update, Watsapp notification has no contact name at all, so you don’t know who send you the message until you go in and look at the message. This is bad coz you can’t screen who you want to answer first. Bring back the contact name on received message notification!!! So disappointed",1
Quick response when I emailed About an issue i was having. Thank you!!,5
Really great enjoying being able to have this app keeps me in touch with family and service is really awesome,5
"I must say I used this app whilst overseas and when txt, emails & calls failed the WhatsApp never let me down would recommend this very highly 👍🏻",5
"Great App. Not a fan of forced updates especially buggy ones. 

I don't always get notified when I get messages now. 

This update needs some work",4
"My daughter suggested the App as she was travelling overseas. It’s easy to navigate, encrypted and messages go straight through. We use it daily.",5
Haven’t used this app in ears until the other day and I couldn’t believe the AI - next level<3,5
It’s pretty good for messaging and stuff. Would like to be able to add songs to status updates. Thanks.,4
This latest update my new messages do not go to the top of the list so if someone who hasn’t messaged in a while messages I have to scroll down for weeks in the past to view the message? When will this be fixed it’s been over a week!!!,1
Pleasantly surprised by the amount of people who have been in touch. I can recommend this sight. Not lonely any more.,5
Whatsapp working properly but some bug need to be fix at this time,4
"Please fix muted and viewed updated options over eachother, cannot select them easily.",4
O my god what happened to WhatsApp picture and video quality keep getting worse after sending to friends  or sharing status! Fix this problem!!!!,2
"This app is the best thing since sliced bread.
Absolutely love it, communicating with family and friends oversees. And it never misses a beat. Go you good thing.",5
"Hey , i just want to complain about the search bar which is removed from my whatsapp and i cant able to search any contact please fix this problem as soon as possible",2
Guys how good is this app my god it’s saved my life so many times thank god Whats App👊🏽👊🏽👊🏽,5
"Suddenly the media upload quality setting has completely disappeared from the storage and data tab, not just on my phone, but others. Messaging via the app for support is useless.
App is up to date.",1
I stayed in the hotel from 29 April till 9 of May my room in 2nd floor room 212 some one open the sefty Case in the wardrobe and still my jewellery they were in a porse or small bag in didn’t check because I never thought that someone coming to open behind .Every one don’t trust this hotel they are thift,1
WhatsApp is having issues with status background sound. When we change status to next background sound dose not change with next status.,1
Just still getting use to it,5
"Moving from one status to another,the audio of ones status exists in another one..the audios of both status are playing at a time..kindly fix these bugs",3
Backup is regularly stuck on my iPhone 13. It seems to occur whenever iOS is updated and WhatsApp version isn’t updated fast enough. It’s not very good.,3
l am glad about the effective service and I would like to appreciate on it. I think it would update and be more functional.,4
To all my friends join WhatsApp 👍🏼,5
"Very quick and easy to use
Gets me through the day without thoughts",5
And I can’t back all of them to my new iPhone from not8 Samsung. How can I back all of my informations?,5
Dear developers WhatsApp have banned one of my number with my business in it I didn’t moved at all and secondly you banned my second number with my online class and I got email saying that it’s temporarily banned can’t you do something about that at least I need one number only one that’s only I need,1
"i want to suggest that could you please add a new feature if someone call you on whatsapp and you are busy so we call just leave a voicemail just the normal call looking forward for this update

I think also we should be going live on WhatsApp 

Thanks 

Looking forward for these updates",5
Hi some one is trying to Hack my what’s app account I have 2FA on my account can some one still hack account?? If yes how can we stop it..... any way??,5
"I’m not able to connect the call on WiFi , it shows on display reconnecting ....... kindly please resolve this issue. I’m facing this issue.",5
"I don't have time to top and listen to 50 secs of a friend thinking what he is trying to say to me, which in the end I could have read in 12 seconds , you need to make a way to block audio messages from being received.",1
"For the past week I haven’t gotten notifications, I only get them when I open the chats or they’re like 20 minutes late....please fix this and don’t reply with some bs like turn your data on and off because I’ve already tried literally everything",1
This is one of the best apps for communicating as you can call text and face time without data you only need wifi,5
"Please relocate recording button and increase size.
Voice message are constantly being cut short due to finger missing button.",3
"Not a penny to call the overseas family! Dream come through, cost me a fortune not that long ago to call from Australia to Belgium. Thank you",5
"Love your app, but now that I have an Apple Watch with cellular would be great to receive whatsapp messages and calls on my watch",5
It freezes after iOS 13 updates. Need to close the app and start again . Could you please fix the issue . Thanks,4
"I wish that I will be able to transfer my contacts, I communicate to my new mobile - instead invite my friends all over again.",4
"I love the app perfect to stay in touch with family members all around the world 
Sharing photos and events it’s fabulous",5
I am very disappointed with the video splitting  when trying to send a video to my friends. I think this was with the latest upgrade. There wasn't such case i encountered in the before version..,3
"I have turned on my sound notifications and vibrate yet, I never get a sound or vibrate signal or even a notification",4
"Thank god for WhatsApp, it has got out of trouble and help to keep in touch with family and friends .
As I have moved to the other side of the world.",5
"Every time I call someone using whatsapp call we can’t have a conversation without asking, can you hear me.",4
"Being able to talk to family across the world; by text, calls and video calls has truly transformed my life! The cherry on top is it’s all for free!!!! Best app ever!",5
Hi I’m so glad that you’re feeling well I’m just trying not too much but I’m glad you’re doing better,5
It’s so easy to chat with everyone especially in groups. Perfect for travelling. Video calls are great too.,5
App needs to be updated soon because when you open the status and leave it open without touching anything it keeps opening the next status which is normal but it also open the mute status’ too,1
"Hi,
Since recent iPhone updates, my WhatsApp is not ringing or alerting me to messages. Multiple friends and family members are experiencing the same problem.",4
"If I change the Media Auto-download settings and close the App, it reverts back to the default settings. The settings are not being remembered by WhatsApp.
Please fix this issue.",2
Hopefully the world can bring us together wherever he lives is possible thank u,5
Unable to receive the notifications of calls and messages. The notifications delays to be precise. Please fix this bug.,3
"What would the people in the world do, if they were without WhatsApp? !!!!",5
"With the recent policy update, I don’t feel comfortable keeping this app on my phone anymore.",5
"The app still has backup issues, and there doesn’t seem to be any evidence of them acknowledging it, let alone fixing it.",3
It’s really hard to talk using mobile data. The phone connection keeps on going out because of internet connection. It’s either that or I’m just saying the word water.,3
It is overall a great app. But why there js beep sound everytime i call someone and when that person( everyone) pickup the call there is beep sound. What is that for ?,4
Whatsapp make it so easy to participate in group conversations with its convenient reply thread and other helpful features,5
This app allows a diverse way of communicating through text or video call and no load for texting,5
"We have been overseas on a trip and used WhatsApp as our means of contact back. It has been a great find, highly recommended.",5
Whatsapp is keep getting crashed in my iPhone 8plus whenever I try to upload multiple pics from the phone photos ....it’s closing automatically and cannot upload pics from the mobile photos app .. pls rectify the issue ..same prob wit my wife’s iPhone too,2
"All i will say i the best Messaging app ever, Works perfect, I thing i will suggest is if you can add a dark mode for whtsaap or give a little different look will be more greatfull, 
Thanks",5
I am not getting any option to change the ringtone in my phone....😣😣😣😣,5
"Very professional easy to use very secure 
I prefer to use it than any other
Best video and phone calls",5
"I since the last update, it has started crashing my phone, where it actually reboots. Only happens if I’m using whatsapp. Whether 5 minutes after turning on my phone or 12 hours after, whilst in whatsapp it crashes",2
Unable to view my contact list despite of several attempts.,5
"Video voice not working overseas, only picture with no voice",4
Good app. Very handy. Need your help to add friends phone numbers how to data from contact to whatsapp please describe to me in simple English appreciate very thank you Neelam,5
"Why can’t I send High resolution video I want to send a video in 4k can you please give us a update where we can do that 
Thank you",5
"Great app overall. However, I have an iPhone 8 running iOS 11.2.2 and have recently noticed that the app keeps freezing and crashing from time to time recently. Please fix this.",3
"I’ve traveled through Asia and used app to stay in contact with family & friends via phone,txt& video call it has be the best",5
Probably my favourite and most used app on my phone. Just very convenient to chat with family and friends.,5
Whatsup allows me to communicate globally for free. This offers me unique convenience to be in touch with family & friends and make business calls world wide,5
I loved the way whatsapp was simplistic but smart and easy to use at the same time.,5
What have you done to gifs?   You’ve ruined them.    Tiny little stamps that you can barely see?     Why?   What on earth would you do that for?    Any other app is better now,3
"Need to have dark mode option within app, not following phone system.",4
Handy for keeping in touch with friends and family,5
Would you pls be able to make it so there is filters on the camera. (Kinda like Snapchat?) please,4
Suddenly can’t paste a screenshot or picture without it being turned into a sticker. Give us an option to disable this annoying behaviour ASAP! I don’t want to be forced to firstly ‘share’ into WhatsApp to get around this. Paste worked just fine before.,1
No one can see my profile photo when I call anyone. Please help.,5
The FaceTime is pretty good but it would be better if there was filters to have fun with friends and play around,4
"Screen records is enabled to record without asking in app which is conflicted with the user privacy policy, there most be an pop up alert or disable option to avoid screen records without user permission.",2
Hello Team i am loving the whatzapp feature. Can you please add whatzup calling feature on the apple watch please.,5
Should prevent user from taking screenshot of of photo or video that is supposed to view once.,4
Use a lot for video chat with interstate and overseas family and friends.,5
"Hi Whatsapp, im having an issue after the latest app update. When im on a video call, im not able to download any media at all. Is there way to fix this?",3
"I suggest to add a feature, not just mute group chat, but also the group call, I always received group call in the middle of the night, and it ended up not important, so pls add thw feature to mute whatsapp group call featureeeeee thx",3
Just please create an option where you can stay invisible all the time even when you are online,4
Can’t change my own personal active stays to ‘everyone’? It randomly got taken off a few minutes ago and Keeps saying please try again later,3
"Used to be able to send The same message to multiple people in one go. 
In the new version you have to send them one by one. 
Will have to use WhatsApp and wechat and messenger now. 
How to stuff up a brilliant app!!!!",3
"I accidentally deleted my whatsapp app, and I lost all my previous chats 
I wanted to know how to get them back?",5
"Only if this app could come up with a feature where we can show online to ONLY those whom we want, it would this app 5/5",4
Apps been pretty awesome up until recently! Keeps crashing and chat history has to be recovered when I open the app. Nowadays it does not even recover the history and tells me to reinstall the app. I’ve got a new iPhone with plenty of storage and still it keeps happening!,2
That’s the major error constantly cutting call phone for iPhone xsmax,5
We use it for family group chats with family and friends all over the world,5
"I am still receiving unsolicited messages from Wish saying my order has been shipped!!
I have activated 2 step authentication & despite having done this, the spam continues! 😡 need a feature to block spam!!",3
"Whether you send a message or you video call someone WhatsApp is the fastest, clearest way, to me this app is genius, congratulations indeed",5
"This worthless app doesn’t even work if you don’t grant it full access to your contact book. Never seen a communication app as aggressive as this. Not even Skype or WeChat.

I don’t give any app access to my contact y. Period. Deleting... in the meanwhile when anyone asks me to join WhatsApp, I’ll ask them to join Skype or WeChat instead.",1
"Photos save automatically to photo album prefer they save else where, no passcode lock into account, feels second rate app compared to Line or Wechat or anything else for that matter. Also love to new phone it doesn't have any of the contacts unless they are in the phone. Prefer a app that is self sustained.",1
Great app however when trying to use the video option there is so much static noise we are unable to hear so have to turn it off. This has been happening for a long time now.,3
"Dear WhatsApp, can I request for you to add international mobile call-out option (cheap call rates). Thanks.",5
"Using this for like 5 or 6 years and I love it, please, please, please have an application in Apple Watch, I don’t mind even I have to pay! Support you guys!!",5
I think this app. Is incredible more people should know about it. Business people here in Bali have it on their business cards. Fabulous 👍🏻👍🏻👍🏻👍🏻,5
"Really love the chat export, end to wnd encryption, free calling service and so many features of whatsapp",5
"I cannot add any video on my whatsapp status. I thought it was a bug at first so I deleted the app and install again but still i am facing the same issue 
Dear whatsapp team please fix the issue as soon as possible",2
What’s app is very useful for texting people and it is very nice to call family or friends that live to far away to see.,4
User friendly. Great picture quality. Will continue to use,5
Please release WhatsApp on Apple Watch soon. That would be amazing!!!,5
"It’s the best messaging app I ever used! Al combined in 1 single place with different options for telephones numbers, etc it’s just great!!",5
"Love WhatsApp and use it every day but PLEASE stop messing with the ability to send gifs. Such a pain with the new configuration, please send back to the old one. Also get rid of channels/status updates. This is a communication app, not a social media app.",2
"It’s a great and reliable app for all instant messaging, video calling and sharing information",5
"Would LOVE to see voting options in WhatsApp Like pole 
“who can come”
“Yes”
“No”
Messenger does this and it is a great feature! Would like to see it added onto WhatsApp",4
Can't able to turn off downloads of pictures or videos or anything. As soon as I close the app it's getting back to default settings and downloading every images and videos even though I turned them off,1
"It’s really good for group messaging!
Also, has anybody noticed how the app cover is the same colour gradient as all the apple apps such as messages and phone?",5
Used to love this app and it worked great.  Recently the app crashes during video call whenever I open another app that plays sound. This didn’t happen before.,3
Great technology that keeps you connected with family and friends both domestically and around the global.,5
Stranger send me the virus msg and app automatically closed when I opened. Anyway I delete the app and reinstall. Now worked but improve security.,5
"It’s annoying to see all alerts for incoming messages are labelled as ‘group video call’, when they are actually text messages. I hope another update can fix this soon.",2
It’s good but it if you change to a new phone expect to lose all you’re messages. And don’t expect to call them for help,4
This app is hard to navigate at first and often it’s hard to see if the other person has read your message or not. I feel some improvements need to be made to make it more user friendly,2
"Since the new update it’s not possible to forward a message to more than 5people 
Looking forward to moving on to a new messaging app of course they lost my trust along with Facebook. I would rather pay and keep control. And they wrote such a nice message because that’s the main goal.
Betrayed",1
Great app but can only video call 4 people at a time. Would be great if you increased the number to 10 or so. Still a great app,5
Love this app for keeping the family connected daily.,5
"What’s app is great .It is a great way to communicate with friend and family as an individuals or in a group .The messages are shared instantly and simultaneously.
This is the best app for communication so far .👌🏾👍",5
iPad version a bit glitchy.. but works ok..  phone version is better.,5
Excellent app so easy to use and kept me in touch with family and friends while overseas absolutely love it no problems o n any level !!,5
Hey I just want to say that you guy made story thing that’s awesome but the thing is it should be more longer,5
Sometimes I don't get notifications despite having them enabled!! Some messages don't get delivered to me at all!!! And very inconvenient that I need my phone to be on to use the desktop app! Why even have a desktop app if you still need your phone to be on! I need it when I am unable to use my phone!,1
I like it because it is a very interesting app we’re you have everything you need,5
"Lots of bugs in latest update. My mom overseas says I keep pocket dialling her when I am definitely not. And she answers and there is no response. There is no record of outgoing calls from my side. Also very sluggish, and delayed response when using the app since latest update.",2
Please make answering video call right from the lock screen available,5
"I think it’s good if it is confidential and discreetly private I like this idea., I trust that you will be honest trustworthy so that I can feel comfortable in whats app",5
"Wechat is better than whatsapp, it is because you can’t use the app,before it’s update ,
Wechat doesn’t have those issues.",3
Pls I need WhatsApp to restore my backup messages audios and videos because I lost the fist phone,5
I wish you could add option to don’t accept messages or calls from people we don’t know? I’m not interested in it . Thanks,3
The video takes almost 1 minute for me to see the other person and for me to see them . Half of the time i wait so that the other person can hear me . And sometimes it takes soo long that i shut the app and have to use FaceTime to video call .,1
I love this app I can text people went ever want and you can create group on messenger you can’t so I love this app.,5
"Suddenly the past few days I’ve stopped receiving notifications for messages. They’re in the app but the app doesn’t notify me, no sound, banners or badges. 
I haven’t changed my settings and everything is turned on, so I don’t know what the problem is.",1
Have loved WhatsApp for a long time but since the update today I no longer receive message notifications - can this bug please be fixed? Thanks!,1
"Hi WhatsApp! Please return the option to see all my statuses posted without having to view each and every one of them individually. This way it’s also easier to see which status has an error posting , the new way makes it impossible  to do so",1
WhatsApp is incredible I can send messages and I can’t do that anywhere else,5
"Great App! Easy to use & a great way to keep in contact with friends & family overseas! This morning it’s ablaze with the sounds of the Rainbow Lorikeets!
Noisy but beautiful!!!!
🦜🦜🦜🦜🦜🦜🦜🦜🦜🦜🦜🦜🦜🦜🦜",5
I do not like to save any videos or photos automatically. In the latest version these settings are set to Wi-Fi or cellular and if I turn them off the settings are lost once I quit the app and come back. Very annoying!,1
"Having multiple conversations at one time or more than one person in a chat/text always stops you from typing!

Why??!",2
My successful will be because of you,5
This app is connecting us with number and i hope whatsapp make some new interesting updates,5
I like it cause it’s quick and you can send larger videos on it. Pitty about the chime on it but I guess I can get use to that.,5
"This app is great especially when sending photos to other phones..
Great for FaceTime and talking to your loved ones.",5
"Have been using the app for 10yrs. So bad to hear the news that they are gonna share user data to Facebook, which is probably now the largest data centre of the world. 

I might be over-reacted but sharing data to Facebook now may be a bad move under this critical moment. Bye wtsapp and thx for your service in all these years.",1
Love everything about WhatsApp but only problem is that it can only be used on 2 devices without the need to ‘log in and out’. And looks like no WhatsApp app available for iPad,3
Can’t send audio messages,5
When will you have an Apple Watch version of WhatsApp? I’d like to be able to use on my cellular enabled watch.,5
Allow people to leave group chats without an announcement needing to be sent in the group 'Derek has left the group' it's uneccesary and can make a drama for no reason.,4
It is a very helpful app for those how want to text on wifi without having to use any data,5
"Unexpectedly quits and asks me to recover chat history. Keeps failing and returns to home screen. Still doesn’t work after multiple attempts restarting, uninstalling and reinstalling (I’m using iOS 13.3 on a brand new iPhone 11 with plenty storage space)",2
"For someone not technical, this is simple and connects me with loved ones all over the world. Thank you.",5
"This app is great to chat with your friends anywhere, however this morning when I got in to the app, it kept glitching me out. Is there a possible way to fix it?",4
It will be great if whatsapp could put up how much data used during the audio and video call again.,4
"I love WhatsApp App, great for keeping in touch with kids, family home and overseas, it’s instant and great for sending photos. Love it!!!!!",5
Useful - though if there was an option to not be seen on (last seen),5
Great app to connect with my family and friends thank u,5
Texts are fine. Often have trouble with calls connecting and have to revert to Skype. If the call does connect it usually holds a reasonable connection.,4
"Whenever I change my dp it comes up blurry even though the photo is still in my photo stream, fix asap",4
I’d like the ability to see who’s read each message like on Messenger if possible when sending group texts. Just a suggestion!,4
"I get this thinking I can talk to anyone no matter what device they have, but no they all have to have a smartphone, and that is stupid. I suggest u start to change some thing, or the rating will decrease very quickly.",3
"Bro, why did you guys remove the double tap to edit text feature? That’s not very nice and I will continue to haunt until that feature comes back to WhatsApp",3
Guys!! What’s going on? People receive a blank message and then the wording appears in delay ??? 🤦🏻‍♀️ dropping the ball… especially since merging with the blue f… maybe it’s because I’m not on that page? Lift your game yeah? Cheers,3
"It is a worst app. I dont think there is any privacy. 
I feel that number is being leaked. I get random calls and messages from person whom I haven’t seen in my entire life. I have even saved there number or a once or shared my number with any one. There are a lot of scammersss.",1
I like what’s app because I can make friends and also wanna write good reviews thanks whatsapp,5
What’s app allowed me to comedy with my friend’s with a Samsung and let me send longer vids would 100% recommend this app,5
Upload status quality is not good plzz solve this issue,5
So useful to keep in touch with my family in the UK. Thank you for giving me the opportunity.   Sincerely Judith,5
Why do I lose my typed text when I paste an image into a chat? I used to be able to do this without losing it… now I can’t. Stop w the bells and whistles and unnecessary cosmetic changes and focus on core functionality!,2
Secret messages should be 5 minutes not 24 hours,5
"Hello
I have been using WhatsApp for years to communicate with friends and family.
It’s comfortable to send photos and videos, but the quality of sent/received photos/ videos seems to get worse and worse. 
Extremely pixelated, colours are untrue and just ruins images/videos. And I’m talking like simple phone images from nature and stuff.
Please do something about it.
Thanks.",3
"When you open the status in WhatsApp and go to the next status, the remaining songs of the previous status remain.",2
Good messaging app. User friendly. Easy to make group chats and broadcast messages to some contacts.,5
Your really helped me out to connect to my friend who are far away,5
Reads my messages and takes my data not good.,5
it’s really annoying that they don’t have an iwatch app. You’d think Facebook could have it together,4
"WhatsApp has enabled my sister & I, who live in different countries, to communicate effectively & efficiently. It’s user friendly & easy to navigate through.",5
camera option is replaced by “room” option. That really gets me frustrated when i want to send some pics shot with camera directly from whatsapp,2
Plz bring in Edit option for sent messages...this will be a very useful thing,4
"For some reason when I make video calls in what’s app I can see myself and the person I am talking to normally however the person I am talking to sees my image zoomed in.
So this means while I can see 1/2 of my body the person on the other end of the call can only see my mouth and nose etc. 
I have even taken and received screen shots of how this displays on both ends. It’s very frustrating! 
Additional feature that would be great is having polls you can insert into a group chat similar to those you find in Kaizala. 

Thanks",1
Having trouble using to make a call. Text is fine,5
Why there is still no option to enable dark mode?😐,5
"I’ve been using text , email , Apple Airdrop voice but this app smokes them all Fantastic almost unbelievable.",5
This is a very good way to contact my friends and family. Hassle free. Quick to send. And I love how you can choose a wallpaper for you chats. Great app!,5
"I love this App, I use it regularly to message my wife whether she’s in Australia or Indonesia but I’d really like to know when it will be available as an Apple Watch app?",4
I have the 7 day disappearing messages turned on. Why are messages from 2-3 months ago still on the chat? Please fix,3
"whatsapp is super easy to use! you can chat to your friends in different countries with ease and can talk to your freinds too! i think it’s super useful for some people since it’s easier to text people with a samsung, or put them on a group chat.

i would highly recommend ✨",5
I think whatsapp will be good if there is an reaction on whatsapp status i think that will look good and nice,5
"WhatsApp regularly forces you to update it and blocks you from using it until you do. The updates are very big, so if you don’t have much data, it’s a serious inconvenience to suddenly have your communication cut with other people. Unacceptable!",1
"When I am downloading the photos/videos from WhatsApp, they are getting saved twice in my library.",3
Hey whatsapp whatsapp has some crashing with my iphone please fix it asap,4
It’s the most used communication app in Mexico but takes a non Spanish speaker 10x longer to use because the basic function of translation is not available.,2
Pease how to stop you say we’re safe this man fake profile and fake  name stealing peoples id. Government id and  steals money from my bank used ato detail’s threatening stalks and abused steals money we have reported this man child rapist abuser. What’s app business allow men like this to set u profiles aren’t real gmcliford stole my money I’d,1
Great app to keep in touch with my friends and family.,5
"WhatsApp is great but I am (only partially) colourblind and have real trouble seeing the difference between the grey ""delivered"" ticks and the blue ""read"" ticks. The difference in colour is so marginal that I have to look really closely to be able to tell the difference. Honestly I don't know how people with worse colourblindness would have any chance of telling the two apart.

Could you make the blue a bit brighter and the grey a bit darker perhaps? 

The additional contrast would really help us colourblind users.

Thanks,
A loyal user",1
"When I’m calling someone, I cannot open the photos that were sent to me. 

When I switch on my video during a call, the screen turns black with only the status bar is shown.

Had to switch to telegram to send photos without any interruption.",1
Unable to load photos on wifi and 4G when on the WhatsApp call,3
Please make Delete for everyone  option available all the time irrespective of msg sentat-least  in the whatsapp group where chances of inappropriate content is high. Admin should have right to delete inappropriate content for everybody in the group to avoid embarrassment.,1
"From last few days I can’t use WhatsApp like i was using before. The apps hangs a lot. Also I can’t get any message notifications although my notifications for WhatsApp is on. Plus i feel my calls were not ringingly properly. 
Please solve it ASAP 
Thanks",1
"App crashes on messages from contacts now in the phone book :
I click add to contacts and the app crashes even after the update still does it ... 😣
Please fix this annoying bug",2
"I love what’s app, it’s been a god send for us having dear friends who are not on social media & travelling England & Europe & we can follow their adventure still, thankyou what’s app, you rock.",5
Staying in touch when you need to,5
I originally switched to Whatsapp for text but now I'm Fung the video call and all the features very useful. I highly recommend it..Russ Australia,5
Calls and video calls are very buggy. I did try on other apps and it wasn’t a issue so I don’t believe it’s a mobile service issue so much as a app issue. However still like the app for chats.,3
It helps communicate with family over seas.,5
Fantastic app so easy to be in contact with overseas family and share photos and stories love it 👍,5
"Hi whatsapp, Can u please come up with a feature where one can mute calls as well. That would be so helpful",5
Hopefully you are planning to introduce a live option on there,5
WhatsApp is an amazing app where you can text multiple people at once I give it 5 stars,5
"The app is great and all but after the recent update, the app seems to be lagging. It shows that someone is typing even if they are not. I havent had this issue before the update. Please fix it.",3
Should be able to see history of chat when using new phone,4
"Hey I am a iPhone user and I want to be a member of beta program. 

When group calling will be added in iPhone update??",5
Hi. I am requesting to add a feature to copy more than one message at a time.,5
"It would be great if I can delete in batches
Similar to pressing a shift on a computer and select the starting and ending point of the chat in a specific period",4
Everyone should enjoy using this platform.☺️,5
Would be great to be able to log in across multiple phones. (Ie work and personal),4
The new update about deleting a picture after sending it the issue is that it gets deleted from the chat only but it goes to the persons gallery so it defeats the purpose thank u,3
Bring back the ability to see names in notifications again even when the number is not in our contacts,1
"Dear WhatsApp team
I am a regular WhatsApp user but suddenly my account has been banned ever but suddenly my account has been banned ever through
I have not done any such activity witch is the against the WhatsApp guidelines please review my appeal and unbaan my account as soon as possibly thank you",1
"Afternoon team, 

I am no longer receiving notifications at the time the initial message is sent. It can be up to 6 hours later I get notified… Any assistance?",3
It helps me connect with people that I don’t have time to see and talk to in person.,5
"It is good because you get to message, call and even Emails you guys are great!",5
"This used to be a good app. Now plagued by constant robotic voices, echoes, drop out of service, almost inaudible voice volume. Im afraid this app is falling by the wayside. 

I haven’t had a good call with WhatsApp for about 2 years. And I use this app daily to speak to my parents overseas. 

So please pick up your quality of service.",1
Terrific way to stay in touch with the family and friends,5
"Like others who have commented in the last few weeks. My phone no longer rings when someone calls me. I can’t even change the notifications for calls, only for messages",1
Amazing application and always his help me and appreciate who is making the WhatsApp thank you very much,5
"It is the best chance to be family close in all circumstances of joy and grief 
Thank you WhatsApp you are the best🌹🌹🌹🌹🌹",5
I’m trying to invite a friend to my WhatsApp and I have been unsuccessful many times any help you can give me please .. Anne,4
"Pretty stupid when you open a private group and uoad photos then when others are permitted as admin and add some other people, the newly added people cant see the photos.

And comments cant be edited either.",2
"Hi 

WhatsAp doesn’t seem to be working on Apple CarPlay after updating to iOS 14.0.1 Is there anyway it can be fixed?

Thank you.",5
Snapchat’s still better but at least I can text my friend Tessa on it cause she doesn’t have anything else like I do,5
Wish we could have the option were we choose whom we can share our profile pic with rather than all contacts or none ....,3
Hey. I just wanted to ask why there is no reject call option for incoming calls on my iphone 11 pro max What’sapp??? If anyone can define this or give any solution it will be appreciated.,4
Me and my friend use to be not able to talk cause he had a Samsung and I had an apple but with what’s it’s so much better,5
"I find What’s App an excellent means of communicating with family both in Australia and overseas.  It is reliable, clear and quick.  Thanks WhatsApp",5
I just got the app and I am still learning where everything is but it is good because there is no adds and no notifications,4
"I loved to share photos to my different group of friends/family. The have now limited to 5. 

You can’t send to more than 5 people. 

Please bring back the old option. Send to as many as you like",2
I go to send a message sometimes n it doesn’t go through for a good while it’s sits the with one tick not two n it pisses me off I know I have a good connection so you can’t blame it on that that’s why I’m giving you’s a one star resting fix it please n it shots me that you’s haven’t fixed yet so please fix Cos it’s not right that you’s haven’t 👎👎👎👎👎👎👎👎👎👎👎👎👎,1
Hey coolest app ever but when will we be able to use it on the apple watch? Its the only thing missing in my life right now,5
"I always update my account when there’s new version, but this time after I updated this version of WhatsApp, I cannot open my WhatsApp account anymore. And I have no way to backup my info & pictures before I delete & reinstall it again. Really frustrated.",1
For give me to use whats up and find my long time friends,5
I like to message people on my what’s app and even my best friends in the whole wild world.,5
it's the greatest app ever to connect family and friends from overseas. but it is a big SHAME that it is still not available on the apple watch. (only notification and quick reply from mirroring at the moment). with this as such a great app you should consider expanding this to the watch.,1
Can u also include separate notification for calls. Thanks,4
Very useful service. I believe it also keeps it safe and protected,5
Dear whatsapp team my whatsapp account is getting disabled again and again pls help me from this problem request your account is getting disabled again and again,2
I’ve used WhatsApp for a while and there is no issue with the app,5
Don’t trust privacy with this app. This app is designed to get as much data from your phone and spam your mailbox and social media page with ads.,3
"I don’t like the display because it’s black and green I liked the old one that was just white.

Please remove this.",4
Add option delete chat except media or pix n videos,5
Please add Picture in Picture mode when video calling. Its so annoying to not able to do something in the background while video calling,3
"Nice & easy to text and call other people.
Completely free as well. Would highly recommend this app.",5
"My account seems to be hacked and I can’t reconnect. Can someone please provide assistance? I’ve deleted the app twice and I still can’t log in. 
I thought WhatsApp was meant to be secure.",4
"Great app, my only wish is that there would be a function that puts unread messages on the top of the list!!",4
Can you please make a feature to edit messages once you’ve sent them. Viber has it and it’s great,4
Great app BUT I would like to have the same account on two of my devices. The 2nd device doesn’t have a phone number.  How do I do that ?,4
"Overall is good but as iphone has introduced black theme, so you people should also introduce this theme in whatsapp so there would be a similarity and alike interface",4
Who connect us with our loved ones all over the world wherever they lives,5
If u type the msg on what’s app it’s goes blank and al the history written goes clear,5
Ridiculous I have a now non working version installed on my iPad  that won’t update because now marked as needs features not on this device. There is no reason the features of this app can’t be used on a iPad Pro with SIM card other than the makers have stopped it working.,1
Needs a Watch app that works over cellular as well so that I don't have to cart my phone with me,5
Received nudes within minutes of downloading. Would highly recommend.,5
"A great way to send holiday photos and news to family, while away",5
Only use WhatsApp these days. Faster for sharing vids and pics and instant,5
I used to be able to have the notification just tell me who the message was from but not what it said and now I can’t seem to get that back?,3
Great to keep in touch with family and friends at home or away on holidays to share pictures and keep updated,4
Love the App as I talk to my partner in France every day. No issues with uploading photos to the page - keep it up! ⭐️⭐️⭐️,5
I have had WhatsApp for a couple months and it’s been perfect I love it!,5
WhatsApp is very good as an iPhone user it much better than messages,5
"This app was going good, then all the sudden I couldn’t access it. It didn’t say that I was banned, because I had done nothing to deserve that anyway. This happened after I blocked one of those crypto scammers",2
I was out camping I didn’t think I would have a good coverage great video call,5
"There is something wrong in WhatsApp status. Every time I try to skip someone’s video status, the audio of that last status continues to next status regardless next status is video or just photos. Please do the needful. Thanks",1
"There is an error in chat backup 
It’s always stuck on preparing when manually doing
Automatically it doesn’t happen even i have set to daily",2
"As an Iranian who lives in Australia and has an account with my IR number that does not work, meaning I cannot send or receive anything, I know for a fact that WhatsApp is censoring and shutting down Iranian people. This is outrageous and needs to be addressed. WhatsApp is not and should not be used for any political purposes!",1
I love this app. I’ve been able to message friends from all places of the world.,5
"So after the last update you can’t control the auto download media option. 
Facebook is now breaching your privacy and auto downloading all the media even if you set it otherwise.",1
"Mate, you need to fix this issues, it’s very annoying and hate this app, when I tried to download media while I’m on call, it’s not working even I tried restarting my phone and updated the app on apple store",1
After the recent update the app is not showing notifications for new messages. You need to keep open all the time to receive messages which is ridiculous.,1
Constantly crashes. I have an iPhone 12 so it isn’t that my phone is not current. Needs to be fixed as I am sick of restarting my phone multiple times a day to access this app which is used by my company so I have no choice but to continue this frustrating restart,1
Now I discover that all my data is shared with Facebook.  So not so impressed anymore.  Might as well just use messenger,4
"The real story is it has helped me talk to people I could not otherwise. Many apps do this, but this is the one I use.",5
Upgraded software did everything but it won’t let me reply to anyone! Won’t even let me contact them. Run by Messenger and I was hacked and had no help so had to delete that too! Signal for me from now on.,2
"Whatsapp iPhone is not working as expected right now .. when I am typing a new message, new incoming messages are not showing up .. (generally new incoming up at the bottom).. but right now it just scrolls up automatically and I have to manually scroll down to see new messages..",1
"Gif option on the bottom left when you choose picture/photos has gone in the last update. 
Bring it back ASAP 😡",3
I always use this app to text my friends and it’s been great so far! My only problem is that it is a little hard to sign in and stuff but further ado its great!😁,4
This is a truely amazing app there is simply no problem with this messenger and it’s very convenient and I suggest it to everybody who is looking for a messenger app that’s really simple and fast,5
"Using WhatsApp almost everyday, I have grown to love it as it is reliable and spontaneous in connecting me with my relatives and friends allover the world. Thumbs up!",5
I use this app the most to keep in contact with friends and family it’s perfect Thanks,5
Both iMessages and wire have much better apps if you have a second device. The web app is a poor substitute for this,3
"An amazing way to communicate
We are all so lucky to have this technology now.
I clearly remember communicating from overseas in the 80s
By public phone booths
Feeding coins in🤣",5
I have problem by very lower ringtone but my noti tone high🤔🤔 this problem is new 7days maybe,5
"Hi. Can we customise video calling feature? If we don’t want video calling, then we should be able to disable it.
Can you pick this feature implementation ?",3
"Overall, pretty good. Bit annoying it doesn’t support two phones once, and there is no Apple Watch app.",4
Thanks for WhatsApp ables myself to keep in touch with Family in the UK,5
"Great app, but pity you can change the sounds - I have paid tones I can’t select at a message notification. Simple fix in a update please...",4
Please remove gif picture search thats not appropriate for children,4
I updated my app 3 days ago. Was working fine but suddenly I can’t type messages. The reply bar has disappeared!! What’s happened?,4
Can you create an option in settings when a group chat is created giving you the option to join or not pls.. overall WhatsApp 👍,3
It was one of the great apps I had come across until I had to reinstall the app. It has been two days and I am not able to log back in. I am neither recieving any OTP nor the voice calls for verification. Please fix this🙂,1
Despite Meta tracking every word we write and say (mic is always open) it would still crash and ‘erase’ all data. It’s useful but it comes at the cost of giving away all your info so they can profile you and mismanage your data.,1
I have done everything to try to fix the problem and still can’t make outgoing calls or video calls. Can receive them,2
"In general very good. 
Recently added channels. Annoying 
I can’t stand the channels. Especially that you can’t remove it. It also minimises your statuses. 
It’s turning what’s app into Insta, and nobody is interested in that.",3
Very disappointed I can’t block SPAM phone calls on this app unless I select EVERY ONE?? Why can’t I just block all phone calls from this app? If I turn notifications off I miss text messages too. Maybe there’s a better app that supports users not just SPAM callers?,1
I’ve used it for years. Never a problem. Great for groups. Video conference works a treat. Very happy with this app.,5
great but can u pretty please remove that ugly gap that forms when ur text fills one line completely but doesn’t go into the second. its so infuriating i want to die. also please make a feature so there is a gap between texts sent across long time intervals like other messaging apps otherwise it gets so confusing and makes u look so needy. 🫂,4
"Hi there, my iPhone’s screen and all buttons are frozen after the latest upgrade on 16 June 2022, it was worst than earlier.  

It freezes all apps and screen when Whatsapp is running, sometimes the situation was the same even after the whatsapp has completed the running. 

It never happens before the upgrade, and the recent 2 updates did not help at all, it didn’t change my daily numerous crashes !!!! 

Please help to fix it, thanks.",1
System suggestion for WhatsApp installation to iPad Pro asap please,5
"The storage settings keep changing every day
Since the last update every time I change the setting to never automatically download any Media it changes back to wifi",1
Please make this available on iPad please including desktop computers and laptops too please! Be great to be able to use it on all devices not just phones!,3
Great way to connect with family and friends,5
Please make the story time longer.,5
"whatsapp is a good app to connect and be in group chats with people who don’t have an iphone the only thing i wish u could change is that u could make private stories for different things like a private story for tiktoks or for funny things that happen 
other than that it’s completely fine",4
The new group call system is amazing .,5
After the last update it’s been impossible use stickers... the app gets too slow and sometimes shutdown,2
It’s so easy to use so many features,5
"After updating the app 4 days ago, I am constantly getting ‘Unable to download video. Try turning off wifi or VPN, or connecting to different wifi.’ It has never been an issue for be before updating. Disappointing",1
So annoying. Had to link my phone address book to send a message. Deleted contacts from what’s app and it deleted them from my phone. Would prefer to keep my contacts in my phone book completely separate from what’s app. Was not impressed!,1
Hi I’m Electra and where do I start this app is the best because u can text ur friends and I can text my mom when I’m walking to school,5
I love WhatsApp but would really like it to support dark mode. It is one of the only apps that doesn’t have it. Thx,5
I mentioned a perfume brand in a WhatsApp message to a friend and the next thing I had an ad on my laptop for the same perfume brand- so much for privacy!,4
Beautiful world application that mad me have my family next to me where ever I go .easy and useful,5
"I don’t know how but my Whatsapp got deleted but I installed within a few hours and restored when it prompted me. To my surprise, the recent chats were from many days ago. My newest messages had vanished. I have no idea if I can ever get them back.",2
Since morning my what’sapp is not working. I tried to reinstall but it’s not working.,5
I am trying to verify my app with my phone number and it says my number is incorrect. I have deleted the app and turned my phone off and reinstalled and it still is not working. Very frustrating as we are trying to use it for work purposes,1
Camera is great but I got a new phone and now I can’t see any of my old messages. And I would like to. I tried using whatsapp on my computer too but it wouldn’t work,3
"Is deficient, good like texting and quick ! Large bunches of photos may take a while but good all round",5
You are a really good app to use. You make me want to message and call people. Thank you for your time,5
Great app with so many features and unlike other apps WhatsApp doesn’t crash!,5
"Hello right now Apple Watch is not supported by Whatsapp, only we can see notifications.",5
"Great app! While I’m travelling throughout Europe It enables me to keep in contact with family & friends in Australia. So convenient & easy to send videos, chat or phone & vis a vis. Love it!!!",5
I love WhatsApp cause it’s so easy to use n so convenient where communication and downloads are concern. It’s free to use n makes connection easy. Thank you WhatsApp,4
"I love this app it’s perfect to message around the world as long as you have wifi. Get it as a must have app, perfect A++++",5
everything works great. Except that annoying notification that pops up saying not to close whatsapp because we wont receive the notifications properly... please remove that thing its really annoying...,1
Create a dedicated server that syncs all messages across all devices like some other apps out there. This will be a great feature and improvement for the app!,4
It’s a great platform for everyone to chat around in a group.,5
I find the app very helpful but I am still trying to find out how to send a message.,4
"In the recent versions of the app, a user cannot edit the photo if they share it to WhatsApp through the iOS share option using other apps. Previously, the user can markup or crop the image, but now, they can only set the image to HD.",1
"Don’t know who the product manager or the designer is, the first impression on meta is so pathetic. The text is in black on dark background. I am not visually challenged but I can’t see a thing. Who testing this and released to public? Whose decision was this?",2
"So easy for messages, sending photos and phoning.  It fabulous!  Thank you WhatsApp!",5
I never receive notifications. Have re-downloaded and updated phone and app and had Apple Store look at it. Very frustrating,2
"Amazing such a good setup not glitching at all it’s an amazing app🍑
Love it you can send videos with captions!!!!!!!",5
"I like it, though sometimes when I’m calling someone, I can hear myself",4
"I’m this problem every day after every 1 or 2 hour
Everytime i have to restart my phone to use WhatsApp. Can you please tell me any solution. My WhatsApp is up to date 
And my ios also. Thanks",1
"I believe that I have WhatsApp on this device but can’t find it.
Attempted to reinstall through App Store but no luck.
Successfully reloaded onto my previous phone and received notification on this device about the installation on new device.
Help would be appreciated 
Allen",1
"I have six unopened messages but no notifications. (No red circle number). Ive checked that notifications are on on settings, Ive updated the app in the App Store , Ive switched on snd off. Can you please contact me for further assistance as to how to display the red circle number.",1
"For some reason, the app is changing to auto-download all the media, and I always had it in “never” 

Remove the button “reset auto download” or don’t make it go as default to “always download” the media every time I close the app!",1
Great to keep in contact with family and friends,5
Please look into the photo editing there’s something wrong,3
While on a video call i am unable to use another app without the video getting paused....never had such an issue in my NOTE 9,3
"WhatsApp is a great app however due to the new update i am now incapable of having the call in the background while I am playing a game. I am quite dissatisfied, I hope this is not something that will become permanent. Thank you.",2
Customer Care is horrible. No numbers on the web to call. Emailed for help as someone hacked into my WhatsApp and locked me out.  I received an automated response which didn’t address my issue!,3
"1. Your privacy policy has degraded to the point of being ineffective. I will choose an app that values privacy.
2. WhatsApp is owned by Facebook. Facebook has shown their true colours in Australia in the past few days. We the people will not be bullied by so called tech giants. 

The world is watching Mr Zuckerberg, the world is watching.",1
"I wish the archive feature actually had the option for how long we wanted chats archived. The unnecessary reappearance of chats, even when a chat is muted makes no sense at all. No point in archiving something that reappears every time someone texts in group chats, it’s annoying to redo it every second and is just messy!",1
That’s how much your data is worth. I was discussing about buying something on WhatsApp chat and the ad appeared on my Facebook immediately. Start using telegram or signal and all your contacts will follow. Be the first to make the move.,1
"I don’t appreciate constantly being obliged to update these application constantly in order to continue using them. If my application works fine, then that should me my own choice whether or not I wish to make updates or changes.",1
"Whatsapp is great, I’ve been using it for years.. but the last update is hideous! If I have my dark mode on whatsapp looks like a drug dealing all. Please revert this",4
"Could you please add a function to sort chats/groups into personal or work related? I would love to be able to separate them, and their notifications (this would be a cherry on top!).",3
Loving it Keeping in touch with overseas family and friends made very easy thank you.,5
Awesome app to keep in contact with family. The only downside is you can’t use it on iPad or iPod. Which I really don’t understand. As both devices can be connected to wifi to utilise the app.,3
There is a problem with the webwhatsapp when ever i try adding GIFs to the chat it freezes for a good 15mins and it freezes the whole browser please fix it...,3
"I downloaded the app thinking it was free. Then received a confirmation and notification of a monthly charge deducted from my bank account   
Now I am having trouble cancelling it.",4
"Even after enabling 2 step verification on my old phone, it insists on using sms verification. Well I’m not interested in paying 50 cents per sms while I’m overseas.

I will rely on another instant messaging service that doesn’t rely on antique verification technologies.",1
Whatsapp call voice quality is quite inconsistent. Sometimes either us or the other person cannot hear clearly. Wifi connection is stable.,2
Thanks for continuously innovating - the easiest chat out there. Love the reply feature which hopefully Facebook adopts.,5
What a great app. Does everything so well including receiving & sending clear videos.,5
"I'm really shock how come WhatsApp as popular apps provide porn in the GIF part???
Does WhatsApp care our young generations??? I don't think so!!",5
What app it’s the best app in the world I can talk to my family with high quality service GOD Bless what’s app 🤲🏻,5
"Hi there, I have been having issues with receiving calls. I don’t get prompts for incoming calls and when I check what’s app later for messages, it shows I have missed calls from few of my friends. Kindly please resolve this issue. I have updated software for both IOS and What’s app.",1
"Don’t use this app if you value anything about your privacy. 
FB needs to F off",5
Bug noise need to restart phone to hear it clearly 😫,4
Notifications are not working 90% of the times. Messages are not even received in background even though internet is turned on. Kindly fix this asap.,1
"Martin here. I have updated my apple iOS to 17.3.1 version and am facing a problem of not I can increase and decrease volume in whatsapp status videos. There is so volume in whatsapp status video . It’s very embarrassing. 

Kindly please look into the matter very urgent basis.",1
My phone rings when I get call from the muted contact number. Is this feature not available now?,3
"The app is great for quick comms, but when you want to manage your many chats by exporting before removing, the export doesn’t not include captions which loses large amounts of chat content :( Please fix this ASAP!",2
So hard to regain lost conversations and not easy to do. Lost conversations with a dead friend. Really want them back. Also for divorce reasons.,3
What is the point to this app if you get banned after having it for only a week? I only had 1 contact who asked me to use it. Now I know why I don’t use it. Waste of time. Facebook messenger is way better.,1
"What’s App is 🆗
However it could be improved in its functional applications. Given options to click on to.✅",4
I have downloaded WhatsApp nn this phone before working perfectly I stopped using the phone a little bit and when i came back it didn’t open it just showed the WhatsApp logo and went off,1
"App was working fine up until a couple weeks ago. Struggles to open, no matter how many times I reinstall or reset my phone. Any assistance would be great.",2
My Facebook was hacked and Meta decided to disable all my platforms. I can set up a new Facebook and Insta account but not WhatsApp because my number was used in the hack. For god sake you need to be a bit more careful about the people you cut off from their communities. Just no response at all.,1
Something weird after recent upgrade. The media download setting getting reset to default after we close the app and reopen again. It is very annoying.,1
"The recent updates have been pathetic. I can no longer save the media download settings to ""Never"". They revert back to default everytime I open whatsapp. Please fix this ASAP. It has sucked all my phone storage!",1
Really good app. Please enable ability to schedule messages!!,5
All media is downloaded as duplicates to my photo album. How can this be fixed?,4
"Would be great to be able to react to messages with the thumbs up/love etc emojis

Other than that, it’s a good app",4
"- When you add someone in group call you don’t know weather it’s ringing or calling .
- Secondly from the group call if another prison left the group call still on the screen it’s showing group call, this needs to be fix",1
"I just love it. It is a wonderful way of keeping in touch with special people, around the world.",5
I have been disappointed by the way WhatsApp has decided to treat its users. To be more specific they way they suddenly change their practices to collect and sell the users data after being a platform that used to protect individuals information,1
Enable audio and video call using desktop web application,4
Can there please be a like function for messages in group chats? So everyone doesn’t have to reply to acknowledge that they have seen the message. Otherwise it’s a great app for group chats.,3
"This is my second go at whatsapp, l couldn’t arak for a better format to work on, thanks so much.",5
"5 messages at a time is just not on!
Not everyone abuses the news.
This number has to be increased.",4
With latest update unable to send photos,5
I’d never use this App before but found it easy to use and made uploading videos super easy 👌🏼,5
"Just love using it for chats, photo sharing ,video sharing and even voice sharing",5
Amazing tool to connect with friends n families. It makes me feel close to people and situations 👍,5
"Before the audio recording for WhatsApp was different. Now 30% of my audio gets deleted. It also happens to my friends!
Even though I carefully slide my finger to the right!! 😡😡😡",3
"I have numerous experiences using WhatsApp, including receiving and sending out messages. Keep up the good work, God Bless.",5
When I’m on a call using this app if another call comes through not using your app it cancels the existing call.,4
Update,5
"Every time I type something in, it says: “having trouble generating right now” or something like that. Yesterday it was working just fine.",3
Seeing or speaking to my family at home or abroad is just a the tip of my fingers.,5
I love this app it’s easy to use and very helpful to send messages. No problems at all! ❤️,5
I use this app since 2016 and I’m very happy with this that i can talk to my family,5
See U soon💓,5
"Changed phones and restored my app but the Backup was overwritten when I had to reset backup password and tried to follow the SHOCKING instructions which led it to overwrite my backup with the new app backup! YEARS OF LEGAL RECORDS / CHAT HISTORY AND PHOTOS GONE!! DISGUSTING! AND WHATSAPP SUPPORT CANNOT FIX IT! THE WORST EXPERIENCE ON ANY DEVICE IN MY LIFE!!

AND DON’T GET ME STARTED ON THE SPAM AND PHISHING CALLS WHICH NEVER STOP!",1
"Connection is quick, clarity of video is excellent",5
"All the time recommend 
Also now one other problem when my mobile screen is off then call not reach to my mobile all friends upset from me 
Soon as passable remove this issues please thanks",1
After updating the whatsapp for recent time status are collides each other songs mixes !!!,2
This app has been compromised and if you think it is secure then you are sadly mistaken,5
Make me easy to contact my family in Indonesia,5
"There are too many scammers using this platform and Whatsapp dont care. Whatsapp dont even let you control who can send you messages. The lack of features to protect you is a huge problem. If you have kids or elders using this app, be careful.",1
Excellent in all aspects. Wish you enable calls from the application,5
"Was great until they decided to strong arm anyone who wants to keep using it into handing over their Facebook info, data usage, connectivity... not your business. Thanks for the past, looking forward to moving over to signal.",1
"Hello Developer, been having a problem with video call... so when i am on group video call and if someone else calls me either video or audio call on WhatsApp and when i reject that call , on my current video call the half screen goes black ..",1
I talk with other side of the world with this app with no issues I highly recommend it 💯,5
Love the App- use it with family and friends on a daily basis.  Great for creating new groups to exclude some regular members for surprise gifts and parties.,5
"Dear what’s app 

Can you plz slove my problem I have a lot of data on my what’s app",5
Setting up couldn’t have been easier:),5
"Common guys it’s high time. It’s hurting our eyes! Need dark mode ASAP.
And I don’t know why the hell whatsapp added that 2 second delay showing WhatsApp logo when opening. Really unnecessary. I am moving to other apps if they make me feel whatsapp is 3rd party and if it doesn’t have dark mode.",1
"Given previous data breaches in WhatsApp, Facebooks’s appalling record on privacy and the app’s requirement to harvest your contact address book, I’m giving this app 1 star and deleting it from phone. I will not provide my mobile or contacts to Zuckerberg’s evil empire.",1
I think it go some great think need still learn how to use them and how to add more people,5
"Really easy to use, great way to connect family and friends too. Will it be possible if you can add a biting emoji?",5
"Hi
WhatsApp is very useful. 
Just a scope of improvement in group chat there need a option/feature to hide a group in contact list. please insert “hide the group”feature like in Viber app
Thanks",3
"I’m loving this app, me and my partner chat ,make calls from WhatsApp heaps.
What a great app,which connects you with your family and loved ones.",4
"WhatsApp is a great way to communicate, particularly with groups of people. It also works in China, which not all its competitors do.",5
"Thank you for providing the platform, it really connects families together and keep the bonding alive 😊",5
"I am facing lot of problems while using voice call, after the recent upgrade",3
Can I suggest you update to where you can add stickers like they can on Viber :),5
It is an absolutely incredible app I get to add and chat to new people from my country and that is what I want,5
"Easy, simple streamline tool to stay in touch with my friends and family based around the globe. Thank u 👌",5
Easy quick communication to love ones when travelling,5
Quick and easy,5
After updating to the latest version I can no longer access Whatsapp. When I touch the icon it opens a blank screen that crashes is a couple of seconds. I can no longer use my Whatsapp! This is ridiculous!!,1
Can’t receive notification Call. Just when I checked the app and missed calls will pop up.,2
"I liked the colour of everything before it changed, change it back!",3
Photos saving to camera are duplicating on iOS,4
Can’t receive notifications unless when the app is open or open in the background but when you close the app you get no notification Please fix it,1
WhatsApp is a fun way to communicate with friends and family.,5
For over a week the app freezes after 4 seconds. No amount of backup/re install or iPhone updates fixes the issue. Years of messages lost including my Business chats. Stay away from it.,1
Too many icons everywhere. Need organisational arrangements.,5
"WhatsApp status doesn’t upload.   
For an hour almost it kept showing as sending update 
Deleted the status a few times but did not work.
Please fix the bug",1
Why i have not message reaction feature,4
Give an option to upload the media without compressing the files.,1
"It’s barely connecting today, while all my other apps are connecting just fine",3
My internet is working fine but it keeps on saying that connecting and when I t get Ed to uninstall and download it again it keep on saying retrieving credentials like literally there should be another option to login in WhatsApp,1
"I’ve hidden it and now I want it gone for good how to permanently delete it,???😞",5
Really not liking that I receive phone calls and messages from people I don’t know. Not sure why anyone possibly thinks to just send a random message saying ‘ your gorgeous’ or to call to speak to someone they don’t know.,1
"Hi whatsapp team . Can you please update a feature in send image mode in whatsapp chat. Just update it as a snaps,
Thankyou.",5
"Removed communist WhatsApp, Facebook and Instagram off my phone and I’ll never go back. Big Tech is overreaching with their censorship and people should move to alternative platforms like Gab that enable open dialogue and privacy at the same time.",1
I use dark mode in my IPhone but I want to use light mode on WhatsApp. WhatsApp doesn’t let you change it unless you change your phones settings. Oh god please let me change it I don’t want to vomit every time I have to text a friend.,1
I like Whatsapp because you can communicate with you friends in a fun what,5
The reason I picked 4 star rated is because in the real app for texting people there is a lot to do but in this app there isn’t much things to do,4
"I see all the release notes remain same since last couple of releases, hence I do not feel like to upgrading to latest. Any reason?",3
Thank you so much Whatsapp to make privacy lot more secure by face recognition lock for Whatsapp 🙌🙏,5
"Trust worthy, fast, user friendly and international friendly. What more can I ask for!",5
I think so far I enjoy using WA. I never use other application for daily communication for 4 years.,5
"Not able to update the app, on clicking update button it gets refreshed again and again . Not able to see few messages which says “this message not supported by your WhatsApp version",1
A friend has just moved to Singapore and it’s great to be able to keep in touch with her with What’s App,5
"Love the quality of the voice calls, better than Somme reputable telcos here in Oz",5
"The constant updates are stupid, what is even being fixed and updated? Little things like when you’re on a video call and you’re muted by the other caller and the dumb sign says “___ muted you” and it doesn’t disappear is extremely frustrating and useless.",1
This is such a great messaging app. I can share photos by the use of my status with my overseas family,5
"It’s good for conversation with family and friends even more, I love it ☺️☺️",5
"This new update is not satisfying , i tried to forward some audio message on my number but it doesnot show my id when i tried to forward.. even not able to save audio mesages in mail too .. it doesnot open",2
My status is still not increased upto 60 seconds. Its only 30 seconds. How can I fix this?,4
i don’t usually rate or submit reviews for applications but this one took me out. I hate the new green color its ugly you should have kept the blue color for the IOS or at least make us choose the color we want. That was a bad move 🤦🏾‍♂️,1
"Very good app , love texting on it and I like how easy it is to function🤩",5
I think your service is fantastic keep the good work.,5
"Works well without over complicating things.
Looking fwd hopefully to having support for dual SIM & dual WhatsApp. Surely not that difficult?",3
"Thank you for the communication app, it is very cost efficient & effective.",5
"Please fix the problem of stuck of whatsap in i phone 13 , All Updated Are Done In Ios And Whatsapp , Still cant use what sapp, when we open the app , after 3 seconds app got crashed and got stucked. Pls fix the problem",1
"I update the last version, after that when i see status , skip the one status to next status the 1st status audio will appear on the next video and clash together",1
Excellent App. Good quality phone calls and user friendly.,5
"Annoying… whatever option I use to mute a group conversation. E.g if I select 1 week or 8 hours it only mutes the convo for a
few hours.",3
Can you sync WhatsApp messages with apple and Samsung default messaging app so I can send messages directly. Tnx,4
Can you imagine paying 2000 for a phone and a simple app like WhatsApp doesn’t work on it??? Unbelievable!! I’ve had 400 dollar phones where WhatsApp worked perfectly and then this?? Highly disappointed.,1
"I didn’t like this update because when someone use your phone to call and you got notification it is showing the content and the name 

Any help how can i hide this notification!???",1
"I’m not getting any notifications from this app, despite all my settings being on. It’s making me miss important work notices! Thought an update would change this but it hasn’t. Please fix this.",1
What a joy to listen to those brave marine men singing together. What a testimony of faith in the power of God to guide and strengthen their way. Well done. Trevor,5
This app is so amazing and I would definitely recommend,5
"The last place I want my private messages shared would be Facebook and Google, never going to use it again. Will be switching to signal which is much more secure.",1
"They will know more about you than you and have more information on you than you & your family + friends! 

If you are ok with it, go ahead and download.

Time to leave and use Signal",1
"Background update seems to be much worse, notification has significant lag, and it doesn’t work on low bat mode. Web WhatsApp also doesn’t work if iphone whatsapp is not open.",2
Since I updated to latest version the app keeps freezing. Worst is during video chats. I’ve tried to reinstall and same issue. If anyone knows how to fix otherwise I don’t have patience to send a text 16 times over,1
Loved whatsapp until it now included dark mode. AND YOU CANT TURN IT OFF from within the app. Please have it like fb messenger where you have the option of turning it on or off. Otherwise fix the bubble colours because it’s very harsh on the eyes!!!,2
"It’s a great app and it’s very helpful because I have friends who live in a different country, it really helps are great deal.",5
Absolutely brilliant when overseas we have an apartment in Bali and the quality of calls are excellent. Wouldn’t be without it.,5
I think this is a really good way to contact with people and you can do group Factimes so this is perfect,5
A great way to keep in touch with friends and family when they are OS.,5
"Hi team, the overall functionality is good. But I can not make a call if I am WiFi network. I have to switch to cellular to receive or make a call. Please if you fix this, all good. Thanks.",3
"Trying to talk to people in Australia and South Africa from Europe but app breaks up, loses sound and images are sketchy 
Need some serious upgrade to make it work AROUND the globe
Pity as I hate skype",3
A great way of staying in touch all over the world n so quickly too.,5
"So what is that new thing WhatsApp? Now we have to grant access to our contact list in order to start a new conversation... yes of course, I’ll give you all my personal contacts! What’s wrong with you guys?!
You don’t need my list of contacts to send a message.
=> 1 star",1
It helped me stay connected when my beautiful friend was away overseas in Germany,5
So much easier to use than other messaging apps!,5
With out you…I could have a miserable life… thanks for your help,5
Great app but please would love to chat on my apple watch please please add watch support so that we can reply and call as well on the watch itself,4
"Also, why on Earth does it take 12gb?!
My top conversation only takes up 100mb",4
"I just updated my whatsapp and now its not working, i have certainly no idea what went wrong but i need to get it fixed as soon as possible. Like when i open the app it comes back to my phones home screen",1
hey guys this is such a good app to use with your friends it’s so good to FaceTime call and even text!!!😊,5
Great app for staying connected to overseas family,5
"When playing the audio recordings in chat, when the phone’s screen goes off being idle, the recording starts to break and it’s impossible to listen to it. Please fix it, thanks!",1
"Option to whatsapp status is removed
I can just see whatsapp status of of my contacts but cannot update mine and that is insane!",2
In my mind if it’s have more stickers like Line it’s dose work more now,5
"I’ve never had problems with previous WhatsApp versions but this new update is a disaster. I am using my Whatsapp for work and  now it keeps playing up. Everytime I open the app, it just keeps closing on its own.",1
What an absolute joke whatsapp has turned into. The amount of spam that comes through is ridiculous. Who needs full encryption when all that they are protecting is spam calls and messages 24/7,1
Please include polls to make group decisions easier.,5
Much more reliable than it ever was,5
I am very suspicious of anything owned by Facebook because Facebook is a censorship platform. It pushes a political agenda and I hate that. Keep your leftist globalist opinions to yourself Mark!,4
Recently I bought iPhone XR and the the quality of my life incredibly incrased,5
I need an option to backup my chat on mobile data please.,3
"Hi pls fix this issue like I’m typing msgs to someone and if I get multiple msgs from someone then it will stop me typing original msg. It’s been going on for long time
Pls fix ASAP",4
"Hi, can't skip forward or rewind in a voice chat. Error  doesn't resolve with a force close either. Please help.",4
Great to be able to watch a video sent,5
I am having problem with whats app it automatically turns off i already updated the app whenever  i open the app it works for 5 seconds and then it turns off i am having iphone 8+ with latest software please solve this issue,1
I’m finding the App excellent for maintaining contact with the group during a trying period,5
Suddenly 90% of my media from chats had been replaced with question marks and doesn’t seem to be available. No info on the developer help so I’m hoping someone can chime in here and offer a fix.,2
The app is fantastic but lately I can’t send any pics of voicemails it keeps denied and saying it couldn’t be send,5
It’s great the way family and friends can converse interstate and overseas and share photos of loved ones .,5
Needs slightly bigger voice recording button and needs a fix for Bluetooth voice recording as it cuts off after recording for 2 seconds (it’s inconsistent),2
It will be good if we could change the font and font colour 😊😊,5
"The app works wonderfully, but since iOS 12 it intermittently stops making notification noises. Unrelated to “Do not disturb” mode.",4
I use this app all the time to chat with friends and family overseas and find it is great,5
"Please check it what’s the problem. I can’t send the icon to my friends. E.g smile pic,",5
It’s free video and voice call save my 100$ per month for international calls,5
The most reliable and secure platform to date.,5
I find it so good how you can talk to all you friends,5
Since recent update it cannot upload or send photos  from gallery. Its a well known issues. I found hundreds of posts on forums and reddit. Many have the same issue. It made whatsapp unusable for me.,1
I am not able to see if the incoming call is video or voice when the phone is locked. I end up showing my face to calls when I don't want to. This is a such a big L.,1
Thanks for video and photos send in HD but every time choose in HD is difficult and please improve story quality that’s so cheap quality and please provide maximum quality.,2
I just updated yesterday to the latest version and sharing my location is now gone? I’m on iPhone 14. Hopefully just a bug?,2
It is a very convenient and user friendly app.,5
"After this , I downloaded my information and I can see that my account has been hacked on last day, but Facebook has suspended my account and Meta has closed my instagram and WhatsApp",1
Please let us organize our stickers!! Some of us comunicate ourselves through them 🥺,3
"Amazing, it’s so good and never has crashed for me o can talk to friends and family over seas for free m!!",5
Love WhatsApp for all the contacts all over the world with my overseas friends❤️❤️❤️❤️❤️,5
Everything Works Easy to Use And great way Too Connect...,5
Is it really that hard to make an iPad version? Like how hard is it? If you need help I will even help you but please make an iPad version.,3
Please make apple watch app. So that calls can be answered on watch. Thanks,5
"Facebook said it will not share Whatsapp data to Facebook. Now you will not be able to opt out. I have deleted it now, moving to another messaging app. Good riddance!",3
"From last couple of days am getting problem with playing video on whatsapp. I’ve trued everything like reinstalling the app, restart my phone, but still getting same problem",1
I find WhatsApp excellent for communicating with several groups I’m part of !,5
"Someone is actually reading my msgs through her phone.
There’s no privacy on whattsapp which is bad bad bad",5
Because l have family in Europe very easy to keep in contact using the app,5
Normally when you call someone there is a nice noise like the ringing noise on LINE  or SKYPE. The whatsapp one is so bad please change it!!!!!,4
"Hi Team, 
   I have updated new WhatsApp version in my iPhone 7 but I am unable to find the screen lock option in WhatsApp check this on priority.
Regards,
Gary.",3
It’s awesome. It doesn’t glitch and it makes messaging friends a lot easier,5
My wife Jennie went to Bali for 3 months. I would have been distraught if I could not face time and see her beauty,4
I am out of options why my voice call doesn’t work even video call doesn’t have any sound,3
"Works well,I like the option to send audio messages now",5
"After updating to the latest whatsapp version, I am now unable to open the program at all. I’ve tried resetting my phone etc, and EVERY other app works EXCEPT whatsapp. I use it for work and family, so this is extremely frustrating.",1
You let us stay connected thank you and to your team what's aap,5
Excellent family travelling overseas make it so easy to communicate,5
"Absolutely lost my years of data when,I had to reinstall the app , no way to recover my password for  backup or encryption key for that matter .. this should be an easy task would help lot of people if there was a way to do that …",1
"With the amount of child abuse material and violent groups, as well as the countless pedo on this app, as well as the constant spam messages, it’s not suitable for children. Apple needs to change their rating to 17+ as per their own guidelines.",1
"Hello 
I have not able to do video call in iPhone whenever I tried for video call system shown that call failed after one ring 
Can you please guide me How to fix this problem 

Thank you",1
"A great way to have groups, happy that it’s secure and you can make a call. 👍🏻",5
"Stop forcing people to update apps just to keep using.

Update: I have lost everything because it said my backup existed even though I can see it right there in my iCloud storage. Another hide loss  just bc this app is rubbish",1
"Excellent, easy to use fantastic can’t describe any better the best app ever for messaging",5
Unable to access status options properly (can’t even delete status now). Channels is also annoying. Everything extra is making the app worse.,1
So amazing can message people with any sort of phone !!,5
Excellent app to communicate with friends and family members,5
"Why does this App insist on wanting access to all of my contacts? I don’t want to do this, and then the app does not proceed. Why can’t I just add a few contacts. I am about to delete the app because I think it is useless and nosey",1
"The app hangs and freezes when you open up manage storage apps and had to quit to open up again, but it never manages to resolve the hang issue in manage storage page.",1
"Hi Team,

I have updated my iphone to latest version 15.0.1 and since then my whatsapp is not working.

After reinstalling my whatsapp it says whatsapp is temporarily unavailable.",2
"Apparently their privacy policy is nothing but bunch of bs, whatsapp and facebook does monitor users data which violates users rights,   If you can avoid using their apps, please do so because you don’t have any sorts of privacy even if your settings are end to end encrypted.",1
"I like it and I like the latest update and features in it .
Big thanks for the what’s app team 
Kind regards 
Mahmoud",5
"The app is consistently updating to the point it starts getting annoying. Every week there is an update for the app and despite this they still don’t address key issues plaguing the app. The lack of privacy, the lack of emoji reaction, the list constitutes...",1
"With the new update I’m deleting WhatsApp and now downloading telegram :)

Even if use change your mind about the update I’m still gonna delete WhatsApp because it shows me what your plans are in the future",1
"I don’t like the quality of the photos within the app, and lately I don’t feel secure anymore especially after the new terms and conditions.
I can’t recommend this app.",2
This app is great to use because it doesn’t take up all of your credit,5
It was working fine before but now it’s not working upto the mark ..Now it’s shutting off ‘low data usage’ mode automatically no matter how many I turned it on ..it’s using hell lot data for Calls..I tired to mail them they said they can’t help ..It’s going pathetic!,1
Why would you no longer display notifications badges on the app icon when you receive new muted messages??!! Hate it!!! Give us the option please.,2
One of the worst apps to ever grace the app store. Visually featureless with 2-4 updates per month making it one of the most updated apps ever programmed on any platform or system. Be prepared to download this app multiple times each month with very little visual improvements to show for it.,1
Have never felt more connected with my family Bravo!,4
Great app to download! It’s very easy to use and is so good for calling and messaging!,5
"Hi,
After last update, I am unable to delete the sent messages to other people. The option of delete for all has disappeared ! It shows only delete for me !! Please fix this. Thanks.",1
"Not being notified properly in latest release, disappointed.",2
"I was recently hacked via Whats App and by an operative that was using Israeli Pegasus Spyware. The spyware accesses the iPhone via a vulnerability with FaceTime. 

Whats App is also used by the Israeli Unit 8200 to target Palestinians with Drone strikes via their Lavender and Where’s Daddy program. Whats App and like all META platforms should be boycotted by consumers.",1
I’m over all these pokies sites that keep calling and texting me all night and day long! Lime u can’t block em and like even when u delete the app somehow they can still bombard u with texts and phone calls ! Yes I mean Random’s calling me to tell me about gambling yer.  Not good !,1
"I don’t keep Whatsapp, I only install it temporarily for group chats when people need me to.
I installed it again for a group assignment and woke up one morning to see my account was banned for no provided reason.
Terrible app.",1
"Disappointed that WhatsApp lacks HD profile pic support. In an era of high-resolution visuals, this limitation feels outdated. Hoping for an update to enhance the overall user experience",4
Usually pretty good but struggling to find network connection at the mo??? All other apps working well?,3
"I’m forced to update the app to use it but when I want to update it, a pop-up appears saying:  ""WhatsApp Messenger"" No Longer Available. The developer has removed this app from the App Store.",1
Upload option not showing under the storage and data. (Iphone 14 pro) all updated is to latest version.,1
Why say you can link another phone when you know it doesn’t work. I tried linking the other phone and it wiped out my profile picture and changed my settings.  Up your game Meta!!!,1
It’s as been more then I request restore,5
"After the latest updates I have facing audio overlapping in whats app status, please give an another update and clear this issue as soon as possible.
Thank you",1
70,5
"My dad lives in NZ and he replies instantly with this app. Love it , calling is also very clear.👍",5
Have been using WhatsApp web for years and this update just killed WhatsApp web. Can’t even load. Luckily we are on iPhone and iMac we are able to move all business communication to iMessage. Bye WhatsApp,1
Please let us delete messages at anytime😭,4
This is the only communication I have with my daughter who lives in Dubai.,5
Appreciate your service !,5
Can you do feature where whatsapp chat is closed and can speak on video call? with screen closed,2
Very happy with this app helps me to get in touch with my family,5
"Love the app but notifications have been a pain lately, I mostly get video calls and it doesn’t even wake my screen up. when are you considering using Apple’s new notification API??",2
"Love the app, but can’t reply on watch after the notification goes away. Please make an app for Apple Watch.",4
"Tried to backup but it stucked, never happen before, trued to uninstall, restart or reboot but still the same. Please fix this annoying bug. Thx",3
Unable to share more than 5 !?,5
"Apple supports dual sim, so I can finally ditch my personal / work phone double up. But, alas, whatsapp doesn’t support two profiles. Time to align with Apple’s new feature and offer dual accounts on the one device please!",2
"Hi 

Don’t know this version in my iPhone X I am getting only vibration or sound with out caller ID display . I need to use my sixth sense to understand who is calling, Is anybody else is experiencing the same",3
"After i upload my display picture it gets pixelated. Compared to the original photo the DP's quality very low. 
Please note: this is the case when i upload the picture as it is without cropping or zooming in.",1
"I have a group chat but find it hard to  reply to anyone, and cannot see who comments cos their name is half obscured",3
"Used to be good but now it won’t send photos. I’ve tried resetting the app, resetting the phone, resetting network settings, backing up and re-installing the app- nothing works.

Now I’ve topped using it all together.",2
It always gets the text message through and I just love it🤩🥳🤩,5
"I love WhatsApp as it brings the world together, especially me with my family and friend from overseas.... it’s free, fun and reliable....",5
Please fix the issue of “unable to forward any message to more than 5 people”,3
What a great vehicle to keep the family connected 👍🏽✅,5
"WhatsApp is amazing!!
When I’m chatting with my friends it tells me at the top if their typing or online!",5
"I love this app. Easy to use and saves money, as it’s cheaper to text with WhatsApp than normal texting 🙂",5
I think this app is good but I don’t see the difference between messages and what’s app,5
"Fantastic service and I really appreciate the quality, speed and user friendliness of the WhatsApp 

Cheers",5
A bit of a bummer when media sends LQ when a HQ version is needed. Perhaps an option to do so?,4
It’s so family friendly,5
No problems  but could have been better,3
What’s App is another of the great wonders of our time.,5
Great way of keeping in touch. I use it daily,5
Photos keep loading and not downloading in every iPhone not in just my phones but family and friends has same issue from months,1
Ever since the update i can no longer use siri to call or message. Please fix this. Then i will go back to 5 stars,2
"Opened app only to receive message stating this account can no longer use Whatsapp. Very disappointing, missing out on vital team info, not being able to access this messaging service",1
"Was forced to update and now it has ‘meta ai’ in the search bar. Whatsapp is ‘meant’ to be e2e private messages, but now meta has opted everyone in for all messages to go into their ai??? And there is no way to turn it off?? Horrific breach of privacy",1
Enjoying content still learning how to use what’s app,4
Nice way to communicate with friends and family.,5
Why there is no option to stop incoming calls at all. We have to block all notifications all together to stop call. Very annoying.,1
"Love the app, it’s always great quality service",5
"Fantastic, it’s a great idea to keep in contact with our family👏",5
Why I can’t use Dark Mode On I Phone 5s what’s the matter?,5
dios  is mixing with oneanother after sliding plz check out,4
I want to unsubscribe from WhatsApp and cannot find where you do it,4
Great app but need to allow people to call others without saving as a contact.,3
I love this app you can talk to People from anywhere in the world,5
Updated the app and now cannot see any messages that get sent through! ‘Waiting for this message. This may take a while’ for everyone’s message that gets sent through! FIX THIS ASAP!!!,1
Change to Archived chat is very disappointing... there is a constant archive tab at the top now and no option to make it invisible like before... very disappointed,2
Wonderful for friends and family overseas,5
This app has been so good to keep in touch with family while overseas love it,5
Love it. But where is the option gone to customise ringtones for each contact on IPhones?,4
It would be great if WhatsApp had iPad version similar to Pc version,5
Easiest way to chat to anyone especially in business,5
I use Whatsapp a lot in my office. I’d love this app to be ready to have video calls on computers too,4
Consistently reliable it’s an app that I was initially circumspect about but it’s performed to what it it states ‘on the box’. A winner for international chats.,5
"My son is in France for a few months and it’s a great way to communicate and share photos, thanks what’s app !",5
"Great service, fun stickers and wonderful profile and chat options!!",5
I use it more than iMessage because anyone can use it.,5
"A Perfect way of communication& connecting people together
Thank u",5
I can no longer see who the message is from without also having the content of the message pop up for everyone to view. This is since the last update.,1
"Thank you, I love this app. It allows me to contact people all over the world without a glitch, ever.",5
I love it but only one problem how to update????,5
I have found a bug in whatsapp .. Connect with me for more details ... Thanks whatsapp !,4
"This feature is not good for privacy, the phone was in my pocket, while the app was opened, it sent a picture to all the list... archived by mistake. Change it please!",3
"please return the function of displaying the text "" write .."" to the top 🙏🏻🙏🏻🙏🏻.",4
"Trying to send WhatsApp message using Siri fails, since most recent WhatsApp update. Regardless of who I’m trying to message (and they definitely use WhatsApp), Siri replies with ""it looks like [name] doesnt have whatsapp messages enabled""",1
We need add music feature on the status.,4
"Hi team,

Could you please add a button to disconnect someone from group call???",4
This app does not have any translation. It makes chatting with people hard. Please add one. Using google translate is very annoying!,3
This is so easy to talk video call and type chats,5
It is very good to send photos and videos but I am not a fan of texting in Watsapp😞,5
WhatsApp is good because I said so,5
"I don’t mind being asked to do an update, but I absolutely hate it when developers stop an app from working unless you update",2
"Hi team ,
Please see if it’s possible to add screenshare feature in whatsapp.
Thanks",5
Still not easy to find contacts if they are on WhatsApp.,3
"Disappointingly, What's App has joined them many apps with in built  obsolescence. The old version of the app no longer works, but the update ""is not compatible with this device"". Device is iPhone 5.

Righto, won't be using this app anymore.",1
Why calling shows loading before making a call ?? Also dark black background on a call is so bad - should be only with dark mode.,1
A bit hard to use,4
"Once upon a time a great app, it’s now almost impossible to upload/send a video of a few seconds.

Are they creating the need for paying for performance app?",2
"Obnoxious “review me” pop up has come up while I was typing a message and keyboard on screen covers the done button so I can’t get out of it, it’s just locked the app which now can’t be used. Hopefully leaving this review via the App Store fixes it",1
It would be lovely to receive WhatsApp notifications in the iWatch,5
One small problem... whenever I’m looking at stickers I am glitched out of the app. Please help!,4
This app allows me to chat with my friends family and enjoy it,5
Al my voice notes are lagging as they literally pause themselves a second after I hit play,3
This is wonderful how I can keep in touch with loved ones far over the seas!,5
Can we please request for Apple Watch support? Thanks. I’ve already rated 5 stars.,5
It’s really good but it doesn’t have any way to make different chats have different backgrounds. If you can add that that would be great thx👍🏼,4
"I am facing a problem with the Whatsapp app on my new iPhone XR. The app starts behaving finicky  in every few mins, the screen stops working and hangs up in between. This is very disturbing. Please help me fix this.",2
When you’re on the west coast of Australia and can WhatsApp family on the east coast so easily it is fantastic. Thanks,5
Used it on my Emirates flight with the free WiFi and it worked well.,5
The best thing I just discovered. What a way to chat and video connection too. Thanks,5
I don’t know why after all of the updates I still cannot read the message on the app right away and I have to reload and wait for ages for its to show up. Are there anyway I can get a tip how to improve this?,1
"Needs lot of improvements 

Ask if you like to know more",4
I can’t change the ringtone for calls.,4
"Been using for few tears now, local and internationally.

Great program",5
Finding what’s app is excellent to communicate to friends and family all around the world !!,5
Wonderful application for Christian photographs & helpful phone calls at non expensive  costs.,5
Hi it would be nice if there is conference call or group calling function available,5
Desktop or web whatapp keeps disconnecting even though phone always has active internet connection. Desktop or web WhatsApp must operate independently once it has been verified from phone like Telegram does.,1
Idk what happened to the notifications on iPhone. It just says message on it. Not the name of the person idk what’s wrong. After the update it just happened itself. How do I get the persons name back? If not the message preview at least the name should be there,1
So wonderful to be able to speak to my son whilst he is overseas for free.,5
"Hate the way notifications appear after the last update. 
I select to not show the preview of the message. But now I can’t even see who the message was from, or from what chat group. Very annoying. Please fix.",1
Good app used it for a long time. Only thing that I would like to see in the future is passcode protection as an option.,4
It takes a lot of time just to get something delivered. My last message took almost an hour.,3
"How to re download the iocn of whatsapp? On my app when write down the WHATSAPP theres no icon.
Thanks
Lyn",5
Works great. I switched from Skype as it was driving me nuts. Absolutely needs an iPad version though!!,4
"I have had a really good experience with WhatsApp! Most of my family is overseas, so it's really helpful to keep in touch!",4
"Speaking with my daughter in Germany and first time I have used it, yet connection is very spasmodic. Thought it would be a lot better.",4
"I need Meta Ai but no matter what I do its not showing up on my account, I have a iPhone 16 pro max and Meta Ai is available in my country so I don’t know why my account doesn’t have this feature. I even tried messaging WhatsApp help which didn’t help.",1
Over the past 2-3 months bulk images and videos are showing up blank. I have deleted and reinstalled the app and it still isn’t resolved.,1
I have what’s up to be reliable and trustworthy/ they have earned my respect . Thank you for doing your job well . Regards p j rose,4
I think company is not interested in supporting users. Just their own stubborn behaviours.,3
I’m using iphone14 pro max and my WhatsApp chat wallpaper has changed automatically twice in the last two months and I feel like I’m being watched or hacked.,1
Never had an issue with WhatsApp. Brilliant. It has been a life saver for me.,5
Regardless of any settings chosen.,5
Very good audio quality,5
"PLEASE MAKE US ABLE TO HIDE PEOPLE’S PROFILE PICTURE. Some people use inappropriate ones, but I can’t block them- I HAVE TO communicate with them. Please make it possible to hide or edit the profile photo",2
We need restricted account option like messenger,4
"Every so often, my WhatsApp logs out and I’m forced to re set up my account. It’s constantly asking me to restore. How do I stop this occurring?",3
"Hey team
What I noticed from a long time that when we upload status videos on app the quality of the video was very low everytime.
Pls fix that issue",1
I love this app but it can add accessibility to safari and sending videos from Yt,5
Can there be a section in the WhatsApp setting so you can change chat bubble colour? Everybody wants that!,3
Would be good to be able to have set up on more than one device and not only via mobile number to one device.,2
"As some troubles have been accrued for many users, more safe environment required.",5
"Hi, I would like to report a bug.

Whenever I open the app and send a stiker, the app closes and I need to open it again",3
It's really disappointing to compel users to agree to share privacy info so you can make money. moving to Signal now. Recommend all you to do so..,2
"This app was purchased by Facebook initially guaranteeing the user base that the “encrypted chat data” would not be shared with its new owners. Over the years WhatsApp has lost its ability to be a true privacy focused cross platform messaging service.

It’s a really pity but I guess RIP WhatsApp.",1
"Like in any other messaging app (Messenger, Viber, etc) Whatsapp is missing a Like button to like a message or give it a heart, sad face, angry face, etc.

If this app is owned by Facebook then it should have that special function to Like a message.",1
What apps does everything I want it to do very well.,5
There is no bluetooth airpods option on videocall after update new version of whatsapp recently.. please fix it,3
"First time user, not that tech savvy 😳 but very easy to use and have only just started with it 👍👍🍻",5
The new update was awesome but it crashes when you open,5
It’s ok but WhatsApp should have more types of stickers. And also there should be something like direct messaging,4
Badge notifications not working correctly on ios 12 since the last update,2
"Apps isn’t t bad but it’s fairly annoying that even when I mute or lower the volume of your phone, late night messages wake the entire house hold up from receiving messages",2
Whats App is great at keeping you connected - either in groups or individually.,5
Been a great way to stay in contact with our children overseas without a horrendous price tag.,4
"With the IOS 12 I’m barely able to make any phone calls, receive, make video calls or receive them. Also I’m not able to send any audio message.

I love the app but it’s impossible to use it.",2
Very easy to use and best chat available,5
I reinstalled whatsapp due to a bug where I couldn’t receive messages and now it won’t let me log in. The app would just close each time I try to enter in my number. Please help,2
Bad user interface...,5
It doesn’t load the messages until I open the App,4
It is an excellent service and it works very well.,5
I don’t like this new update about stories that it is like instagram and facebook old version was the best and now how stories are shown I don’t like it it is so annoying before was much better,1
"Love the app, hate the updated green colour scheme. At least give me the option to change it in settings…",3
Great development for community group with enhanced privacy measure,5
Bye,5
Love it Super fast communication and sends video and pics with ease,5
"After Update WhatsApp is Not working on A Data connection when I open a cellular data WhatsApp immediately Crash please fix this issue on IOS 12 
Thanks WhatsApp",1
Provisions on status where to post audio music,5
"WhatsApp has lost all my contacts after reinstall because it failed to run with video call.
WhatsApp is a dangerous app which requires backup or it may lose everything permanently",1
"Switch for ‘save to camera roll’ is off. Still find all of those pics sent/received in my photo library.
Really, why have a setting if it’s not going to do anything?",1
I generally love using what’s app but find that the password protection works randomly.,4
Hi! Love this app but my experience would be better if I was allowed to choose colours for certain people. Thanks,4
"2 update versions already and i still cannot get the notification even i open notification of the app.
🤦‍♀️🤦‍♀️🤦‍♀️ feeling disappointed with whatsapp",1
Hi team can you please fix my issue not able to log into my watsup account i have reinstalled and trying to login with my number it says watsup currently unavailable please try again,1
Change archiving back to how it used to work. It now does not bring messages to the Main list if they have been archived in the past,1
Great app but would like to have an option to like messages,4
Usual trash from the cyborg that brought you Facebook trying to control your lives,4
Loved WhatsApp but last update crashes the app and close by it self can you please fix it,3
I can chat to all my friends without worrying if they have an apple device! Great!,5
"With  5 children overseas and 7 grandees “What ‘s App is a fantastic resource for those of us in the remotest capital,Perth, in the world regards and thanks Roly Bott",5
It lacks a dark mode,4
My young Grandson set me up a week ago and I now have a very enthusiastic 9 year old “pen pal”. It’s very interesting and I love it.,5
"Fast, Easy and Effective",5
Going good after adding the video conferencing with 3 ppl now...,5
Love being able to chat without it going out to everybody😜,4
"I wish the groups could allow more people 
But this is an excellent platform
Great app!",5
And the contact list this update is frustrating without all the features,2
What a drag. I have to click every message to see the send when I receive a notification. Can you address this???,2
It’s great to keep in contact with friends and family traveling overseas. To know their safe and well. For peace of mind. It’s a great app.,5
Used across the world but slow uptake in Australia!!,5
"The fact that you need to constantly track us “private” needs to be removed from your statement above. There’s zero privacy, you track our every move. Lame!",1
I don’t think we will ever be able to send images in actual HD quality. Pretty sad to see WhatsApp is still not there. We don’t need a Meta AI chat bot but to be able to share memories with loved one clearly.,1
I had WhatsApp on widget for years but today after updating the software it disappeared from widget and there was no way to add it back as it doesn’t appear in widget drop down list.,1
"Apparently, these days I cannot hear any sound if I open any status of my contacts",2
"Ever since Meta (Facebook) took this over, it’s “controls” are annoying. Limited forwarding options is just one. If it wasn’t for so many users, I would have abandoned this garbage a long time ago.",1
Why I can’t open my WhatsApp today can you hefp me open again please thanks very much,3
"Hi Team 
Please fix the bug not able to delete the whatsapp status in this latest update .",2
Stetus search option not available please check,2
Useful for staying in touch with overseas friends and for organising group chats.,5
Recently new contacts take long to refresh and have to close whatsapp and then open again.,1
After updating my whatsapp has been crashing again and again fix the bugs and problems,1
I enjoy using what’s app very easy to use Thank you,5
"In comparison to other social medias, even looking at the high demand due to COVID-19 the app is clear and stable. Also my data is proteced.",5
Here I wanna say just found so many romance scams which they are not even from your country but they can  use your country’s phone numbers to log in WhatsApp and start Bitcoin frauds. So I hope whatsapp can focus on developing the anti- scam function.,1
Since the changed privacy and tracking policy I now constantly get people texting me who I don’t even know. I don’t know how they keep getting my phone number but it’s very worrying and I want it to stop.,1
"Why big company thinking they owned everyone and their data?
Why you should keep the rights to pass out data to Facebook or whoever you like?
Isn’t this a crime?
Maximum you will say you cannot use our platform, it’s exactly like dictatorship approach.",1
WhatsApp crashes every time I open. Can’t even get past launch screen. Please fix ASAP,4
"After the new update, app is playing funny, saving videos and photos even i have  disabled and not going my voice clearly and voice quality i zero now",1
I think this is a beautiful app! It’s secure and it has everything :) Good job with this one,5
"I dislike this dark mode with a passion, nothing goes well together and the colour scheme is horrible.
Usually I would prefer dark mode but I cannot ignore how much this hurts my eyes.
I suggest releasing a version where we can chose light mode and toggle between the two.",1
"I would be lost without WhatsApp, my business depends on it daily.

Nobody likes email, it’s dated,  cumbersome and implies a necessity for formalities. 

What’sApp is everything else, fresh, fast and is accepted as more or an ongoing conversation and not a rigid start and stop memorandum.

It’s never let me down. 5 Stars",5
It’s interface is aesthetic and it’s easy to record audio.,5
Perfect way to communicate when tracking someone @ sea. Very clear reception.,5
"The app was running really well on my iPhone 11 Pro until the latest update  . All other apps are working fine except
Whatsapp unable to connect to WiFi.",1
please change online status thing ty i don’t like when i go on and people can see when i’m on but i don’t wanna text back thanks so much keep up the good work whatsapp good no online status please much apreeciate,5
Very high quality thank to dayi hassan for the share. Thank you Connor🇦🇫.,5
"Very disappointed, for some reason my WhatsApp disappeared from my phone overnight and with it went 3 years of treasured photos from my daughter. The photos weren’t backed up unfortunately and I can’t seem to get help. They must be somewhere!!! Any assistance appreciated!!",1
"Love it easy to use , easy setup , and i can talk to all my friends who don't have messenger 😂😂👌🏽",5
Great app. And yes you can use this app overseas and it won’t cost you anything. This app uses internet.,5
Very good way to keep in touch,5
"It’s the only app I have that doesn’t comply with Apple’s do not disturb mode. Meaning if someone calls or texts you at midnight (not on favorites), it wakes you. I wrote to support and never got a response. A very frustrating bug.",2
Fab. Helps me keep in contact with family where ever whenever.,5
"I loved this app staying in contact with my mum and sisters in the UK but now my mum said she got kicked off and can’t use it, what’s up whatApp??",4
I am loving whatsapp!’ I wasn’t to sure of it at first. But I know have it and absolutely love it!!,5
Definitely a mint app and i love it. The whatsapp calls could be a bit better though.,4
A great way to stay in contact with friends who live overseas!,5
Audio message crashes the app when one tries to play it. The issue happened on multiple audio messages.,2
"I have downloaded the latest Vission of WhatsApp but to my surprise it has limit forward chat to 20 only... 
Is that a bug or the the limitation that new update come with ?",2
Always there to provide “frames” for those special events.,5
Video call quality not very gud,5
I feel confident using this app. The more I use it the better it is,5
"Since the last update, I can no longer see who the message is from in the notification. 
Turning ‘preview’ on in the settings displays the name & message content.  That’s not solving the issue.",1
I find this app really easy and never faulted when talking or to do can to cam. +++++,5
"Hello WhatsApp, I’m using from long ago I never got any kind of problem but now I’m facing worst problems my calls are getting rejected automatically when my device is locked and when I’m in video call rejects several times.",1
Over the last 14 hours the settings > battery report is suggesting whatsapp has consumed 49% of battery resources representing 1.6 hours on screen time and 10 minutes background. Please fix this issue ASAP. It’s killing my battery life.,1
Thank you for the incredible privacy policy .!!!,5
when somebody sending me a Photos more than 2 or 3 I can’t see the pets straightaway getting interrupted and i only can see white file  and message that can’t view this file,1
We have been hacked by this account even though we never had it? I recommend be careful and cautious and keeping as far away as possible!!!!,2
"WhatsApp has revolutionised life in my village. We are living with the future, truly glorious moments.",5
"Just when I thought WhatsApp got better with privacy it forced me to update so that he can implement its AI search function. 

Meta doesn’t want to be behind the AI race it forces me to update and collect more info through its AI search.",1
Easy to follow clear instructions,5
New update has changed notification bubbles green with no option to change them back. Looks horrible.,1
Love what’s app always reliable and safe,5
"My WhatsApp notifications are not shoes despite on switching them on in all settings. 
Seems just not be working. How do I resolve?",2
You’d think a messaging app would be good at sending photos. Made it unnecessarily difficult. Had to uninstall and re-install to make it work. Annoying!,1
I change my phone when I was doing the update of WhatsApp just update until 2018 I lost everything,2
They change the interface color to green and black but does not have any option to change it back to blue,1
a very helpful way of communication 🥰🥰🥰🙏🏻🙏🏻🙏🏻 thank you so much and God bless Whatsapp and the lovely TEAM🥰,5
Very easy to use and quick,5
I use to love WhatsApp but now it crashes multiple times a day losing messages I’m writing and voice recordings I’m making. Uninstalled and reinstalled and still crashing,1
Easy to use with various groups of friends. Great app,5
I mean it’s good and all but I would like it better. 😊😊😊😊😊😊😊😊,5
Lasio has a gun to my head. Thank u for the app in which I get to speak to Lasio everyday,5
when i updated latest version after that when i opened app then app connect with internet but when i closed the app its automatically disconnect from internet.,1
super easy to sign up.                                              very simple to add friends and family           And super easy to operate and use               best for kids,4
Please add one feature like who’s gonna seeing your what’s app profile and picture,3
I don’t like that you guys have added messenger interface in WhatsApp for video call. Poor framework update. Video call is always blur even if I am at highest speed. Can’t get worse than this.,1
"Love WhatsApp, could only make it better if it were available on Apple Watch.",4
"I love this platform so I can connecting with my love one ,talk & share everything here 😘😘😘",5
It is a great way to stay in touch and organise group work or projects.,5
It is not secure. I am pestered by all sort of numbers from overseas. Where do they get my number???,5
I love how u can call and text whenever u want. As well as discover new friends!,5
I love Whatsapp! It’s so good and very convenient. To make it five stars would be if it had filters of the camera!,4
After the new IOS update WhatsApp is no longer accessing the photos on your gallery which is really annoying if you want to share some pics,2
Absolutely excellent keeps me in touch with my family on the other side of the world 😉,5
Nice app I can text my friends and update my status thx for making it it’s real nice.,5
"Whatsapp wants access to all Contacts on my phone, else you cannot add people.  
For privacy, I don’t want Whatsapp unfettered access to all the contacts in my phone.  Please make this optional.",2
Great app on the iPhone but we need it available on the Apple Watch to complete the experience!,4
"Great app thanks 
YET hoping and praying its highly SECURE and that NO ONE can access my text chats. 
PLEASE reply/explain.
Cheers",5
"After the latest update, i can no longer download pictures, videos etc. without wifi. Used to only ever use mobile data.. 
Yes I checked the settings, even deleted and reinstalled the app...
Please fix!",1
highly recommend.. very easy to use,5
WhatsApp is nice and reliable but there’s too much spam that comes with  it.,4
This app is great but this version has a flaw every time I try to send my photos with a comment. By the time I get to the 6 fro or so the app stops completely,3
"Why are we forced to update all the time.
It won’t work otherwise.

Why can’t we use the old version
It’s frustrating that Whatapps wants to control what version we are using.

Please stop forcing us
Thank you",4
"Please stop doing updates. It’s not needed. 

Old saying, if it ain’t broken don’t try and fix it.",3
"I have using iphone 13 mini, create lags in keyboard while typing
Not optimised for iphone 13 mini",3
I’m only using this app because I only use it for work. If it wasn’t for that I wouldn’t be using it all because it is been used by scammers as well. Who to try and call with a particular scam so they can scam you if they can.,1
WhatsApp is crashing on iphone asking for restart everytime,3
So WhatsApp is probably the free chat app more important at the moment,5
"Number 1 chat page used for scams
No surveillance penalty to those reported or any track work into preventing assailants reusing. Come- on you are used predominately and should have an obligation to your users to protect them. Will not be using anymore!",1
"I need a video from a chat and it has now deleted the video, this is disgusting and shouldn’t be done. I need these videos for assignments and it’s ridiculous that it just gets deleted like that",1
"I love this app so much 
It has revolutionised my texting experience!",5
"It’s been 2 days since I am not be able to open my Whatsapp. Every time I open it closes immediately.
Why there haven’t come any update resolving this issue??",1
Adding emojis to individual messages would be great! Thank you.,5
I can text my friends about beans and how you should DEFINITELY by beans next time your go shopping 4 stars,4
Whenever l turn off my phone l don’t get notifications from people then when l open the app it says connecting for two seconds then the messages load,1
Their seems to be a bug on WhatsApp or something i cant seem to post anything on my status it just says sending but wont post a thing please fix this issue,1
Keep getting random messages from people. I’ve only just changed to a new number and already getting them. Where is the privacy??,1
What’s App is a great way to send and receive info and share media to and from individuals and groups. Lots of good features.,4
this is better than messages witch is what apple gives u to message whats app is wayyyyyyyyyyyyyy better would recommend,5
"It is time now to stop notifying people when you leave the groups, this is the most annoying thing with this app, a total lack of privacy and disrespect with users.",1
I’ve been using this app since I began a new relationship and it’s been so much fun!,5
There are times when we could send messages to multiple people/groups. Then they’ve reduced it to 5 people/groups. Now it has been brought down to 1.  I’m feeling more comfortable these days using wechat and telegram. Might delete WhatsApp,1
"A wonderful way of communicating via messages, pics, and talk. Thanks!",5
this is the best app for texting use this app :) (u don’t have to use this app if u don’t want to)..,5
I am using WhatsApp from past 5-6 years. But today I am not able to put status on my WhatsApp.....,3
"Should have an option to disable video calls.
But keep normal call feature 
And have that as separate option to disable if want too.",1
New update doesn’t allow me to change my profile picture or upload status,2
"So far it is a great app but I miss the little circle for temperature is missing. 
Please add.",5
"I m fully enjoying wonder of the world, & I m not ready to even sea, any other social  midi ya",5
Thanks for the what’s up telecommunication in bringing me and the humanity closer and close. Achieving great success and wools suggest further develop ment. Falah.,5
"My most used app, very user friendly and reliable 👍",5
"I really enjoy this app.
I controlled myself not to be addicted.
The only thing that it lacks is:
large attachments sending.
Example: a small song or video.
Other than that it is excellent.

Hope to get a feedback for my message.

Thanks and Regards.

Raouf Elkholy",5
Im loving this app because it connevts me from my loved ones abroad. It is Convenient to use.,5
Much better than ordinary texting,5
It’s a great app to have keeps me in touch with my overseas friends,5
Seriously ….what an idiot,5
"Great platform, seems to work better thanother",5
Facebook is the evilest of all the big onlien companies. Why people insist on using their platforms is beyond me. I hate them and their apps but because others use them I have to as well. 0 stars if it was possible.,1
"Everytime the WhatsApp gets updated, there is something or the other glitch comes with it. How can you get your updates so wrong?",1
I recently upgraded my IOS version to ios 17.3.1 and whatsapp started auto closing making it unusable. It is very annoying to see such experience from renowned app like WhatsApp,1
WhatsApp should close/off the channels,5
Why would you need to use my location when not open apart from tracking me without my permission?,1
It’s usual purpose is communications but goes far and beyond with interconnects and third party interference.,5
Could not have survived overseas trip without it.,5
Have only just joined this app and am so far very satisfied with the service  😊,4
"Hi Whatsapp team, Please enable a feature to correct typo errors in messaged and search by a keyword in chats. Thanks Gracy-2021",4
Computer link stopped working once I did the update,2
Ultimate privacy is essential and appreciated.. thank you ..,5
All good stuff sent as we can all understand and enjoy,5
I find WhatsApp an uncomplicated and inexpensive way to communicate with business and friend circles especially overseas.,4
You don’t need mobile data to message some one,5
"Looks like I can only do FaceTime with 7 other people, every time the 8th person comes in, it kicks me out.. it was ok before..
So now max 7 people only instead of 8.",3
"Recently my phone got factory reset, I did click on retrieve data but unfortunately my all messages, pictures and videos were deleted. I prefer on Instagram and messager at least nothing got deleted there 😒",1
This app is very good and i am using it for a long time without any issue. But recently i am unable to back up it. The backup just gets stuck and does not complete.,2
"The app slows me to send longer home movies to family and friends, thanks to What’s App",5
"Great... when it works. Be mindful that all your content might be lost one day (that’s all your memories from loved ones, which you’ll never get back). Whatsapp have a non existent support service, no one bothers to reply to emails / support requests.",1
I lost all chats & data and who knows for what readon my chats & data couldn’t be backed up ... so I lost important Work & family information.... so upseting! 😞😤,4
I wish it had live so you could go live just like instagram but overall a good app,4
Easiest and fastest way to send photos,5
I find this app great to keep in touch with close family and friends overseas.f,5
Great app for calling people and sending photos,5
"My son lives and works in the Maldives,so I find it so easy to talk and text him.",5
always fun to use. thank you coders.,5
"How do I delete update ( not done).
I do not want another step to access WhatsApp",4
"It’s time to remove Back button, isn’t it?",4
"Why You Developer Still keeps whatsapp unsecured, i mean FaceID Security, Fingerprinted Security..
Don’no why you company does such mistakes on issuing biometric security..",4
Love this application great way to get in touch to love ones with out paying a cent,5
Lovin every minute... can’t stop- won’t stop... such iz wots app.  Whats app iz life,5
I started receiving calls from strangers saying I called them. I looked it up and sometimes hackers steal your number from this app to mask their own number. Stopped happening as soon as I deleted the app. No longer trust this company.,1
Easy registration and easy to use,5
"Everytime I call someone, it keeps on failing and if by chance it gets connected then I can only hear them if I keep the call on speaker mode. Worst update till date",2
So good for calling anyone adding people Is so easy 5 starts,5
Can only use text messages. No phone voice calls or videos will work since November 2017. Hundreds of iPhone X users have reported this problem and are fed up.,2
App easy to use and I’m a 75 year old male. Well done and keep up the great work. Thanks,4
Reliable app,5
"Thanks. I feel “so loved” on a screen that is meant to create connection. New name would be Xtrasilent because you can remove people from groups, giving them superiority. That creates social unity, not.",1
Especially when I’m high,5
Sometimes status can’t here even there is volume in original,2
This app is addictive but life is not easy without it.,5
Very disappointed how WhatsApp doesn’t support Apple Watch !!! Not able to receive call notifications is really frustrating,1
Easy to use,5
"Remove View once feature from whatsapp as it can get really annoying and frustrating at times.📉
Rest is all good. 📈Thanks bye",1
I don’t want high resolution or anything else in this update. I don’t want my privacy compromised because of new privacy act. Now the only way to keep using WhatsApp is to update. I’m not at all happy with this arrangement,1
I chat with friends,5
It takes a long time to open and sometimes it doesn't open. The app has gotten worse since last year.,1
"Just downloaded the latest update today and whatsapp wont open. Ive gone through phone reboot etc but I am still greeted by the white screen of death.
Whats happened?!",1
"Audio messages doesnt work anymore , could not send them - says restart the phone if it keeps not working - really annoying 

iPhone 12",1
I can now chat to so many people I normally can’t who are international LOVE IT 😊 + the stickers r so cute ( # Sumikko),5
Changing name does not appear in your contacts’ or friends’ phone. Emailed support for help but they said they couldn’t do anything! Not impressed 😏. Looking to switch to a different messenger !,1
Helps me to b in contact wz the world in easy and simple way,5
"Please don’t mess with the app too much it’s perfect the way it is, I’ve actually stopped using messenger because WhatsApp is just too dam good to need it anymore.
So fast and efficient, it leaves messenger for dead.",1
WhatsApp added a new feature that allows you to join a call from a group call as long as it still continues.,1
Would love a poll feature on the app to easily organise group events,4
This is a great product but the fact Facebook owns it and uses all this data freaks me out. WhatsApp without Facebook would be a ⭐️⭐️⭐️⭐️⭐️ app.,3
"Post ios 14 update, unable to make voice / data calls though i am using same wifi network",2
I think instead of putting a phone number when you sign up they should give you a option of signing up with an email address.,1
This is amazing BUT can you add filters I wanna look like a potatoe and also add the pc version,5
Need an option to turn off dark mode rather than just being a system default!,1
I would love this app 5 way chat not just 4,5
"A great service, facilities and has never failed us!",5
Please have a cloud solution so we can have our messages on any device,4
I was a die hard fan of WhatsApp but new update has stuffed up the app limiting msg forwarding to only 5 contacts at once. Have to find another option👎,1
Amazing service,5
Couldn’t do without Whatsapp ... excluding one of my groups. I have muted the conversation but I continue to be notified regardless of the length of time I mute them for.,3
"Great service most of the time, though drop outs can be annoying.",4
Gif button. Why not + gif button instead of + images>gif. Doesn't make sense.,4
I use this app a fare bit but all my friends on here with Samsungs aren't receiving my texts but my dad with a Hawii is please fix this and even on iMessage or normal call it just goes strait to their voicemail or doesn't deliver please fix 🙏🙏🙏,2
The amount of things you can do on this is amazing! It's like snapchat meets iPhone capabilities.,5
Impossible to share location.... impossible to share position unless you enable stuff at your settings that drain your battery. Please downgrade this feature like it was before,1
"My wifi and my signal is strong but for some reason my messages take hours to send, please help",3
Whatsapp users are now worried about others monitoring personal msgs and misusing it using other hack apps.,3
Save family fro,5
This latest update status videos won’t hear you can watcth the status video bit you can’t hear the music or the sound of the video,1
It is basically impossible to hold the voice note button in the app. Really annoying,1
Just scroll down to Apple Store App page and see all the data they scrape from you. I don’t know how they get away with such a blatant lie.,2
"Hi whats app,

Can you please add a feature so that the creator of a group can change/limit the time when messages are exchanged? 

That way across the world people wont be disturbed at ungodly hours

Ta",5
So everyone I have talked to is complaining about it and it is also happening to me. Not getting the messages unless you open the app!,1
Videos I sent from other devices to WhatsApp they really make my videos blurry,2
I used this app daily however as the new group voice chat function is unable to be disabled its been a nightmare!!!!!,1
WhatsApp is great for keeping in contact with my friends overseas.,5
"Never had any problem since a few years, but now it’s been couple of days that the app keep crashing when I try to open it ??!!",1
Unfortunately you can only use this on your phone which is quite disappointing,2
Iranian users in Iran do not have access to their accounts. Iranian-based phone numbers living outside Iran do not have access to their accounts too! And this happened at the time of protests in Iran! What does it mean?,1
Can’t send more than one picture at a time…,3
I love this app but the only thing u guys could change is to add filters like Snapchat 👻,4
The app WhatsApp is cool but not the greatest it could be better but overall I think it deserves a 3 maybe a 4 (maybe),3
Your recent update for imac doesn’t work. Whatsapp doesn’t load and keeps saying it needs to update then nothing happens. So frustrating!,1
"I love this app great quality, fast efficient service. And great reception for video’s very Happy with what’s app.😁",5
"Well, we all knew it was coming when FB acquired whatspp. Why else would they? What would be the point of paying millions to let people message anonymously? Don’t believe the spin. Latest updates are just the first step. Signal ftw!",1
"When I post videos on my story, the sound does not sync with the video. It’s the same with many other people.",3
Thanks for this great app. Bringing close to family for free. Thanks to Whatsapp team,5
"Worst update ever, I’m part of so many groups and now can only forward to 1 group before having to do it again. It thought when they limited it to 5 groups it was bad, this is a horrible update.",1
"Hi ,

I m not sure if it’s same with all , since yesterday unable to make video calls and getting as call failed when ever we do video call .",2
Its so useful i am all ways able to talk to anyone anytime anywhere.👌😁,5
It is dope Ag and also it doesn’t cost money to send messages which is lit,5
I whatsapp my cousin all the time and I don’t need to pay for it.,5
"Being Tech generation user, it’s wonderful Tech Experience specially with smartphones iPhone XS.",5
25 min video could not send properly. It cut at 6 min.,5
Very handy especially for work group communications.,5
"It’s a default messaging app, reliable and easy to use",4
WhatsApp should improve by being able to log into the same account but on different phones. Other messenging services eg. fb messenger can do that. People have more than one phone in this day and age.,1
Great Ap. Could we please be able to add members even when not the group creator.,4
I use WhatsApp on a daily basis however can you revert back to the old notification on the lock screen.,3
"WhatsApp is a brilliant app that helps me keep in touch with my family and friends, and it’s FREE !",5
What’s wrong with the connection these days? I am on 4G and also at home wifi and it’s always blurry can’t hear the other side or lots of echos. Come on! Make this better not worst with every version!,1
I don’t like how the notifications doesn’t show up on my phone like normal messages,2
Updates done automatically will sometimes make the phone very hot only when using WhatsApp. If you have 13 pro max or older I would be careful,1
Happy with this app but at times the recurring is too frequent,5
"The new Whatsapp color scheme of black/green instead of traditional blue/red bubbles in terrible and annoying, please revert it back to blue/red color scheme or at least make the option to choose the preferred color scheme,",1
Encrypted bonus safe quick,5
"They state they update is “free of charge” but fail to mention that the data for the update will cost you. False claims.
Further more you are force it leave a minimum of 1 start or above rating and a nickname.",1
Unable to send photos directly from album or after taking screenshot after yesterday’s app update. Please fix this bug.,1
Not receiving calls and I don’t get notified for any messages or calls unless I open the app. All notifications are one and everything .,1
"I just got my account suspended for trying to make an appointment to speak with a homeopathic doctor for treatment for a serious PTSD condition. I guess homeopathy is in the meta group algorithm of hate speech or mis information. Hilarious, your censorship is obvious and laughable.",1
New update has broken my iphone camera wont record or even start both on front or rear camera mode in all apps including the native iphone camera app,1
Plz provide chat lock in WhatsApp for iOS,4
See above,5
"The new update keeps freezing constantly on my iPhone X, several other friends of mine have reported the same issue, kindly fix this",1
Convenient no bugs,5
"Hi there 
I think whatsapp is a very good app to use and it is very fun. I like it a lot",5
Great. But we really need an EDIT BUTTON .,5
"I can’t see messages, there’s the banner and notification but no message. It’s inconvenient if one person updates but others don’t. The App becomes unusable",1
Very easy to use and quick . Keep up the good work . Well done . 👍,5
I've used whatsapp for years. But now the privacy policy is changing (May 2021) and all of the data that I thought was private and encrypted will be shared with facebook. I'm moving elsewhere to messaging apps that don't undermine my privacy for profit.,1
We love using this app it’s the best way to send photos and videos all round great app,5
I have  enabled the sound for  calls but when someone ring me in what’s app I was not getting ring though the sound option is in enable mode.,2
Why choose that colour? At least give us an option of changing it,3
I connected with my daughter who was holidaying in Bali and it was terrific to get in touch and view her in the rice paddocks,5
"Photo and video quality could be increased. 
Badly needs a dark mode support.",4
This App is very reliable and trustworthy. I am happy to use this,5
Best Platform- Ease of Use and Efficient,5
so I was drinking some chai when whatsapp came and my chai was everywhere,5
It is just so good I don’t know why but it’s better,5
"Really good app, just a suggestion, if you could also have the app on Apple Watch.",4
"Daughter in Mexico, Me in Tasmania, Australia... Working Well For Text & Pics !!!!... Happy to Recommend To Other !",5
Good but we be awesome if I could have my phone and tablet going,5
"I updated WhatsApp this morning, the app now won’t open. I’ve contacted WhatsApp App Support and got a generic uninstall and reinstall message. I’ve done that and it still doesn’t open! Shame as it is my most used app!",1
I’ve used the app for organising lots of small group events,5
This is the best app ever. I chat with my friends all day long it’s got to be the best app ever created.,5
It’s tops!!!,5
"Facebook will defeat the purpose of end to end encryption buy selling your info anyway. Facebook is the beginning of the end of big data. They don’t care about you or your privacy , whatsapp == Facebook",1
User friendly media assisting beloved once to keep connected ....,4
"Keep making it better, the phone quality 🙂👍",4
"Works well, easy to use.",5
I would love to be able to appear offline to individuals without blocking them.,3
Since update my contacts aren’t linking to my address book. See the persons phone number as display name.,3
"As i go to drop some video in my whatsapp group as i start recording the video on my whatsapp it didnt play background sound.
Its terrible i have to record video in my camera app then inhave to attach on whatsapp",1
Whatsapp is the best app I can call anyone,5
Getting same issue with this version also notification not coming through. Please have look and try to fix this ASAP.,1
"Ever since I was forced to do the latest update I’ve had nothing but issues…. 
Crashing, ap won’t open, messages taking forever to send.",1
This is a very good app for texting my friends,5
"All good , while to get used to it , up and running smooth now , Good",4
"I understand you supposed to back up your chats. But for unfortunate reasoning if something is deleted and you couldn’t back up your chats, there should be a way to sort it out.",1
"Terrible app. I keep getting banned and haven’t even done anything, only messaged my friends a couple times and I don’t even use it often",1
Status songs mixes a lot can’t see status properly,2
Video is keep freezing and voice also not clear,2
After the update of ios 15.5 . I couldn’t able to  use WhatsApp while in wifi..,1
It started crashing when opening a image . When on call if I go to messages it crashes. Needs fixing,1
"When I was signing up by using my mobile number, it said my mobile number was banned from using WhatsApp?",1
This is a really good app but I have to keep denying my account because people get into it,3
Hello Day I saw your message and calls just arrived home Day talk to me now,5
Super fast and efficient and easy to use.,5
"Fabulous, efficient, fast, perfected.
More than happy, we use WhatsApp
constantly with pride, pleasure, confidence.
THANK YOU WHATSAPP, YOUR A SAVIOUR.",5
"Hello Team,

Can you please introduce “Mute Keyword” option in WhatsApp too similar to twitter? 

So that we can avoid all the unsolicited information we would receive through many means of contacts and groups we are part of !!

Hopefully, you bring out this feature asap and help users in avoiding irrelevant messages :)",3
Sometimes video lags,5
I don’t like using it as much as Messenger. Not as obvious if people have read etc.,4
The new upgrade is not good.  We have lost the feature to delete or forward pic/ video when it is open. We have to go back to main message to forward or delete the video.,1
Can’t send more than 5 people,5
So convenient and user friendly,5
"Brilliant app and so easy to use . 
Able to connect to any country.
It deserves the 5 ⭐️⭐️⭐️⭐️⭐️ ratting .",5
WhatsApp banned my number for no reason and no one is answering my emails appreciate if anyone one can answer my emails..I’ve been using WhatsApp since 2010 but now I regret using it if this is how they treat there customers,1
"Very clear and crisp, keep it up!!!",5
5 + 5 star,5
Its the only thing missing in the chat group forum,4
Why is my volume of whatsApp is too low. I just bought iPhone 16 pro but I can’t hardly hear my voice messages. Please fix this. It is so frustrating.,1
"The new update has prevented Whatsapp from working on iOS 12 devices, please fix as soon as possible!!!",2
"This new update seems to be too slow, can you please fix that",2
Great app.,5
It’s works like it’s meant too,5
"Excellent, top  quality ,10/ 10",5
"Please include what app in Apple Watch, cos sometimes we missed an important appointment.",4
The user interface of the sticker session is terrible. I can’t find my stickers. I click on the tiny sticker pack icon and it doesn’t guide me to that pack but go to some random saved stickers.,1
Bad aap  my gf always block me  on WhatsApp first please delete blocked option,4
Everything is fine but giving only two stars for status quality decrease… if you can work on it I would love to give 5 stars 😣,1
Soon as I got in I realised I didn’t want to put in my phone number bc hackers.. Maybe take that away?,3
I tried restoring my chats from back up and didn’t work so i have lost everything and when i asked for help from watsapp they said they couldn’t help,1
I have changed the auto download settings to never but it keeps resetting to default every time the app is closed and relaunched. Please look into it!,1
Great video call and chat ability.,5
The app only works when it’s open but if not I don’t receive any notification,1
I can’t hear the voice from  people’s video status,2
"I will totally recommend this app to my friend. Easy to use, and multifunctional, satisfied every need for my daily chats.",4
"Since the day i updated to ios 14, everytime i try to open whatsapp, it crashed.",3
"I lost more than 4 years worth of media after recovering from my iCloud backup. I used to believe whatsapp was the best but after this, I no longer want to use whatsapp",1
The last seen function has been disabled in the app and doesn’t allow me to change it back. Can you please have this fixed.,1
"Improvement 

Love the app, works very well for all its uses. The only thing I wish it could have is built in translation.   Keep up the good work guys",2
Quite easy to download. Universal in operating..,5
"WhatsApp is amazing, fun simple and amazing again. Can’t thank it enough for existing",5
"Used to really enjoy this app.
Over the last months, it now can take ages to deliver simple text messages (eg up to 3 hours).  Not very helpful if trying to make plans with someone!
Wouldn’t recommend sorry.",1
Love this app easy to use,5
Live video with views and more filters,5
"Quite a while the talking feature isn’t functioning. I hear the other end’s voice but the other end person cannot hear anything. This is iPhone 6. Developer, please fix this !",1
"Hi there, I’m a Nextcloud user. Rather than backup my chats to iCloud, I’d backup to my Nextcloud. It will be awesome if this will be in the development road map! Thanks in advanced! Cheers! Yours faithfully.",4
"Love WhatsApp, best message system for any phone",5
It’s asking for my payment method and when I put it it said the payment method is already added I can’t update it better to give up,1
Great for keeping in touch with people overseas,5
My contacts sync is not working. All chats just show their numbers rather than their name as saved in my contacts,1
I downloaded the app and signed up using my number. I didn’t even get to use the app and I’ve now been blocked never entered any chats or used the app. Absolutely ridiculous.,1
"Easy to add, use and check👍👍👍👍👍",5
"Give us a option to hide channels, it’s annoying and reason why I quit Facebook. Too much unnecessary stuff",2
"The software is so-so in other words, the people here should not be very bad to post some offensive comments and bad comments
I'm getting life attacks and threats and I'm gonna find me and threaten my family….",1
"Please fix the proximity sensor issue on iphone 14 pro, it does not turn the screen off when we listen to voice messages or call... very disappointing.",1
On god better than Imessage,5
"The app needs the function to EDIT texts that have been sent, like most other similar apps have today . Get it done please.",2
I am disappointed that the latest software would not update on my Apple iPhone ! I can’t use what’s app messenger and other apps! I have to upgrade to a new phone now !! It’s only Apple that wins !!,1
WhatsApp is getting downloaded on iPhone but unable to open it,2
"Totally unusable as periodically I get notifications of new messages but it will not reveal them for several weeks! How hopeless is that? And yes it’s updated constantly, so find something else to use. Deserves a minus 5 stars!!",1
It’s almost impossible to hear the voice from the other side even with the hi speed internet,1
"Whatspp has been focing us to use their dissapointing multi-device beta. This is okay if their beta is perfect. The fact it, their beta is lame and full of problems. I’m giving whatsapp a one star.",1
Waiting for the whatsapp dark mode features🔥,5
I love the App on iPhone but really annoying that I can’t see messages or answer WhatsApp calls on my Apple Watch,2
"When I go to another app the group call stops, this happens with my other friends too please fix thank you",1
Turn off notifications and app opens every time with a notification that ived turned off notifications.,1
"I was unable to open status, after clicking on status total app is freezing",1
"Now that the privacy policy has changed which allows all the data to be accessed by Facebook, I’m leaving WhatsApp and will not use it anymore. I have many other friends doing the same.",1
Asking users to agree to let owner Facebook Inc and its subsidiaries collect user data including their phone number and location.,1
After the new update I can’t share my pictures or anything to individuals or groups in WhatsApp. The option which was showing up before the update has disappeared. Need new bugs fixes???,1
From last one month WhatsApp is getting crashed multiple times and whenever i am trying to play voice note then also app crash is there.,1
Highly recommended 👍,5
Thanks for you help iCloud you were fantastic,5
Pop up the warning thousand times a day to ask me update. And then I can’t login the Apple ID. The Whatsapp updated and Apple ID warning take turn to pop up. What a disaster. There’s some users just unable to update🤦🏻‍♀️,1
"I have given feedback several times.
On iPhone apps there is no facilities to sign out all other browser.
My messages, pics n videos are under observation of someone jobless since loooong time.
Please update and do needful ASAP 
Thanks",1
Love this app - use it overseas with no hassles. Can you please make it available on the Apple Watch!!,5
First time user- was fantastic and so clear Thanks,5
This app does what it is supposed to and does it well,5
Can’t make calls,5
I find Whats app is a very helpful app to share photos and keep in touch with family interstate & overseas.,4
"The activities of individuals are never private especially, to a perceived love interest who seems to check on the other’s last viewed time.

WeChat is better!",2
Is there this same app from the same people for my iPad.  Want to make sure they link on all of my devices,3
Add More Face Filters Please,5
Last used emoticons not updating,2
Excellent,5
I cannot login my 2 nd account,5
It’s a great working app and user friendly.,5
"Why are we being forced to update. It’s not our choice anymore. WhatsApp is controlling us and dictating that we should update, overriding our general settings",1
Channel option is annoying,1
"It’s almost 2024 and this app is still cropping videos 5-10 minutes in length to half the length so they are smaller size.  Fix your server capacity and let us share freely. 

Cheers.",1
WhatsApp recently updated and I no longer have access. I look for it in the update list in the App Store but there is no sign of an update?,1
I love how it connects to my contact on my phone.,5
Cannot search and no keyboard popped up when trying to add participant in an ongoing voice call,2
I recommend this app,5
"Hello team,

Please enable the option of sharing images through documents. It is easier to share the original resolution documents through whatsapp.
The said feature is not working
Please look into it
Thanks in advance",3
"Finally, deleted all my chats, now deactivating my account moving to signal. If people wanna contact me then move to signal, else idgaf.",1
I can view whatsapp story if it is photos only but i cant view when it comes to video. It would be blank and i can only hear the sound.. pls fix it as soon as possible,1
Why is it crashing all of a sudden?? Has worked perfectly for many years! Sort it out.,2
Hello. Whenever I want to play a downloaded video it doesn’t play whether online or offline. Please help!,3
"Forced me to update, however after the update it wouldn’t load and would crash every time I tried to go on the app. So I deleted and redownloaded and have lost everything. Awful really.",1
"Been using WhatsApp for decades. It’s stable, maintained its originality, and very reliable",5
Wowwww. Amazing. But add more stickers. Have you see WeChat? There are so many beautiful stickers! SO ADD MORE! I’m obsessed with stickers lolll,5
Great reliable app. Would be good if you could react to messages though!,4
The app has kept crashing whenever opening it on my iPhone 11 even after having the iOS updated to 13.4. Neither restarting the iPhone or re-installing the app didn’t help out. It is just a pain in the neck!!!,1
I love it because it enabled me and my friend to chat without using data!!!!!👊😛👍🤣😀,5
"I just updated my whatsapp today, and after that it does not load. So now i am stuck with my whatsapp which is not working. How do i recover now my important messages.",1
I enjoy this app very much .its become my habit .i can’t servive without this app,5
"I’ve been using whatsapp since 2011 I reckon. I love it, but I’d love it even more if it could allow me to prevent people from adding me to random groups.",3
"Dear Makers if whatsapp,

I tried to enable photos onto the app but nothing worked! I searched up a solution on the internet but their solution didn’t work either. If you could help me enable photos that would be great.

From Livie Robinson

Ps: great app it works so well for family overseas as well so thanks!!!",4
"Will WhatsApp release an app for iPod touch in the near future? Facebook’s Messenger app, and others’ have already provided such advantage for their customers.",3
"After today’s update, I cannot upload any pictures at all",2
Line cutting all the time while calling Africa,5
Disappearing messages that automatically gets wiped out from the system and the server. And also anonymous sender.,2
"What a great App! In Australia or overseas, WhatsApp enables us to stay in touch and to say it all! “Go WhatsApp!”",5
Perfect app for calls/video calls and texts .,5
Just missing the follow channel option that telegram has got.,4
Great easy to message,5
Sometimes the reception isn’t clear,4
"All of a sudden I lost all messages in one particular group. Restore from iCloud did not work at all.
Will appreciate if someone could get in touch with me to help me out
Thanks",1
Great app and easy to use. Street Guardian,5
I would like it if the whats app creators would add the ai that you can talk to on iPhones thx,4
"The green cursor, the hue of green in the messages, the green selection of text hurts my eyes.
It makes me feel dizzy because my brain is expecting the cursor to be black but being green my vision freaks out and feels like somethings wrong.",1
Arbitrary changes like making all screenshots into useless “stickers” that are too small to see. No option to turn it off .,1
"Whatsapp has a bug probably. 

If I get a message from a new contact and select create new contact to save the number it does not get saved.

Adding the number from whatsapp msg to existing contact does not work.

If I have saved the number on my phone and choose to whatsapp the contact instead of imsg I cannot see the individual on whatsapp",1
Please respect the privacy of your users. Just copy and paste how Telegram works. They allow user to save contact name without accessing the Contact Permission.,1
What an app to kill your valuable time 😃,5
Over the last 6 months there has been an explosion in spam messages. I used to use WhatsApp all the time but the spam has made it unusable. Pity,1
My WhatsApp is not opening even I have deleted all the groups and reinstalled the app still not working,1
This belongs to Facebook and they hide behind a concrete wall if something goes wrong or you get hacked they have absolutely no contact and treat you like dirt they would be the worst on the internet by far.,1
I can’t pin my fav chat how to do so?,5
My WhatsApp was hacked and now I’m banned. Support is aromatic messages and won’t read my messages to see I was hacked. How can I speak/email a real person to resolve this issue,1
Great app super easy to use and I suggest getting it for any one,5
I love it so much it’s just like Snapchat,5
"It would be a good idea?
Is there a way that you can see if your sent videos have been received?",2
Enjoying those WhatsApp chat everyday,5
The voice calls are very glitched. Not suitable for calling.,3
"Whatsapp Video Call.

For almost a week now, I'm noticing that when I'm on Whatsapp Video Call, the screen dims after a few minutes and screen completely go dark. Whats going on? I'm using an iPhone 12 Pro Max",1
"😀😋

Always does what it should- and does it well.",5
You are a magic entity and thank you,5
They’re setting limitations on the number forward or shared messages.,3
"I’ll take myself with integrity see who’s good to deal  this. I’ll take all with precious. Seek who is good to get on with. Likewise. I don’t tolerate silly nonsense. I like to be treated dignity and respect. All helps. Yours Sincerely, Paul Vonwiller",3
"Easy to use and keeping me in touch with my overseas daughter, son in law and grandkids. Excellent",5
"Since the recent update, when I send screenshots they are being sent blurry. When I look at the photo in my album it’s clear, so why are they blurry once sent?",1
"Excellent to talk to family that are over seas on a holiday, can FaceTime, the reception is great... does not cut out .. thankyou",5
"I am not sure why but whatsapp does not have the feature of silencing incoming calls and video calls on iPhones in the DND mode. Unless they roll out that feature, it would be 1/5 stars for me.",1
"What’s app is awesome , but seriously can you colab with google please and build in google translate into what’s app would be bonza",4
"Love the app,but sadly can’t get on Apple Watch",5
I love the speed of the messages,5
"Yes I am more than happy using what’s app, thank you so much indeed.",5
Truly connects you with the world wherever you are 👍🏼,5
Just did the new update on the app and now it doesn’t tell me who has messaged me. All I get is a notification that says ‘WhatsApp Message’ and that’s it. I’m hoping that’s an error that will be fixed quickly in a new update.,1
Thanks for everything,5
Nice easy to stay in touch with people overseas,5
It’s about time I can get it restored thank you,4
U pricks banned my account and ive literally sent less than 5 messages,3
I can’t send pic on my iPhone for some reason can u guy fix’s that,3
Why does this new HD feature send the same kinda quality of the pictures as the standard ones. Need to update the HD picture feature.,1
Very good to experience the What’s app. Please give me some money as I m very poor. Please,5
My WhatsApp keep giving me an issue about microphone other person on call can’t hear me even though microphone is one everything’s looks normal.,1
Pls help,2
It keeps telling me that it cannot send an sms to my phone. I’m doing everything right and have a good wifi connection. WhatsApp can you help at all?,1
"Cant we just have somewhere than at social media doesn’t exist?!

Please make an option to turn it off.",1
Great app my friends told me to use it  great way to keep in touch,4
Whenever I connect my AirPods during a WhatsApp call they hear a lot of breaking in the voice,1
Love WhatsApp for phone - would love it even more if a proper app existed for Pad,4
"Not properly compatible with iphone 13 pro. While calling, we have to tap multiple times to go on call screen",1
Need to update the app to view messages but somehow the app can still send me notifications. I don’t use it much anymore anyway so I will just delete the app,1
No one can hear me speak in a video call,4
"This app was the best messenger app, but now that it no longer cares about privacy and is about to sell our information to Facebook, I no longer recommend it.",1
"Disagree with privacy policy 2021, shifting to other messaging applications that provide better privacy with E2E encryption and no third party companies to access user's data and personal information.",1
Stopping while using... other than that everything is awesome,3
This app is great because it allows me to talk to my mummy when she is overseas thanks bye,5
"In relation to photos there is an option for:
- never
- read & write. 

Read and write means that all posted photos from others get into my photo album. 

Never means that WhatsApp can’t access my photos. 

Where the hell is the option for only read?

Crazy stuff. 😥",3
"It’s a great way to communicate with friends near & far 🤗
Thank you!",5
Quick easy way to keep in touch with a group of people.,4
Great app! Easy to use but would like to be able to search for GIf’s and stickers like in IMessage.,4
Hopeless reception at CDG airport. I was insane to rely on it. Luckily I fluked meeting up with my brother.  Also often poor quality ringing home from France. I had adequate wifi for internet use otherwise.,2
"Great Service ,Wi fi , Can cause a few problems !! Not a What’s App Issue . Cheers",5
Awesome service no complaints at all keep up the great work😊😊,5
It’s a good app just like messages and no internet required,5
Really convenient and easy to use,5
"When we want to send a video, there is no sound. Pls fix it.",3
"When one forwards an image with caption or comment, the caption is not forwarded. Please add the feature!",4
My WhatsApp keeps crashing and deletes messages since new update.,3
Unfortunately we use this app for work and it constantly gets spammed my 3rd party users. So many people have been hacked as well.  Would not Recommend!,1
I lost my all chats history and i didn’t got it back some of the chats are very important but still I didn’t got it back and I’m very very disappointed with it 😤😤😤,1
"Great for our group to call out for help and Suport

Great education",5
"For some reason it says my messages aren’t delivering and I’ve tried updating and my internet is good. It’s been like this for days, please fix it",1
We used to be able to copy paste images now it converts them to pictures and there is no way to stop this stupid behaviour,1
"Please solve this issue if someone has forgot WhatsApp back up on cloud to restore. 

WhatsApp should not say we cannot help. Key or password. One should be able to somehow recover. Find a way to authenticate and help the customer to restore.

Your losing credibility and bringing power back to customer 
Highly disappointed.",1
"Updated to the most recent update and it’s just crashing ever time I try to use it, it won’t even open up for me after the last update... PLEASE FIX THIS!",1
Great way of free communication all over the world,5
"Massage says may take a while. 
Contacted WhatsApp with no response. Tried all troubleshooting advice on WhatsApp website and still does not work",1
🥲🥲,2
Not a fan of this app as it sells my metadata. Trying to move all by chats to Signal which avoids this conflict but offers the same functionality for the purposes for which I use it,1
"Daily spam from random numbers, no way to stop it from happening. Alway a new number so blocking number is not an option.",1
"Did nothing. Still didn’t fix the problem.
Still delivering same info from the 22nd April. Try again",1
Not able to transfer my stuff back from Samsung when switched to iPhone,1
Why alwase jump out?!,5
"After I downloaded this app, I kept receiving spam phone calls and messages. So anyone want the spamming phone call and messages, then download this app!!! 🤬😩😡🤬🥵",1
New messages from archived contacts no longer notified,1
Amazing review great app to keep in contact with family members overseas.,5
It used to the great app but not anymore as WhatsApp can look in your all personal information and photos after you will agree to WhatsApp new policy.,1
What’s App - a great way to keep in contact with groups - love it!,5
After updating whatsapp recently before 2 days. Mic is not working in my headset. Its working perfect in audio but in video there is a mic problem . Non fixed my issue still yet its  been 3 days.,1
"After facebook acquire instagram and whatsapp, there’s so many bugs. App crashes occasionally and its kore often than before.",2
"Hi 
In my opinion it is alright it’s easy to use and makes access messages faster than the standard messages sms",3
It says the app is no longer shared with you and ask me to buy it. It does it even allow me to open it,1
When I placed a call to other person it would be going a double call and cannot cancel the call...which is so annoying please fix this sooner!!!,1
Thanks!,5
Couldn’t restore chat history even i have changed numerous time with different phones,1
I used to have cover and then this app termed out to be good!,5
I am using watsapp from last 8 years and it is a very good app,5
You can’t 3D touch your status anymore......the old version has this feature but this new one doesn’t.,2
Great for happy comments,5
"I am SO ENJOYING WhatsApp It’s AMAZING 
IVe got family in Spain at present and this makes it so easy to communicate 
THANK YOU",5
"I’m using iPhone 7, and after I upgraded my iOS to 12.1 I can’t seem to call on WhatsApp. The call screen doesn’t show up. It’s causing a lot of inconvenience, I hope whatsapp and fix this. Thanks.",1
there is a problem when I am video call using this app. No one can hear my voice. It is happen since I update my OS.,2
Great to communicate with friends and family.,4
I love this app but would love to have questions and poles like on instagram on the status. But I love this app.,4
Easy to use. No email address needed,5
"Hi Team,

After the latest update, WhatsApp notification is not showing name of the sender. It used to show message from and now it just says message.
Please fix it.",1
Very good communication system,5
I wish there could be a function that allows me to be a member of a group but be able to block individuals from that group so that I don’t receive their posts.,1
Enjoying it. Will increase my stars when gifs send in full resolution. Every gif I send becomes really blurred even when they’re HD 👎🏼,3
I got hacked few days ago. I keep email the customer service and tried to explain that i got hacked but they won’t help you to fix out the problem at all. NOT RECOMMEND THIS APP.,1
This recent update annoys me. If you add new “Features” at least give us the option to disable them. Whatsapp is good BECAUSE it is simple.,1
This app is perfect for overseas contact in short not bad,5
"Since the last update, my WhatsApp has been crashing. I cannot access my messages or backup.",1
"Horrible service! Trying to connect to my account overseas , my mobile data works well but they don’t send me any sms or call",1
"The application on iPhone takes 3 times the images, videos and chats 
I had 7GB of images and videos an few megas of chat yet the application is taking 21 GB !",1
The first thing that I like about watsapp e,5
Unable to use WhatsApp as unable to download new version,1
It’s an amazing app really easy to contact people overseas I love it😍😍,5
I don’t know how my and my best friends chat deleted I reinstalled my WhatsApp I get my others chat backup but I didn’t get my best friends chat back up please help me out I’m so worried about it’s,1
"Chat history is gone cant backup, cant even login as I’m stuck on restore screen. This app is a joke!!! Idk why so many people use this.",1
"Doesn’t work , tried many times to install and uninstall. Useless.",1
Its part of life very important and very convenient,5
After new update whenever i call some one its shows a msg calling on the screen before call its really annoying,1
Too many scam,3
WhatsApp & WhatsApp Business clash and cause restart each other,3
On call for both ends the call keeps cutting out so you don’t get to to hear what the other person is saying,1
Otherwise this was a good app. In process of switching to signal.,3
"Facebook owns WhatsApp.  On 8 Feb T&C update, facebook will start using all your private contact details etc from your whatsapp account.  Dump this app and use Signal.",1
Better then anything,5
"The new update is extremely disgusting and disappointing, the reason people used whatsapp more is now what was removed from the app",1
"Why whatsapp is always light years behind rest of the industry. I don’t wanna use whatsapp as flashlight, we have other options for it so please give us the dark mode.",1
"Great easy messaging and more. Hugely regret the newly imposed limit to a silly number for FORWARDING. Boring, very limiting, controlling. Revise please?",5
Love this app keeps me connected with my overseas relatives and friends!,5
There’s some issue with the chat icons jumping up & down while coming out of a chat box,2
"Love the app and use it everyday, but why is there no Apple Watch app for it?! If WeChat has one, why not WhatsApp?!",4
"Three things about whatsapp
1. Excellent
2. Excellent
and
3. Excellent",5
Would be great if it was compatible with the Apple Watch series,4
Whatsapp was working very good until I updated it. It always gets hanged when I try to scroll through group messages and I’m on an iPhone 7 Plus. Please get this bug fixed ASAP.,1
Well the weather outside is rizzy and the fire is so skibidi since I’ve gyat to go Ohio Ohio Ohio,5
"As above, work needs to be done on the voice component of this app.",3
It is a beautiful app and its privacy features are great. Recommend it for anyone for users.,5
"Tell me why I had to download this just to delete my facebook account. Biggest waste of my time. I’m not angry just disappointed, dont apologise just do better.",1
You cannot use Siri to send messages with WhatsApp completely stopped working after your update i’m very unhappy,1
I can speak to my granddad and nanny in England and there on the other side of the world!,5
Iphone doesn’t show best quality option in iphone after the update,1
Where would we be without WhatsApp??🌟🌟🌟🌟🌟🙏🙏🙏🤗🤗🤗❤️,5
Why this app doesn’t have any log out option?,2
"This’s so frustrating, I can’t post more than one story at the time it was fine before this stupid update please fix this",1
"Downloaded WhatsApp on iPhone .
Worked for a little now it says I cannot use my account . Had to submit for review .
Still cannot use the stupid app .
Worst app on the planet .",1
"Thanks for making a simple, useful and performant app.

I would love to see following features.
1. Poll/Voting feature in groups 
2. List feature in group 
3. Pin a message feature",4
The voice record so annoying,4
This update of whatsapp is so bad because when ur phone is closed u don’t receive any notification unless u open your whatsapp,1
With video calls I can hear every single background noise in perfect clarity but the microphone cuts in and out when the person I’m talking to speaks. Infuriating,1
"Hi, my whatsapp just being update yesterday. But today, the apps keep closing on my iphone 12. I cant opened in my phone. Could you please fix it?",1
The audio video doesn’t sync when I try to put next part of the video( after 30 secs). Fix it ASAP.,1
Smooth,5
Please enable app to be compatible with Apple Watch,5
Hello good app thank you soooo can you pay me 1500 dollars for this review please. Thank you,5
"Disagree with privacy policy 2021, shifting to other messaging applications that provide better privacy with E2E encryption and no third party companies to access user's data and personal information.",1
"With WhatsApp’s latest changes to terms of service, and the fact it’s owned by Facebook, I’m gladly kissing this app goodbye. I value privacy. I’m not for sale! (More people should do the same)",1
Why can’t we select custom tones on phone again?,4
What’s app keeps my family a family - Australia to Ireland - 💕,5
I believe this will be satisfactory a little bit early but What l have used and seen should be great,4
My contacts only display as numbers (not names). I am navigating my contact list by guessing from the profile picture. This bug is causing a lot of inconvenience- please investigate /: using iPhone 6,1
"Since the latest update, this app keeps on freezing and crashing! Could you guys stop releasing problematic updates and stuff everything up???!!!!",1
What’s app en ing it’s a great app Blakes good idea keeps us all in touch and holds the band together. Thanks  the Steele street boys,5
"The privacy is terrible, horrendous! This app was on the news saying you look through our calls and texts! You even activate the camera so u watch us now ha?! On your app u say this is secure well that’s a big no no 😡",1
Exelent but please bring back the bento box stickers or add new ones please,5
Brilliant way of keeping in touch. Just 100% pure excellent practicality,5
"Easy to use , quick , always working . Awesome app .",5
Why no app for the iPad? Very inconvenient that I need to carry both my iPad & iPhone to send a message.,4
After recent update I can’t access my phone contacts. I tried to enable in privacy settings but the app is not registering to access contacts.,1
"WhatsApp keeps me entertained, informed, and in touch with my extended family, and friends, in Brazil. Best thing ever!!!",5
"They are continually crashing the app for iPhone 6. I am having so much trouble using this. Such a waste of time. 
Can’t take voice or video calls. 
Video Calls sometimes end abruptly. 
Utterly shameless crashing.",1
"Many attempts to reconnect 
My Bank believes handing out credit card details. Is fraud as there has been attempts to withdraw large  money on one website",1
i would like to continue with whatsapp,5
When i use this app in i phone  thre is option ones wew photos send its not showing in my mobile,1
"Never fails, so good and helpful great service",5
It won’t let me make a group,3
"Useless app…just purchased a new phone. More than 200gb available on the device, 45gb available on the cloud and still WhatsApp refuses to restore chats…USELESS! I’m super annoyed. I hate this app.",1
Have sought support from Help desk on WhatsApp support without any response,2
"Latest update has completely broken the app in my iphone.
I now don’t receive any notifications of messages coming through to me.
Yes all my notifications are on & yes, I deleted & reinstalled the app.
Still doesn’t work!
Surely you troubleshoot these things before having them go live?
Whoever’s job that is should be fired!!",1
"Pictures received or saved via whatsapp appear twice in the photo gallery.. Pls fix, thanks",1
"I’ve been having trouble with my account and any customer service is obviously just a bot. They take ages to reply, if at all.",1
"Stop integration with phone app.
Allow blocking of all video and audio calls.
Allow blocking of anyone not in phone book by default.
Fix this steaming pile please.",1
Messages with audio won’t unmute.,3
I was invited and enjoy the privacy.,5
It is a safe and fun way to chat to your friends,5
"There is a watch app for messenger but not for Whatsapp, there really needs to be a watch app!.",4
"Hi I just wanted to say that I had some troubles with the mobile number so I’ve deleted could u plz make it that u can use without number? 

Thanks",2
It’s awesome but sometimes it doesn’t let us call properly,4
Ever since the last iOS update chats work fine on WhatsApp but audio video calls fail. Unable to hear the person called.,1
"Due to your lack of respect for people’s
Privacy and sharing of information with Facebook I will be moving to another platform like Signal or Telegram.",1
The app doesn't work since the last update on my iPhone with ios 14.1. I can open it the it won't stay open more than 2 sec before shutting down..,1
"As a means to text one another it’s adequate but voice calls are choppy and video is virtually non existent 
Delayed messages are normal on this platform 
Pretty poor overall",2
"Never fail when I ring overseas, excellent no complications",5
Love WhatsApp.... a save way to chat with those I cared for. Thank you for this app.,5
Please allow option to turn off dark mode for just the app itself. not inherit based on the overall phone display settings,1
It’s really fast and helpful really good,5
Cannot say anything wrong about Warsapp,5
So much about secure data transmission but a simple login password or Touch ID sign in is still missing??,3
Unable to send review,5
"When admin are being responsible for group activity then they should also have right to edit or delete messages. Police should not blame only on admin until they have proper rights.

Please add such feature to control messages.

Thanks 
Subodh",4
The latest update broke the “turn message preview off” which makes the name not even show either. Please fix this so the name is back but not the message content.,1
Please fix notification update. just shows message and doesn’t show the name of the person sending,1
It will be great if WhatsApp also support touch id lock for protection,4
A message service with no purpose,3
"Unable to connect.
Girlfriend is travelling overseas & this is the only form of communication (messaging & calls) we have as she doesn’t use social media like Facebook.
This needs to be fixed ASAP.",1
Firstly It is good to talk to family overseas and connect!!🥰🥳,5
Very easy to use and reliable. Love it!,5
Why is my keyboard sounds loud while my phone volume isn’t high? Can you fix this please?,2
🤲😽😽😺,5
Keeps me in touch with friend and cousin in Queensland…,5
"I dont know my voice wasap i cant hear anything.,and also i send voice cant get it",1
There should be a feature to delete blocked numbers without unblocking,1
All good most satisfying App I’ve used,5
You’ve broken CarPlay ability to reply to messages. Many threads available on the net if you search for them. Needs a fix.,1
Seeing the status one contact sound come to another contact sound two sound will raising,1
WhatsApp is not working right now. Any ideas as to why this is happening? Please tech support or advice would be greatly appreciated,1
"Trying to restore data to new phone , and it doesn't show any",1
Is a necessary tool for any smart phone on the planet .,5
When I’m on a call I cannot open any photos or videos I receive,1
"It was great until Facebook decided to steal your personal data, track everything you do, and then use it as a marketing manipulation tool.",1
The program restricted our freedoms in its last update,3
"Sharing live location is a handy feature, but not so much that I’d let an app track me everywhere I go. Insisting users enable the most intrusive location settings is poor form.",1
Works great! Good communication with my business partners overseas thanks to WhatsApp,5
Hi my WhatsApp keeps crashing every time I open it could you please fix this issue thank you have a great day,2
Just amazing,5
Whatsapp used to be the best...but you can only forward a joke to one person at a time now...hopeless!,2
When you add a profile pic on WhatsApp the photo quality automatically just decreases by a 100!!! Im surprised this still isn't fixed guys? Like cmon mate its 2020 already,1
It’s rly good and it doesn’t use data which I love,5
Very easy to use and set up,5
"Cant open the whatsapp because it ask to recover chat history and when I try tp recover it always occurred error! Fix this, I had important chats inside",2
Dark mood. Please....,5
Please move on from whatsapp to telegram for a better messaging experience— one that takes up close to no space on your phone as compared to this app.,1
Very nice way to use and great help when travelling.,5
"It’s unclear whether Facebook is abusing my privacy or not reading the terms of service. Facebook, as the most covert in your face surveillance app is damaged hence I am a suspicious user of WhatsApp, and Snowden won’t use it",2
"dislike the new update,takes longer to open,prefered the way it was before",2
Add dark mode and it would be PERFECT!,4
I’ve just updated to the newest IOS13... looks like the Whatsapp application keeps closing on itself. Does anyone know how to fix? I’ve gone through all the troubleshooting of downloading and uninstalling.,1
When do I get out of rehab lol I feel like my work here is done 🙏🏾💭💟,5
Can you update whats app dark mode,5
You done it well for us.,5
"Awful quality of voice messages UX, cannot login from two devices, 24 hour limit between switching devices, cannot believe people tolerate such bad misfeaures",1
"Loving the ease of calls and messages 
So far so good",5
Everything is fine about my device but when i do video call my video frezzes and lags,2
"I have NEVER given permission for my personal details to be shared publicly and yet, I have had a random person start messaging me after getting my number off this app! 

DO NOT DOWNLOAD THIS APP IF YOU VALUE PRIVACY!!!!",1
"Top service 
Helpful 
Enjoyable 
Strong way to communicate 
👍👌🏼⭐️⭐️⭐️⭐️⭐️👌🏼👍",5
"Check the version please
After apdate (last version)
I try every thing turn off, restart and plane mode but not working the app 

Please don’t forgive me",1
I tried numerous ways to create new phone contact on my iPhone with its OS updated. I cannot search for the contacts even those created within Whatsapp.,1
"Hi
No need to say how good WhatsApp is…

But it would be great to add a paid feature where you can place calls to international landlines and mobiles like in Skype.

Cheers",5
Needs to be fixed very buggy,2
"What’s Application .. fix very poor voice (telephone), quality.",2
All of a sudden status viewing numbers are not appearing correctly on IOS,1
Beautiful service,5
WhatsApp is the best and highly recommended,5
I do want these channels and it has been there which is really annoying. I so not want this update and I don’t know how to remove it.,1
Cant even enter my phone number when signing up 💀 like literally only lets me enter 3 numbers and then freezes,1
The services far from satisfactory Spassky is too slow especially find the cartoon. Sometimes even disappears can’t find????,1
Don’t you mean 28 million or billion?,4
This is awful. Why can’t your restore from drive backup? How do we restore chat history?,1
This. Is the best app for calling and messaging. I rate it 10/10,5
"1: for being there 
2: for being perfect
3: for being a perfect channel to connect
4: for keeping me in contact with everything
5: for being consistent
Thank you",5
"Hey whatsapp, please stop showing 'online' status. This is so annoying",3
"My friend told me that you have changed your privacy policy, so that you can get my personal information! Change it this instant!!!",1
"Facebook is dying and I am now deleting everything associated with Facebook, all my friends have moved over to signal, and I guess so shall I, was good while it lasted!",1
"Have been using WhatsApp for years as I felt safe with my privacy. Now, disappointed with your new privacy T&C changes and will be quitting WhatsApp unless you withdraw the changes.",1
... it’s just works ... first time ... every time 👍,5
Great app but still waiting for dark mode,5
Free calls overseas and great way to keep in touch with friends.,5
"Please update the apple watch app and add it the function to listen and send audio messages 
⚠️⚠️⚠️⚠️⚠️⚠️⚠️⚠️⚠️⚠️⚠️⚠️⚠️",4
It’s a shame that Facebook bought this app to get into our contacts. Shameless,3
I am not happy with new features as it’s slow down the process and have really bad experience now using wats app,2
It’s great only I wanted to reread my messages after I had cleared them and I couldn’t get them.,4
Keeps beeping when there’s internet intrusion or when user watches videos etc on other apps! And the beeping can’t be turned off!! Ridiculous and ******* stupid!!!,1
Can please someone help me to retrieve,5
This is a cheesy. Heap for our family to share & keep in contact,4
Hi guys thanks for this app it’s best way to connect with my family,5
I am very pleased with the service,5
Excellent app easy to use and connect with people world wide 😀,5
Best way ever to keep in touch,5
"It’s very useful for messaging. But, backup process and restoring backup is not user friendly and we need to relay on iCould backup with more space.",3
The best app ever in social networking. Some might argue that it would be better if it was free. But “It pays to belong”,5
Fantastic site 👌,5
Every few weeks Whatsapp stuffs up and my messages don’t deliver and I do not reveive any messages for a few hours. Why!????? So over it!,2
A horrible experience with the new update so far !! It freezes each and every time I try to open it .. what’s going on ?,1
Siri cant find contacts on whatsapp after I updated WhatsApp seriously irritating,1
"I loved the whatsapp blue accent, i dont like the current green accents.",4
Good to chat with Friend and family but just like messages but I do not mind it,3
"My account has been blocked and don’t know why. 
Needit to run a business and can’t find anywhere to contact someone about this!!",1
"Why is it taking so much time while updating new versions , it’s take more than a days 
to update , Wasting time",1
"Stuck on connection even I have great internet, double hearing myself on the line and also my friends same. I’m using iPhone 14 pro max.",1
Why does this app unnecessarily cripple itself when not granted access to my contacts. Signal works fine without this.,1
"Just had update now your app won’t even open , might as well switch to different one",1
Dear team whats app story is not play properly in every i phone user play different story voice pls check,1
"Great service thank you 
What’s up",5
After video call WhatsApp still keep using camera on my phone. Is this spying ?,1
As above,5
"Banned me from using facebook, WhatsApp and Instagram after being scammed and reported by scammer 

Luckily you don’t own LinkedIn  and other social media programs",1
I always love my WhatsApp for correspondence.,5
WhatsApp is working very fine and I am very happy to use it,5
"It’s great, amazing and easy to use.",5
"Hey, 
This new DARK MODE on whatsapp is a big No no. Please undo it ASAP. 
Thank u",5
Hey the product worked fine for ages and was my preferred platform. Security is important to me so have all but transitioned to a more secure app.,2
Your new privacy policy is awful. I’ll be deleting my account and your app when your new policy becomes effective.,1
"Just crashes soon as I open it on iphone12
Updated the app and reset phone a couple of times. Whatsapp is now just a pretty picture on my screen",1
It was a good app up until then privacy policy changed to enable information sharing with Facebook. Have removed this app and moved to an alternative.,2
So annoying even i have reinstalled still playing up,1
Every time when I trying to open WhatsApp the app will frozen for 3~5 secs before you can use it. And some time the app become laggy for no reason. (iPhone 11,1
"It’s very frustrating not able restore iCloud back up, but more disappointing is no customer service number to ask for help.",1
Hey there I’m unable to play videos on my What’sApp and when there is a call coming I see contact person’s name whom I called before instead of actually caller.,1
Unreliable backup. It said it had backed up before I changed iphones and it hadn’t,3
I got an IPhone 11 and with the new update I can’t drop audio recordings.,3
We look standing forward for dark mode...,4
Cannot upload pictures in a chat on my iPhone 11 max,2
Love the fact there is no ads,5
It’s a great and fun way to text with personalised backgrounds and fun stickers!,5
So easy to use and my top 2 fave apps,5
It’s getting worse and worse since Facebook took over. They’re doing their Facebook thing.... mining you for data.,1
When Telstra went down... thank goodness for What’s App 👍👍👍👍👍,5
"With the huge demand for Apple Watch integration, WhatsApp is the last to come to the party with no light in the tunnel. Calls drop on poor networks",2
Why is it that nearly every time you update App you loose the list of people you had on it disappears and are forced to re invited them to join again. Not good,1
Greatest invention and free investment you could make. Thanks WhatsApp.  Dr Jacqueline Kerr JP,5
WhatsApp is really improving day by day ! Glad to see it progressing,4
Works ok but those tiny blue ticks are so hard to see without sticking the phone in your face.,3
Works well and is easy to use,5
"Does a good job, easy to use n manage. 🙏🙏",5
I love this app but I think it should have more features for the camera like face filters,3
"Lately my messages have not been delivering, usually takes up to 10 mins for 1 message to send.",2
I love WhatsApp it found my dog,5
Very good app for talking to family,5
Can you please fix this bug. All my system functions of WhatsApp are showing green colour instead of blue,1
"Imposed channels on the status page is useless, using previous real estate and forcing us to see something we don’t care about",1
Why is my Whatapp deleted and when I tried to download it put my number in it is saying that it’s not my number???,1
When I open my status in whatsapp the sound is overlapping with other status I hate it please give new update,1
Nothing can beat this app,5
"Lately whatsapp doesn’t show up any of my contacts, which is why i cannot call anyone.",1
I’m bored of it I don’t have the time to keep checking messages on it this needs to be better,1
..,1
It’s all updated. Once I click a received msg it’s exits out the app. I can’t even reply: I have reinstalled and nothing works,1
"I used to get notifications but now nothing, only see messages once I’m in the app. 
Please fix, used to be a good app!",1
Long term user but recent terms of use forcing all data to be handed over to Facebook to be attached to personal profiles is not worth the convenience.,1
Need to be able to pin more than 3 chats at the top,4
It used to be a really gud app for video chat specially audio calls but it’s getting Very bad at both now. Thanks,2
I’m not able to post status. Camera is not working. This problem started today since I updated the app. I’m using iphone 6s. Please solve the problem ASAP.,1
Thanks for every thing,5
Can’t contact anyone. I use the app and am happy but since purchasing an iPhone 11 Pro I can’t get the app to work it opens and immediately crashes I can accept the terms of use and then it dies ..... help,1
"Send or stick

What’sApp always works",3
"I can’t live without the ease of what’s ap 
I was so sad when YOU REduced to 5 
The number of friends I can share a photo with 
A huge loss for us all 
We talk about the LOSS 
EACH DAY 
ABD WISH FOR 10 minimum",5
"Great app, clear pics and videos 👌🏾",5
"Great App. Makes communication with loved ones so easy. 
Tony",5
It is a bit of a job learning how to use another app at my age. I enjoy this one so will perserve.,3
"Works great, very happy",5
Very happy with shoes very slow arriving,5
"Hello Whats app! 
 What if you add polls for groups? We’ll like that.

Thank you!!",5
Always useful 😍,5
"FIX YOUR BACKUP!! I’ve lost all my chat history and data due to your backup option never working. It won’t upload when on wifi, pc or over normal phone data.",1
I’m currently travelling in Europe and can’t use the WhatsApp and contacts because I just have a blank screen. How do I fix this?,2
Please review my account,5
WhatsApp is the best thing I could ever have🇦🇷🇦🇷🇦🇷🩷🩷,5
The widget is just missing after the latest update. Please fix it!!,1
Corinne,5
love to use Whatsapp love What’s a,5
"My WhatsApp is not working properly.
I am unable to send messages or make calls since last 1 week 8th Mar 2024.",1
"Since your recent update alongside the iOS update, I can neither reduce nor increase the volume of videos on WhatsApp.",1
"I only just started on this app met some body on winked, and we have clicked ever since first time ever four days in happy as a pig in mud. Hopefully I don’t get my heart broken",1
Don’t know why am I forced to update the app in order to use it…big thech has already our sensitive data so what now?!,1
I’m am enjoying communicating with overseas,5
"Can’t read messages, crashes unless I’m on airplane mode. Support asked me to factory reset my phone. Terrible.",1
"The app WhatsApp cured me of my depression, anxiety and paralysis. 10/10",5
Brilliant app reliable easy to use,5
WhatsApp crashes when I try to open unread message,1
"Hi Whatsapp

May I please ask if a permanent archive option will be a available anytime soon as some groups are quite annoying but can’t exit due",1
Used Voxer for years but WhatsApp leaves it for dead. 👍👍,5
Lately sending videos only 3 seconds plays.  annoying bug...,2
The only app who connect the near and dear one,5
With max privacy settings people are still able to see when i’m online.,1
Use it often and love it.,4
"Only white screen appear, needs to restart phone every time to use whatsapp",1
Luv it easy to follow relatives any where in the world,5
all you need is free internet in any free WiFI cafe 🙃😄,4
I have sent 18 requests to various government agencies asking what is app? The majority have ignored my increasingly frantic demand but several have replied with rather threatening demands to stop pestering them. I believe this madness could be ended by renaming to “MessageThingmy”or “NotiMessageTheGreenOne”.,1
"Forced updates are extremely frustrating, please remove this feature",1
My watsapp app crashes everytime I try to save a contact from watsapp chat to an existing iphone contact.,3
Sound transition is great,5
"Nothing special, uses your phone number for account creation so several drawbacks right there. Audio/video call quality has gone downhill recently, nearly unusable.",1
Works well easy to communicate no dramas,5
"I was asked to meet a person at a rail station in Japan, who I’d never met, and WhatsApp was so helpful in so many ways",3
Whenever I open the app it needs to restart .,2
"I am Unable to use microphone on voice or video calls with WatsApp, microphone works well during phone call and FaceTime",1
"seriously, why is that stupid blue ring taking up screen space? give me an option to turn off ALL ai related ""features """,1
Every time I try to make a group amd msg them it tells me I no longer have permissions to amd blocks my account then I get a msg saying we conceals your account by mistake,1
"Changing so much text to green, to THIS green, is really hard on the eyes. The colours before established the “whatsapp” vibe - now it feels like I’m using a messaging app made by Xbox.",1
Change it back to blue message instead of green it hurts my eyes and lot of people have this issue too,1
Go screw yourself facebook for banning my account and I don’t appreciate you (Facebook) selling my data to internet scammers and hackers,1
Great to keep in touch with group,5
Over how I am always getting texts on WhatsApp from unknown people and they are scam! I only talk to a handful of people that it,1
Forcing me to update when I don’t actually want or need to update?,2
Idk from almost a month my whatsapp isn’t backing up it’s stuck at 0%,2
My messages take so long to send sometimes even when im either using data or on good wifi,1
Can’t enable push notification. It’s says in the App to enable in phone settings but in settings what’s app don’t show at all.,1
Most recent update is totally broken on iOS 15.1.1 and crashes immediately on launch. Replicated on iPhone 13 Pro and iPhone 11.,1
It works,4
It’s seems the WhatsApp app I can’t download it to my home page,2
"Disagree with privacy policy 2021, shifting to other messaging applications that provide better privacy with E2E encryption and no third party companies to access user's data and personal information",1
Used WhatsApp for long time but now moving to Signal and Telegram. I have issues with their new privacy policy.,1
I do believe that your app as well as reviews that I have just read really don’t have me wanting to learn anything more in regards to this messaging app. What a load of crud.,2
"On iPhone 6s, latest iOS. Been solid till latest update, please fix ASAP!",3
Very good app but i think u should defiantly chnage the amount of people on call to as much as u want,3
You’ve outdone yourself Whatsapp! I,5
I love such a good way to connect,5
I love this App it is the best instant way to stay connected.,5
I don’t know why my watsapp so slow .... I delete everything refreshes app .. it’s still so slow . Bit slow wifi but rest of the app is working good except watsapp,1
Please update and optimise instead of having everything zoomed in.,4
"WhatsApp’s mic doesn’t work when talking on an audio call whereas, it works fine during a video call on WhatsApp. Kindly look into the following matter.",1
Great and very useful app great work,5
It’s very sad what’s app have only 256 members allowed ina group be added. No supergroups allowed,4
I don’t like that when you receive a message it doesn’t say who the message is from.,1
"I’m sure by now you’ve heard of this, but there’s a text bomb going around where it resets your phone. Please try your best to remove this, as I have deleted the app until so.",1
"The app crashes upon launch, I have tried everything to make it work, but the problem still persists.",1
For the past one month whenever i speak with someone overseas the reception is bad and the phone call drops out every 15 mins,1
WhatsApp helps me stay close everyday to all my family living overseas!! Love:),4
What happened to custom ringtone for individual?! It’s gone after the latest update.,1
The last update made a mess because now the chats are not listed chronologically,1
Crashed each time it tries to update. Can’t open app.,2
"It keep saying that we can't send you sms, check again after 1hour",1
I shouldn’t have to do this 500 times per day to use this app. Please fix it!!!,1
Admire the security on WhatsApp!!.,4
Many times when I try to launch WhatsApp on my laptop I get a white screen and nothing else.  Why???,1
This is the worst whatsapp I've ever used since I startto use WhatsApp no broadcast sending messages in broadcast the receiver can not even getting it worst WhatsApp,1
Keeps crashing and asking to restart phone,1
"As described in the update notes, companion mode doesn’t appear to work in Australia. Any idea when it will?",1
WhatsApp status not always showing on phone,1
I turned off automatic download of media but it turned ON automatically.,1
You have no respect for the privacy of your user and honestly the app doesn’t even work properly. Nice one facebook for destroying another good app.,1
"Love using the app, it brings families together!",5
Awesome for telecomunication with my children in overseas,5
"Don’t share our private data with Facebook or any others.
Try to improve!!! “You deleted this message” ?!?!",1
It's great,5
Lots of fun! Love the the set up. Very easy and simple to use. Great for group chats,4
How can people who i didn’t include in the list of people who would get the notification of me changing my number are seeing my whatsapp story,1
All perfect with the app. Can we get dark mode on WhatsApp? Really hoping to see dark mode.,3
Secure and easy to use. Replaced my wechat.,5
It’s so irritating. Whenever I open a chat or someone’s status the app just closes itself. I tried force closing the app and it didn’t work,1
This is a great app to use when overseas,5
A great service. When can we get it on our iPad and mac?,4
"Israeli firm has hacked this app, meaning all ur info is on sale probably.. and you better watch out if your Palestinian, because they will probably bomb you to steal more land :)",2
I’m new to what’s app and I found videos come through nice and clear so I’m happy with the app,2
Memory full after using whatsapp,2
When I try calling someone it says ‘contact not available’ even when they’re online this is really bothering me please resolve this issue.,1
"Can't use it anymore, iPhone 4, can't update phone thus can't update watsapp, my iPhone is iOS 6.7 I need 8.0.
Sad life
😂",3
It is really sad that i changed phone i couldn’t recover any of my data and my WhatsApp is like brand new account,2
Great when traveling,5
"Sometimes, there’s no ringtone heard for whatsapp call",3
Love whatsapp but not sure if it’s an iOS update or whatsapp update. Have lost all my colleagues/contacts in whatsapp.,2
This is the best app. I use it everyday.,5
"...introduce the ability to leave a group anonymously.
I don’t see the need to advertise to the whole group that I’ve left.",3
Thanks,5
"After 2 years, I’m still waiting for Apple Watch support. Why? Facebook message and Wechat all support Apple Watch. So why can’t WhatsApp do the same?",1
"I’d delete it cause I want my data to actually be… safe… and I don’t want to give MZ any more of my time or money, but unfortunately in the UK it’s the only way people communicate.",1
Too confusing can’t add people to my favourites amazing well this amazing world use phone Lol dog order. I’m sick from using this app that bad never coming back. I want to cry. I’m very sad.,1
"the App crashes when I try to make a new group in a community, plus Meta collects metadata from every message",1
"When people send me an album, can see nothing! Fix it plz!",1
"Excellent reception and clear.
Thank you.",5
"I can’t see any notification unless open my watssapp 

So please fix this problem 

Thanks",1
I brought new sim number and im unable to register with whattsapp and whattsapp support is also not helping me they send auto generated message to my email,1
Having trouble doing the RESTORE part. I went to mobile settings & backed up and I still can’t RESTORE. Says there is NO BACKUP. Frustrating,1
Unable to open the app on iPhone for over a week and no update released for it,1
"its a cool app, never had much glitching or problems with it- but i think adding other devices to download would be so much more useful",4
My app turns off every 5 seconds i updated but still having same trouble,1
"Hello,

My whatsapp is not opening since yesterday. I don’t know what happened. Is there any way to fix this problem? Pls advise Thanks",1
"I can’t join although I am textable  and callable I even checked if the number was correct and it was…

I’m very disappointed in WhatsApp rn..",1
It seems the icon is updating and is darker after closing the app very annoying,1
If you want relentless phones and messages from scammers download this app. It’s a gateway for people wanting to hack your bank account and steal your details. Don’t download this app.,1
Where’s the music feature tho...? It’s kinda boring here! 🤷🏼‍♂️🤷🏼‍♂️,4
Fab great value great device thank you very much,5
"A great app, but it loses two-stars from me due to the lack of dark mode. Honestly, how long does it take?!",3
Night mood is needed on wsapp,5
We want the old WhatsApp back where we can see time his new one is ridiculous I wish I did not update it,1
It’s a really easy to app and messaging is easy,5
Would be great if this app utilised the iPhone Xs Max screen a little better...,4
Excellent performance,5
"Can I call and text on WhatsApp?
Is whatsApp for unlimited?",4
Good job!,4
Please give another update because software crashes in every 30 sec... it’s after new updates,1
My gifs recently started sending in only low quality...,2
"Parents must be aware that 
Whatsapp has feature for user to add & search GIF pictures based on specific keyword. Contents that are not suitable for kids, or even youth, can be found easily, namely ‘nude’, ‘porn’ & ‘bully’.

Pls be wise Whatsapp app developer(s)....don’t u have children or young sisters/brothers too?

Pls fix this....!

Note: simple advice for parents—>keep away your kids from Whatsapp",1
Perfect app; easy,5
Keep it simple your making it more of Facebook instagram shame on you meta zb bkl Fix this pile of garbage,1
Can someone help on that,2
My one connect wp last seen are not responce an anybody last seen ara seen plz chack my wp problem an saluthion,2
Switch acc update is note available in I phone,1
When i was typing word with shortcut word (iphone). That always show the full phrase on the top of shortcut word. I can’t cross or close for full phrase of that.,1
Whatsapp randomly asked for number verification and erased all my precious chaats. Nil support was available upon contact. I am very disappointed.,1
This update has WhatsApp constantly loading …and calls are all cutting out all the Time since this. Fix it.,1
Great app! I recommend 🙂🙂,5
Worked really well.,5
"Great mate
Always get my private messages",4
Hard to fault.,5
Hi what’s app team when ever I use to call from what’s app first it’s go’s ring and then later it disconnects automatically what’s the reason,1
I love WhatsApp so much,5
"It’s so good, mainly due to the quality of encryption.",5
I have issue with WhatsApp whenever I try to open something screen blinks up,1
"After many many years ... time to move on due to the Facebook/ WhatsApp 2021 (lack of) privacy update. 

I’d be a fool to stay .... off we go to Signal",1
"Chat back up works over cellular data now?
Awesome. About fricking time. :)",3
"hi, i love whatsapp its a good app to use to get use to texting on social media its good to get use to how it works i think its better then messenger i would rather whatsapp then messenger. 

from sophia gibbs",5
"Last update doesn’t work.
Imposible to use the voice messages and watch videos!",1
Since last update my whastapp is not connecting even after delete the app.,1
Such a versatile easy platform to use.,5
Great that I can message my friends,5
Need the dark mode option!!! Pleaseeeeee!!!!!,5
Just started using Whatsap. Brilliant way to communicate,5
You don’t respect your customers with this forceful behaviour and lack of transparency. If changes were indeed trivial ‘bug fixes and improvements’ you wouldn’t be so insistent.,1
Msgs not sending only to certain contacts which were working yesterday,1
It’s fun but I reckon there should be  effects with the camera,3
It’s an easy and fun app I really recommend this app,5
They aren’t being recurved fix this other it is good,3
I got a prompt something like watsapp version has expired and to visit App Store to update. After clicking the “Update” CTA button nothing seems to happen. Please fix this ASAP.,1
I receive a lot of feedback and lag time when video talking,2
This app is one of the easiest to use and to download  great fun,5
virus,5
This app is great but you really need to allow different tones for iPhone users.,3
Plz fix the camera it is blurry and his voice was very pixilated thank you plz take action,2
Signal is the original WhatsApp and is more secure with your data.,1
"Deleting App. 
Downloaded the app a month ago and already have random numbers calling me.
It’s a no from me.",1
"Please get rid of paste as sticker, the usability of the app has plummeted.",3
"Can u get face filters please 
💡",5
"Very bad decision to introduce channels to whatsapp .. It is a chat and communication app that is why people like it .. and you are making it hybrid version of instagram , FB and X",1
Since getting this app I have only been contacted by scammers - so not a huge fan at the moment,2
I’m unable to disable disappearing messages even though setting is set to “off”.,1
We are not a prisoner. Hate when you guys forcing to update it otherwise we can’t use it,1
This app is very helpful useful and simple to do things!😋😘,3
"Hi I’m really upset about losing my contact and I’m really not able to get them back,
Very frustrating and very unhappy about it",1
No selling ads and personal details in the market,1
Very disappointed  message send three week ago does not appear,1
Such an amazing app talk to everyone on here,5
"Disagree with privacy policy Feb 2021, shifting to other messaging applications that provide better privacy with E2E encryption and no third party companies to access user's data and personal information.",1
With the latest update in terms and conditions. I am really happy to move from your service to other. Signal and telegram.,1
Can’t hear the other side person and voice keeps breaking constantly if you could hear.,1
I downloaded the new app and it’s not working press agree then to enter mobile number the page disappears are you fixing this issue ???,1
"App is crashing frequently on my iphone X running ios14
No memory issues have plenty",2
"Your recent update stuffed up the notification, it doesn’t show from whom the messages are from. Should fix it!",1
Very good app. I enjoy using what’s app,5
I couldn’t rate your app as the stars were missing and the message was on top of what I was trying to write other wise I would have given more stars,1
"once I switch out the app and come back again it will connecting forever！
fix this",1
"It’s like messages, but better.",4
What’s app is amazing one of the best apps I’ve ever used.,5
"Whilst being comforted by ‘secluded anonymity’ here, it’s a public space so nothing is safe - a breeding ground for fraud - stay away and do the old stuff -
Actually speak to people face-to-face and delete this dumb app - seriously people.",1
Not happy about you’ll restricting the number to 5 forwards only per time. Hence using other social media’s now.,2
Love this app. Use it all the time. Thank you,5
"Lost all my chat history, media, all because of their stupidly complex process if you get a new number.",1
"With family all over the world, what’s app is THE best means of communication.",5
Generally amazing and is multi functional,5
Awesome app and way to keep in touch when travelling,5
The app is good but needs to be more safe,4
I only use what’s App,5
Very good and like it,5
Asking restart the phone everytime.,1
"New Meta AI search can’t be turned off, it feels invasive and I’ve stopped using the app.",2
"Worst  update ,  status  is going horizontal  side have to scroll left  side for looking the status",1
Terrible app to use.  Not user friendly at all.  Impossible to work out - unhelpful “help” guides.  Gave up and deleted,1
WhatsApp Rocks !!!,5
"Don’t update!!! Because everyone who doesn’t update, you can’t see their messages.",1
"hi dear 
speed downloading photo and video just in the my whats app is slow.
thank you whats app team",5
"Really bad quality, cant hear the other person as is keep braking up",1
Hi team whenever i tried to call max time it shows that you are on another call pls fix it,1
when in whatsapp block an account then he delete her account and creat a new one can messaging,5
Moving to signal More future clear face call,1
"Good chatting & great files and videos sender but no calling so it’s not perfect yet . 

Thank you what’s up and good luck",3
"Tell me how I can save photos & videos?
I need to see my beautiful grandkids!!!",3
During the Call it starts reconnecting,3
So easy to use,5
Calls sound good for a few minutes then cut out for a few seconds. Regardless of reception or wifi strength,1
No problems,4
It won’t let me update without signing in my credit card!,1
Thanks WhatsApp,5
The title says it all really!,3
"The Meta AI functionality is not well received across all the platforms. Instead of removing it, they double down and create and AI button.",1
You kept begging for a review. The fact phone numbers are displayed in group chats is disappointing as well. So i give you 1 star.,1
This new updated crashed alot on my iphone 11,2
I had my Facebook hacked through WhatsApp,3
Please change the green colour back to the original and the blue ticks.,3
"video call and audio call, recorded in chat message coming up with random gibberish characters .. not sure if intended or a bug",4
My number is not use this WhatsApp plz help me,4
Best Simplified communication of all time.,5
Fact: WhatsApp provides back door access for authorities to snoop around your messages.,1
"Ever since fb bought it, I believe our data is being shared with their advertisers and so now I don't use WhatsApp unless forced to.",1
Having good  contracts .......🦐🦞🦀👏,5
"And just like many apps before, WhatsApp became outdated! No multi device support!!! Why???",1
"The app is still not working, I tried to reinstall, now I’m unable install back. It says temporarily unavailable.",1
"Wonderful, catching up with every day people",5
It'll be so good if you could react to messages like how you can on facebook!,3
"Works well, but not able to opt out of my data being collected or shared with Facebook etc.",1
Resigned with a new email and didn’t receive set up number 6digit am I right sorry if I am wrong,2
Too early to know yet. Still learning to use what’s app,3
Great way to be in touch I’m with overseas friends,5
Amazing. Sitting on my couch in Australia and I can video call my friend in Pakistan.,5
And the quickest communication with friends all over the world. 🙏🙏👏👏👏👍👍👍👍👌👌👌👌😐,5
The new update has bugs... my whole phone freezes every time I try to answer a message,1
Thank you,5
Please update the app with dark mode of iOS 13,4
Lack of watch integration is letting the app down,4
Still trying to work it all out?,3
"Tap back / likes / laugh - some kind of simple acknowledgement please. 
This pushes me out of this app every time in favour of other msg apps.",2
"So laggy while using video call option. 
Voices are so far behind can’t listen on exact time both sides. And rest of all is good.",1
It’s an excellent app for chat video call,3
"This looks to be very useful, when I can get a signal,😉",4
Older version was good atleast you can forward the message to 20 people but in latest version u can inly forward it to 5 people. 0 star 👎👎👎👎,1
The best things I like is Face call. Thanks.,4
Easy to use,5
Awesome. Really love it. Clear video link and no delay with talk.,5
"Need more notifications sound, sick of boring tone!!! Please update more!!!!",2
Unsolicited scam callers are going to cost you points!,3
Please has this app been discontinued?,3
"Only restarted using WhatsApp yesterday, as my uncle was flying out on a holiday overseas. I have been suspended and cannot see any chats? Absolutely disappointing!!!!",1
An excellent App. Works exactly as it is meant to.,5
I can’t upload my WhatsApp status…it’s showing pending pending only,1
Can’t download,5
Bro forgot to add delete status option,2
"This software is only used by Chinese guys pretending to be cute women, but it’s a guy wanting to rip you off…, don’t use this software !",1
"No doubt, this app is best but I have the problem with latest version. I cant see people stories.",1
Please have a free app whatsapp for Ipad user.,5
Crystal clear no drop outs...ideal app two thumbs up...,5
Many concerns regarding their updating privacy policy and integration with Facebook. Recommend using another messaging app instead.,1
Many other apps out there that aren’t sharing all your info with Facebook.,1
App crashes when trying to send photos,1
Just need more animated stickers,4
When u turn off the mob data for watsapp. Than can’t turn it on until you uninstall it,1
"Another app written by Facebook coders which has been compromised by hackers.
Zukerburg should be imprisoned for releasing such easily hacked apps and having total disregard for people’s sensitive information.
Disgraceful.
0*",1
This product can’t be downloaded so what’s the point.,3
Threaded replies are bad implementation. The inability to hide badge icons for group chats is infuriating. I don’t know why people like WhatsApp.,2
Keeps crashing even after updates,1
The best chat app for me. It is simple and easy to use.,5
Please Put a finger ID lock and password in the app..,5
"I updated yesterday it said for bug fixes, I now can’t even open the app, until now it has been brilliant.",1
"The App Store reviews don’t lie 
This really is the best",5
But what about the Apple Watch app? What are you waiting for? This is annoying!!!! At least make a statement on why you are not releasing it!,1
Rude too interrupt my conversation thanks,5
Once I updated the app now it doesn't work at all. Each time I tap on the app it opens up for a second and closes again. Not happy!!,1
Why we can’t install it on ipad ?,3
The new sticker update is bad. Why is there no option to send an image in the clipboard as a non sticker.,1
I’m elderly and this is confusing to use,1
Asking to update WhatsApp but won’t be charged? Why ask for card details??,1
"I am facing bug on my latest update, that i am hearing the same audio on my friends all status,",1
Needs better monitoring for inappropriate messaging,2
I can’t see anyones status. They all suddenly disappear. I try to email in app but they are not responding 🤨,1
"Too many  Hackers  have access to 
this App contents and its user phone number is been compromised",1
Disgusted that IOS 10 as minimum is required as thousands of older iPhones are still in use. This is written on my trusted SE which does all I require from my phone.,1
"Editing sent messages is impossible. Deleting them is also funny. Lots of issues , campsites to Telegram this is so weak",1
Good functionality,4
"Keep crashing after I remove some groups and deleted it.
I m on latest version.",1
I lost my entire chat history once I moved to an other phone. It cannot restore backups,1
"Forces users to share all information with parent company Facebook, no option to opt out so time to switch too Telegram and Signal.",1
Application shuts down after open every time,1
Such a pain! Why can’t we select a photo and then add our commentary without being in silly caption mode. It could be so much better just with a simple tweak.,1
Best service in the world,5
Good app but I was hacked recently and I like to know how secure is this Apps,5
As above.,3
"Really love what’sapp so much fast ,",5
System should uplift to accommodate more than 256 people in a group ... should refer telegram which is helping that way,1
I love WhatsApp since it released. I upgrade the phone to iPhone XR and it freeze sometimes about 3-5 seconds. It's a bit annoying. Please fix the issue.,1
"When i use watsapp video and calls, other party cant hear me but i can hear them. I have sent a few e-mails/messages for advise and no one responds",1
I reinstall what’s app and I lost nearly 1 month of conversation from all the chats.,2
Great clarity for National and International call and videos,5
Better them all,5
Latest app update apparently contained a very important security fix. There's no mention of this at all in the update notes.,1
"My Whatsapp account was compromised.
Your apps on iPhone dose not give option to sign out from all locations.
Need amendment ASAP 
Otherwise thanks for whatsapp",1
"My friends keep spamming the group chat and I am considering deleting, there are many annoying people on whatsapp",1
I use it all the time,5
Very happy and easy to use 🤙Poult’s,5
Pop up too slow,3
Hello,5
This app has given me soooo many problems it keeps saying the app is down and will come back in five minutes,1
You can’t turn off notifications without being pestered to turn them back on every <expletive> time you go into the app!!!!!! 😡😡😡😡😡😡☠️☠️☠️☠️💣💣💣💣💥💥💥💥💥👎👎👎👎👎👎👎,1
You can’t turn off phone call notifications,1
Very good,5
"When I tried to update, this app said “The developer has removed this App”",1
In these days video call is not good when i call some one video not showing to me,1
When is what’s app coming to iPad ?,4
Enjoying the app,5
Wouldn’t be without it. Saves me a fortune,5
Keeps asking for billing information. I even put it in and it won’t work!,1
Crashing app all the time and ask to restart the phone,1
Don't link with a phone please. Use email or something less likely to change.,1
Best app to stay connected,5
It should be allowed on all devices.,3
You keep updating this app but still no support for iPhone 12 screen resolution. What’s going on? When will it be updated????????,1
The app keeps crashing and no access. I deleted the app and re-downloaded the app and its still crashing.,1
When is the conversation what’s app be available,3
It’s great for communicating with family overseas,5
Hi WhatsApp. With the new update I can’t even open the app. Can you fix it please. I’ve been using it for many years and it is the first time this issue happens.,1
"I’d appreciate it if you add night mode.
Thanks!",5
Excellent platform and service 👍,5
"My data has been stolen from WhatsApp, as reported in the media, and I am being called day and night from low income countries. I regret the day I got this app.",1
"I liked this driver. She is a decent person.,",5
Awesome way to communicate with family travelling overseas..,5
I’m unable to open whatsapp after the latest update.,1
"Does what it promises, nice clean app that fits well into iOS.",5
btw i still waiting ai chat for iphone pls allow for iphone cause i really want to try it!,5
I want wsp pinkypinky my iphone is 11 please PLEASE,5
Bit sick of constantly being forced to update apps,1
So good for communication with people,5
I love AI but did not ask for it to be installed. At least give an option to remove it or I'm finding another messaging app.,1
The best application I know in the world,5
Stop changing format.  Keep it simple,2
Ii want to go hometowns to,5
Always connection get failed.,1
"Hi
Kindly update WhatsApp to show duration of call log in chats 
Cheers",4
An essential medium for all to enjoy 😊.,5
This needs an option to force people to unblock you.,1
There is a new bug on wapp that one story sound is come on other story and that’s going on one after one,1
"Why get rid of the setting ‘delete for everyone’ 
So frustrating",1
My account has been banned mistakely. I did not partake in any activities that violates WhatsApp privacy policies or terms of service.,1
Have had this app for several years and they cut you off for no reason. Utterly useless.,1
I got banned from using WhatsApp for no reason.  There is no appeal and no reason given. Worst customer service ever.,1
Thank u let in for years,5
"Whatsapp is cute, but it would be nice if we are able to react to messages 🙌🏽 but yeah its cute tho",3
I am concerned about the security flaws surrounding whatsapp,3
Can’t talk,5
Wish there was a reaction function to messages.,3
"Draconian top down app with demands that ignore what users want.

I’ve left for Signal. Let WhatsApp close my account.",2
Set  “never to enable download media” but it doesn’t work. Taking up lots of space and have to manual delete .,1
It’s a fabulous app. But the new policy it’s very unethical. You can’t do this . As i was the proud user of Whatsup but now i need to change my mind and move to different application.,1
I’m leaving,4
"Since being forced to update, the app is continuously crashing and is unusable. Please fix the bugs.",1
Would be 5 star if the app was compatible with Apple Watch.,3
"My Whats app is lacking too much from last 3 months , when i changed my phone from xsmax to 11 pro max",1
"Having serious connection issues 
And I have data & WiFi",1
They not letting me download I don’t know why,5
Messaging is excellent but the quality of calls is terrible.,3
Best social media app I have used.,5
"I am so upset, I can only forward messages to 5 people. It used to be unlimited, then 20 people, now only 5 people. Please fix this problem.😤😤😤",1
Can’t log into my old whatsapp and lost a lot of pics,1
I just love to use what’s app,5
I regret giving out my phone number to this group so deleted account!,1
"Many thanks ! 🇦🇺🇰🇭♥️💐🙏🙏🙏🌞
Sopheary Phoung",5
Photo comes as a white screen and  I am unable to download it.,1
You have to make the easiest way of transfer the chat fron androaid to ios,1
Chat bubble colors please!!!!!,4
When is WhatsApp going to be compatible with iPad? I would pay for the WhatsApp version by WhatsApp on iPad…,1
Where is add account???? On Iphone,4
Enjoying this App 😊,5
It’s really good 👍. I love it 🥰.,5
It gets stuck when you connect airpods,1
"Seen I downloaded this app then got phone calls from around the world , message from strangers useless app",1
It’s very good thank you,5
I don’t believe in Facebook as it uses the information of people without consent and for profit,1
Wish we could pin more chats!,3
Due to the privacy policy changes in plain sight I'm giving up my chat groups and history and moving to Signal.,1
Get off it immediately. Will now be used as another vector to serve further division and isolation. It is the Facebook business model.,1
"This is how all chatting apps should be,",5
It’s not working in Australia getting problems with status video calls.,1
Hey whatsapp whatsup with the 3D Touch it ain’t active no more ??,5
That’s the world’s best Social Media App. There’s nothing to comparative it.,4
It makes a weird sound when I am talking video,2
I really like,5
"Highly beneficial to Sr citizens 
Keep it up",5
Do not upgrade to the latest version,1
Great service and reception.,5
No way to opt out anymore. Revoking contacts permission makes it impossible to message anyone new anymore.,1
"After latest update in my iPhone X it’s not working, I can’t even open it. As soon as I open WhatsApp all I see is white screen.",1
Add whatsapp live for the groups. 👍🏻👍🏻,5
Continue,5
iPhone X cant seem to be kept up with. Video call function refuses to work.,1
It’s nice way to communicate and chatting with all colleagues and friends,5
Well done,5
"Whatsapp keeps crashing after update... not even opening 
iphone 6 ios11.",1
Very good,5
Keep getting calls from overseas and people l don’t know and compromising messages,1
Great App to use.,5
Really annoyed that they disabled this feature. It was so much fun to do this.,1
I’m trying to get into WhatsApp I need help it’s not working,3
Brilliant app but gets caught in a loop of crashes at times,3
Why I can’t call and take call when I connected to Wi-Fi network? What I need to do with this situation?,1
Appalled that WhatsApp are giving out data to Facebook. Opting out of the matrix and switching to Signal. I urge everyone to research WhatsApp’s new privacy (or lack of) policy.,1
I love it it’s sooo handy and well designed!!!!,5
Stop selling our data. Switch to signal.,1
took up sooooo much battery while working in the background when it was not open,1
Keeps crashing on iPhone 11 - have deleted and reloaded.  Still unable to use,1
Really disappointed I lost so much information that I needed for my job,1
Currently NOT compatible with iOS 13.4. Causes Share Button on iPhone to stop working,1
Why people think they need a second Facebook product just like Messenger on their phones I have no idea,1
I had a vision. It’s true.,5
Hehe,5
Very useful when overseas.,5
Easy and privacy socially media app,5
Excellent service and good got talking to friends and relatives.,5
Speaker option on WhatsApp doesn’t work although it does on usual iPhone calls. (Microphone IS switched on!),1
"WhatsApp, why is it so clunky to get gifs? You have to press 75 buttons to get to them.",2
Great entertainment value for everyone,5
"Very good app, you’re gonna need it trust me",5
5 star app. That's all I can say.,5
When update is so slow take 1hours,1
App crashing on iphone 15 pro max after the latest update,1
"No stars more like it, 1st time registered and it says account can't be used due to spam. It should be called 'Whatajoke'",1
Add the ability to pin chats to keep em on top!!! (Please xx),5
"I used WhatsApp for one day and it already blocked me out of the app for no reason at all! Fix your moderation!
L",1
"Whatever’s easiest for you 
Lub u all mike",5
Locked out because too many attempts. The attempts were genuinely needed.,1
When is WhatsApp 2 coming out??,2
Hi bring back up to all of them photos each contact   Instead 5 of them each rows,1
Serious privacy issues,1
Well use this app at your own risk as casebook want as much data about you as they can well you can go shove your App.,1
"I cannot retrieve my what's app media messages from some files after transfer to iPhone 12
What can I do",1
"Invasive, will start sharing your data with Facebook.",1
Excellent,5
As as 8/2/20 your app is not working properly with Apple CarPlay as it will not send a verbal message.,3
"Hi...
How are you?
I’m happy haven that you are here
Helps me to connect to my kids every times and wherever Onthe
Worth .
Ihop you’re happy to help us and
Success every time .",5
Love the app keeps me in contact with my whanau,5
It is awesome and epic Yu should really have it because it is really helpful.🦔🐬🐬,5
I do not like the updated version. I cannot see my contacts’ profile pictures. I regret updating it to this version!!!!!!!!!!!!!!!!,1
Even having end to end encryption but still WhatsApp should install a Password protection to open app. With this feature WhatsApp could get more downloaders,1
Fantastic use all the time !,5
"Are f$&@@g kidding me??
Keep receiving messages from my list with a link to malware web page 😖",3
"Misinforming their consumers, legally stealing/using information from users by slipping through the cracks and without telling them.",1
I just wrote this coz it popped up. So yep.,5
This app makes me cream!!,5
Brings people together!,4
Awesome way to keep in touch love it!! 👌🤩,5
The new version is leaving a timestamp of deleted texts and the chat is not falling down in the list of chats,1
Not happy receiving calls and emails from parties I do not know very disappointed with security.,1
I can’t delete my status,1
I send message and the don’t go through for a long time,1
"I’m tryna make everyone Kanye and it doesn’t show up unless I click on their profile.
Such a Pete move",1
Signed up to WhatsApp and within 5 minutes started receiving masses of scam texts.  Have NEVER received scam texts before signing up to WhatsApp.  CRIMINAL !,1
I’m still waiting for my old massages. I tried a lot but still nothing,1
Internationally it is the best messaging app,5
It is a very good use of contact,5
Disappointed to read about accessing the data on our phones. Will be deleting the app.,1
I lost all my backup while transferring to new phone . They don’t have a simple solution to ensure the historical data are restored safely and accurately .,1
Can we have an update that separates chats and groups,4
The latest update has made sending pictures harder to load and send?? They’re not working...,1
"It’s good, great app to text for sports teams and chatting",5
I think you need to create the app suitable for iPad!,4
Problem with sending media after the latest update on 14March 2019,1
"Great for team members, managers and coaches to communicate",5
The downside is it doesn’t have built in emojis. You have to use emoji keyboard,4
DO NOT UPDATE TO THIS VERSION. This update is a whatsapp killer.  This version limits you to forwarding messages to ONLY 5 people (seriously!!!!). It just kills the purpose of having whatsapp.,1
Can you guys please check this out,2
It’s really great I love WhatsApp  and there’s. nothing really wrong with it and ITS FREE,4
Great app but hate the new bright lime green colour scheme. Doesn’t look very professional or classy,2
"When is it gonna get better? Seriously, could an effort be made? Meta just ain’t hittin the way it used to!",1
When I receive bulk photo is all blank,1
"Send msgs to your friend sure, but have an issue and good luck getting help for it",1
Can you please rectify this bug!,1
Am not paying to use an like whatsapp when I can use messenger for free,1
I’m not reserving any messages and notifications,1
Sir I have a not h notification for any person massage my nomber plz help me,2
And it harvests you’re data and I can’t use it without it sending stuff I don’t want it to.,1
Forcing for update shouldn't be the system..i will update app as per my time…,1
"Ban meta 
Save Tiktok 
You forgot it’s the users that made you rich. Facebook and all Meta have crossed a line and I’ll never use them again",1
"i bought a new iphone and reinstalled it. l cannot backup the whatsapp data since then. l went to seek help from apple store and they replied that was the problem of whatsapp instead of them. 
please kindly follow the backup problem. 
thank you very much",1
This app keeps crashing on my iPhone 12!!,2
Gets blacked out 5 second of opening it,1
Further deepening and widening of privacy data collection policy spells more risk to privacy and more Meta empire harvesting our data. Ugh.,1
It’s very nice app for chatting and video call I love this,5
"This is one Sneaky Prik of an App that wants access to ALL your personal data. AVOID, you have been warned. This App is essentially giving YOU away",1
Facing lot of issue recently sending the file,1
My account has been hacked and I can’t seem to connect to my WhatsApp account unless I am connected to wifi!??,1
They’re changing their user agreement to start sharing your data with Facebook.,1
"I can never get the restore from iCloud to work.
Have lost so many messages",1
"When I updated last what’s version I can’t us my Ari pods for video call 
I can hear but other side can’t hear me",1
Increase messaging limits please,3
"Thank you, whats app is an amazing app",5
The app is not working on iOS 13... the app just shuts down when I want to go and check the message,1
"It’s great n easy to use
Love it",5
"All of my family has it and it’s really good. BUT, because I don’t have an iPhone, I can’t have it. This is outrageous and should change.     😡😤😠",1
Great to be in touch all  the time Thanks,4
Excellent,5
Really good and helpful,5
"Very poor call and video quality even when excellent wifi or cell reception. 

Other users can’t see my name.

Unable to delete messages sent accidentally.

Does not appear to offer 256 bit Encryption.

It’s appear our phone calls are hacked and monitored by third party.",1
Nice . Easy way to catch up with mates,5
Its been years now. Add Apple watch app.,4
We have so much fun with this App,5
Whatsapp isn’t connecting. Its the my 4g or the wifi thats the problem. Fix it fast. Please,1
"No AD's no delays , can't get any better",5
Love WhatsApp. Thank you,5
"People use your number from here and take over your phone, I don’t trust it.",1
"Oh not even what’s app can read your messages. Oh, except the government, yes the government can read them.",1
WhatsApp was just closing off abruptly when a video/audio was pressed to play.,1
Let us send HD images/video if we choose. It’s 2024 ffs…,2
Fortnite is better though,3
Very helpful,5
It’s also a good,5
I cant see my gfs status or friends,1
Very useful,5
Absolutely amazing app. I just love it❤️❤️,5
"Not clear and keeps cutting out, call freezes up",1
"Just read the privacy policy, why would you install this ?",1
5 star,5
Not liking the new update. Bring back log in time of contacts.,1
"Hi Whatsapp! 

I love your app! Can’t go a day without it! Now that I have a Apple Watch, it’s so frustrating I can access Whatsapp on the watch. 
There are so many users on Apple Watch, please create an app for the watch!!! 

Thanks!",3
Have had great problems trying to use this. Decided to remove it snd cannot get it to go from my phone.,1
Photos downloading to your phone are pretty annoying,1
"The new stickers, are they really necessary? They complicate the screen yet again & do nothing for functionality.",1
Awesome way of communicating,5
This app is 💩💩 when my sister put a message it automatically put swear words so you better do something about it 💩💩💩💩💩💩💩💩😡😡,1
"Please after the last update, all the msg doesn’t appear the sender name!  Could you please fix that. 
At least the Telegram keep work perfect even better! 

Tks!",1
Easy to use and very fast and effective,4
"Video call alert are not as good as on older versions 
Please fix it asap",1
Message always come many hours later!,1
Plays 1sec then stops screen goes black,1
Acccesable on iOS,5
Thks v much for such a useful and reliable service to the worldwide community! Pl keepi t going for ever. Thk u v v v much.,5
I do not want people to know they have seen me text,2
I can’t even send a text and this probably won’t get to you,1
Please fixed bug I can’t see other peoples status,1
Awesome app I love it the most 👍,5
statuses are the best part of whatsapp. it would be great if more features could be added such as music or polls etc,4
Great app and great phone calls,5
"IOS15 

1. unable to end phone call 

2. unable to switch from call to video call.

3. WhatsApp stop when open Facebook during phone call 
4. WhatsApp always freeze and top of the screen is gone.",1
Yes this app is really good telling me lots of informations. Thanks WhatsApp😀,5
Anything a talk about I see in ads on browser. Stop selling my data !!!!!!!,1
No cost and very effective.,4
It hangs a lot specially after uploading status.,2
Recommend,5
"I did my chat backup and then i reset my phone.
After restore i lost my data",1
Without a doubt the worst customer service I have ever experienced. I wouldn’t recommend them to my worst enemy.,1
Tried to update few times not working,1
This app is great for comms and works for everything.,4
Never mind it's working now. XD,5
PLEASE release the WhatsApp info on Theo Hayez phone. You are hindering the investigation by the New South Wales Police in this missing persons case. What if it was your child?,1
Refined look such as dark mode for example,2
After new update the app is crashing and I can’t open my messages,1
"App doesn’t work at all I get no msgs and they tell me it’s WiFi issue when all other apps work, terrible",1
Best app for free texting and calling,5
Ditto,5
App is playing up and I can’t delete it otherwise I’ll lose my data.,1
Recent ios 11 update has made sending whats app messages with a lot of delay..hav tried reinstalling ios and whats app but to no avail..,1
And when you changed the blue iPhone WhatsApp theme to green,1
Couldn’t make phone call.,1
What went wrong with this new update please ?? Please bring back old WhatsApp,1
Useful nice connect to families,5
Please fix the notifications bug.,1
Good app works well,5
Can u please add dark mode to WhatsApp,5
I have disabled auto download attachments but whatsapp is enabling it without raising a prompt. This is a breach of privacy policy,1
Everytime I open up WhatsApp it crashes 😒,1
I’ve tried to delete this app and after deleting from iCloud and my iPhone it STILL says it’s in the cloud...???????,1
Stop selling our data to Facebook switch to signal/telegram,1
Thanks for planning to share my data and invading my privacy come February. Deleting WhatsApp and switching to Signal app.,1
"Really hate it, only keep this idiot app for work purpose, annoying update",1
? It’s closed and won’t let me type. I’ve done all the normal things to fix it,1
Easy to use.,5
This needs to be shut down! Hackers are getting into everyone’s account 🤬🤬🤬wake up developers,1
"Far away you are. 
But always much closer when our likewise to sync. 
Never love to mar. 
When the WhatsApp to link. 

* * *
GD",5
Great way to communicate,5
Keeps sending notices,3
Suddenly the contacts name have disappeared in the notifications.,1
Whatsapp network constantly down.,1
I can’t download stickers and crashs the app,3
I keep getting a call that I can’t even answer. It’s really annoying.,1
It’s not very user friendly,2
"Impossible to sync IOS Contact with WhatsApp
Spend hours to find solution",1
I can’t see Any Status Video on my Mobile data please Fit it…!!,1
I love your rap thank you app!!!!,5
"Crackling sound, call breaks up, otherwise happy",1
Pls check the status uploading issue,1
"Been with WhatsApp since the start

Then they sold out to Facebook

Now with the data sharing/mining/geolocation it’s wrecked.

Sorry, this isn’t a trusted privacy oriented app. Instead a messaging and tracking app.

I think you will find millions of people agree hence the mass exodus. 

Hope it was worth it.",1
Please read the new privacy policy of the new update. Do not do it and use another app like Signal or Telegram.,1
"When i open whats app its just come and goes ,its hangs too much and sure its not my phone fault....",1
Nice app works well,5
Whatsap is a really good app to communicate with people,5
love it keep in contact with friends all over the world and great to use when travelling,5
Don’t ever update this app because it will spam your iPhone and mess everything up. I had to get my phone fixed because of it. 😢😢,1
"Awesome ...
words just can’t explain 
👍👍👍👍👍",5
"Love it, easy to use😀",5
"Superb app and clear to talk, thanks a lot",5
Sigma,5
Since update I can no longer see who has contacted me on WA just says “message” please fix,1
Landscape and portrait orientation issue,4
*Please remove gif picture search thats not appropriate for children.*,1
Got a scam call before using the spo,4
I got banned for no reason it is a bad app and if you don’t download if I will give you v-bucks,1
Customise sticker tab keep crashing,2
WhatsApp is good to chat on,5
Best social media,5
All good thanks,5
Top of screen cut out in iPhone 12. Can’t watch time on notch.,1
I love it thanks for it,5
Please restore the option to send a gif in the add photos option.,1
Can hfcyou find another’s c,5
"I also cannot recieve notifications untill opening the app. Plz fix this ASAP,",1
What’s app is wonderful,5
"Sunce this update, Whatsapp calls can’t be connected and kept reconnecting",1
Who else is here cause of momo,5
"What’s going on with this app, I can’t delete chats anymore.

Can the developer plz fix this situation.",1
My A1387 doesn't open the app anymore. Please keep older phones supported.,1
Very good app...,5
Find it difficult to add new contacts?,3
The WhatsApp is really good,5
"This is best app of all time 

Thanks whatsapp",5
I did not know it was that great.,5
It’s brilliant but I wish there were cute emojis like what Line has :’),3
If the update free why while am updating the app .. the app ask me to put my card details!?,1
Great app and great service,5
Where is my old message i backed it up,1
"Doubt anyone will see if you do DO NOT GET THEY SELL YOUR INFORMATION AND NUMBER TO 3rd world countries, first time was to India then the Congo (Africa) and they call you and their pfp is some stock imagine white office lady",1
I’m loving whatsApp,5
Im trying to get my son to get whatsapp but its not even COMPATIBLE?!? Please atleast add whatsapp to ipad its the least you could do,1
Without any reason whatsaapp banned my account . I’ll give it zero rating,1
It says network problems when I don’t have any,1
This thing it’s not working,1
Now they can share your pictures and your name also the IP for their ad,1
My iPhone got hacked and apart from email correspondence there is no way to contact Whattsapp. I am unable to upload and restart the app,1
Awesome app but won’t let me in and it says pay for the app but when I go to the App Store it’s open,1
It’s good that u can msg and call people from overseas but could be better with the “read” sign,1
Fantastic,5
Their is always a room to improve customer service and quality,1
Very good,5
pls make a emoji button to it thank you,4
"I love this app but when's an app coming to Apple iPad, Watch & Mac?",3
I can’t see any notifications for incoming video call .i can hear only ringtone . Pl check,1
Can't working well and worst customer service.,1
"App looks overall good in iPhone X but if the image attachments are to wide it goes behind the notch hiding content. 
App needs update to fix it.",1
Love WhatsApp,5
"What’s App is AMAZING … it has changed my life!!! Gee

Gee (Gerald) Ryan

Melbourne, Australia",5
"I got hacked and I asked for help to get back into my acc and  they didn’t help me. 
If a staff member could help that would be great tho",1
A recurring issue and I can’t add people to the group,1
Terrible communication. Hard to navigate. So confusing with so many unnecessary steps.,1
Please don’t take my data,1
"My WhatsApp turned green , this looks so odd , please bring back old blue theme back",1
Very bad service as I didn’t get reply after I sent my query,1
I am unable to see my friends’ status,1
Amazing love it way writing,5
Country need help in war and whatsapp disconnect the whole country shame on you,1
"What a dumb mechanism, I missed very important message",1
Low quality,1
"WhatsApp, Facebook and Instagram are down, very unprofessional from companies that are operating at a huge scale",1
Hello I am very happy with watsup.👍👌,5
As per the title,1
Not happy as I can only forward to five people at one time. Pls fix this,2
"It’s average, sometimes works. Signal and Telegram are much better. Plus you have fascist reading your messages",1
Whatsapp needs to create a dark mode setting. Thanks,2
Fail. Boots us to App Store to pay to use then opens and boots out again. Urgent fix needed.,1
Great :-)great nice experience,5
"Please I need to send not than 5 sms for a time , please consider my Suggestion, Thank you Milan",3
"Despite going through all the settings, caller can’t hear me ! Very frustrating !!",1
Poor connections tonight.,3
Please work effectively and smartly on restore back up.,3
I can’t write a review yet because I just got the app!,3
It is great I can search chats.,5
Loved the easy access and clarity. Brilliant system.,4
Seriously? What’s the matter this time around??,1
"I can’t get back to WhatsApp without the privacy , I don’t need privacy.",1
This new update is annoying,1
"This app has stolen so many peoples id, have allowed hackers in needs much better security",1
I can’t put a status while using,1
Its a great app but i got banned spamming althought i never spam and its charging me like seriously its a app,2
Great app easy to use,5
"Sharing my phone numbers, IP address and payment info with Facebook is not acceptable.",1
App keeps exiting every time I open it. Usually pretty good,2
"Don’t waste your time downloading WhatsApp, you cannot call anymore it’s only a messaging app.",1
Not good audio for video keeps cutting out,3
Hi i bought Iphone X .. since i updated new version i am not able to make call or recieve it .. I recieve Call failed sign,1
Please don’t the AI into my WhatsApp,5
Night Britan Got Talent Show Musical Sean Skeels Taylor Swift Togthers Shake it Off Magic  💕💕💕,5
Good products,5
Excellent technology for communication. Merci.,5
Please make this compatible with older iPhones.,1
Give us an option to remove all channels!!!!!,1
Banned my number without reason. That was very important account for me. Now whatsapp not unban my numbee,1
i think whatsapp black or gray version is more attactive,5
Title says it all,4
Won’t download to my iphone6 and my existing software rev won’t open the app 🤷‍♂️,1
It’s a new experience to me,5
there's no ability to hide my last seen per contact and also no way to turn the app from showing online,1
You don’t have the right to know my information,1
Please in app sticker support like wechat!!!!,4
Easy to use,5
For group chats it’s the best,5
although app  itself is cool but a dark interface would be nice,4
So good to help keep in touch with overseas friends,4
Very good app no problems,5
It is fine,5
One of the best app ever ... simply the best,5
"Knows just when to conveniently interrupt

1 - ask me to update my profile continually 
2 - ask for a rating",1
After 7.24 update I can't use my what's app very strange!!,1
It took my mobile data away when the home internet was on!,1
"developerss should fix this

two users in iphone
both have enabled online visibility
but can only see typing 

seems to be a bug for iphone n whatsap",5
"That stupid AI button is so annoying, at least have fictionally to toggle it off.",1
Very poor security as there is no contact no to bot to chat with,1
I receive a heap of rando sign ups,1
Where is the widget gone?!?!?! Literally my most used accessory!! Please sort it out WhatsApp!!,1
It keeps saying connecting it’s so annoying,1
Lots of spam calls,2
Review in the title,5
Super intrusive app for gullible people.  Was forced to use it but now I don’t have to. Have deleted this cancer.,1
"It does not have the Dark Mode option, it is not good at all",1
My whatsapp is not connecting to ndtwork whats the issue,1
"Harvests your contacts, social graph, location etc to Facebook.",1
They need to withdraw their discriminate policies. Such A shameful act they are taking advantage of their own users by using their personal data.,1
Why does WhatsApp/Facebook néed our phone numbers for? You guys are failing democracy. The democracy that allowed you to prosper. Signal here I come.,1
Frustrating experience,1
One star because you keep asking me to review the app - I wouldn't use it if I didn't like it..,1
Everyday using app.,5
Thanks all sorted,5
Very nice app recommend to everyone cheers,5
I hardly use it since you reduced the forwarded messages to five,1
Very easy to use,5
Best ever app in every measurable aspect,5
Can you stop photos going into my album I just want them to stay on the app,1
How is it possible to make a simple app worse? Yet they manage to,1
No Privacy what a fallacy. App does not delete. App steals security and log in codes from being received on phone. APP IS A COMPLETE FARCICAL LOAD OF BS.,1
Lost all my chats. How can I recover them,4
I like WhatsApp but I can’t use it because the app won’t update.,1
i just bought an iphone 14 and the fact that i can’t save a single contact on whatsapp drives me crazy:(. there are no options such as add or save contact 😤 what in the world!!! please do something asap!!!,1
"Why when I send videos, seems like with pixels? I have an iPhone 14",2
Keeps cutting,1
Most stupidest this I’ve ever had to deal with for a kids football game,1
Good app easy to use,5
"Unfair terms and conditions - want to force everyone to accept them 

Owned by fb who blatantly support injustice of Israel towards Gaza",1
She knew different fhgcgtjovu,5
"Fine except being forced to update the app, I was very happy until then.",1
"After updating, it doesn’t work anymore!",1
"WhatsApp is good for my everyday motivation 
Thanks",5
"I keep getting people contacting me who I don’t know, never met them so feeling annoyed at this invasion of my privacy",1
Great for family group chats,4
Only works with wifi,1
Make an apple watch version please.,4
I can’t submit it says « your phone number is too long for Australia « but it’s m’y real phone number,1
Love the app love how it’s clear and connects well 👍,5
Great for collaborating,5
Good,5
"No watch app? Would be great if there was a companion Apple Watch App.
Apart from that it’s the best messaging app I’ve used.",1
"Please remove gif pictures search that’s not appropriate, especially for children.",1
"Terribly lags if we open it anyhow on ios18 since the update, please fix it",1
I fR love status,5
It is amazing,5
To many scams trying to get money out of people,1
I’m scared to reinstall I’m case I lose all my chat history. Help please!!!,1
0&,1
Continously crashing despite reinstall,1
Mark knows everything,1
Best feature (privacy) is going soon. Moving to Signal.,1
Excellent App . Very useful.,5
my profile picture hasn’t been working for the past months and i tried restarting everything and trying to update whatsapp but whatsapp doesn’t need updating so i’m really annoyed,1
"Good - contracts and groups transferred ok

Chat sessions didn’t...",3
I lost all my chat backups,3
"Same as Instagram, WhatsApp has no iPad support. Very disappointing with a company of this size.",2
I love it thank you,5
"I like dark mode on social media apps but the colours chosen look so bad, why would you use dark green?",1
WhatsApp has massive problems in CarPlay.,2
We need it on iPad,5
Excellent communication application.,5
I love the optimisation in my iPhone,5
Lousy app hard to use hard to make contact a lot of the time it does not work,1
New version rocks,5
"Please fix wallpaper disappearing with every single update.

Thanks",1
hallo whatsapp  i waiting u over on apple watch,5
Very reasonable prices delivery excellent!,5
Sits there spinning trying to connect,1
"no scammers, safe for teenagers and well made.",4
"App, closing in few seconds",1
I have deleted Whatsapp due to its involvement with surveillance culture and ultimate complicity in genocide through sharing data that assisted the AI targeting of families.,1
AI is available on WhatsApp Australia or not yet?,5
amazing,5
Plz add turban in avatars. I also wanna create one,4
Iranian people can not access the app during the critical time.,1
"You can delete or remove yourself from the app
Untrustworthy",1
"I can’t get what’s up.
Trying - and nothing !!
What are you doing?",1
I can’t see WhatsApp on phone wall ???,1
"what a stupid app, always turned off when i didn’t close the app, cant receive calls or message. and the person who called me showed ‘with another call’",1
Don’t like the update due privacy issues so will be leaving ASAP,1
Highly disappointed with WhatsApp new policies.,1
"hard to find contacts
and it has poor connectivity",2
Well it’s all in the title,5
"Dear Whatsapp team. How are you? I hope you are well.

Today, I can’t send photos or update photo story. What happens? But I can send text messages.

I live in Indonesia.

Thanks.",3
Very good,5
As stated above.,4
Great app but needs iPad support,4
"Great, easy to use. Great for group chats!",5
"When clicked on back arrow < at the top, it scrolls msgs instead. Too many times, opens images accidentally. They should optimise the GUI",1
best app for contacting home from overseas and it’s free what more could you ask for,5
Awesome service,5
Connecting families together,5
I can’t make or receive audio or video calls.,1
Why is there a need of payment,1
Good service,5
i accidentally exited a group but i would like to reactivate... but how?,5
"Where is Search Bar ? 
It just gone !!!",1
More and more scam from this application. I am highly concerned about the cyber security of this application.,1
It is a app for all age to talk and share,3
Moving away from WhatsApp due to latest policy changes.,1
Don’t like the new changes to privacy policy,1
Please someone reply,2
"Whatever you do, DON’T ACTIVATE Face ID.  
Once you deactivate it WhatsApp plays up big time. Keeps asking for your Face ID, which it then rejects. 
Major flaw",1
Recommend it,4
How to disconnect my whatsapp from facebook please?,1
That is all.,3
Nice apps thanks this kind of apps,4
All perfect,5
When i use video/voice call receiver cannot hear me.,1
Love the app but it would be nice if there is a passcode for the app.,4
Really annoying to start a new conversation,1
I love this app,5
It’s just become another platform for bigots to chat and share illegal material,1
Absolute perfection,5
Amazing great,5
Whatsapp is amazing I love this app!,5
App is crashing upon opening on iOS 15.2,1
New interface is not user friendly . Uncomfortable,1
Delete your account and use Signal or Telegram,1
Good for sending messages,4
The Whatsapp app crashes constantly on my iPhone 11 pro,1
Give freedom of not updating. Otherwise considering changing other app.,1
Good app thanks,5
I hate that i can no longer forward mms to more than 5 people at a time,1
I’m using whatsapp from Sydney still restricting to send only 5 friends. Earlier it was 20,1
Really good,5
Such a convenience,5
Please enable touch id or face id,4
Time to integrate on Apple Watch messaging.,3
why does posting a video on statuses cause a drop in the quality of the video?,2
"Now WhatsApp doesn’t have a widget, really bad update",1
Very good app,5
Sometimes full bugs😣,1
Hi I noticed that few times I am unable to see my friend’s status.,1
I can’t agree with your policy to allow trump on your platform. Bad decision.,1
"Spammers use this to get money off you; we’ll attempt, stupid app really",1
Ugly UI. Not enough features. Full of scammers. Needs a lot of work. Do better Zuccker,1
Top left key isn’t working,1
New update get fu$&@d up with incoming calls,1
Excellent app. I love using it.,5
Missed audio call ...its showing wrong date 1 January 1970,1
Too slow compared to facetime,1
"After update app still can’t see photo 
And My system is iso 12.1.4",1
Morro it up,4
"love this app because of this i can see my kids, nears and dears ❤️❤️",4
No privacy.,1
"Why can’t I get what’s app on my iPad as this 
Would be a great on iPad ??",2
It’s meta of course you can’t trust it with you phone number. Duh!,1
When is ready dark mode??,2
Why does it need your bank details,1
App continue crashing,1
Congratulations for fantastic operation,5
My son likes it too. Dad,4
Now what’sapp video call is look like FaceTime long camera looking its ridiculous. Im really disappointed!!!!!l,1
No one will help,2
Love it so much fun,5
What's up the best,5
Been trying to get this app working and all is saying is that what’s app is temp unavailable.,1
Discord IS better BUT this is still good,3
Easy to follow,5
This app is collecting and seeking your data and conversations to the highest bidders. Do not use this app!!,1
This is great to talk to my friends in rncripted messag,5
Great platform,5
It does stuff like it says.,5
Disconnects a call around 5 mins everytime. Why??,1
"Hi I’m back. With another app review. This app is something that I personally use to connect with all of my friends and family. 

💕WhatsApp💕:
⭐️WhatsApp is a great place for connecting with other people that are distant to you and people who you are not currently spending time with. 
⭐️The status portion on the app creates a way to share what you are doing to all of your contacts. My only critique for this portion of the app is that I wish it had more, funny filters, pretty filters, music overlays, so that it would better compare against other apps that people would be using instead of WhatsApp (such as Instagram, TikTok or Snapchat).

⭐️The calls on WhatsApp are good and have reliable connectivity. 

⭐️ For the camera portion of the app, again, I wish that the camera had funny filters, pretty filters and music overlays. This would make it so much better for me. 

⭐️The messages portion of the app is pretty good. I like that you can delete messages on your end and the other person’s end before they’ve seen it. I like that you can see if the massage has delivered and been read. I LOVE the fact that you can change your chat backgrounds. You can have group chats on WhatsApp too. This is a great option for people in sporting teams, family members, people working on a school or work projects together or some friends who want to talk. 

❓So back to our question earlier:❓ WhatsApp. To get it or not to get it? 

I think that’s totally up to you but I personally think that this app is very good. The only thing that I really think needs improving is the  status portion of the app. 

I really hope the status portion of the app gets an upgrade because it’s laCkYinG

Anyway that’s all from me today. 
I’ll have another review tomorrow.",4
Friends use it,4
I’m going to leave whatapp soon so here is the parting gift .,1
How can I get old messages,1
Love his app,5
Hi every body,5
Whatsapp is the best!,5
Need to be fixed ASAP.,1
"Every few second my contact is disappearing 
It wasn’t like that before",1
Too hard to use,1
"Very good app 
I’m very happy with it.",5
What’s app is amazing,5
Thank you,5
Have contacted whatsapp support many times and no reply. Corrective keyboard does not work on new iPhone.,1
We are in Koh Samui phone reception terrible,3
Good,5
I haven’t even downloaded it yet.,1
Good morning,5
Can’t find an option to remove this new green theme,1
Thanks for a great app guys 👍🙏👍,5
Lots of bugs,1
The what’s up is not working,2
If you think World will stop - Then You are the most stupid on this earth💥,1
I use this amazing app all the time I love it!!!!;),5
Can’t use my app as wen I tap on it to open then go to type it closes,1
How come I can only send to 1 person b4 was 30 then 20 then 5 now 1,1
"Excellent app, best out there.",5
Keeps me in touch.,4
Was good but now I can’t download on to my new phone.,2
Hi miley can you come write review honeytomcatts,5
"Boomers ~sonic booms or are they car doors and tail gates boomers in Walker St’ ,are they doin’ it gailey or are they walker street doowiffs ?",3
Hang too much,1
I got a virus form a mysterious caller and then WhatsApp didn’t do anything about it!,1
Won’t let me add contacts,1
How the heck do you add anything to this garbage. This is next to useless!,1
Once a good app now rubbish because of the new privacy policies,1
If there are options to recall the msg would be great,3
The app keep returning to home screen. So annoying! Can’t really use it on iOS 13.3 iPhone 6s.,1
That’s good as it is,5
"Stable, thanks heaps",5
Required too much bandwidth.,1
When will have some changes in the design?????,1
Please make an Apple Watch companion app,4
Amazing!,5
I love !,2
Too much spam and WhatsApp don’t care,1
Very useful,5
Well done..👍🏼,5
"Omg what a boring show, no sense or humour to it all 😫
Yuk yuk",5
No instructions  how to use,1
"I don’t agree the new réglementation!!!!!
I move on signal less commercial 
Thx Facebook 💪",1
The app does not open after update,1
While Voice call and video call voice disconnect alot,1
"I can't open or upgrade the app on iPhone 5s. No longer supported 
😱😭😭😭😭😭",1
"Is there an iPad version? If not, can you use the iPhone version on your iPad?",1
No mention of this in the update version history ???,1
Brilliant service,5
Absolutely brilliant,5
Hello my Whatsapp have problem. I am moving to Korea in February.,1
WeChat is more convenient,2
I want it back to blue. It’s hideous.,1
You killed the widget which made the app easy to use.,1
Why is WhatsApp not on iPad yet? When is it coming?,1
Needs auto translate functions,1
Selling our info to third parties,1
I had a very bad experience with WhatsApp,1
"Very good app
Thanks",5
Used it for years ! 👍🏽,5
Use Signal or Threema instead.,1
Will not update to connect to Facebook,1
I will use telegram and you will be the next ICQ,1
This platform is being used by scammers and WhatsApp is doing nothing to address it.,1
🙏🏼🙏🏼🙏🏼🙏🏼🙏🏼🙏🏼,3
Please fix the crashing,1
Great for talking on photos,5
"Was working very good 
Suddenly 
My what’s app stop showing notification when phone is locked 

When I open what’s app 
Then only shows me all the notifications",1
A True Revolution indeed .,5
Seriously no dark mode after iOS 13?,1
Very goos apps,5
Make it more fun and colourful 😊,5
Doesn’t support iPad.,1
Latest update has made Whatsapp crash continually....a disaster,1
Good but too many bots messaging,3
"Make AI optional, please allow users to disable AI, it has nothing to do in a chat app",1
my screen keeps freezing as i enter a chat so i cannot right a message or download any photos sent to me,1
I can’t post why!! It saying pending,1
"Love WhatsApp never fails 
Lovey ugly sine",5
Audio messages aren’t working!!!!,1
Changes to privacy policy and data mining of contacts is of grave concern,1
"Shares private data with Facebook
Avoid",1
Keep it up man,5
"No point installing this app if it’s not going to work on the iPad, come on guys",1
Good,5
Whatsapp is so good,5
Fast review and reception,5
Will listen to your conversations,1
I’m bored because no one wants to talk to me,1
Make a separate app if you have to,1
"Beware !
Period! 
If you chat with someone on Facebook or messenger and they suggest what’s app for privacy nooooooooooooo
Avoid!",1
App getting crashed after using it for 2-3 minutes bad update,1
Shocking app,1
New privacy policy is horrible and not trustworthy,1
I love this app,5
I don't like being made to update,1
Been a great app til I updated iOS; now my feiends can hardly hear me :(,1
Moving to Red Book,1
Hi I love the app but it is not a good app to call,5
No way to turn off the AI forced into the app!,1
I restored my whatsapp and half of my chats got deleted,1
there is a bug when you listen music with the airpods the music stop when you open the app. new ios,1
Free app?,1
Very backwards & very basic.,3
I’m out.,1
We had a good run but due to the new policy I’ve moved on and deleted the app.,1
Compared to other social media apps for chatting like telegram whatsapp is very weak.,1
I really like,5
The best social app ever,5
It is an awesome app,5
Since done what’s app update not working,1
You can’t send more than five vids it used to be more now not cool dame you dame you all to hell,1
What’s ap is amazing,5
Please use bots to stop spams and fake message’s being forwarded around.,1
"I put my number in and no email! I've waited days, yes, full on dayzzzz! Please send me one if you can.",1
Very good app,5
Ok as far as it goes. Needs an iPad app.,3
I can’t. Get on the app,3
Good stuff,5
i updated the app and now i am unable to open the app. it keeps exiting the app. helppp pls.,2
Good for texting,5
Please bring to ipad as well,1
I’m the best you can get. Have you guessed me yet?,1
Awesome so I can catchup with friend and family easily,3
"Add dark mode, or even themes",4
Works well,4
Thanks for a great app!,5
That they want you to download you contacts; Facebook style intrusive badness,1
Amazing,5
Very useful,5
"Like the app, very helpful",4
Virus in your software ew,1
Thanks,5
"Just a great app ,",4
Whatsapp suara jadi bertindan ketika slide status whatsapp yang baru,1
"Please I want’s add in my whatsapp heart hand different types of emoji’s. 
So please I will be expecting update.",1
I love what’s app it’s amazing app !!,5
What’s app is crashing in iPhone XR pls fix it,1
This app is great fir communicating with overseas buyers!,5
"To stop Suckaberg farming your data, go to signal or telegram.",1
Im definitely uninstalling this app,1
I have an iPod touch and I cannot even download the app what is going on,1
So good,5
I love this app,5
Plz make to status download,1
Love your casino! Woo hoo!,5
This is good,5
Hi it keeps telling me to restart iPhone as the WhatsApp app keep crashing.,1
Don’t allow your data to be stolen! Report this app,1
Love this app coz it’s encrypted,5
"Hi 
My WhatsApp ringtone is not working 
Can you please suggest",1
It is very good to use,5
This new update looks dirty and old.,2
App is crashing on iPhone 11,2
Terrible. Conversation kept blocking in and out.,2
Good,5
A friends account Recently got hacked.,2
Backup on new device dosent work,1
Meta ai I love you,5
Idk what to write 😂,5
This update is vary bad old update is vary nice,2
"Not safe, tapped stolen my data",1
"I like it, it’s smells good",4
It’s the best ever woo hoo! Thanks,5
It keeps on exiting by itself,1
Hi great app,5
Thanks it’s great,5
Amazing love this app,5
Amazing app,5
just updated my whatsapp and it won’t connect!! i checked my internet but it’s working fine on my other apps. please fix this :(,1
It’s Alright pretty decent,2
It a mind blowing app,5
Hanging up too much,2
Seriously ?,2
The best ever,5
it was ok quality voice was ok aswell just need little more adjustments,4
The end,5
Least preferred messaging app. Compare it withOTHER  ones. What does it have to offer? NOTHING,1
ithis app is so great qnd really makes life easier love you guys ❤️❤️❤️❤️❤️❤️,5
Very good,5
What’s app used all round the world public data,1
Handy way to communicate,5
Love this app but I’d rather have my data harvested by xhs,1
the app keeps on crashing on my i13pm. and i still have plenty of storages,1
dark mode,5
Great App!,5
Drops out drops back drops out again,1
Unnecessary notifications,2
Needs to be streamlined,2
"I like turtles, they are so funny and smart",5
Giving one star due to new privacy policies,1
Great for overseas texting.,5
It is good for chatting,5
"Come on, give us a chance.",1
👎 Some non sense additions to WhatsApp 👎,1
i can no longer use this app,1
It’s really awesome,4
"Hi 

What’s app is making very loud beep just before the call connects in my ear, the ringing is fine",1
Good great,5
I can’t get in,1
It’s not good app it’s damaging the society,3
10 out of 10,5
Great vibes here👋,5
Love WhatsApp.,4
Love it but it kills my battery,3
for various reasons this app makes you spend more time than the same telegram or discord.,1
Nobody asked for Meta AI in WhatsApp! At least let us turn it off.,1
Keeps forcing new privacy policy every new update.... SCAM! Horroble experement !!!!,1
Love it.!!!!!,5
Thanks,5
When GPT is coming,1
Easy peasy,5
Facebook privacy concerns,1
What’s app keeps crash on iPhone 8 ios13,1
8/10,5
Thanks whats App,5
Why is there no app for the Apple watch.,1
Worst customer support,1
Great app,5
Microphone is not working,4
My what app is not working,1
"Blocking Palestinians Journalists from Al Jazeera and the AFP news agency, based in occupied East Jerusalem, the West Bank and besieged Gaza Strip.",1
i  m really fedup from last couple  of  days  i m trying to attach my airpod  when  i got  video call but it  unsucessfull,1
Surely it doesn’t take that long to implement darkmode? Cmon already,1
please add the dark mode and improve the app ....,4
BRING BACK BADGES ON MUTED CHATS!!! At least have it as a setting to remove completely is horrendous.,1
You really need to add GIF’s,4
Last update deleted all chats and data😡,1
I cant get it to work. My fault I am sure with my iPhone settings!!!!,1
pls change it back to blue,2
Moved to Signal cause I don’t trust the Facebook “family”,1
It’s good for talking to my girlfriend,4
Service was very very nice,5
Whatsapp Won’t let you download and is sooo slow!!!!!,1
All good guys,5
Very good,5
u guys doin good job,5
Good service,4
It’s a slay from ma,5
So many spam messages,1
Where do I start,1
Love this ❤️,5
Handy,5
I can’t see whatsap storys,1
Love it,4
Sartre,1
It was good 👍👍👍👍👍,5
NIGHT MODE FOR 5,4
I think it it’s stupid that u let people didn’t,1
So far So Good,2
Thanks,5
No privacy with Whats app.,2
Love this app 🥂,5
will you please add dark mode .,4
It works,5
Really good,5
Rubbish,1
A fantastic tool amazing,4
👍🏼👍🏼,5
I just got 17 spam corrupting messages! This is supposed to be a secure site????,1
No option to disable meta AI. Forcing it on users. Thank you zuck,1
Anyone else’s app not working?,1
Crashes and does not work on ios 13.1.2!,1
My friends are relying on this app while os,3
The quality is so poor. It’s good but glitchy. It’s amazing.,1
Why can we not use this on iPad,1
Only ok,5
Very good🥇🤙👍🏻,5
Stupid app always update,1
Always awesome.,4
Wery good im so hapy.  Thanks a lot,5
Easy to use and full of scammers,1
"Very unclear, lots of background noises, echoes",1
"terrible, always crashing- painfully so.",1
No view count showing,1
Ok so far 😉,5
Seamless and instant communication...,4
One of the best app for communication,3
Great on synthetic grass. Wicked leftie serve,5
"Watsapps the best , foorgeett the rest",5
Great for 80% of dealers,5
I dunno what this app is called. Like seriously What’s the app??????,1
Très bonne application 👍,5
Greatest,5
Why? Whyyyyyy no function???? Ugh 😩,1
IRANIAN USERS CANNOT ACCESS THEIR MESSACES AND USE THE APP FOR COMMUNICATION DURING CRITICAL TIME OF PROTESTS. IRANIAN-BASED PHONE NUMBERS OF THOSE WHO LIVE OUTSIDE IRAN HAVE ALSO EXPRIENCED THE SAME BLOCKAGE ON WHATSAPP. THIS MEANS THE ISSUE WAS CAUSED BY THE COMPANY AS WELL AS THE IRANIAN GOVEENMENT. WE WILL NOT FORGET THE TIME WHERE YOUR APPLICATION WAS NEEDED THE MOST AND YOU DECIDED TO BAN THOSE WHO WERE IN DESPERATE NEED. SHAME ON YOU!,1
As what’s app blocked Press people were working in Gaza Strip,1
What’s app is encouraging racism as there is a emoji of hand and it is showing the various skin tone color of hand.,1
L I’ve ot,5
Loving this app.,5
It’s really good,3
Good service,5
need to maintainance aspecially capabilities in taking photo,2
Hi thanks,5
Jheututjri,1
The worst application ever,1
when i start whatsapp it is close immedately,1
My messages are hacked on a daily basis,1
No glitches and no snitches. Good chat Lasssss koooooo,5
"ZxfSrs e the tyb FYI sctG
4566dyyydt;4,thats ryr",5
Bella questa App,5
"love this app amazing 
u can text and talk worldwide",5
Very good.,5
Violates your privacy,1
"Facebook gone, now whatsapp.",1
What a joke the new policy is.,1
Very good,3
Excellent App,5
Censoring,1
This app is a pretty cool and useable. Good job,4
People can steal your identity here and there is no security,1
I really like it,3
There isn’t any app for Apple Watch!,1
Add something like streaks on snapchat......,3
What’s up mate? WHAT’S APP! That’s what.,5
5 stars,5
Cool app love it,5
Explanation- iss ladke ka naam tejpal bhonsle hai iski unar 17 saal hai yeh ek din apne dost ke ghar jaa raha tha raste me isko ek budha uncle mila wo uncle latring ker raha tha tabhi uss uncle ko gussa aya uss uncle iske muh pe latring fek di tabhi ladke ki maut ho gyi,1
Just do it agein it is good,5
Can’t crop or draw now,1
I suggest trying Singal.,1
It’s good,4
We need gifs,2
Why don’t you hopeless spanners provide an app for iPad & tablets?,1
Totally dude,5
and free no ads,5
Very good,5
Very good,5
That’s super cool,5
Sensational,5
Enjoy 😊,1
Useful in a Sticky Spot,5
Get on it,5
IRANIAN USERS CANNOT ACCESS THEIR MESSACES AND USE THE APP FOR COMMUNICATION DURING CRITICAL TIME OF PROTESTS. IRANIAN-BASED PHONE NUMBERS OF THOSE WHO LIVE OUTSIDE IRAN HAVE ALSO EXPRIENCED THE SAME BLOCKAGE ON WHATSAPP. THIS MEANS THE ISSUE WAS CAUSED BYTHE COMPANY AS WELL AS THE IRANIAN COVEENMENT. WE WILL NOT FORGET THE TIME WHERE YOUR APPLICATION WAS NEEDED THE MOST AND YOU DECIDED TO BAN THOSE WHO WERE IN DESPERATE NEED. SHAME ON YOU!,1
This software is an internal agreement between Mark Monsterberg and Government for spy for money,1
"It’s owned by Facebook, no need to say more",1
Where is the watch app?,1
It’s wonderful app!,4
Great conversation app,5
Useless app totally useless,1
Very good,5
"Meta’s practices in relation to their AI disgust me, and there’s no way to opt out of it.",1
"The headline mentions secure, yet there is zero information provided...?",1
Does not work,1
Video clarity not good,3
Perfect,5
"WARNING  possible DANGER 
Hackers operating on what’s app
What’s app Owned and operated by Russian government",1
Not accurate.,1
It’s awesome ThankYou,5
"1 star JUST TO GET YOUR ATTENTION. 
WHEN does the feature come in that automatically TEANSLATES messages. It’ll save me a continual copy and paste into GOOGLE TRANSLATE. 
Surly this is a must.

🤘
Cheers,",1
This app is brilliant,5
Best secure app ever,5
WhatsApp is the best,5
pretty good app but the avatars are questionable,4
Love the app for connecting. Hate that it’s owned by Meta.,1
Yes,5
Great app,5
awesome app,5
Love the clarity,5
Very good,5
"Nise, very beautiful 😌❤️",5
alot of work neended to do on story’s picture quality....👎🏻,1
i do not listen my friend status volume,1
Great App,5
Just a waste of your time,1
Awesome app,5
Whatsapp is da best!!!,5
Fix storage,1
Send,5
Good enough,5
Is never a good idea,1
Awesome app,5
Good app for messaging🤗,4
said my phone number is invalid,1
Typical “passion fingers” of Facebook have finger fudged and licked this,1
"I have received a message on whatapp that is part of an ongoing harassment. In a separate incident, I also received messages that were sexual harassment (a man I didn’t know asking me for photos of my naked body). 

Both times I reported it to WhatsApp straight away. 

The first time it happened I then tried to reported it to the group the man tried to get my number from to get him removed from the group. The group asked for evidence, and I couldn’t find the messages. 

The second time it happened, I needed to take a screen shot to get the person prosecuted with local authorities. And I couldn’t find the message. 

I have since realised whatsapp must delete messages if you report the person. The moral of the story? Don’t report to WhatsApp because nothing happens from their end and you’ll lose the messages.

I’m guessing that WhatsApp will say they do it for your safety, but the truth is they don’t want people to have screen shots of bad messages sent on their platform. It doesn’t make me safer not being able to report the messages to the group or to the police. 

I contacted WhatsApp with a polite message requesting access to the message I received so I could report it to local authorities. The WhatsApp support was so unhelpful I was flabbergasted. 

I think this is a really dangerous feature and users should be made very aware of it in case it happens to them. It’s happened to me twice now and I’m just a normal nice person, so I think it’s a pretty common occurrence.",1
Wastage of time,1
"This is due to your new policy and 
Hand shake with Ambani",1
Great,5
"That’s all i got on video call. Reconnecting, reconnectiong and reconnecting",1
God bless,5
Aaa,5
This one star is for you are supporting Israeli Government (Butchers) in your AI generator,1
I love it.,5
Thanks,3
Great service,5
"Please  give a passcode for whatsapp in iphone ,",1
Yes Marcelle eiszele,3
"Dear WhatsApp, I would like to have a little chit chat to your manager…WHAT IN THE HELL ARE THE STRANGER THINGS STICKERS 👹👹 WHAT HAVE YOU DONE TO MY LIVE EL AND MY BESTIES BOYFRIEND STEVE?!?!",1
Where is the Apple Watch app like messenger 👎👎👎👎👎,1
Very good,5
Still no Apple Watch companion app? :(,1
Excellent,5
Amazing,5
Don’t trust,1
Bad app btw I came from tik tok,1
Seriously how is there not a iwatch app on this,1
Amazing,5
This app is 👍,5
Very nice,5
This app is amazing,5
App,5
This is good,5
Great app 👍,5
"Nothing is FREE in this world, So the WhatsApp.

SANDES or Telegram, just use ‘em!",2
Roofing,5
Excellent,5
"iOS 16.2

Stuck at “preparing”",1
The best service is telegram,1
Good,5
See ya,1
51 Border Dr Deepdale WA 6532,5
Awesome,5
Very goodly,5
Maza Agya,5
It is amazing,5
Great app,5
💩!,5
Good,5
It’s a really cool app,5
Great,5
"Very bad very very bad
-gen z rocks",1
Terrible app terrible company,1
Ben memnunum,5
Bad,1
Good apps,5
Very good app ❤️❤️❤️,5
This app is great!,4
Why is there no iPad support,1
Great App,5
WHATSAPP THE APP IS AMAZING BUT PLS LET US CHANGE THE COLOUR OF THE CHAT BUBBLE THE GREEN IS SO UGLY thank you 🌷,5
It’s good,5
Don’t showing meta ai,3
"I purchased this app for educational reasons, NOT MY LIKING. BUT VARIOUS WOMEN KEEP SENDING ME THEIR NUDES. I HAPPEN TO VERY MUCH LIKE MY V-CARD.",1
Okay,3
Hello,5
how do l hide the second tick on my whatsapp messages?,1
A great tool,5
It’s good,5
"IVE BEEN A WHATSAPP USER EVER SINCE IVE BEEN USING A SMARTPHONE... 

AND I LOVE USING IT AS MY MAIN MESSAGING APP

BUT I DO WISH I CAN PIN MORE CHATS THAN JUST 3. 
I REALLY NEED IT AS IT AFFECTS MY BUSINESS. 

PLEASE WHATSAPP ADD MORE THAN JUST 3 PINS.",5
Good,5
She’s a at us,4
was gonna give 5 stars but it asked to give a review so i give 1,1
Sells your data to scum,1
Love “WhatsApp,5
It’s ok.,5
For Iran I tap one star to rate,1
"Mere phone me to chalna ha to wrna achi tarah chalna, wrna aisa sabak sikhao ga k kisi ko mu dikhanay k laik nh rahoge, ye meri privacy ha, aur meri privacy me koi entrance nh krna, wokaayy!?",1
Great,5
IM NOT GOING TO TURN ON NOTIFICATIONS. LEAVE ME ALONE.,1
Seam to get hackers through this app.,1
Very good,5
Awesome invention,5
No iPad app is sub optimal,3
"UNETHICAL AND OPPOSING FIRST
AMENDMENT
IRANIAN USERS CANNOT ACCESS THEIR
MESSAGES AND USE THE APP FOR
COMMUNICATION DURING CRITICAL TIME
OF PROTESTS. IRANIAN-BASED PHONE
NUMBERS OF THOSE WHO LIVE OUTSIDE
IRAN HAVE ALSO EXPRIENCED THE SAME
BLOCKAGE ON WHATSAPP. THIS MEANS
THE ISSUE WAS CAUSED BY THE
COMPANY AS WELL AS THE IRANIAN
COVEENMENT. WE WILL NOT FORGET THE
TIME WHERE YOUR APPLICATION WAS
NEEDED THE MOST AND YOU DECIDED TO
BAN THOSE WHO WERE IN DESPERATE
NEED. SHAME ON YOU!",1
Uoodo,5
"‏
‏IRANIAN USERS CANNOT ACCESS THEIR
‏MESSAGES AND USE THE APP FOR
‏COMMUNICATION DURING CRITICAL TIME
‏OF PROTESTS. IRANIAN-BASED PHONE
‏NUMBERS OF THOSE WHO LIVE OUTSIDE
‏IRAN HAVE ALSO EXPRIENCED THE SAME
‏BLOCKAGE ON WHATSAPP. THIS MEANS
‏THE ISSUE WAS CAUSED BY THE
‏COMPANY AS WELL AS THE IRANIAN
‏COVEENMENT. WE WILL NOT FORGET THE
‏TIME WHERE YOUR APPLICATION WAS
‏NEEDED THE MOST AND YOU DECIDED TO
‏BAN THOSE WHO WERE IN DESPERATE
‏NEED. SHAME ON YOU!",1
Great and love  it 👍👍👍,5
Love it,5
It is good,5
"us now uuunun pyjamas u nntil lollololo

o",5
I hate what’s app,1
Great,5
"IRANIAN USERS CANNOT ACCESS THEIR
MESSAGES AND USE THE APP FOR
COMMUNICATION DURING CRITICAL TIME
OF PROTESTS. IRANIAN-BASED PHONE
NUMBERS OF THOSE WHO LIVE OUTSIDE
IRAN HAVE ALSO EXPERIENCED THE SAME
BLOCKAGE ON WHATSAPP. THIS MEANS
THE ISSUE WAS CAUSED BY THE
COMPANY AS WELL AS THE IRANIAN
GOVERNMENT. WE WILL NOT FORGET THE
TIME WHERE YOUR APPLICATION WAS
NEEDED THE MOST AND YOU DECIDED TO
BAN THOSE WHO WERE IN DESPERATE
NEED. SHAME ON YOU!",1
"IRANIAN USERS CANNOT ACCESS THEIR
MESSAGES AND USE THE APP FOR
COMMUNICATION DURING CRITICAL TIME
OF PROTESTS. IRANIAN-BASED PHONE
NUMBERS OF THOSE WHO LIVE OUTSIDE
IRAN HAVE ALSO EXPERIENCED THE SAME
BLOCKAGE ON WHATSAPP. THIS MEANS
THE ISSUE WAS CAUSED BY THE
COMPANY AS WELL AS THE IRANIAN
GOVERNMENT. WE WILL NOT FORGET THE
TIME WHERE YOUR APPLICATION WAS
NEEDED THE MOST AND YOU DECIDED TO
BAN THOSE WHO WERE IN DESPERATE
NEED. SHAME ON YOU!",1
"UNETHICAL AND OPPOSING FIRST
AMENDMENT
IRANIAN USERS CANNOT ACCESS THEIR
MESSAGES AND USE THE APP FOR
COMMUNICATION DURING CRITICAL TIME
OF PROTESTS. IRANIAN-BASED PHONE
NUMBERS OF THOSE WHO LIVE OUTSIDE
IRAN HAVE ALSO EXPRIENCED THE SAME
BLOCKAGE ON WHATSAPP. THIS MEANS
THE ISSUE WAS CAUSED BY THE
COMPANY AS WELL AS THE IRANIAN
GOVEENMENT. WE WILL NOT FORGET THE
TIME WHERE YOUR APPLICATION WAS
NEEDED THE MOST AND YOU DECIDED TO
BAN THOSE WHO WERE IN DESPERATE
NEED. SHAME ON YOU!",1
i have troble in transfering amount,1
Great,5
Love it,5
I love it,4
Love it,5
"IRANIAN USERS CANNOT ACCESS THEIR
MESSAGES AND USE THE APP FOR
COMMUNICATION DURING CRITICAL TIME
OF PROTESTS. IRANIAN-BASED PHONE
NUMBERS OF THOSE WHO LIVE OUTSIDE
IRAN HAVE ALSO EXPRIENCED THE SAME
BLOCKAGE ON WHATSAPP. THIS MEANS
THE ISSUE WAS CAUSED BY THE
COMPANY AS WELL AS THE IRANIAN
COVEENMENT. WE WILL NOT FORGET THE
TIME WHERE YOUR APPLICATION WAS
NEEDED THE MOST AND YOU DECIDED TO
BAN THOSE WHO WERE IN DESPERATE
NEED. SHAME ON YOU!",1
"IRANIAN USERS CANNOT ACCESS THEIR
MESSAGES AND USE THE APP FOR
COMMUNICATION DURING CRITICAL TIME
OF PROTESTS. IRANIAN-BASED PHONE
NUMBERS OF THOSE WHO LIVE OUTSIDE
IRAN HAVE ALSO EXPRIENCED THE SAME
BLOCKAGE ON WHATSAPP. THIS MEANS
THE ISSUE WAS CAUSED BY THE
COMPANY AS WELL AS THE IRANIAN
GOVEENMENT. WE WILL NOT FORGET THE
TIME WHERE YOUR APPLICATION WAS
NEEDED THE MOST AND YOU DECIDED TO
BAN THOSE WHO WERE IN DESPERATE
NEED. SHAME ON YOU!",1
"IRANIAN USERS CANNOT ACCESS THEIR
MESSAGES AND USE THE APP FOR
COMMUNICATION DURING CRITICAL TIME
OF PROTESTS. IRANIAN-BASED PHONE
NUMBERS OF THOSE WHO LIVE OUTSIDE
IRAN HAVE ALSO EXPRIENCED THE SAME
BLOCKAGE ON WHATSAPP. THIS MEANS
THE ISSUE WAS CAUSED BY THE
COMPANY AS WELL AS THE IRANIAN
COVEENMENT. WE WILL NOT FORGET THE
TIME WHERE YOUR APPLICATION WAS
NEEDED THE MOST AND YOU DECIDED TO
BAN THOSE WHO WERE IN DESPERATE
NEED. SHAME ON YOU!",1
Great,5
impressed !,5
"IRANIAN USERS CANNOT ACCESS THEIR
MESSAGES AND USE THE APP FOR
COMMUNICATION DURING CRITICAL TIME
OF PROTESTS. IRANIAN-BASED PHONE
NUMBERS OF THOSE WHO LIVE OUTSIDE
RAN HAVE ALSO EXPRIENCED THE SAME
BLOCKAGE ON WHATSAPP. THIS MEANS
THE ISSUE WAS CAUSED BY THE
COMPANY AS WELL AS THE IRANIAN
COVEENMENT. WE WILL NOT FORGET THE
TIME WHERE YOUR APPLICATION WAS
NEEDED THE MOST AND YOU DECIDED TO
BAN THOSE WHO WERE IN DESPERATE
NEED. SHAME ON YOU!",1
get rid of them,1
It’s good,5
"WARNING DO NOT GET!!!!!!

MY PHONE WAS HACKED THROUGH MY IMEI NUMBER ALSO MY PHONE NUMBER MY JEALOUS MATE HAD ACCESS TOO MY MESSAGES, CONTACTS, INTERNET BANKING FACEBOOK, MESSENGER AND PHOTOS PRETTY MUCH HE GOT INTO EVERYTHING IN MY PHONE!!!!!!!!!

Don't get this app you will revert it 

My jealous mate got into my phone through my IMEI number",1
"IRANIAN USERS CANNOT ACCESS THEIR
MESSAGES AND USE THE APP FOR
COMMUNICATION DURING CRITICAL TIME
OF PROTESTS. IRANIAN-BASED PHONE
NUMBERS OF THOSE WHO LIVE OUTSIDE
IRAN HAVE ALSO EXPRIENCED THE SAME
BLOCKAGE ON WHATSAPP. THIS MEANS
THE ISSUE WAS CAUSED BY THE
COMPANY AS WELL AS THE IRANIAN
GOVEENMENT. WE WILL NOT FORGET THE
TIME WHERE YOUR APPLICATION WAS
NEEDED THE MOST AND YOU DECIDED TO
BAN THOSE WHO WERE IN. DESPERATE
NEED. SHAME ON YOU!",1
Not a bad app,3
The best App,5
Not as good as Snapchat,2
Ranger,5
no good,1
Great app 👍🏻😉,5
It’s Good,5
Still not workinh,1
Great product!,5
Infinit Elite,5
I don’t want the AI !! .,1
Okay so can we please get DARK THEMES NOW!!!!PLEASE!!!!!!!!!!,2
Ease Oi hsigh V g Ty,5
Amazing,5
Anything by Meta is questionable.,1
Good gags,5
No reception,1
talk Kate Derek,5
Awesome app,5
Llevo 2 semanas sin whatsapp,1
Watsaap,5
For censoring Iran.,1
Great,4
❤️,5
Very weak and bad,1
The hacking debacle is an outrageous security breach,1
Good,5
goated app,4
Awesome!,5
PLEASE ADD A CALENDAR FUNCTION TO GROUP CHATS,4
Stop silencing the truth!,1
Is good,5
Love,5
😀😀😀😀😀😀😀,5
I love MOMO,5
This is not to bad,2
bad app bad company,1
It is sooo good,5
Raj parman,5
Toes,5
"Not WhatsApp, it’s a SpyApp",1
The best Sam,5
🔥🔥,5
This app is handy,1
Because it’s run by communist Facebook. And ISRAEL ARE TERRORIST SATANIC SCUM!!!,1
Muh mein lelo mera aur baatti bana ki piche daal Lo ab watsup ku betichodo,1
😇😇,4
cool. Love it,5
thx,5
Yes,5
Wassup WhatsApp,4
Good,5
માર્ક ભાઈ તમે વહાર્ટસપપ ની મજા બગાડી આ feature લાવી ને,1
Good,5
Vasava,5
Good,4
It’s cool,5
Good,5
Hey lady I,3
Boys will be boys,3
Good,4
Wow !,5
Best mongrels ever,5
Mastar,5
Mark Z is a sellout,1
Bondad,5
yes,5
Yep,5
Good,5
Socially toxic app.,1
Love the App Cool :-),4
"i   

 
a
a",3
😊👌🏽👌🏽🤘🏽👍🏽,5
nicee,5
Best,5
Good,4
We June,3
Great apo,5
👍👍,5
Kissan ekta zindaabaad,1
Bruh,5
E.X.T.R.A. .T.H.I.C.C,5
1,5
MY APP KEEPS CRASHING FIX THIS NOW,1
Censoring iran,1
Slay,4
Hi,5
Palestine will be free 🇵🇸✌️,1
DON’T EVER ASK ME FOR A REVIEW EVER AGAIN.,1
Censoring Iran,1
I HATE WHATS APP,1
Se as pessoas Lo,3
For Censoring Iran,1
For Censoring Iran,1
Good 👍👍👍,5
❤️❤️❤️,5
Biased,1
2eW,5
The Best ❤️❤️❤️,5
Evet,5
0,1
👍,5
CIA APP DO NOT USE,1
Bad,1
.,5
THEYRE REMOVING PALESTINIAN CONTENT AND REMOVING PALESTINIANS CIVILIANS FROM ACCOUNTS #PALESTINEWILLBEFREE,1
Stop censoring PALESTINIAN VOICES!!!,1
Yup,4
No,2
C7,5
ㅔㅐㅏㅣ,5
😬😬😬😬😬,5
Hi,5
Hi,5
Nkm,1
By,5
Мусор,1
"I have been using whatsapp for 2.5 years and it is by far my most used and favourite app. Living across the world in Australia from my friends and family in Vancouver, Canada, I easily keep in touch with my loved ones, including a special someone in Afghanistan. I never have any issues with messages not being delivered and I think it's fantastic how simple the app has remained since day one. My ONLY suggestion at this point would be in regards to the sound notifications. The iPhone, at least, has been updated several times with many newer text tones. It would be great if whatsapp could advance and allow users more options, tapping into our collection of personal text tones or at the very least the basic ones already factory available! Tri-tone seems so 2009😝 other than that, anyone not using this app obviously doesn't have connections world wide or are silly enough to pay exorbitant text messaging rates instead 😉",5
ཞི་འདུལ་ཅན།,1
"Earlier this year I lost years of my WhatsApp messages because of your terrible back up system. This is everything from many memories, wonderful random acquaintances, invaluable contacts, to extremely important legal documents and conversations - some so important that it could literally have changed the outcome of my life. The fact that most of the world uses your app, many for highly important business matters and you don’t have any way of creating a back up (particularly on Mac) is not just a disgrace but just horrifically irresponsible. In some situations losing this invaluable information could prompt suicide. When I lost almost 10 years of data, it was so confronting I felt emotions of complete hopelessness and despair in a way that I had never felt - different to true disaster but still incredibly upsetting and dark on an entire different plateau - 8 months later and I still have deep PTSD especially when I attempt to message long lost friends or business communications. Why would you not offer a cloud backup option, which we would more than happily pay for monthly, or some other way of offering the invaluable service of backup. This would also never have happened if you offered tech support and the fact that one of the biggest companies in the world also do not provide this is horrific. Please do something.",2
"Screw everyone thats whining about it not working on the iphone5. You have a new piece of technology, that this software doesn't have to run on if it chooses. So stop ya winging an be patient you ungrateful ""I got a 5"" Ba****ds. This has kept me in touch with a very close friend overseas, across multiple platforms, and for over a year now. If your chat history is that important to the people that rated one star, then back it up regularly. Don't leave it to technology, and no backup to keep your memories safe. It has a export chat history function for a reason. Once you've got a back up, back it up again somewhere else! I personally wait a few days for reviews before updating apps of this nature, especially after apple had its DRM issues that corrupted IPAs.",5
"I am thoroughly disappointed with the recent update of WhatsApp, which has introduced a slew of issues, making the user experience extremely frustrating. Here are some of the significant problems I've encountered:

Horrible Issues After the Update:
Since the latest update, I've experienced a myriad of problems that were not present before. The overall functionality of the app has severely deteriorated, leading to a frustrating user experience.

Lags and Opening Issues:
The app now lags significantly and encounters issues while opening. It takes an inordinate amount of time to load, and the overall performance has suffered, making it a cumbersome process to use WhatsApp smoothly.

Crashes Multiple Times:
Perhaps the most infuriating aspect is the app's tendency to crash multiple times during both opening and closing. This not only disrupts conversations but also raises concerns about the app's stability and reliability.

Submitted Numerous Error Reports:
In an attempt to resolve these issues, I've submitted numerous error reports. However, despite these efforts, there seems to be no improvement. It's disheartening to see a lack of responsiveness to user concerns and issues.

I am hopeful that WhatsApp acknowledges these problems promptly and takes swift action to rectify the issues. As a long-time user, this experience has been disappointing, and I hope for a more reliable and seamless app in the future.",1
"First off, its simple to use, if you have had whatsapp in the past on a phone its quite easy to get your head around and and it works great. I've had this app on my mac for years without looking at the reviews until today just to find how many bad reviews there are. Link it with a phone and you have all of your convosations there that will load quickly. Updates weren't a problem for me and I found it easy and simple to use. You have more features then you have in other standerd apps plus if you like you can slightly customize you backgrounds and sounds for notifications. Overall a great app that you should try out.",5
"I read a few reviews complaining of group chat issues or not loading up. Sorry to hear of your woes however I am writing to say I have had no such problems. In fact the exact opposite, it all works like a charm.
I use it hundreds of times a day flawlessly. I am not a fanboy type but I thought some balance would be appropriate in these reviews.
I guess almost a billion userbase cant be wrong.
The only issue for me is that since FB gobbled up WA I believe they plan to charge users after the firdt year. I assume they have to find a way to pay back $19B that FB splashed out. Anyway for now I am a happie chappie until I have to pay then its decision time.",5
"This is such a cool app and I've been using it with my wife ever since installing it. It works really really well and does everything advertised. If you have limited phone credit or running out of credit and don't want to send SMS texts, then you can use this for free so long as the person you are contacting has the app (though it doesn't have to be open). Actually I now prefer it to texting as I often send pictures (which this can do) and then have quite a chat over several messages all at no cost of course. I would have paid $5 - $10 for this app. At $1 it's a steal!",5
"NOTHING on this app works unless you give it total access to your address book so it can write to everyone and offer itself. But in my profession there are people who do not want to be spammed, and this is what it is: SPAM. So I wrote to WhatsApp asking if there was any way of using this app without getting access to my address book and of course no reply. Why can't I decide who gets approached and who does not? NO functionality without access to the address book is criminal. Avoid this app, these people are not honest. And even though it is only 99c, I really want a refund.",5
"First and foremost I want to acknowledge how whatsapp has been amazing in enabling me to keep on contact with my family and friends while overseas at almost zero cost. 

However it would be nice to not have my online status not appear to everybody, especially when chatting with one person and trying to avoid chatting with someone else particularly when you can't double chat at some particular moment. The other person can see that your are online and thinks u are ignoring them which is sometimes not the case. Just that u r busy chatting with someone else. And it's not convenient to keep on telling other people you are busy and can't chat with them",4
"I use this app on a daily basis to stay in touch with my best friend overseas, my mum in the next suburb and my love interest- all of whom I write with multiple times a day! Makes it feel like they could all be in the next room! You can send voice msgs, text msgs, photos, videos- as well as know when they're online, when they've received your message and when they're typing! Like a mix between a chat program and texting- with more cheap cheap cheap sent media in-between.
Love it to pieces and could not recommend it more!!!!!",5
"Everything seems to be perfect except for one small problem. For some reason, when I try to delete messages, there used to be the option of deleting all messages but the chat would still be there. Now when I delete my messages, there is no option to delete all of them. I have to continuously select each and every messages. Idk, but some of my friends have and don't have this problem. I'm just wondering if this is a bug, or if it's apart of the update?? It used to be very helpful when getting rid of all messages and just being able to leave the chat..if this is a glitch or bug, please fix it soon.",4
"This app is great. I like using the app to keep in contact with my friends. I also like the fact that every message sent using this app is encrypted for security reasons so messages between recipients cannot be read by a third party. The features are good and work well. However, I would prefer this app for messaging even more if there was an 'edit message' button which allows the user to correct typing mistakes (like Skype messaging). It is annoying to type out one message, and then have to send an influx of multiple texts to correct typos or grammatical errors. This is otherwise a good app. Thanks.",4
"So I decide to reset my phone (coz it was eating up space without any reason) so I backed EVERYTHING up onto my Mac via iTunes, and resetted my IPhone and when it turned on again, I selected restore from iTunes, and everything was good until then. My iPhone restored all the apps, photos etc. but when I clicked on Whatsapp I was asked to enter my number so I did and then it said no backup found, please turn on iCloud Drive so that it can check if there's any backup for Whatsapp on iCloud Drive. Even though I never use iCloud Drive, I turned it on coz I wanted to see what happens and when I did, it said no backup found (DUH!). Now what I don't understand is how come I got everything back except my Whatsapp data!? I have done this before a lot of times so it's not that I did something wrong due to which I lost my data. Disappointed!",1
"This I a great app, let's be clear. The longer I use it the more I realize how it's much better than standard messaging for audio, video, pics & group IM. It saves me so much time & hassle compared to the standard iphone messaging, an all my friends now use it.  BUT, there's a few small idiosyncrasies, such as Why does the message preview notification show the full text of the message, but when I go to the app it says I have yet to download it?  And why can't I bulk delete a whole message thread or group message easily?  

Apart from that and 1 or 2 other tiny little quirks, I have to say this app has become invaluable to me. 4 stars.",4
"Plus: can email chat history, set a personal background image for chat windows, see when contacts are online and if your messages have sent, and cool features like sending pictures, Group Chat, broadcasting messages, blocking people, and sharing your location.
Minus: drains battery life like you'd never believe, I used to get two days out of my iPhone4 but now I'd be lucky to get 10-12hours. And you can't remove your WhatsApp account, doesn't matter if you try change your mobile phone number or uninstall the application, your friends still see you listed as a contact :(",4
"I can't wrap my head around why you'd ""update"" an app which I'm sure a large portion of your customers would be using for business purposes into the most basic, hard to navigate version of itself.

Labels gone   the inability to see unread messages/groups/contacts/non-contacts makes it a massively hard to navigate mess. It's like going back to MSN after having 20  years of technological advances that should have been built on and then they were taken away. The inability to use my MAC functions of work prediction/spellcheck   emojis on this new version of whatsapp makes it easier to use a phone to type things up.

Please go back to the old whatsapp. This is hurting a lot of businesses.",1
"I don't recommend this app! It's really not worth having to pay as many phones do free messaging and phone plans these days do unlimited texting. What I don't this is ok is having to pay an annual fee. I don't mind paying once off but annual seems stupid when we have other free messaging apps around. 

My dad and I had this app for years because it was free. We deleted the app because we needed to reset our phones and now when we reloaded the app we are considered new users whom now need to pay an annual fee, even when we have been using this app for years!",5
"Update: your status can often reveal personal information, however you don't want this available to everyone.  If you block a contact they should not be able to see your status either ! Please fix this one!!!

I originally started using Ping! but was not impressed. Then installed Whatsapp and I've never looked back!

App has come in handy whilst I'm living o/s. Instead of paying high charges for International SMS/MMS (which aren't included in cap plan either!) I use whatsapp for reliable delivery with a richer feature set! (I particularly love the audio messages) 

I also purchased heyway for sending my location to others, but no longer need this as the functionality is in whatapp.

This is an app I'd happily pay $A5 for.... I use it everyday which means less money to the carriers! 

Future additions I'd like to see: message templates for commonly typed messages, web interface for sending message from a browser and text&walk support. 

Great product overall ...",4
What's app itself is a great communication app. However the requirement to have the latest update is the reason I wrote this review. My mums phone only has 8gb storage most of that is taken up by photos. Each time you have a cut off date for using your app I have to delete photos or apps off of her phone to allow room for your update. This cuts off communication between her and her daughter (my sister). Please allow users to use your app without having the latest update. Especially when the latest updates description is that we can put a line through the text. At the cost of 139MB I think my mother can live without it.,3
"i've used 3 other messaging programs similar to Whatsapp, but Whatsapp is the best by far in my opinion. The reliability issues are pretty standard across all of these types of applications, but I find that Whatsapp is a bit more reliable than the others. Top that off with the best layout of the lot and the best features, and Whatsapp is the clear winner :) hopefully the reliability issues can be resolved later by apple in future iPhone updates",5
"The app
Is fantastic bar 2 things. 
1- the audio recording button would be easier if we did not have to hold it down to record a message. The mic you hold is in the bottom corner and the thumb easily slips off and cuts the voice recording off. 
2. If I intend on pausing an audio I am listening to, so as to reply to part of it, I can not simply resume play. It starts the message from the beginning again. Listening to a 7 min message requires me to pause it half way to respond. Is there a possibility this can be fixed as you used to be able to do it two or three versions ago",4
"Whatsapp is very good I must say but lately other messaging apps like iMessage have taken it to the next level with their instant reply (you are able to pull down on the message pop up and quickly reply without changing applications) for iPhone, ever since this feature came out I have been waiting you guys to implement this in one of your updates, however it has been a while now and still nothing. If it is possible please include it in an update it would make this app worthy of 5 stars. 
It's an 'essential' app your team has done really well keep up the good work! 👌🏼",4
"My most used app. Cheap, reliable, fast. Best money I've spent on an app by far!! then WhatsApp withrew support for iPod touch and I'd like to withdraw the above comment. It maybe cheap and fast but also un-professional. All owners of app who use iPod touch should have a refund and compensated without having to request it. I told alot of friends about WhatsApp, and I still am, although this time I'm telling them to switch. My wife submitted a queary to WhatsApp about the missing iPod touch support requesting a rollback to the app that supported iPod Touch, has not recieved a reply on over 72hrs.",3
"The most used app on my iPhone without a doubt! The only reason why I rate this app 4/5 is because (1) it has limited ringtones to choose from, and (2) anyone can view the last time u were ""last seen"". I'd prefer to have the option to pick which users I allow/disallow to view my timestamps, and I'm sure there are others out there who agree with me on this.. so I hope the developer(s) will introduce this option in the next update or so. Nevertheless, it's still a MUST HAVE!!! Good to know that it's also available to Nokia users!",4
"Nice lay out. Has been very fast and reliable for me. Best features are how it shows the person you are chatting to when they have recieved and viewed the message, as well ad shows when they are online or typing. Only complaint is I don't like when selecting a photo from your existing collection and you tap on the small pic it selects this for you to send without first confirming or allowing you to see the full size pic. Can catch you out by sending the wrong pic to the wrong person. Please fix this! Thanks over and out.",4
"This app was suggest for me to purchase by my cousin, I paid $1.99 thinking, oh that is a waste! Later on, I discover the huge capabilities of this app! 

It is the best and most perfect instant messaging app.

I just thought of the following to be a good addition to the app

1- allowing the group admin to transfer the ownership of the group to someone else, or maybe make someone else admin along their side

2- when I search for someone name in the chats window and I find them I cannot add text to their message, I'd have to compose a new message in order to do so.

3- It would be really great of there is an option with which one can sort the chats to groups and individual contact, to sort groups by; group I am the admin for, and groups in which I am a member.

Again, what's app is a really, really good app! I recommend it strongly!!",5
"The favourite list (normally on the left side on the bottom icon ) which normally list all the friends who has what's app is no longer available. After all the updates with the live status photo or video update it has got rid of that section which can be very frustrating because we have to manually search for friends name to chat with them. It would be great if that could come back, that was the best feature in what's app but now it's gone. i won't want to use it now, it would be great if we could see the friends list (names and their statuses) please have this updated so we can have that feature again. Thanks.",2
"This app has become increasingly un-realiable. I have had the app for quiet a while now & it used to be terrific but for the past month it had had constant server issues, it takes forever sometimes to connect to server, even over wifi connection & recently it just most the time won't connect at all. Have sent emails to app owner but they never respond & I'm getting over how buggy it has become. Might just have to resort back to good old txt messaging. I'd save ya dollars till this app has a real fix.",4
"Well done. I don't need to tell anyone how good this app is, people already know. I do wish you could incorporate some of the iOS 10 functionality on it (iMessage apps ect). That is the only thing pulling me back to iMessage. Unfortunately with all the new features (stickers,apps,games) the pull has gotten stronger, and I find myself going back to iMessage. 

I mainly have 2 major quality of life requests:

Can the ability to change the icon and title of chats be admin exclusive. People keep changing my chats to dumb and inappropriate stuff. If not, can icon and title be locked by an admin? This would be a brilliant feature 

Also... Can admin be able to de-admin other people without removing them? This is just a time saver. Can admins be able to de-admin themselves without removing themselves? 

Those two points would put this app miles above any other messaging apps.

Thank you for reading my review.",4
"I have to say, This app has been so far the best app to keep in touch with my friends and family, I completely replace SMS and voice mail. It has play an important part of our family way of keep in touch and share memories. 
The only item that would be great to have is to only back up text and voice messages instead of all media, maybe just to have the option. 
Other than that thank you for such a great development.",5
"I love it. I have saved so much money with my international texts n pxts and I would recommend everyone to get this app. 100% satisfied. It's uses my Internet data and not my actual $$. As I pretty much only text internationally, it is such an awesome and inexpensive option. I've heard about 'other apps' that offer the similar thing... But Whatsapp is really the best out there (and you don't have to worry if you've accidentally posted something to twitter that you meant to privately message to someone).",5
Love this app. Easy to connect with friends and family all over the world for almost zero cost. Clever too that it uses mobile numbers already in your address book to automatically populate your contacts. Too easy. I also like the ability to have group chats so I only send one message to keep the whole family informed and they can all do the same. Works especially well when we are travelling on holiday and want to stay in touch. Just get it!,5
"If you're a person like I am, with a lot of people around you with iPhones, then this app could be useful. It seems to be one of the most commonly used messenger apps for iPhone users, and it's just like sending a txt, for FREE. But I guess the free part does depend on your mobile plan and data usage plan. But endless txting with mates using wifi also possible with iPods. Worth the money which is equivelant to about 5 txt messages anyway. Lol.",5
"Don't understand why we can't choose to have media auto-download on or not. 
Also, when you don't have connection, you can't send the messages and have them waiting until you are connected to send automatically anymore. You have to just wait until you find connection and press on ""send"". 
Sometimes, whatsapp doesn't send a notification for messages that you've received and doesn't even display on the app either, you have to open whatsapp to see it. 
Would be great to have these changes implemented!",3
"This app is fantastic don't get me wrong, but there is this one feature I absolutely dislike. I hate the fact that as soon as someone sends you a picture or video it saves to your camera roll. This is so annoying because my friends spam me a lot, so at the end of the day I end up trying to delete 500 photos. Please change this by maybe doing a download feature so it's optional if you want the picture/video saved on your camera roll. Other than that this app is quite enjoyable.",4
"I really wanted to give it 5 stars. Look the app works great when it's up. But the biggest issues is it's reliability. It has a lot of downtime. What I liked it they have a twitter account built in the app to give you notices of what's going on like server down etc. 
Another great feature is the alerts they ate actually load. The integration is great as well. Just comes down to reliability. That's the main issue of this app. I hope these guys get more uptime happening so we can all be cheering. Thanks guys.",4
The change a little while ago where locations now doesn't just send your location when it gets enough accuracy is a pain. The messaging and everything else is fantastic but PLEASE change the location back to how it was and then add another button to be able to send an alternate location via search and pin drop. This would be extremely helpful when you want to tell someone where you want to meet them to give them a location that is different to where you are right now.,3
"What's app is an awesome app which I use daily. Very fast loading times for msgs, images and videos.. Although there is one thing which can improve it increasingly which what I would like to call 'ghost mode' which will allow the users offline/online status to be invisible to other users ... I would most likely use this feature 80-95% of the time with my use of whatsapp ... Thank u to the developers for a great app.. Hope to see the feature 'ghost mode' implemented in the app sooner than later.

Best regards 
Antaristic",4
"Please please please make this app work on ipad. There are several other apps out there where the iPad OS 3.2 & iOS 4 for iPhone are compatible to run the same app on both devices, but when i download onto my iPad i get the following error message ""not configured for this device"".
I've put many of my friends onto What'sApp and we all believe its the best messenger App out there. Please fix as per the ""Requirements"" indicate compatible with iPhone, iPod Touch & iPad...would have given 5 stars",4
"Great app for messaging other iPhone users for sending text, photos, audio and location. Quick to connect and fast response time.  Like the fact you can see when the recipient has received and read the message with a tick. Much better and more reliable than another similar product that I have used. Connecting via phone numbers makes it a breeze the use.",5
"thanks for updating frequently, however the location option, novel idea, but is a bit slow to adjust to actual location but could just be my telco carrier. can we have the option of DELETING people from chats? as some people changed numbers in between and they couldn't exit the group and we've reached the max of 10ppl per chat group, please please develop that option, thanks
like the wallpaper selection, don't like using my own for whatsapp, LOL!",4
"I need to give you 5 stars because Whatsapp has been phenomenal.

I must say though the crash was handled badly ... It was off for 2 days for iPhone users, and you should have tweeted or had a note on your website to tell us what was going on.  It's ok to make mistakes but you should be open and authentic with your users.  

Anyway it is free, great when it works, and I have no idea how you make money out of this service, so ... 5 stars.",5
"Best app ever. Stay in contact with everyone and save a fortune! I've saved thousands off my plan having sent 30,000 messages!

My mrs and I work totally separate shifts and are away from each other a lot. The app shows when the other person is online and when they were last on. You automatically feel closer to them, just seeing they are there! 

Top app. Highly recommended. I wouldn't be without it.",5
"i used this app for a long time on all iphones, after i bought my iphone 7 and after the updates my app doesnt work fine, when i send a video via watsapp the video has no sound, i contacted the support team for 2 months they made couple of updates and they didnt help me with my issue, now they dont reply to me anymore coz they dont know how to fix there own app, my fon works 100% with all apps except watsapp, i am very deppressed with the support team very weak team no live chat to help :(",4
"Being able to quickly and easily send video and photos to each other (the app let's you capture video or photos or select from photo library) is great and works really well. Since upgrading to latest version the PUSH messages have become virtually instantaneous, too! Good job, guys!",5
I really love this app.. I use it daily.. But it really needs more fun to it.. It's boring.. Colour messages.. Built in gifs..different fonts to choose..  Etc.. It needs a face-lift.. Especially to keep up with the new and improved iPhone messenger..id rather use Wattsapp... But I love the features in messenger.. The only thing you can change is the background.. For as long as this app has been around.. It hasn't improved a great deal.. Give it some SPUNK.. 😁,5
"What is the difference between status update and posting update into a group?? If I need status update app it is already there called Facebook, you are not going to beat them on this feature but will attract criticism for half done one. Ideally first button should be contact list as it was before, which would show text or image update instead of profile photo, example would be if I make a selfie and type this is me in Alaska this temporarily becomes my profile picture and text.",3
"Have had this app and used it on  iPhones 3,4,5 & 6. It has been reliable & faithful.  I have used this app as my primary messaging tool to keep in touch with most of my contacts. I must have saved 1000's of $$$ by switching from my phone SMS / MMS service. Our whole family uses it and we have created interest groups that make communication so much easier and more specific. Highly recommended and a must have app.",5
"It takes me awhile for download this application just because it's not free. But you get what you paid. This application is the best one after text message. It cost you nothing (only 1time when you purchased it), fast delivered and so far never error. Ooh yeah.. It can sent and received picture easily. It can connect me with my friends who used other phone such as blackberry especially with my family in overseas. Love it !!!!",5
I use this app regularly and has been very good in group communication with friends and family. As long it is free it is good as I am not sure if any of my friends will be willing to pay. Keep it free and it is good. PS. I haven't paid anything yet as I have not used for a year yet. Customized options for each group would be good as I don't want to save all pictures and chats of all the groups I am in.,5
"Application seems to ""sleep"" or time out after a period of inactivity, after which no messages can be received. Bu it's no different to Skype or other messaging apps in that regard so I'm guessing the issue is with the iPhone OS, not the App. To overcome this issue, I suggest that when a user sends a message to a recipient after a certain period of activity, whatsapp automatically generates an SMS message to the recipient telling them to check their whatsapp app. Thereafter the conversation would be done on whatsapp.",3
"Instant messaging and text messaging just gave birth to convenient, easy to use and most of all free what's app! I love the app because it allows me to talk to my friends overseas minus to enormous costs, all you need is Internet. It's great! It also links and draws a line between blackberry and iPhone, iPhone users no longer have to envy BBM as they too can instant message friends. I highly recommend what's app to all smartphone users!",5
Excellent work! The amount of apps that I have deleted because they are so hard to use for something so simple is unbelievable this one is so different it is very easy to use and doesn't take a rocket scientist to figure out how to use it it's a very straight forward my mum even uses it and everybody New to this app will find it very easy to use and will be on whatsapp in Seconds... Keep it simple because simple is more,5
"WhatsApp makes staying connected so convenient and easy! The app’s features like voice and video calls, media sharing, and group chats are seamless and reliable. The end-to-end encryption also gives me peace of mind about privacy. Overall, it’s my go-to app for both personal and professional communication. Keep up the great work!",5
Ive been using this app since it was launched. I found the server is getting overload as more and more people started using this service. Perhaps it's time to overhaul the server at the same time implement the subscription payment model to balance the cost of maintaining the quality of such great service. I'm sure users don't mind paying a small amount on yearly basis for this as long as the quality gets improved over time.,4
Really handy if you have relatives or friends all over the place. Having a different group chat for every occasion means you can communicate with anyone you want and only them. No need to spam the same message to multiple individuals. No flaws in the app that I've found from normal use. Use this app way more than any other app on my phone including iMessage.,5
"I have a brand new 64Gb iPhone 6S Plus. After installing Whatsapp on my new device it has given me nothing but trouble. I had around 35Gb of free storage space only to have ALL of it gobbled up after using Whatsapp for a few hours. No idea why/how, but after deleting the app my storage space was cleared again. I have since reinstalled and it has been slowly but surely eating gigabytes again the more I use it. 
Aside from this issue, the received message notification while the app is open doesn't seem to play anymore. Annoying, I found this very handy. Additionally, the app is freezing/crashing frequently.",1
"I think Whatsapp is really good but it's missing something that would make it a lot more fun... A option of doodling on pictures!! Viber has it which makes me want to change back since it's essentially the same thing with the doodle option!! I find it inconvenient to go to a 3rd party app because sometimes the moments call for doodling yet I can't since Whatsapp doesn't have it!! But otherwise it's a great app, just wish it had that option",4
"Convenient for chatting with friends both local and international. Really handy for if you're low on phone credit or reaching your cap, because you can continue texting without concern. Only fault this app seems to have is semi-regular server crashes. Other than that, a well thought out and convenient app, with a friendly UI that's great for keeping in touch with people, regardless of distance. 

But good lord, get on that server issue. 
PLEASE.",4
"Whatsapp is a really useful app allowing me to talk to all my friends quickly and easily! Definitely better than the other instant messaging apps like viber, and it's also a simple app, nothing needs to be flashy! Love it and also love that it allows me to contact friends over seas! But would be good to have a password option, so you can protect all conversations, or even just a conversation with one person",5
I have used Whatsapp computer app for a lon time proferssionally and now I really don't want to continue as it is leading to bad client service. I am unable to copy and paste directly in app. I am now also unable to drop to next line without sending the message. I used to be able to press command   C and space and tidy up the message. That is now not possible .The app is a lot slower and also the way it looks is more outdated then before. I will continue to delete and reinstall the app until this has been resolved on the app.,1
Great app for keeping in touch with people. Hardly ever crashes or glitches. Make sure you select correct options for back up though. I've had Whatsapp for many years and have never been notified that I needed to back it up. I recently changed iPhones (upgraded to the 6) and lost EVERYTHING that I had on Whatsapp. Couldn't get it back because I deleted it off my old phone. Very disappointed that there wasn't a better safety net against this.,4
"Highly reliable :)
If i cud make a request, can we have the the status' of people to appear on the chats window? Instead of having to select a persons convo to see what their online status is? And also to view their whatsapp status while its the chats view, as opposed to having to go into their info or seeing the favourites page to see their status 😊 i use an iphone :) thanks for making a great app 😄",4
"In the next update, are we able to see a settings change to have the ability to select where images/videos are saved? Essentially, I would like to create a new folder within my photos app that is dedicated to items that I have downloaded via wattsapp. At the moment the only option to save media is via the camera roll. 
Thanks
Lum",5
"Whatsapp has suddenly developed a serious error on my iPhone 5S (iOS 9.3.5) and it crashes within a few seconds after opening. A white screen appears for a while before it collapses. I have tried all possible troubleshooting including erasing entire data and restoring iPhone and also deleting the App and reinstalling it, but nothing works. Please advise.",5
"I'd like to ask why the audio function requires my finger to be held down for the duration of any audio creation. I personally think this is a dumb design given the slightest finger/thumb movement results in my audio being deleted, along with any incoming calls doing the same. When I'm 5+ minutes into my audio and this occurs it is extremely frustrating and essentially means I've wasted 5+ minutes of my life. 
Why can't this be a two click process; one, to start the audio and two, to stop & send the audio? 
I use the audio function daily so would really appreciate this being reviewed and improved going forward. 
Apart from the above Whatsapp is an excellent app for communication. 

Best regards.",5
"This tool is very tidy and user friendly.  It handles chat and file transfer (as opposed to chat and face to face cam chat, per Skype and Yahoo IM.  Love it and stay logged in all the time.

Also love that it automatically grabs contacts from your iPhone contact list, so everyone in your contacts with the application automatically makes it into you Whatsapp contacts.  Very handy and user friendly feature!",5
I was hesitant at first when it ask for my phone no.  I bought it but did not run it for a few day. I took the plunge today and was amaze how fast it send messages and picture to my contact.  I use Yahoo messenger but lately it lags so badly that my contact did not get the message untill many hours later!!! This app delivers the message so fast ( for now anyway). I am impressed!,5
"I Was using what's app to message a friend overseas in Indonesian when I accidentally hit the mic and recorded my voice instead. Was like talking to each other and easier than texting. Will be great way to feel closer to my son when we are both in different countries. Also, it's good for group texting . Only problem is some  friends don't see I've left a message as they don't expect it and only check their regular messages.:)",4
"I love this app it's amazing! It's so easy to do things in it. I love how you can change the wallpaper colour it's really cool.

But there is just something that I had to say when I try to send a video it says error and I tried it after school and it still didn't work. Dose anyone know why it dose this because this is getting really annoying. Or is it that you can only send a 30 second video?",5
"This has been one of the best apps and I'm using this so regularly. I just upgraded to an iphone 5 and i love the phone. Whatsapp was the first app I re-downloaded but it still hasn't been optimised. The app is still useable but I would appreciate an upgrade to take advantage of this display. 

Updated: Finally! IPhone 5 support, thank you very much, you guys deserve another star :)",5
"When I first installed Whatsapp I denied it access to my contacts as I'm sure some of my contacts wouldn't want their numbers recorded and stored on a server (even though this is exactly how my friends were able to find me). However, today I find it has somehow bypassed this setting.

I may have signed up to this but that does not mean my contacts have, and for that reason, the fact that you can't just enable the numbers of friends who own the app, and the fact that it overrode my privacy settings (and also because you can't give a rating of zero) I am giving this one star. Not impressed.",1
"I use and enjoy this more than any app I have ever had. Having travelled the world recently, it helped me stay in touch with everyone and was so useful. 

It's simple, reliable and just plain good! Just one request though: can you please display the local time of the person you are chatting to, like Skype does. A great feature when chatting with people in different timezones!",5
"What a fantastic app doesn't cost me 25 cents per anymore to text my partner. We love sending audios to one another it adds a personal touch.I wish more people would get this app so I could text as freely as I do to my partner without the cost! I havnt had any trouble with it so far!!  Don't hesitate in getting this app,  you will love it!!!!! Enjoy & happy texting",5
This is a wonderful app but in the last couple of weeks it seems my message only makes it half way. I truly don't know if its this app or my phone/internet company but i cant understand why its only just become a problem. Only one green tick appears sometimes delaying my message for hours and sometimes messages coming in to me don't get delivered until i open the app to see where my friends are. Whats happened?,4
"It is so nice that I have had a chance to download and use whats app. I found it so easy to use and it safe my money. Also, it's essay to contact with my friends and family even if they overseas. I've got some ideas if you guys want to use, for example if you can add extra designs for the chat. Also, if you can add an option to make a free phone call between the users. 
Thank you.",5
"hey guys! whatsapp has had some bugs and they have just fixed it. it was off the store for a few days.  it is 100% amazing app that works iPhone to iPhone even on 3G or EDGE.   
it's back online now so if u peviously installed it, and need the update, it'll still b free. to new comers, it'll cost $1:19   .   free video, voice, SMS, & pics over the net.  BEST APP EVA in the history of mankind! ha!  saves me a fortune txting to my girlfriend!!",5
"Love this app for texting overseas. Great way to keep in touch with friends and the video calling features are great... however since the latest update every time I leave the app (whether I close it or just go into another app) it shows that I have 1 notification on the WhatsApp icon, except when I go back to check the notification there's no new chats or calls. If I exit the app again it goes away. It's getting frustrating.",4
"WhatsApp was a pretty great app. I just wish that you could send messages with return and other classic stuff that I feel like should really be there.        I also wish that you could turn off stuff like the “last seen at” or the “about” but you can’t. There are also annoying inconsistencies from iPhone to Mac, like you can’t create an avatar on Mac, but you can on iPhone?? Also wish you don’t need a phone to have it on Mac.",3
"I love how it uses so little of the Internet data like 10KB a message! And its quicker at responding and receiving messages! Faster than any social networking! And so awesome for overseas messaging!

However the con of this is everyone must have Whatsapp on their phone, and it requires 3G/WiFi

I would like to see more wallpaper and smoother landscape transition, it's a little buggy!",5
"The Whatsapp decs encouraged  me into doing a review which I am fine with. The app works well and does everything that it is supposed to do. The UI could be improved, transparency could play a bigger part but it still looks clean and current. The app is fast and responsive with no latency issues. The tick system that shows the sending and receiving of messages is useful and a nice touch. Overall a very good and useful app.",4
One of the reviews said it takes a while to load messages but it loads super fast and great for me so I think it’s just their crusty musty rusty Nokia ahhh lookin phone. Also the person who said that had monkeys in their toilet so I think they just dinosaured the wrong game. Anyway I hope you guy enjoyed this video make sure to like and subscribe and good night.,5
"I switched to WhatsApp from Viber as most of my friends use the app. However I was disappointed to know that it is a paid app for iPhone users. Moreover the download provides only basic features and no emoticons. For me, Viber is still the most convenient to stay in touch with family and friends.",5
I'm not gonna lie I'm a lazy guy I have never done one of these before and this shows since I actually have Gone out of my way to wright this review on how amazing this app is I have nearlly all the best apps in the book and this is the only one I have done this for so u should accept the pure awsomeness of this app as I actually have been botherd to wright this and actually did something aahahahah,5
"Great app. Definitely saved me a ton of money on international and local SMS! Recommend to anyone. 

Latest version has somehow caused m messages to repeatedly get deleted at random times. It just recently started. I don't know if anyone else is experiencing this problem? I hope it's addressed soon. Would be good if there was a way to have an option to backup messages on a cloud service or something and restore it when needed. That would be awesome 👍",4
"Whatsapp is the best app around for connecting with people, great how you have updated it since the launch to what it is now. For example to be able to have 30 members in a group is fantastic! One thing I think would be good is an 'Online Friends' option, being able to view which contacts are online at the same time. Thanks",5
"Hi, 

Love this app, have been using it for years and even more relevant now that I'm overseas and family & friends are spread around the world. And I think that is the case for a lot of users here. 

So I just have one suggestion to make: would find it extremely useful to have a built-in clock considering the time zone for the person I am talking to. So often do I wake people up or get them to chat at an inappropriate time of the night.",4
"This app is excellent, I haven't experienced any bugs or issues that previous people have reported. I've spent a measly dollar which would have been the cost of four texts, and potentially saved hundreds of dollars worth of texting. Works even better when friends get the app of course, but definitely worth the measly dollar!",5
"One of the few apps I can unreservedly recommend to anyone. Excellent interface, fantastic value for money (it paid for itself several times over within a week) and great support. Now if only they'd work on a VOIP addition it'd be a complete replacement. If you have doubts, get rid of them, there are none to be had about WhatsApp!",5
"I down loaded the FREE version of this App, (which at the time of writing this review, i believe is only available at a cost). 
After recommending it to freinds, saying it was FREE,  I was quickly corrected saying it cost $0.99.  VERY EMBARASSING !!!!!

The app is FANTASTIC.  Free SMS to anyone with the WhatsApp installed, via WiFi or 3G. No matter what country or Mobile (cell) phone number your sending the message to..  Recipients just need to have the app installed, and be in your contacts.

This App is great for use while Overseas, (Using WiFi) to be in contact with your friends and family at home, provided they have a Internet or WiFi connected smart phone and the App installed.

STRONGLY recommend this, despite having to pay for the app.",5
"I love that its very easy to share photos and videos and keeps track of the convo in the group chat even when im not online! Only thing i want to be improved is back reading of unread messages. i hope there will be a way to make it easier and not just click the ""load earlier messages"" button several times especially when my unread messages reach to 300+. Nonetheless, its a great app! Cant live without it!",4
"I really love WhatsApp but I would love to have a way to attach music to send to my friends via iPhone. I am aware of copyright issues with apple, but what about music recorded with audio memo or similar apps? Also can you incorporate stickers (smiley faces) into this main app? (I am aware of a separate WhatsApp sticker app, but it would be handy to have it in this one too). Thank you.",5
I like the way the app not only shows you that your message has been delivered to the server but also shows you whether your message has been displayed on the recipient's device. I also like how it shows whether your buddy is currently online or when they were last online. Easy to use and much better that paying for every single message sent.,4
Easier to setup a quick group and setup permissions. Description of the group can share some common documentation links or a short text for people to understand the purpose of the group and some related resources or FAQ that is helpful. It is seamless and encrypted communication builds the trust on the platform. Thank you Facebook for WhatsApp!,5
"Firstly what I don't get is why is this app a paid app?? I use it free on my blackberry... So why not here? Secondly for the dollar you do pay, it works as advertised, sometimes they have server crashes and what not but usually are really quick in getting them back up, can't complain too much since I've used it to send 200+ messages in a week and surely that's worth more than a dollar :)",4
"Wonderful App.. Not one problem.. Have family overseas and around Australia and we use this App a number of times every day.. Send messages... Send pics ... Send small videos.... Absolutely Fabulous... No other words to describe.. From a very satisfied user and his whole family.. Use it.. With the massive choice of Apps available these days, it is great to find the best... You will be pleasantly surprised.....",5
This app is definitely the best massaging and calling app out there and I just wrote up a whole essay on how fabulous it is when App Store froze on me so really bad review to App Store fav review to whatsapp use it for all family communication over seas and person siting next to me. People have dated that the update has frozen on them but I have never had must freeze on me and is hands down the best messaging and calling app out there!!!!!!!!!!!!!,4
"My friends wanted me to use it because they do, and I'll admit it's been useful to stay in-touch. 
But aside from it working/doing the job, it's clunky and ugly, with a really terrible interface. 
I can't comprehend how, with the level of quality of apps on the Appstore, that this app has become so popular, despite it's appalling aesthetics and terrible user interface.
Plus it replicates, for the most part, the functionality of the built in iMessage facility. And since 100% of my friends that use WhatsApp have iPhones, I can't understand the need for it?
Bad, doesn't feel worth even it's modest price, but does the job.",1
I have been using this app since it came out and it just keeps getting better. Especially the encryption end to end. U use calling n video abit as I have big data allow anyway at home n on mobile plan. Particularly useful as most my family live overseas or inter  state. And of course the messaging is awesome easy to use and much more convient than sms.,5
"Unlike Viber, WhatsApp deleted all of my messages from the last 5 years because I had complications with my iPhone 6 and had to restore it from iCloud... my account went back to being a blank slate... very frustrating. I lost valuable messages, photos and videos. 

Furthermore, I don't always receive notifications.",5
When you swipe right on a conversation it showed view all media. I used this all the time. Now it's been replaced with mark as read. I never use this. I think it's pointless and not many people will use this. It is now harder to go into the view all media option. I did this very often to quickly find photos/videos. Please bring it back! :),4
"I've use what'sapp for years and the new update is the worst thing that ever happened to it! I praise what'sapp for it's user friendly layout, simplicity, and ease of use, everything just worked great, but since this update things have just become so slow and laggy it makes me want to die. Don't make another update to make it faster. Please give us the version we all know and love. Why fix something that's not broken?? SMH....",4
"It's a great app- I like how the video and voice recordings are in-app and don't require skipping to another program. The only bug that is frustrating is you can only tap ""load earlier messages"" a few times before the program quits. And when it reopens you're back at the bottom again. 

It would also be great if you could allocate different ring tones for different people 

Other than that it's awesome!!",4
I'm on IOS 9.1. I updated to the latest version but since then the application crashed every time it was turned on for 10-15 seconds. Problem remain even after soft reset. Guess there should be bugs and will appreciate a further update to address the issue. Thanks!,5
I haven't yet discovered the whole app but it's brilliant for fast text and picture/video correspondence while using  internet data. I have found it particularly good on my oversees trip whilst connected to Wifi. I find the platform more appealing than Viber however it seems the Viber phone chat feature is clearer than Whatsapp. Highly recommend this app,5
"Great app, can send message and photo easily. However the connectivity has been really bad lately. I lost connectivity even when I got full 3G signal. When I finally an connect, I have lost the messages that was sent earlier to me. I can see there are new messages but as I go into the app, messages disappear. Please fix the bug asap...",5
"I have being using this app on my windows phone and the iPhone and it just works. I am using it to message my family at the other side of the pond and share images without too many issues.

Sadly it doesn't work behind the proxy of my company (blocking port 80 and filtering some packages) which is a tad annoying having to jump to turn off wifi to send or receive messages.",4
I had trouble receiving the pin number but tech support was fast in fixing the issue thank you. This app has saved me heaps on SMS and MMS charges.i sometimes receive double messages but it's no big deal. Great for instant messaging and sending your location for meeting friends. A must have for all iPhone users!,5
"I am pretty much using whatsapp for sharing reports, presentations and everything else. Adding a desktop app was a brilliant idea and letting users share files other than pdf and images was just what I needed.
Whatsapp is now a work chat medium as well. Slack just got thrown out of the window.
Looking forward to future innovations...",5
"I am getting a lot of spam e-mail from Whatsapp saying I have voice mail from your app.  I delete it and the next day I get another one saying I have 10 new voice mails, all less than 10 seconds long.  I am not interested in getting voice message or anything else like that from your app and there is no way to stop it.  Can you please put options in your settings to stop receiving unwanted e-mails.  People I communicate with on Whatsapp do not call me, we text!  MAKE IT STOP!!!!!",2
"I don't open it that much so when I open it, it takes a long time to load constantly refreshing for about a minute until I can start doing anything. but overall it is really secure, including only allowing a 2 factor authentication on the original device etc.",4
"Just started using this app because I thought the voice messages was a great idea, but they're automatically on speaker! Everyone can hear my messages. I think you need to add an option to only hear them putting your ear to the phone... It also made my phone crash a couple of times...",5
"Really appreciate being able to easily call and message my friends and family. So thanks for that.

However, can you stop breaking the app every second update? Seems like there's a 50/50 chance that when I download an update it will be ridden with bugs and will frequently crash and drop calls.

Need an improvement on your quality process and or hire better programmers. You're owned by FB for goodness sake! Get Mark to reach into his deep pockets.",3
"WhatsApp is fast, reliable, and most of all, free. Their update schedule as of late has been quite good, adding minor things, fixing other things, and making an overall polished app and service.

Whilst the integration with iOS on iPhone and iPod touch is perhaps one of the best in its category, it is missing some key features:

• Native iPad, Apple Watch, and desktop/macOS apps (people aren't always tethered to their phones, but this doesn't mean they have to be ""offline"").

Fixing the above issue would probably be more involved and intense, but a company of WhatsApp's size – with their resources – could pull it off seamlessly whilst retaining the integrity of user privacy and security.",4
"This app is better then normal texting, you can see when the other person is typing and you can send pictures and videos! you can see the last tine they were on it and if they have seen your last message, this is really worth getting, I'd recommend it to anyone!",5
"I've been an avid user of whatsapp for years now and have had no problem until today. I updated and that's when all hell broke out. After the update I wasn't able to open the application. After deleted and reinstalling, I was then unable to recover any of my chat history. 

Beware of the update boys and girls.",5
"What a great app!!
Really happy with it, but just sometimes it tends to lag abit & the messages are delayed & then theres other times where i might receive a whole bunch of messages in one hit! So just a few little bugs that im sure can be sorted out in time!
But a big thumbs up from me for Whatsapp!!
I love the fact that i can communicate with all my blackberry contacts! Awesome!!
: )",4
"What a shame we can't use what's app on iPod touch, I don't know why the developer has to limit iPod users to use what's app. I can see people have tried so many ways to install what's app on iPod since 3 years ago, but the developer still won't improve it and make ppl who only uses iPod suffering from no connecting to their friends. Why?",5
"when we are doing group chat, its only showing their title in front of their msg. 
ex:I've contact name Tulasi but under this contact I've 5 people from same family. but when we chat it shows same name to all people who are chatting if all of them are in the group chat.

instead if it shows the people names against their numbers it would be nice and I would know exactly who is saying what.",4
I use what's app when I am away at work for the week as mobile reception is very poor but we get free wifi at work so we are able to send messages through wifi. With iMessage and what's app. It's a fantastic app. Easy to use. Just like text messaging. Love this app. Without it I wouldn't be able to send a goodnight message to my bf. thanks for a great app. :-),5
I've been using whatsapp for 3 yrs. now & it's my number 1 app in my iPhone..conversations with family & friends makes it so much easier both local or overseas..i luv using this app & highly recommended to all who wants to save money with their SMS etc. I wouldn't be surprised if phone calls will soon be available with whatsapp...keep up the good work..!,5
"Since I visited Toronto, Canada in 2008 and since discovering WhatsApp - my communication with my other half and cousin has been as easy as text msging. Even though she has a blackberry and I have an iPhone all the features are still very compatible between us two so long we have whatsapp installed. I urge you to download!! Sincerely - Aussie Lemons",5
"Always good apps get limited to iPhone 
Why?
Why don't u think about iPad and make it more useful when it's Allready massive hit app in market
I loved it. My friends loved it and we all are waiting this kind a useful app for our iPad as well
If not for us than make it for steve jobs. He made such A nice invention for us as in iPhone and iPad. Make it more better to give him peace.",5
"Great app! Works perfectly as described. I would love to see confirmations before sending media and also group chats, not just broadcast chats.. Would also love to see sending and receiving of video on original 3G phones (there are apps that can record video and save to camera roll so it must be possible).",5
This app is one of my favorites! While living in London it allows me to send instant sms to friends and family home in Australia. Best thing is I can change my sim as many times as I want and What's app still uses my Aussie number! My contacts never even need to know I've changed numbers! LOVE IT!!,5
"Hi whatsapp,

After updating, theres this pop up saying to turn on notification which happens everytime i open whatsapp. I dont like to be spammed notifications so i always have it off. Only check when theres a small bubble saying theres unread msgs. Please send through another update to remove this pop up setting to turn on notification every single time i open whatsapp. Its irritating. 

Thanks",3
Don't know where he world would be without Whatsapp. The only thing I don't like about this app is how it stores Whatsapp media along with the camera roll. It makes it hard and sometimes annoying to find the photos you are looking for because all the forwarded photos from Whatsapp comes in the way.,5
"Not happy with this application because after installation my iPhone was no longer able to establish a 3G connection and unless I disabled 3G support the phone failed to create any connection to my service provider (3 Mobile).  After deleting WhatsApp my phone behaved normally again.

I would like a refund and also I would like to know how Apple can let applications like this affect the iPhones ability to establish network connections.

Check you don't have this problem before you buy the application.",1
"The app is ok. Yet number of disadvantages should be enhanced. The ability to add pic a whatsup contact, regardless of the phone contact list. The time lag between sending & receiving should be reduced, which can be noticed between users of the same network. The appearance of the app & messaging interface lacks redesign for improved look & colors. The shift between the SIM card Internet & wifi can cause connection problems.",3
Some times i need to send a PDF or words files to my friends but I couldn't also we need to change my messages ringtone. How ever when i got a new messages while i working with different app the notification comes from above is hanging so I couldn't complete my work I have to go out from app and return a gain,5
"I enjoy using What's App to keep in touch with friends and relatives all over the world. It is easy to use to send an IM over the Internet, instead of an e-mail. If you are sending a message to someone in another country it is just like sending a text message, which might be costly if you sent it through your phone carrier.",5
"For those of us who have friends all around the world, WhatsApp makes it easy to feel as if they're no further away than friends in the same city. 
Design is like texting old-school, with added features such as alerting when people have been online, and when messages have been received.",5
"I tried many cross-platform messengers before before finally decided to buy whatsapp. I really like how it makes communication easier and quick real-time reaction of each update. It's not battery consuming either in my phone, while other applications are, sometimes.",5
"Had the app for months. I haven't found it that useful personally, but it's been good for friends and family that wanted to SMS me for free... Until about a week ago.

Whatsapp messenger has had its security compromised (or it just didn't ever have enough to begin with), so now I'm getting pinged all day and night with messages telling me I've won an iPad, phishing for more details about me.

It's unacceptable and extremely annoying. The app is being deleted from my iPhone now, and i can't recommend the app to anybody until there is some sort of response from the developer.",1
"A very solid app. You can't complain about free messaging especially being cross platform. My one complaint at the moment is that when I click on a notification it takes me to the place that app was last open, not directly to the conversation. I have replied to the wrong person a few times because of this.",4
"The App is great, but it doesn't automatically load who is using the App. I'm not sure how often it updates your contact list but for example, right now I have 3 friends who I have referred to the App recently and who are currently using it but I can't see any of them on my contact list. There should be a manual way to refresh your contact list. Whats the point of paying for the App if you can't see the people you can chat to without uninstalling and reinstalling the app!",2
It is a great app because it is free so I can text my friends from different countries and I can text from other countries without having to pay for data which is very expensive. It is also really easy to use especially for group chats and works 100% of the time which is amazing.,5
"I really enjoy using Whatsapp.  I'm able to communicate with a friend a long distance away with text type messages, verbal recordings & images that I can post from my photo library.

Whatsapp is straight forward to use & delivers messages very quickly so it is very like having a conversation on the phone :) .",5
"Really enjoying the revamped version with the added features such as the smaller text size for contact names. However the app is constantly giving popup notifications which insist that you turn on the 'alerts' function. Most people use the function anyway which will be no issue to them, but I only require the app on a casual basis, therefore would rather turn the notifications off. I had no problem in accomplishing this with the previous version",2
"I have four kids, a wife a business and most difficultly an ex wife. They all would love time and communication. Answer have them all install what's app it now feels like a cohesive unit of intimate communication even if I am in another state or country. Ditch all other messaging confusion and install what's app, simple, effective and easily rolled out it is what all phones need.",5
"A fine app, this is. Efficient interface and great ease-of-use.

My only comment is this: there are moments -not often- when the network seems to struggle with capacity. I'm in Taiwan so this may be a localised problem, I'm not certain. 

Regardless, this is a first-rate app and I have already recommended it to all my friends who were not already using it.",5
"More reliable than texting and faster than skype!!! Surprisingly good and sends videos and pics really easily! (one improvement, would be good to be to preview the pics full size before sending. Rather than click on a thumbnail and it sends straight away)",5
"Love this app I use it alot tho one problem Im constantly having is everytime i change my profile photo it takes awhile for it to show... And if i change it again then the photo that shows then is the one i wanted before n so on...the same when I want to see my contacts photos and statuses...
Please fix",5
"For the users who are complaining about it crashing, I fixed this by rebooting my iPhone and them waiting about a minute for WhatsApp to launch. They will release an update to fix this issue but just wait for a minute or so and it will eventually load and you WON'T lose your chat history!",5
"I use this program many times daily, to communicate through a family 'group' that we have set up in Whatsapp. My messages get read by members of the group instantly, which makes life so much easier.. Especially because I live on the other side of the world.. Perfect app for international communication!!",5
"This app is fantastic apart from having to individually delete images without there being a 'select all' option. This is very time consuming, particularly when most people use whatsapp in groups and to share media which then takes up a lot of space on the phone...",5
"Of all the messenger apps, I like Whatsapp the most. It has never let me down and is always easy to use, getting better with each update. I only had trouble when changing phones, trying to retrieve my old conversations as the app kept crashing. I couldn't imagine using anything else for my messages!",5
"As many people here have already said, please issue another update to remove the EXTREMELY annoying constant pop up notification to manage the alerts. Fantastic app and (until now) fantastic experience. Thanks for the App and hardwork guys, but please fix. Thanks !!",5
"Very simple and easy to use, I love that you can send photos, videos and audio notes to your contacts. There's no messing around with usernames and passwords, it just WORKS and shows you your contacts who also have the app. I'd also like to mention that this app is very stable, I rarely have a problem with it.",5
"After Whatsapp repaired it's bug, now it is better than before. It is so good to use it again. Although I use Whatsapp as premier messenging, I also use LINE Messenger as an 2nd alternatif messenger. If Whatsapp CRASH again, I'll not lose communications with my families and friends. Thanks to WhatsApp IT team!

(Try to use LINE & WeChat Messenger.)",5
Whatsapp used to be more reliable but lately I will receive messages that have been sent to me ages before I know. This is because the notifications aren't accurate and they don't show up on the screen of my phone at all. This is so frustrating.,5
"What's app is a good communication app for private conversations, just lately I have joined a few groups, but as always with groups, the spammers or self promoters try to influence the group.
I enjoy the phone connection facility and find it useful.
I live abroad from my home country and enjoy the ability to connect with my people all around the world.",4
"Since the last update of the app, I've been unable to change the notification tone to 'note' for receiving messages. I have tried other tones too but it just gives a dull tone which isn't very loud. I can't seem to change the tone for any notifications. This happens with every whatsapp update!!!! Please fix!",4
"One of the greatest things about the iPhone is what's app!! making normal texting that much more fun with audio notes and easy sending of media to sharing locations!! plus the ability to keep long distance friendships intact with the ease to contact anyone in the world via your fingertips!!

amazing app! highly recommended!!!",5
I love whatsapp. I use it all the time. But this update is just no good. It keeps freezing after I send a message in which I have to lock my screen and unlock it again for it to work but only to find that the message I just sent had disappeared. I want to keep using whatsapp but that isn't going to be possible if this update isn't fixed asap. I have also read the reviews and some people are having the same problem. Please fix it asap!!,2
I have been using this app for a while. Recent prompts regarding notification settings have now forced me to come here and write a review slamming the app. People customise notification settings for a reason. I do not need the app to force me to change my notification settings. This is the first app that constantly does that. It is very annoying and makes me want to delete the app and feedback within my friends circle are the same. Fix this whatsapp. Whoever thought of this should really get a new job.,1
"I do appreciate the new look and performance fixes, but please re-implement the old voice note system. I need that. The new system (despite having existed for some time) is massively inconvenient and I've never actually made use of it. Recording guitar via the old system is something I do very often and now that it's gone, I can't record it at all. I only have two hands... Not having it there ruins the whole experience for me. Please re-implement that feature. It is very important to me.",2
"Please stop the SPAM!!!! This is rediculous... Why isn't there a security feature to block messages from anyone who isn't on your contact list???

I'm getting multiple spam messages daily, all from different numbers so it's useless to block as the next spam message comes from a different number... All about some bogus competition and wanting me to click on a link (phishing tactic)....

Please fix this or I'll have to delete this app... I wouldn't care if this was a free app, but I paid for this and expect a paid app to have zero advertising and zero SPAM!!",1
Free texting conversations with look and feel of iPhone messages. Ability to see a message sent and received status is a bonus. Only downside is the obvious need to be connected to the net plus the recipient needing to have the app on their phone. Would like to have the ability to contact them regardless of app install or not,4
Does what it says: let's you send free text messages (including photos) from one iPhone or B'Berry to another. Even works with iPod touch (over wifi) if you use your mobile for initial setup. Messages sent via Internet and you get alerts to notify you of new messages. Well worth it.,5
"Why wouldn't you have whatsapp!!? It's the best. Communication has never been cheaper, easier and worked so well. Notifications are like a text message, even with Skype or fring where you can message, they don't always notify you promptly! Whatsapp does!",5
"I have been receiving more and more spam messages. Even if you block them, more keep coming from other numbers. Very annoying at 3am getting ""win a free ipad!"" messages! There are so many loopholes in this app. Recently  it let users change each others statuses, but instead of fixing this by using passwords, it jut uses your up, which is very easy to fake. I like this app because it saves me money by using data to message my friends, but I really hope they get their act together because I'm getting really sick of all the spam",1
The quick reply on the iPhone 7/7+ has the issue that when you 3D touched it the keyboard won't go away when you logged into your home screen after replying. The only way to resolve it is to turn off the screen and on again.,5
"The app itself is good, I have been using it for a while but since the voice call option and now the video call option, I do not get any notifications on my phone for them. So, it would be helpful if you guys could fix that, I'm not too sure if it's a bug or anything because I get notifications for the messages just not for the video or the voice call.",3
"Try these steps, hope it will help:
1. Check WhatsApp Update: Open App Store from your iPhone, tap Updates, check if the app needs update.
2. Restart your iPhone: hold down the Sleep/Wake button to power it off and turn it on.
3. Close the app: Open Multitasking by double pressing the Home button, swipe the non-response apps up to close it.
4. Go to Settings, tap Whatsapp, tap switch off everything except mobile data and notofications.
5. Come back to home screen and open whatsapp.
6. Go to Settings,tap Whatsapp and switch on everything back.
7. Open whatsapp again. It should work now",5
"Great application! Ive been using it for at least 4hours a day for the pass few months. It's safe to say that I've saved hundreds of dollars worth of international texts/chats thanks to whatsapp. Server does crash every now and then, and there seems to be a lag nowadays. But hey (: 5 stars for making the world a smaller place.",5
"there's a few things that would be good to add, it would be good to crop photos from the edges and not just the corners, and to be able to make voice recordings whilst offline so i can send them later. also i'd really like it if i can change the notification message tone to custom tones (ones i've made). but apart from that, great messaging app, THE only one i use every day!!!",4
"I installed Whatsapp on the recomendation of a friend, But it is not fully functional without copying ALL of my address book to the 'Whatsapp Server' to me this is a big 'NO-NO'.

I do not want all of my address book copied to their server for reasons of my own security.  I do not want everyone in my address book to know that i am now 'available' on Whatsapp.  Regardless of the nice we dont sell your email address or give it to anyone words on the website.

Last year I licensed another add on product for S**pe called PAM**a and now I get solicitations for gambling sites using the unique email address that i assigned to that licence!!

I have paid for a fully functional product but it does not want to work or let me configure it without copying my personal address book.. Not good guys!",2
As a pensioner this provides me will an alternative to keep in touch with all my family even when traveling overseas . Use it everyday and great to keep in contact with those living overseas . Sending photos and videos are easy even for a no tech head like me,5
"My girlfriend lives in the USA, I'm in Australia, this app is the ultimate. I can't think of anything that needs to be added except perhaps the option to see each others location when messages are sent (you'd each need to turn this option on).

I love it!!",5
"I have been with Whatsapp since 2010 and it has always served me well. However after the latest update, the app has become very laggy and slow. It tends to freeze and the start up when you open the app is very slow as well. Note, I have already updated to the latest version of iOS so I doubt it has anything to do with that. Please do something about it! Thank you & good job all these years :)",3
"It's great in terms of cross platform chat app; But since whatsapp adds phonebook contacts automatically into whatsapp contacts, obviously there will be certain people from my phonebook that I do not wish to chat with, yet this app always shows whenever I come o
nline - so at least create the 'Invisible' feature please, I shouldn't have to ask for this, this is very standard chat app feature.
So please UPDATE!",3
"The only thing i would suggest is to be able to delete media files photos and videos but having a multi select option rather than selecting each photo. May be mark all photos in a month and delete all.
It would free us so much space so quickly.",5
Generally nice update. But would love it if I could minimise my video calls and then be able to open a different app without pausing the video. I know it's possible to minimise the video and run other tasks within whatsapp but it would be nice to extend that function to all others apps.,5
"After upgrade to iOS 9.1 I was forced to upgrade to new version of WhatsApp. Since the upgrade I can't send group messages 😞
It would also be good to have a common location to store all incoming outgoing media so that it can be deleted in one go.",5
"This is the best SMS/messenger app by far. I've used Text Me before and it constantly crashed and really unreliable. This app tells you when the other person is online, typing and the other person has read your message. Also you can send photos for free! Awesome",5
"Please bring back show notification! The last update has been the biggest regret update ever. This use to be my favourite app, I use it for all communications every day and have a lot of groups. No show notifications has made it the most frustrating app and will definitely migrate to another chat app if this isn't bought back. It really has made the app a terrible user experience. Please listen, from a pioneer user of your great app, you need to bring back show notification or you will lose your user base for sure.",1
"Since the last update on iPhone 4, there are issues with recording and sending voice clips. Where they used to end automatically at 2 minutes, they now continue and once over 2 minutes, you click stop and it freezes the whole app. Please fix this. I am a big fan of the voice clip option and this has become quite frustrating and disappointing.",2
"Just updated to the latest version, more solid colour chat background everything is so wonderful, but just the receiving new message sound has been cancelled, which make the new version bit disappointed. The receiving message sound do work sometime to remind me there is new message coming. Please add it back thank you so much pleaseeeeeee",3
"Using this app from ages never had any problem ever. Now it has more great options with group, voice recording and sending or receiving videos which makes this app to epic lol;) Thanks to this app it made so easier for me to contact my friends and family with no matter wherever they are.",5
"I read the description of the update and was incredibly excited by the prospect of being able to start messages and chats, something I thought would act like pinning chats to the top. I was instead greeted with a useless tool of staring individual messages which would appear in the search results and under the contact info. Not a useful update at all. Still operates like normal though.",3
"Love this application. 
Very useful. I have been using this app since 4.5 years. Great application which lets me in touch with family and friends no matter where they are. The only functionality that's missing is calling option. I hope that this facility will be made available soon.",5
It's revolutionized the way short message services works specially so as to send media files and videos instantly !! Luv being a part of this every day keeps me connected with family n Frens even while travellin overseas all tx to the convenience of wifi and being able to use the app on the Internet purely !! Wow,5
"Application is perfect and enjoy using lot...
Only one disadvantages, once u post it in group wall can't removed , it can be removed from your wall but not from other even u r admin.... They should something like that whoever post they can remove like Facebook...
Because now a days many people have many group and many time by mistake u forward some stuff.",4
"Love whatsapp! Great for keeping in contact with everyone overseas without waking them up due to time difference :-) easiest way to send photos, SMS, Audio and videos-fab! Genuinely INSTANT messenger and ability to tell when received. First app I recommend for all iPhone users. Only question is-  Is it, or anything same, available on iPad?!",5
"This is a great app. If you have had problems with this app in the past I suggest you update it, reinstall it or contact the company if the problem is with the current version. They repair any bugs they find. New features and layouts are added with some of the new versions. 
Highly recommended!",5
Hey I am sort of new to this app but I mainly use it to message my friends in South Africa. I accidentally deleted the app and tried to download it again but it stops on the loading page. Someone sent me a message but I can't read it as it's stuck on the loading page. Is there some way to fix that?,5
"There are many bugs in the latest update, major bugs which lead to app crashing, connection to server is slow, takes ages to send and receive videos and voice messages. 
The new calling button is taken off with the new update. It was a good feature, so please put that back. 
I am still waiting on the whatsapp to whatsapp calling feature like that on viber.",3
"Most used comms method I have other than email. Living in Colombia SA means no international sms, can WhatsApp friends & fam world over, have WhatsApp chat groups - sport/teams, kids school Mums, friends, all thru their phone numbers (but via data carrier). Can fir groups but would like to be able to set diff sounds for individual contacts.",5
"Great free way for me in Oz to stay in constant touch with my sister in SA, especially love the voice memos so we can send each personal voice messages for free, or my kids can sing her a song she can keep etc. saves me money not having to pay for any international texts etc.",5
Whatsapp is a great way to stay in touch with people. When connected via wifi I'm still able to chat even though not in mobile coverage. Already have 12 people join and use the app. Recommend,5
"WhatsApp has been such a large part of my life lately.  Lots of family stress,  illnesses, preparing to move house, coping with ageing and a partner who is getting more forgetful.  It would be so hard if I couldn't contact my family so quickly.  thank  you",5
"Love how you don't need to register to use this buts just a simple phone number
But I would wish that when they export the chat log, export as HTML or XML format other than just .txt file. Cause it would be so much easier to view though the history and all than just scroll though texts that has name everywhere",4
I like what's app but a very odd thing happens with my iPhone. Since about 2 iPhones back I have been unable to access contacts and make a what's app group. I can be invited but can't make my own. What's app just doesn't appear in contacts. Weird and annoying!,5
"Awesome!!!  WhatsApp is one of the best Apps I've ever used ! What a great way to communicate, virtually for free,  with your friends! Without this App i would be spending hundreds of extra dollars; the convenience of using this app alone is enough to make you ask yourself why you didn't have this App before now !!  Thank you WhatsApp !!!!!",5
The app is fantastic and works very well except there is a small bug im getting on my iPhone 5 where after i send a message the keyboard stays up but the bar where my message is being written disappears. Which means i have to close the app and re open it if i want to send another message.,5
If you want to be able to tailor your notification settings so that you don't get an intrusive alert every time you get a whatsapp message avoid this version of the app. They have implemented a popup screen that loads everytime you open the app to tell you that you have restricted your notification settings and that you need to turn them on. Please stop trying to control how I set up my phone! Ruins an otherwise useful app.,1
"Need to have a backup option on iCloud or something, so that when iphone is restored from backup, whatsapp messages are saved. Currently if you restore network settings or restore completely, app is still there but you have to go through whatsapp set up again and all conversations are lost",4
"I've used What's app for several years and have been very pleased with it till now. When I opened my what's app yesterday I wasn't able to use it cuz it said I had to update it to use it. I updated the app but it couldn't put it on my phone because I didn't have the latest update for iphone, but when I try to update my iphone it says I have the latest update. I have an iphone 3G so it's pretty old and probably not compatible with the newest iphone update. Please fix this so that it can be used on a older system too.",1
lambat betul mok ada music yaaa huh,1
Ok,5
Good app,4
I can't use my phone number on whatsapp.. why I couldn't understand,5
I cant wait to make some memory🥹,5
Nice app,4
Good,5
Good,5
superb,5
This App is the most amazing though not as good as the GB WhatsApp..anyway i love it now that its better among the availlable ones,4
Okay app,5
"WhatsApp used to be good. Now, the updates just keep getting annoying. First, you can't edit a picture anymore before sending it, and if you want to type a message in the attachment, WhatsApp starts lagging. If you view a status, it automatically downloads to your phone. Why?",2
Tegekonge,2
Bhai bahan my WhatsApp number I am nothing any activity but my WhatsApp number block,5
Work,5
Good,5
Good,2
🙌🤗,5
Am appreciate,5
This app is so 😞 bad download hota ha but id nai ban re kii b asa app nai ban ra plzzzz help me I am so 😭😭😭😭😭😭😭😭😭😭,1
Nice,5
My WhatsApp problem,5
Very nice product Very fast delivery Good behaviour of chating Well behaved agent,5
Good to use,5
I'm very grateful for using this app,5
"Cepatlh ada kan lagu dekat status wasap,lembabb",2
Good V,5
Good,4
عالی زنرپو,5
Nice,4
Baddext,1
Good,5
You blocked my whatsapp for no reason,2
No storage how,1
Mine is hacked so only one star or rate,1
good,2
How do I find my what's app number,5
Nice,5
wooo,5
Nice 👍💕 service,5
Baar baar call ruk jati,1
WhatsApp block kyon kar diya hai chalu kar do,4
my whatsapp doesn't have song,4
❤️😘🥰,5
Good,5
Excellent 👌 app,5
So good,5
Nice,1
Good,5
Good,5
Good,1
Whtsapp,5
Status video upload,1
Best,5
Good,5
ok,5
Supu,5
"Please add a separate tab or section for chats from businesses. It's annoying to scroll past 10 chats from banks, zomato, swiggy etc before you can find the person you texted the day before.",1
"Very bad performance after this update 😔 , automatic exit me in the chat on whatsapp",1
this app is futrating my life 😭😭😭 ever seen I updated it,1
👍,4
The app is good,1
சூப்பர்,5
This app is good system,5
Why I'm I not staying longed in forever,1
Family chat,1
Good,5
nice 🙂,5
kenapa saya teda lagu ni org lain semua ada suda haiyaaa,2
Good app. (Too much updates),5
"Whatsapp is a great app to interact with friends and family, but the only thing I hate about Whatsapp is that my Whatsapp doesn't update it, and it will take a long time to get the new version example when I got the heart symbol on status it took a long time now for the music feature I still didn't get it. A person I know said that she got the feature a few weeks before I still didn't get that feature . Hope it gets fixed. That's why I gave 3 stars. TYSM",3
Please unband my account,5
Cool App,5
Love it,5
Not working,4
Good app,5
Earlier I Gave one star because of new privacy policies but it's better now!,4
Good Very good 👍,5
Great app,5
Please give notes options like Instagram 🙏💕,5
"Please someone have been trying to hack my WhatsApp account and this the second time of trying it,please take noted",5
Ok,5
I like it,5
"I've been using this app for so long and it's been working well for me. There's one problem tho. I can't access photos from my gallery. When I'm trying to post Whatsapp status, I can't find photos from my gallery. only the one that had been shared in chat can only be seen. Please help me.",3
Good,5
Good,5
Because of this app my Facebook account can't change may password stupid app,1
Reliable communication system,4
It's effective for communication,5
"Every thing is perfect voice call ,video call even if you are scrolling you can see wether a person is typing or recording an audio",5
الواتساب عندي مش بيعمل ميوزيك ع الصورة,5
This is very nice app,5
WhatsApp killed me. I created an End to End encrypted password when I tried transferring my data to new phone the password became incorrect. Please can you fix it on how we can recover our whatsapp passwords,1
"There are many bugs in WhatsApp. While saving status, the video quality decreases.",4
The app is so good buh just that the video gets blurry whenever i post it on this app,3
The app is just too good I love it 💚👍🏻,4
very nice,5
good,5
Whatapps keeps closing repeatedly and its says to log in to the official whats app evebthough i am already using official app i'm getting this error and cant find any solution,2
👍👍👍,4
😆,5
"Horrible. I just tried to transfer my whatsapp stickers from my old phone to new and tried linking the devices and they overwritten all my old whatsapp data from my old phone with no warning whatsoever. now all my whatsapp data, photos, videos, stickers all deleted and gone. absolutely ridiculous, no disclaimer before i linked. i have no idea this couldve happened. Horrible.",1
It's quite interesting I love it,1
This app has too many bugs. Please fix. My account was blocked for almost 7 times now and after 1 day they unblock my account. I want to know the reason for blocking my account and how to get my data backup as I am unable to log in to my account using my phone number. I keep getting errors. I am trying since 2 days to login. I have deleted my data of 9 GB but still I am unable to login. I have emailed many times but no response.,1
its Best App,5
Excellent,5
My WhatsApp messenger has no update features such as bubble chat and music for the status. Why is that? I am using Honor x9c 5G & Oppo Reno12 Pro 5G.,3
👍🏻,5
It downloading very slow,1
"This app is really nice 👌 It great 👍 There use to be an assistant on this WhatsApp. But now, it has disappeared in my WhatsApp. 🤔",5
The server is very slow it take longer time to upload files.,1
Good Good,2
always good it's amazing easy to use,3
Why are not use this whtsap new phone,5
Nice,5
You made the right choice by choosing what's app 🥰,1
Don't need your updates after every few days we all are fad up with this new look like Facebook. Don't change your self our settings we don't need this type of change. Status confusion also disturbing. We need old settings of status which was upside of all chats.,2
Good,4
Wonderful 👍,5
It's good application,4
When deleting messages from everyone stop leaving the pop up that indicates that a message has been deleted,2
Best app for conversations with my friends and family,5
"Thank you for your apps, i hope you improve more in post quality, and also video call graphics and leg and bugs being taking care more extra careful ❤️",5
nice,5
nk backup lembab...xtau la boleke x....nk transferbstuck pula...geram pula ak,1
Good,5
منزلش عندي التحدث الجديد اللي زي المسنجر سئ جداا جدا بقا زفت اانا عاوزه يتحدث دلوقت ويا ريت يكون في خلفيات جديده الوتساب ويا ريت تغيروا شكل الفويس ممكن تعلجو القصة مش راضي ينزل التحديث واتساب زفت وياريت تغيرو الوان 😡😡😡😡😡,5
Foe business,5
"Whatsapp team, we face immense difficulty to follow our personal message due to repeated promotional chats like myntra, ajio etc. Can you please try to enhance our experience by adding those promotional chats under a new section. Thanks",4
Good,5
Why i am never able to you meta ai in WhatsApp,3
Hello WhatsApp meri WhatsApp per account ko support karo,5
Totally agree with WhatsApp,5
good chat,5
What app in wow 🔥,5
Always good,5
Hebat tapi tak,5
Good,4
Fantastic,5
Sahi,5
Its perfeect,5
My WhatsApp have not button play music yet.... Maybe later i want to uninstall my WhatsApp 😭😔 #Bye WhatsApp 👋 #Hey Wichat,1
Nice,5
Unban whatspp I'd please🙏 🙏🙏🙏🙏🙏🙏🙏🙏🙏🙏Unban whatspp I'd please,4
Loat all my data due to app issue,1
Super,5
awesome,4
Grrat app. Thanks,5
Great,2
The app keeps stopping 😭,1
It is flawlessly functional and very convenient to use.,4
"Bom eu infelizmente estou a enfrentar problemas com o WhatsApp oficial, pois os meu números foram banidos do mesmo aplicativo, sendo assim não tenho como usar o aplicativo, se os agentes do WhatsApp pra que possam dar uma revisão pra ver se podem me ajudar pois estou a perder muita coisa!",5
I love this App,5
Good,5
Good,5
Nice app to using of chart and other activities,5
astonishing 😃,5
Update every time,1
best,2
Good app,5
i've done update my whatssap apps but i still cannot put music in my status..i see my friend can put music in their status but i can't..,1
I love it,5
love this app,5
It's a good app,5
whatsap due to spam show this problem sovmquest you please solve,1
Best,5
Chat backup is not working totally wasted my time i losted my important documents,1
Ok,4
Good,5
It giving me serious issues in logging in And it very important to me,1
I'm getting pop ups are missed calls from other what's the problem,1
Very good,5
Rahmat,5
Cant log in,2
My WhatsApp number block please unban my account,1
Wow,5
Good product 👍,5
very good,5
Nice,5
Good,2
Excellent,5
"I love it, it's perfect",5
good,5
নাইস,4
Very usefull app,5
Only friends and family can call me,4
The best,5
Npereza ku what's ap namba,4
Thanks you,5
Is very good to use,5
"Hello, Whatsapp Team! I suddenly received this message from you that my WhatsApp business has been banned even though I have not violated and policy. I have not violated any policy as I told you in the screen shot also you can further check my account with my number. I have not violated any policy as u told you in screen shot also you can further check my account with my number. So as possible so that I can run my WhatsApp I am Waiting for your positive response.",5
Love it,5
I like what app,5
Fast and typing and also fast in sending Buddy Holly problem that if you log out it will be very hard for you to log in back,2
Good,2
My whatsapp also stop after 2 hrs of verifying due to spam and am tired of it,1
Bad not working,5
👍.,5
It has been helpful and easy to communicate with different people from different areas.,5
maybe you should put a highlight status like in ig,3
Beautiful,5
Thank you for good work keep doing more work,3
A bit good,1
Good👍,1
Feature are too Late😐,4
WhatsApp banned problem,5
It helps us to find information,5
Nice product thanks meeshoo ❤️,5
Bad,1
Lol wow so good,5
Dose not gives any backup,1
Ok,4
Love you guys,5
I'm just trying to login but the app is just saying l should download the official app yet this one is official please may you help or it's a bug on the whatsapp,3
Nice,5
It has meta AI,5
It is a good app a can talk to my friends amd family u can crreate groups all around the world and help file sharing super easy and quick to use,5
Banzaye kawai,1
"There is a bug , whenever i change my dp the the pic get uploaded a small cropped corner frame of the pic everytime",1
Nice,5
This app is more reliable and important to me,5
Last 1 year my whatsapp no blocked by 3 times,1
call not collect,1
good service,5
This app is very private for messaging but sometime this app auto delete message,5
Good,5
Good,5
Cool,4
Good,5
I'm so sooooooorry,5
WhatsApp is good app I don't have any issue about It personally I don't know about other people but I think there is one more thing they need They should do it like tiktok where people can do video call🙏,5
Very useful app,4
Good,4
Reporting a conversation automatically deleted it. I required it for evidence.,1
This is a good App,5
dilipkumar ❤,1
The best apps,5
Fast messaging,4
Best,2
My WhatsApp keeps crashing after the latest update. How can I fix this? It's becoming quite frustrating.,5
Very work full and nice app,5
Good,5
🥰🥰🥰🥰😌,5
Gud app,5
My wts app number is banned I am facing a problem . This account is no use because of spam pleas fix the problem and return my wts app numbr,1
It's not the best,5
Asks for phone number then sends a code to a app I cant even get what's the point,1
I'm not supposed to give any star because I've been trying to login into my account and I can't..... Been waiting for 24hr review for the past 2days 😭😭so frustrating... What should I do about it? I didn't go against the community standards,1
"The worst backup experience. Every time I switch phones, it takes about an hour to transfer all my data. But moving my WhatsApp data? It took me three hours! You really need to improve this process, guys.",1
🥰,5
Good,5
Lack of security...... And too many spam..... Gradually shifting to telegram....,1
Good 😊,5
Simply waste,1
Good,4
Nice,5
Good,5
can't put the song..,1
The signal so high but I couldn't use the internet,1
Very nice app,5
"I love this app ,but my accounts are always locked",1
This app one seen features is a greatfull the data secure 🔐 in a one time,5
You shouldn't force us to update! I hate you to force for updates,1
Oh nice,5
the app is great but why i dont have certain features??????? when will i have it???? bagus tidak payah saja saya pakai aplikasi ni kalau mcm tu.,1
Helpful,5
Great,5
Cool,5
It is very good messaging app but it's update is very disgusting,2
Thank you,4
Good,5
Whatsapp give me(Oppo reno 2f) music like othersss,3
I love what app,5
Dear whatsapp team i am using regular whatsapp and i know the rules of whatsapp very well. whatsapp team has banned my account or you need the official whatsapp to login be used whatsapp is showing such problem so I request you please check my account or unban my account. Thanks 🙏,5
Very bad ..,1
Saya tak dapat pun lagu kat whatsApp. Hm,1
I have suffer alote with this whatsapp,1
Very nice app and very strong,5
"Faltu apps,,, login korte gele onek problem hoe,,ei rokom app na takai valo😡😡😡",1
My whatsapp unbaned please sir,5
A wonderful app use for chatting family and friends and is fast and reliable to chat,5
Such a nice app,5
👍👍,1
"whatsapp is very good and helpful,it it a place where you can send and recieve messages from friends and loved ones",1
Good,5
"So hard to choose pic from gallery, stupiddd.. why make it so hard? Just make like old version is enough",1
Best app for communication,5
You whatsapp so very nice application,1
Please give me the latest version,4
So good,5
Good,5
Wow it is very good app for communication app,5
This so unusual,1
Do not want to update,5
Wattsapp please let me log in my account please,5
Best in my suggestion,5
It's actually the best to me.,5
this app it's so nice ♥️🔥,5
Its perfect for everyone,5
Very helpful in updates i found no problem,5
"Do better, but it's a nice app",5
WhatsApp install issue,5
Can i know how to put music on status,5
Nice,4
Some features aren't coming to my phone but I'm using the latest version. Example of such features is the music addition to status.,5
😁,5
Plzz unfreez my what's App Acaunt,1
awesome,5
"What's app is the best for messaging but I want to request that please while posting a status, please add a HD icon for photos and videos to become more clear...I'll be very thankful...",5
Good,5
Best app strongly recomended,5
رائع,5
The best..Tq 👌🏻👌🏻👌🏻,4
Bharat Bihar se ho gaya,5
"I've tried to log in this app a few times because it said that I need to download This app(WhatsApp) from the official platform such as Play Store.. and guess what? Even though I redownloaded it from the Play Store and also I tried to use their official site, it's still not working for me. Please, fix this.",1
Yes good,5
Superbe kindly appreacet,5
Nice ap,5
My account is banned again and again please solve my problem,1
Goog,5
PUBG My Best Game,5
Easy to communicate every time,4
Great experience,5
Whatsapp dah update tapi kenape status takde lagu? Select betul la 😒,1
very very important App and Good,5
Ok,5
Good,5
It is very nice good in messaging i it good because true WhatsApp i can always contact my love once speak with friends do video call and many more so I must say WhatsApp is great and it has been nice to me,5
Does not respond when updating,1
😍😍😍,5
Good,5
I wanna update where I am not seeing it 😭(GIRL🎀),5
Good,5
Amazing,5
Ok Very good,1
Video call s quality is very bad blur 😔,3
I don't know what to do,1
"The app is very good and it allows me to stay in touch with my family through photos , videos , video calls , voice calls , etc 😀😀😀😀😃😃",4
The app is fantastic for real eeeh!!,5
Whatsapp downloding karna hai,2
very good app,5
Whatsapp is so nice,5
This is the best app and most important app for everyone,4
Good,5
Most wanted app,3
Aweso,5
Secure my messaging and voice messaging and videos on photo sharing and privacy upgrade,2
Very good 👍,5
What's app,4
Nice,5
its good,5
Why status my apps not have a music,3
My phone is not working properly it can not install official whatsapp please can you solve this problem,5
it's good I love the Ai part make sure business WhatsApp has a working one too. it's good for business,5
Mast app hai.,5
😊,5
😊,4
Good 👍,1
Osm,5
Like,1
NGELAG BANGET ANJIR,1
Good,5
Good app but code lat bhjta ha,5
"I want my whatsapp when i uodate a status,have a song",5
Good,5
Fun way to text friends,5
Super,5
Slow new features in my whatsapp,2
It good,3
good to use,3
Please give me back my whatsapp.,5
No scam no alert 🚨,5
Perfect,5
Super,5
Godd,5
Ok,2
Good for chating,5
Bhaut achha,1
Good job,5
The are great in business,5
Good,5
Good,5
👍,5
My stickers are not working 😶😶,1
Ecxellent,5
Good,5
It's the best chatting app,5
Bello,1
Useful,5
Ok,5
"Very good, it is very nice to work People can easily get information faster. All are watching, it is a very important social media.",5
Very nice,5
I love it and It helps in assignments,5
Bahut achha hai,5
Fantastic.,5
👍🏻👍🏻👍🏻👍🏻👍🏻👍🏻👍🏻,4
Better,5
Good,4
Bad,5
ব্যবহারিক এপ,3
So nice WhatsApp ☠️🔥❤️☺️,5
"It's a good app but sometimes theres very unecessary updates- The new picture selection method absolutely sucks, especially to make stickers within the app, and it looks like I'm definitely not the only person who finds this annoying. I hope you listen to reviews and fix that",3
Amazimg,5
Everything is fine 👌 but I Have a suggestion please add zooming system when people on video call,3
Very baddddddddddḍddd,2
Good application,5
Simple life,5
very helpful apps,5
It helps me to chats with my brother s and freinds,5
Cool app but there's few ads,4
This app is very benefit,2
U able to invite a friend to join me on WhatsApp. Any reason why this is not happening?,1
I am not getting my watsapp updated..what to do now,1
Excellent,5
Good,5
It's very good,5
This app is just amazing.,5
"Whatsapp sucks , bcuz i can't even use WhatsApp so access some like like, if there was a 0 rate , trust me i would rate u guys that",1
I want to delete this app,1
Good,5
Love,4
Too much error and hanging very much,2
It's somehow a good app but the AI part needs an update 😡😡😡😠😠😠😤😤😤😤🤬🤬🤬🤬🤔🤔🙏🙏🙏🙏❤️,4
Very good,5
Please unpose,5
U banned my account for spamming but I didn't,4
"Terrible update, bring the old UI back because this one makes me wanna kms each time i press share contacts instead of gallery.",2
"Hey ,my WhatsaApp number is banned iam facing a problem "" whatsapp this account is not allowed to use whatsapp due to spam "" please fix this problem and return to review my Whatsapp number i have not did anything against whatsapp policy and rules. Iam sure that my number has been banned by mistake please review my request",1
But it was the same,5
Awsome,5
I like this,3
nothing but excellent...,5
Nice,5
Best,5
This app is very useful,5
Not open,1
Bhot hi zaberdast app hy is sy kafi faidy mily hen mujhy to. Jahan bhi content krna ho dunai mn kahi bhi to whatsapp ky zariye rabta mumkin hy agr whatsapp na hota to mery khyal sy to kbhi mumkin na hota kisi sy bat krna.,5
Best app ever 😘🥰😍,5
Super,5
Should work on the voice message like it should prevent any other sound or noise at the back of the voice,5
Best of best,5
Meta ai feature not enable,1
Excellent,4
Update,5
Better,5
"Horrible, every time I try to enter the app it kicks me out. Only on the 5th time it allows me to go in but then if I click on statuses It kicks me out and then I have to go through the whole struggle again of getting into the app",1
Good,5
Very nice,5
Nice,5
Satisfied,5
Weregod,5
Osm,5
This a very good application,5
Kurang memuaskan,3
Super,5
Okay,4
Nice,5
good app,5
Wonderful,5
Excellent,5
Great,5
I love it...,5
"The worst aplication I have used since. I used to receive few texts from an unknown number continuously but I couldn't find them in my chatbox. How could it happen? And now my WhatsApp account has been reported,without any intimation. Their was no particular reason for this act given by whatsapp . Here request the respectives to resolve this issue.",1
Very nice app,5
Nice,4
ওনেক ভালো,5
Very good,3
Now i have a big problem i install offical whatsapp messenger from app store and it refuse complete anthor ways and gave me warning message it's not offical whatsapp untill now my numer can't open whats app so need anyone solve this problem,1
बढ़िया,3
"How do I delete this app. When I use fb and want to ""send"" a post it takes me to what's app and my phone contacts instead of my messenger chats....please help!!!",1
Very good,5
Ask meta AI is not there,4
😊,5
Good service hhhhhh,5
Great,5
I love this app so much,5
Horrible I created a new account and you guys just disabled it for no reason it as been like 4days now.,1
jack of all trades,5
Very good,5
I. Cannot make a photo,1
Nice app for Android phone user,5
Ok,5
So bad,3
"Subject: Urgent Appeal for WhatsApp Number Reactivation Dear WhatsApp Support Team, My personal WhatsApp number (+XXXXXXXXXXX) has been banned, and I believe this may be a mistake. This number is extremely important for my personal and essential communications. I always follow WhatsApp’s policies and have never engaged in any violations. I kindly request a review and reinstatement of my account at the earliest. Your prompt assistance would mean a lot. Best regards, [Shahid Nawaz ]",1
Nice,5
Very good,5
Nice,4
ok,2
"org lain dh ada lagu dkt stt, bila nk ada ni oi",1
Good,5
Good,5
My phone number was just simply removed from WhatsApp and i can't put it back,1
"Very good app,pls donload on my mobile",5
"Woi aku nak buh lagu kat whats up, orang lain ada dah. Mau tau malam satgi status aku dah boleh letak lagu dah",1
Nice,2
Wow I don't really know what to say about this new updates but can dey bring the data network down the mb is getting too much,5
Very nice I love it alot because all apps are in one place amazing work...,4
Very bad,5
Good,1
Good,1
Good application for daily use any work,5
V good,5
Very good,5
Easy o text and very reliable,1
Very good,5
Good,5
Bug buto,1
Whats app vera level,5
Very nice,5
was good,2
Cute,3
جيد,5
nice nice,1
Good,5
Poor app,1
Good,5
Good,5
Great,5
Useful,5
it is was very interesting,4
Good,5
Nice app cause I can call people and message them they is voice message and status that u can see and amazing things so that I can not be bore,5
We joip,5
Mast,5
Help my WhatsApp number is banned I am facing a problem'' whatsapp this account is not allowed to use whatsapp due to spam ''Please fix this problem and return to review my WhatsApp number I have not did anything against WhatsApp policy and rules .I am sure that my number has been banned by mistake please review my request. My WhatsApp number = Thanks and regards,1
Nice,5
Good,5
"I have installed WhatsApp from Google play store and also from WhatsApp official website but when I tried to activate my number the application says ""You need the official WhatsApp to log in"" is it a joke?",1
Good,5
Wonderfully life,5
Good,5
App isn't like what it used to be....plus contact centre extremely unhelpful now and couldn't care less about any of the issues you're having with the app. Just hoping and praying 🙏 another better app becomes available for android phones!!! DONT USE THIS APP...GET AN IPHONE AND USE FREE FACETIME....THAT'S MY ADVICE. THIS APP IS TERRIBLE...,1
Nice,3
Good,5
Very frustrating trying to set up. Can not register new number,1
انعام,5
Spamers are yet my account 5 has sudprnded😔plzzz remove hackers and spammmers🙂,1
good apps,5
Good,3
After bought a new Huawei... It keep saying download official whatsapp.... I failed to login with my old number....,5
awliiiiii,5
nice,5
Good,5
Amazing 😍,5
It's quite reliable,2
Was good before but now can't save or refresh contacts from the app,3
I love whatsApp,5
Very good and interesting apk,3
It is telling me to download the original app,2
Aplikasinya sangat mudah,5
Tak boleh masuk lagu,1
There just blocking people's accounts,1
That's a bad app,1
Very good quality and excellent service for current sending msg and whatever important information it is very useful to all people,5
best,5
Super up,5
مكتاز جدا بس لو تضيفو له مميزات جديده مثل القفل مايكون على قفل التلفون,5
Abhay king 👑,5
Super,5
So fantastic,5
Good,4
Super,5
Good,5
Super,5
Good,5
good app♡,5
Great,5
I haven't got the music thing yet.,3
Good,5
Good,5
update but not have new future song so sad.,1
WhatsApp jangan pilih kasih ehh sy nk letak lagu jugak kt story sy 😭😭,2
Best way to chat,5
It's a very good app,5
Amazing 😍,1
Status not showing,1
It's a grt app,5
Why why they also broke my WhatsApp everyday,2
Excellent,5
Super,5
I can't access my WhatsApp any longer again they have suspended my WhatsApp for no reason why is it like this?,1
good,5
Uou nwed the official whatsapp account to login,5
Will switch to 5 when you roll out an update with initiating a new chat directly from the watch.,4
Uses Play integrity API (very bad). Whatsapp uses this to Ban other Operating systems from using anything other than Google.,1
Good for late nights talk,4
super,1
Old account restart,5
Best 👍,4
Where is music update status for samsung user ?,1
good,5
Voice notes suddenly sound like a star trek alien talking. My voice sounds normal in other apps.,3
Very good 😊,5
I'm really love this app💖,5
It very good I could have given it a 5 but 4 is om,4
Good,5
Good,5
Nice this app!,5
The app is full of amazing things,4
Ok,5
Good 💯,4
"Good day, please can you guys remove the notification of ""THIS MESSAGE WAS DELETED"". I guess the point of deleting messages is to prevent the person from knowing that you sent a message in the first place. Thank you.",5
Thank,5
Great 100,5
It is very fast communicater,5
I love this app so much because it very fast both chat an calls,5
Good,5
very good,5
Too bad its not connecting at all,1
I love this app it communication easy 😍🥰😍🤩🤩,2
Ossam,5
It's is so sweet,5
Ok,5
great,5
I don't know how to explain how useful is this app😲😁😃😃🤙 it's WhatsApp!!!!,5
It's misbehaving now,1
"Good app like I have never seen, so simple to us and does not take large data",5
I can't sent message to only my one friend but he can sent me message please fix this,1
My phone is saying it's not an official app,5
gud,5
I hate this app,5
True Communication,1
I love this whatsApp,4
my I'd den bolok khaise,1
Amazing,5
I love it 😀,5
super,5
Whtastapapp is the one of the beast whtastap app in the society,5
"can't coming phone number verify 6 code for auto registered, I deleted same phone number but I sure reopen this number but verify number hasn't come sms why??",1
Another chance it's very Impressive,3
I need my WhatsApp to Bo open within 8 hr,5
Very good,5
"If the network connection can be made stable during a video call, then it would be perfect",4
This app is very good,5
Nice aap,5
Very good,5
Sakti,2
Its a nice application,5
Wo,5
They keep bounding my account,1
"It extremely useful app ,i can share any thing on this app,can make a call ,see the responder and caller on oppodite side , Non functional whatsapp gives a feeling of loosing a more valuable useful element and asset of life .",5
Update is not available in my device,1
Good,5
دیر شه دی خو ذمانمبر نه قبولی,5
Update is no dwl,5
Good apk,5
WhatsApp message Rete these app account phone Vivo 1907,5
It is not 🚫 working on it,5
Good,5
Excellent,5
Very good service,5
Good,3
This is very good 👍 application I like it,5
Jass neh pha,5
Okay,1
It's amazing i think It's a best app,5
Good,5
Okey 🥰,5
Good,5
The best app ever. But try to stop banning people WhatsApp,4
I love this app good and perfect,3
Wasap,2
👌👌,5
Excellent 👍 experience,5
masterpiece,5
It got blocked all of a sudden,3
Good,4
Like,5
U buy a new phone and it's now impossible to transfer old chats,1
My Phone Got Problem On The Status With Song feature does not appear at all while other of my friends have that feature Please Fix The Bug,1
Very good,5
👍,5
good not bad,5
Not working for my watsup,1
Would have given 5 stars but the issue with banning accounts should be rectified. Will come back to give review when solved.,2
Good,5
Easy to use,5
GOOD!,5
Mostly can share music on status. Why not android?,1
This new version despite other problems is an interesting one!,5
My problem whatsapp account banned,2
I love this app.,5
WhatsApp miss 🥺,5
Supper,5
WhatsApp is not providing data transfer option.,1
Very good,5
great,5
Nice,2
Nice,5
good,1
This is my WhatsApp problem,1
good app,5
Good 👍,5
Sweet,3
Good,4
Can not receive my code,5
Good,5
Good job,4
Very good,5
where's the lastest update ? i dont get it while others already got ..,1
Cool,5
it's the best app it's fast and has no ads like it's da app I spent my tym on coz it's an easy way to tok to friends and family,5
Amazing 😄,5
Veri nice,5
Good,5
Bahot acha,4
Good,5
Woo nice one,5
Nice 🙂,5
Very helpful,5
Dope,5
Secured apps,1
Good morning ladies and gentlemen am here to say something goodness about it and New Month I dey with the app is very true and I like appointment and then how can you help me with the th WhatsApp that as be band now please I need more time to meet you.....,5
That's cool,3
Good,5
Super,5
So good,5
Nice,5
WhatsApp messenger is very very good,5
Gud,5
And the app have everything to do,2
This app is good.,5
Good,3
♥️,2
How to stop the auto suggestions you show on the messages. Its the most annoying feature,1
"Mr. Senior Developer, Please remove the feature where data disappears after 24 hours. It has erased all my business information without my knowledge. This feature is not suitable for users who are not tech-savvy. Kindly delete it or make necessary changes to prevent such issues. Thank you.",5
Older version of whatsApp was good. Lots of videos not allowed to send by saying that the format is not supporting. Rectify please,3
Fantastic,5
Good,5
Excellent communication tools.,5
good luck,5
I accidently uninstalled watsapp but I was in a hope that I can restore the backup I did previous day...but There is a huge backup-restore issue in this app.. Once you lose the chats and medias It's almost impossible to restore it... In this case other social media apps works better,1
request dear WhatsApp team recently I am facing a problem to get verification code to login my WhatsApp but I didn't receive any code please fix this an Unburn my account as soon as possible,1
Good app,5
Nice,5
I love it ❤️,5
Work,2
hello my friends how are you find some people because they are not going to get into the details friends how are you find and my whatsapp is some time with banned but my whatsapp problems I am so saked tell me what my condition please tell me my friend ok thanks for all whatsapp membership thanks for all friends thank you so much .my whatsapp is banned why are my whatsapp is banned why show me my whatsapp problems please please tell me my friend ok I'll let you know when I get home and get some,5
This app doesn't meet my requirements for an app.,2
So good 😊,5
Nice aap,5
Celebratite,5
Good,5
Good source for communication,5
Nice,5
I've experienced English,5
Good,5
It's not working after updated it.,1
Can you help me please back my account,5
Good work,5
I can login in,1
Good but not very good,5
It has been really helpful mean of commucation to me ever since i got it.,5
Good,5
I love it very much because it can send all the messages i want and it saves data everyone loves it,5
The I love and mostly used,5
Very happy,5
Yuii❤️,3
Up to a month now I can't update my WhatsApp why it's so annoyed 😠 now I can't update till I delete other apps,5
:⁠-⁠),5
very good,5
Bffa,5
Facing problem of Auto close after recent update....,3
this app has been aiding a lot in communication and I really like the app,5
The Problem Showing ‘ You Need The Official WhatsApp To Login ’ please solve it,1
so good i love but please i also want the theme and can add music in my status 😭,5
Nice appp 😊,5
Nice,5
I want to chatting on WhatsApp,1
I can't add music at my WhatsApp story..,4
In Locked chats the 3 dots in the upper is missing for me. And now lock chats are missing,3
Your app is creative,5
raquet,1
Wow,5
Good,5
You can talk to people,5
whats up is very useful to us,3
My whatsApp is not downloading,5
nice,5
"Horrible, for close to a week now, my account has been getting blocked, it's really frustrating that I'll have to wait for them to review my account and then not too long, it's blocked again",1
"Don't know what you guys did with the last update, but I can now only see 3 folders of my photos not all my folders. Since it was purchased by Meta this app has become pure garbage. I have a Samsung S23+",1
betaaaa please,2
in PC login spam detect,3
unbanned my WhatsApp account,5
Very helpful app,5
Moneyrus app very nice,5
This not download,1
Amazing,1
Good,5
Amazing app ...helpful for online classes ...I love it 😀 😍,5
This Whatsapp is better than any one Whatsapp app,5
Nice,5
Nice,5
very helpful and good app thank you so much for providing this app facilities,5
Yoh i post status of a video i made at hogh quality but it comes out blurred and very low quality hope you'll work on that,3
Apeal Here 👇🏻 Dear whatsapp team i am using regular whatsapp and i know the rules of whatsapp very well. whatsapp team has banned my account or this account can no longer be used whatsapp is showing such problem so I request you please check my account or unban my account.,1
Great,3
Good,1
Good,5
🎉🎉🎉🎉🎉🎉🎉🎉 आज आचार्य अकॅडेमी मध्ये इयत्ता 10 वी च्या विद्यार्थ्याकरिता तज्ञ मार्गदर्शन आयोजित केले होते. आदर्श गुरुकुल संकुल चे ज्यूनी. कॉलेज चे प्रशासक मा. श्री. एस. एस. चित्ते (PHD ) यांनी लातूर पॅटर्न वर आधारित असे अनमोल मार्गदर्शन आमच्या विद्यार्थ्यांना दिले. महाराष्ट्रात लातूर पॅटर्न ची संकल्पना सुरु करणाऱ्या मोटेगावकर सरांच्या तालमीत तयार झालेले चित्ते सर यांना पंचवीस वर्षाचा प्रदीर्घ अनुभव आहे. त्यांच्या अनमोल वा णीने विद्यार्थी मंत्रमुग्ध झाले. त्यांचे मनःपूर्वक आभार 🙏,1
👍,5
Good,5
بس مش زي نسخة الايفون,2
Best,5
⭐️⭐️⭐️⭐️⭐️,5
It's more faster than all l hv ever used,5
I love this appp,5
Just Wow,5
Great 👍,5
Bad,5
Good product,4
Good,5
Good,1
Nice,5
thank you,5
Good,5
"Using my s23 ultra, call always laggy (bad signal). But using any other app is no problem. And the problem is only on whatspp call. I have no problem using calls on other apps.",3
Muzik xboleh letak,5
My account is due to spam,1
Wow,5
Very nice app,5
receive all,4
Too bad,1
Currently app is not working What happened?,1
Good,5
"Very bad app, backup for years not restored in November. Bought a new phone now, backed up this morning. Trying to restore on my new device, showing no backup while it 100% complete.",1
Nice,5
Super,5
amazing app ever,4
Terbaik,5
I love this app,5
Bhai mera Wthsup bahut jyda net uta rha ha,1
"Help my whatsapp number is banned I am facing a problem ""whatsapp this amountbis not alllowd",1
Not working,5
This is very important app Very clous fully app,4
Good 👍,5
Better,5
Very good,4
I am not receiving any OTP or VERIFICATION CALL to my mobile number for verification of whatsapp. I sent email to whattsapp support but still I Am not able to solve it.,1
Installing problem,1
Now it's good,4
ok,3
Infinity best app in theworld the beat,5
I'm very very much happy,5
Excellent,5
Incredible,5
Do install,4
Great App but include the ability to pin several or multiple chats no contacts. Thank you.,2
Not that bad,4
Best app I like it,5
Good,5
good,4
superb,5
"WhatsApp is very lovely and amazing app ,I love it features.",5
"Your ai meta don't know Pakistani actors like Fahad Mustafa, Bilal Abbas Khan, shaheryar munawar etc it makes a very bad ai meta pics change their looks which are bad very bad. Check your ai meta .thanks",1
Good,5
very useful,5
Good,5
Very nice 🙂 app,5
Good,4
nice,4
Best,5
This is a good app,3
WhatsApp block,5
ජණනෑ,1
V nice,5
I don't enjoy it when they suspend it,1
very good and efficient one this application,5
I learned how to do more 😂😁😅 thing 😂,5
Ok,5
Very goode app,3
Maat aap 🥰,5
Iklan² palabapak apa x tau.. menyemak,1
Love,5
It was good but now it s loading toomuch and takes much time in Pakistan. The other un official whatsapp apps were more capable but closed by the state here. It can send only to 5 persons while the others could send upto 100 messages at the same time,3
Very nice good,5
Nice,5
Good,5
It a very good app because it very easy to communicate,2
Awesome,5
Very poor,4
"Many features video call ,voice call etc good message app",4
Best app,1
Very good,5
Why my account is login,1
ga adil !!! 😡😡 aku murka.,1
Why it's not working in my phone tecno spark 8c I have tried every means but it's still not working.,4
It's is the best it uses less data every one shouldn't try it,5
"It help me to contact my friends from were they are, even it makes me feel easy to make video call with them",5
"I haven't had meta AI for about a year now, and it's still not showing, but everyone else within my area and country wide does. Everything is up to date, and I got a new phone, but it's still not showing",1
Best messaging app available on any app store..,5
Allahamdullaha,5
I love whatsapp thats wy l liked your whatsapp but it doesn't want to send me a code,5
Super,5
Good,5
Ok,5
My whatsapp is banned plzz unbanned my whatsapp,5
Theapp is wasting time to verify someone's number,1
Osm app,5
🥰,5
Théts good aap,5
Ok,5
Nice,5
Story mention is the waste WhatsApp,5
It has banned me for no valid reason. I am so disappointed.,1
It's amazing app,5
I want to open WhatsApp messenger,5
bast app,5
Ok,5
Nice,5
Excellent,5
wounderful,5
Sorry 😔,1
Why Mera AI is not working whenever I type any messages or any question it can't give the solutions or reply,3
Nice,5
சூப்பர்,5
"App is a versatile and reliable messaging app that excels in providing real-time communication and multimedia sharing. However, users should remain mindful of data privacy considerations and the potential for spam messages.",5
Love IT!!!❤️,5
"I downloaded the app from playstore but its telling me that I'm using the unofficial WhatsApp. And If i click the link given on that app its directing me here ,it's absolutely nonsense.",1
I didn't even get to the new update,3
Sabse accha app 😍😘😘😘😘😍😍😍😍😍😍,5
e melhor,5
I wanna put my profile Pic,1
Good,5
Magnificent,5
Help me to use back on my whatsapp,5
Help me login my account,5
Olso best,5
More important than oxygen,5
Xamdi,1
Nice,5
Amazing. I love WhatsApp messenger,4
good,5
Dear WhatsApp team I'm not using any unofficial WhatsApp but still will i try to on log in my official WhatsApp it show you need official WhatsApp to login problem please solve my problem This problem is happend 3 days ago,4
Nice,5
👍,4
I've just fallen in love with WhatsApp it's private and reliable no unnecessary problems well done producers great job,5
Good,5
Themes error white theme in black colour in word not recognised,1
Very good app,5
I have never connected my WhatsApp to any website before But Whatsapp keeps spamming my account please help,1
best App,5
Good,5
Good luck with whatsapp,5
Good,5
not that bad buh it's good for communication with relatives over seas,5
Why my WhatsApp account are logout after every 2 or 3 days? Which problem does create?,1
"My cousin already got the song upload button, but I didn't get it yet, so please add it to my WhatsApp",4
I want to whatsapp,2
Great messaging app,5
Thank you for the nice service,5
ok,5
Magnificent qpp,5
The calls are better not like before,3
Everytime I open the whatsapp it closes automatically after the biometric screen,1
EXLENT,5
Well,5
How I wish I can give this app 0 likes ..... it's very irritating whenever I open my whatsapp messenger my phone would hang for sometimes and I even think It was my phone that needed to be flash before I uninstall the whatsapp and see that my phone is working perfectly do something about your app pls,1
I like favorite app,5
Nice,5
Best massenger app I ever used,5
"हमनें इसे DIVINE meetings में, use किया हैं l",5
Very good,5
Its so good,5
this app sells privacy info to terrorist groups,1
😂,5
I can't access my whatsapp anymore please I need help,2
", फार छान माहिती मिळत आहे",5
Ok,5
Nice job,5
Not bad,5
Good app,3
Wow,1
Good 👍👍👍,5
why my facebook app connected to this? i cant even recieve a whatsapp code to change my facebook password,1
Owsum.,5
🌹🌹🌹,5
Good,5
How To Solve WhatsApp service is operating normally_whatsapp unable to connect please try again late,5
"It so much amazing for us it help us in calls ,messages and other thing s",2
wow pootr Kya baat ha,5
Very interesting,5
Valo,1
Super in terms of massage,5
very good app,5
I wanted status music man😭,1
Good 👍,5
Awesome,5
Nice app,5
Nice masegar,5
I want beta bro,5
Ok,5
I really like this app,5
😁,5
Excellent,3
Dats shoot,3
So nice,5
I WANT SONG IN STATUS WHATSAPPPPPPPPPPPPPP!!!,1
Your play store is the best way but my WhatsApp don't have voicemail,5
💞,5
It doesn't want to sign me up,1
This app I don't like it,2
Fine,5
thank you,4
very good AAP,5
I'm having problem with uploading backup on my new phone since the last two weeks. Tried both kocal backup and Google backup too.,5
Best WhatsApp all time favourite,5
Nice,2
Why Don't open vedio file.,5
Best,5
very good 👍,5
Good,2
I liked this app,5
Very good app for conversation,5
WhatsApp ma vidiocall ma voise aavto nathi,1
Thanks for the app I love it,1
"I am facing issue "" this account can no longer use whatsapp due to spam """" please fix the issue I need to my whatsapp account.",5
Well,5
Diskasting,1
Terbaikk,5
excellent,5
Itttt issss whattt it isssss,3
Have incomplete version,5
واٽسپ,5
Nice,5
Five ⭐,5
Love you,5
mast applacyion,5
good,5
I so love it,1
ok,5
Fast And easy to use,5
Good👍,5
excellent,5
Excellent app,5
Good app,2
Very useful,5
I love 💕 it,5
Good,2
Nice app to communicate,5
Nice apps thank you,5
"it's been months since I started seeing rendering issues on my clamshell foldable. When on the main display, the app sometimes open as blank and I need to close the app to be able to see the contents again. Whatsapp audio calls are also a problem for a year now. I meed to switch to speaker and back to normal go get it working. I now outright close the incoming Whatsapp call and calling them on the phone app Please fix this it's getting silly.",3
"""Hello, I'm having trouble receiving the verification code. Could you please send it again or assist me with the verification process? I would greatly appreciate it. Thank you.""",1
best,5
Perfect app,5
No song update,1
Very good,5
Very good,5
Excellent,5
I'm multi stroke survivor internet illegitimate all media is difficult for me I have Google what's app several times to no avail,3
ভালো,5
I I like using the app,5
Super,5
Its just good and user friendly,5
Nice,5
It's nice,5
Weattsapp is very useful,5
I just uninstalled and reinstalled my WhatsApp on my primary phone and I'm in contact with the person but all our last conversations are gone or missing how can I get them back it's very important??,4
Dear whatsapp team i am using regular whatsapp and i know tha rules of whatsApp very well whatsapp team has banned my account or this account can no longer be used whatsapp is showing such problem so i request you please check my account or unban my account,5
Nice work app,5
Why am I not allowed to login just continue to tell me that my privacy is at risk and is affected my school life please make a change,1
Nice,3
good,3
GOOD,2
What happen???I'm working as delivery man and rely heavy on whatsapp to send message to many customer daily. My account keep blocked reason for spam!!???i can't do my job and i'm stress.. fix your system!!!!,1
Very nyc,5
Good,4
WhtsApp,5
Verry very much,5
"Through this app we can meet friends in the same way as we meet offline. Most safe and nice massaging, video calling, payment & file sharing app👍💕",5
good,5
Nice,5
My WhatsApp has not opened since yesterday when I open it it closes it self what's going on,1
"Wow,This app is the most Important on the life🤪🤪🤪",5
Dawonlod,1
Always didn't get the latest update like others. So please give me the latest update too,1
I just don't like the app,1
best,5
nice but keeps on merging due to spam,1
Excellent,5
"Can you add ""only show to"" option for profile pictures too? Like status options??",4
Good,5
WhatsApp messenger won't let me screenshot 💔😡,1
Ok,4
Good,5
Awesome,5
Good,5
It gave me trouble back in 2016 but I've been using WhatsApp for a couple of years now and love it. I got my whole family connected.,5
Excellent service,2
Hello ji,5
good,1
Best vinay gupta,4
amazing app but one problem i can't login this without my phone :(,5
Good app chatting for live call,5
Good apps,5
Good easy to use,5
issues with blacklisting a certain number,1
Not enjoying Whatsapp,5
My Experience is so good,5
It's are so beautiful and happiness ap,5
Sharp,5
Help my WhatsApp number is banned I am facing a problem WhatsApp this account is not allowed to use WhatsApp due to spam please fix this problem and return to please review my WhatsApp numbe.,1
Poor,1
I switched devices and WhatsApp keeps crashing on my Samsung S22 Plus device. I can't use it at all. I have to switch back to my old device. Please fix this.,1
Good,5
This Account is not allowed to use WhatsApp due to spam Solution -Whatsapp Account Banned Solution 2025 Copy This ✅👇 Help my WhatsApp number is banned...more,1
Good,4
👍 good,5
good enough 👍,5
Very nice app 💜,5
This is not working in my mobile In my mobile the WhatsApp is all options working but voice not recording why?. because of this I can submit 2 star But WhatsApp great.,2
i has good expiriance,5
Lindo,5
Good 👍,5
"I'm unable to view and respond to my messages, I've shift off and on the phone with no results, complain sent to help center.please kindly help,is so frustrating.",1
Well done,5
Its alright,3
One of the best 💯,5
"For new function music in status , why not all user can use it ? Include mine . I already update for latest version . Please help.",3
Help,5
Good,5
Yeah those ho have not Whatsapp is a fool,5
Nice apps,5
What the hack with the what's app It automatically removed my account and asked for sign up again then erased my 2 days data,1
Good,5
Super,5
Thank you,5
Works well,5
good,5
My current you are baba bahan,5
Nice 👍,5
Jast time pas,5
Mast hai yaar,5
Ok,5
"I am using latest version of whatsapp in my phone. There is bug in the status view folder, the status of friends is not organized as per recent time. Yesterday morning it shows on up and below it shows today morning and sgain below it yesterday night status. Please clear the bug and show most recent status on top.",3
Good app thanks,5
Excellent,5
good,5
"Dear Whatsapp Team My whatsapp account has been banned how to solve the issue and above mentioned whatsapp official whatsapp downloaded on my device. Furthermore, I'm not using unofficial whatsapp and I sure agreed the rules of whatsapp.",5
Rong namber bata raha hai,4
Good,5
best,3
Good but when someone calls it doesn't come through only the notification that someone called so I really will appreciate if it will be fixed but all and all its a great app so I'll give it 4/5 ⭐,4
Very good,4
perfect in every way keep up the good work,5
व्हाट्सएप खुल नहीं रहा है,5
Very good,5
Nice,5
Nice,5
Mana features lagunya oi tak sampai2 lagi??,3
Help my WhatsApp number is banned l am facing a problem whatsaap,1
Ok,5
Very good app it os,5
This app is good for social massaging and calling,5
Sorry,5
It's very nice but not work in my WhatsApp why,5
very helpfull,5
Good,5
فين اضافة الاغانى يعم,1
Wow,3
Whatsapp band ho jati hai ye,5
excellent 👌,5
Good app,1
Good app,5
"Good, nice, 👍🏻👌🏻🤣🤣 app best and I want to delete meta ai",5
I want this my WhatsApp to be open now,1
Why are rapeat band my watssapp,2
Very good,4
It is very helpfull and very useful,4
Not good. I save contacts on my whatsapp. It also saves on my phone contacts. When i come back 10 min later. I just see numbers and no names anymore. All the contacts i saved is gone,1
Best,1
❤,5
why my ws cannot put song at status,5
Waste app always telling that verification what is this daily one time it's coming and going whats app,1
good,5
"I'm always waiting for more updates because i found out all of my friends can update thier pictures on status can choose songs like update stories at Instagram, but why can't my phone did that?",4
MY WHATSAPP IS BANNED PLZ UN BAN MY WHATSAPP PLZ WHATSAPP UNBAN,5
Good,5
Nice,5
Good,5
good but it's pravacy issues,2
I once used it and it was amazing 😍,5
Very good,5
السلام علیکم ورحمۃ اللہ وبرکاتہ واتساپ کیوں بند ہو رہی ہے,5
good apps,5
Not ok because all changess in watsaap thats it,3
Not sent photos,4
Nice download,5
5 Star To The Ultimate King Of Social Apps WhatsApp Is One Of My Favorite App Coz It's So Good And Easy To Use The Second Thing Is The Call And Message Are End To End Encrypted,5
Good👍,5
No good working,2
Good,5
Improve,5
Like it,5
"osm,",5
Kenapa w.a saya error terus,4
Knodledge 💐🕊☘🌿,5
Good,5
teruk setiap kali update aku punya paling lmbt tunggu ada feature baru baru aku nk dpt feature lama orang lain dah pakai baru dpt kat aku ? pebenda bhai arrange elok elok ah phone tk low spec pon tapi masih tk dpt,1
Excellent Fujitsu ez call 🤙 d te fy dev ji de der retgrg grt h ccc hi vgy og kdr to TC ycytxrxt tctcy,5
"I was using WhatsApp on my previous phone but since I switched to this new. I am told that my account is no longer available due to spam. Meanwhile this my account is legitimate and have been WhatsApp for so my yes, just on this new phone I'm using is giving this challenge. I had sent several requests and reviews to the official website but do not avail.",1
Please provide me beta version,4
Good luck,4
Super,5
this is very important app🤩🤩,5
Good app🔥🥰,4
Nice,5
❤️,5
"Sometimes Visited Contacts are not highlited, and randomly shown, a little bit confusing",4
All done but one feature is not available in this WhatsApp Messenger This is music on your WhatsApp status,5
excellent,5
nice,2
Wow,5
I like the,5
Okay,5
Very Bad,1
Changed whole world................. ............................................................................................. ................................................ ... . .................,5
What's app,5
Perfect for personal chatting,5
Good ver👍,5
still meta AI not working in my hand set inspite of latest updates installed.,3
very nice,5
Good,4
"Hi watsapp team, After the recent update, the watsapp got crash immediately when it is running just 1 minute or less time. This happens several times. Please check and fix this issue as soon as possible Thanks",1
Bad,1
This app is take time so slow,5
Nice 👍👍👍👍👍👍🙂,5
Good,1
i need stickers animation moving when i put on my status...pictures or video,1
Good,3
"So annoying while playing voice note, automatically screen will blank 😏 and need to listening like phone call, pls improve thattttt!!",2
At the time I am having trouble in seeing last seen and online of my friends even I deleted and reinstalled whatsapp alot even I changed privacy settings of last seen and online and even after checking from my friends phone they didn't turned off anything neither they didn't blocked me .!! This is so disgusting ..!,1
account Bar Bar band Hota Hai,1
"Disturb service always,kindly solve the problem",2
Very good,5
Good 👍😊,5
All things are good in this app . I have really impressed,5
Whatsapp now poor service.... always block my acc....I work courrier service why u say I spam...how I want to do my work to send notification to my customer,1
I already updated my WhatsApp but it did not open 😔,1
Just wow,5
My data recovery,5
Good.,5
"Please what's app team I can't use my account. Please fix my problem, please",5
Good app,5
Ok,4
Dear whatsapp team i am using regular whatsapp and i know the rules of whatsapp very well. whatsapp team has banned my account or you need the official whatsapp to login be used whatsapp is showing such problem so I request you please check my account or unban my account. Thanks 🙏,1
Very nice and beautiful Very nice and beautiful,1
Nice,4
Good,3
Besht,5
Good,5
Good,5
help,5
tak best sbb x bole update,1
Nice,3
Good,5
Its a good app but I think status comments should be rade by every one who comes over the post.,5
It's good but it's problem on my number solve it's,5
Good,5
Good,5
Very nice,4
Nice,5
wow,4
VERY USEFUL FOR MESSAGING AND CALLS BOTH VIDEO AND AUDIO. ALSO FOR SHARING NEEDED DOCUMENTS SWIFTLY & EASILY.,5
My account is ba nned without any reason,1
Super good app,5
Very good,5
Good,5
Tak ada laju status,5
Good,5
very best app,5
Stats lgta vakt pura ni hota 😢,2
App not working,5
Good place awesome 👌,5
Nice,5
Nice,5
Dear Whatsapp Chanal my WhatsApp was ban plZ UN ban this Whatsapp,1
Good app,5
ALL #CALL,5
good,4
Nice App great,5
Wow,3
It's good but sometimes it's would crash a little when downloading a video so please make improvements,4
Good,5
Super,5
Slow Update when my friends already up to date and me just old version update????,2
Good 👍,5
Nice app,5
Oooppp,5
Good n easy to use,5
Wow,5
Happy good 👍,5
👍,5
Very good condition 👍,5
Good app,3
Ok,5
Actually this app is very good to me..it helps me to keep on touch with love ones,5
All great,5
It's very helpfull to me,5
Stets no buddy can seen this what's up,5
Good,3
"Hello sir, I have joined the beta version of WhatsApp for many years but I have not received the beta version yet, why is it so?",1
Good,5
thank you,5
Unfortunately my WhatsApp is banned I don't know the reason behind please unban my account My all the work is stopped please unban my account as soon as possible,2
Super,4
Nice,5
"Bukan whatsapp ada lagu ka kenapa sy tak dak, selek arrr",2
My whatsapp not open please check,5
Helpful to me,5
"Unable send any types of files via whatsapp. Fix immediately. ""Sorry, media file does not exist on your internal storage"" error toast message is displayed.",1
"Saving Draft for Later sent &/or update is a good thing for the app to have. Gives the flexibility & freedom to send for a later time/date. Hope it keeps getting better, & soon. Now it just need to be compatible on any platform for further purposes. GrandMa's &Pa's will likely be able to get with the program. Hopefully it doesn't bloats on memory & space upon every updates. Just waiting for a Beta openings, fingers crossed 🤞.",5
"Since all people update this month , some of people get their music on status , while me doesnt have it yet.. Does it bug or something?",1
"Disaster. Now i have been experienced very frustrated things like my account being banned and unbanned in daily basis along with msg "" this number is no long for use due to spam,"" and then after 4 to 6 hours later they sending a appologies msg and restore the same. Everyday i am facing this problem. Very inconvinient .",5
I lover,5
Helplful,5
Nice app,5
Not My phone,5
nice,5
aman,5
"It's not good at all, you guys keep banning for spamming when I didn't even do anything like that it's really not fair at all",1
Help Help,1
👍🏽,5
funny,4
برا تجربہ,1
Very good,5
Good app 👍,5
Nice,5
❤️,5
Good,5
Nice,5
Not beetter,5
Good,5
super,5
Add chat head feature like Messenger.,3
nice,3
Very easy to use,5
Very very good app,5
تېرہ روژه کې را سره وې اوس مې نصیب ده چې بې تا يې تيرومه ټيکۍ.,1
Good,4
This app is gooder than I thought,5
Exilent,5
Best,5
"""I've been a loyal WhatsApp user for years, but it's unacceptable that I'm having trouble installing the app. Despite my loyalty, I consistently experience issues and receive no support. It feels like I'm being taken advantage of. Fix the installation issue NOW and provide a reliable service.""",1
Good,5
all rights is ok,5
Nice,5
So super 😘❤️❤️,5
"For more than one year now, my WhatsApp auto update has been demobilized and blocked. It is only my WhatsApp Business is active now. The reasons for this I don't know. I want it to be looked into. These problems have been resolved. I'm now enjoying my WhatsApp.",5
Good,5
Nice,1
Super,5
Best app for social media,5
Thank You 🤍,5
After the latest update it is crashing down,1
Superb 💕👍☺️☺️☺️😍😍😍,5
Call kno declined hoy,5
Best,4
great app,5
Very good and helpful app,4
Super,5
This is very good and ye comnicate karwata hai hum pakistan se india london me baat karsakte hain aor dekh sakte hain,5
Koi btaye ga K Mera what's up number not verify araha hai Mera what's up nhi chal raha is ka koi treeka,5
Otp problem,1
Supper,5
Good,1
Plz wattsap opna,5
Very good,5
Small mb ka WhatsApp hona,3
"Hey dear whatsapp community team, help my account is balanced .l am not able to run WhatsApp read all your terms and conditions we will follow rules, l hope you unban Whatsapp as soon as possible Thanks 🙏",1
Veri smooth and nice useful app,5
"Videocall quality is very bad and voice call also, new features dose not show",1
"Messages keep disappearing... my posts regularly don't share ina group, they disappear... have latest version, very frustrating.",1
Naisa,3
Super 1,5
Super 👍,4
Great app,5
Best massaging app ever,5
Very good,5
Why i can't upload music?,5
I need music on my status pleasee help me,5
Grup no contact contact,5
Use full,5
Need more namaste pic Rest is fine,4
Super,5
The v.v.v.good app🤓,4
Handy,5
nice,5
Good,5
Nice,5
This is the best application ever,5
GOOD,5
Very nice app,4
Good app,5
"Quick & very good working,for everyone my families liked this very good 👍🏽 response from you",5
Good,5
So beautiful,5
Very good,5
Nice to whatsap,5
it's Reet,1
Very Usefull app.,5
👏,5
"please help me dear team my whatsapp not opening this account can no longer use whatsapp problem review my no. 9304662304,",5
❤️❤️❤️,3
goo d,5
Good,5
"Sangat berguna, dan pemakaian juga sederhana tidak aneh2 terus update biar jadi apps yang no 1 pengguna",5
Very good,5
Change of phone,5
Good 👍,5
Gets hacked now and then plus I get alot of scammers,3
Incredible!,5
Good,5
very nice,5
Am unable to use app,1
Nice 👍🏻👍🏻👍🏻👍🏻👍🏻,4
Excellent,5
I like what's app,1
outstanding,5
Ver very good,2
Nice app,5
nice 👍,5
Good app,5
Good and perfect app,4
Not bad and not good,3
"Help my whatsapp number is ban I'm facing a problem ""use official WhatsApp to login"" I have not using unofficial WhatsApp application but still facing this problem please help me dear WhatsApp team to fix this problem ASAP Thank you",1
Ok,1
Best..🖤,5
Very nice and beautiful 🤩🤩🤩🤩,5
"This app sucks. I added another account for less than a day and after it was logged out, WhatsApp deleted all my media from 2 years ago till now. Unfortunately I'm forced to use this app, otherwise I would have uninstalled it for good. You better learn from Telegram.",1
Amazing,5
"Updating the app have been causing me problems! It suddenly closes for no reason, and it takes a lot sending audios. I thought it was my connection, but then I realised that it was the app.",3
ok,1
❤️,1
I like wattsup,5
Good aap,5
THE BEST APP,5
5 star,2
Good,5
Good,5
very good 👍 app,5
Good ap in the world,5
Very Good service in every moment and every where?O.k. Thank YOU Good night.?mi,5
saya menggunakannya setiap hari,5
"On some mobile phones, it is very difficult to move to the next line when texting. This problem needs to be resolved as soon as possible.",3
1 number 💪,5
Next level worst,5
This is very best app,5
Chat apne aap hat gyi 😏😔,1
Nice men,5
Good,5
The only problem i have is the update. Anytime am updating this app the pending keeps long,4
sow good,5
When I can get WhatsApp status update,5
nice,5
"I usually send stickers, and if I scroll down and send a sticker from the bottom, it returns to the top before it never happens. Please update the app. why cannot i send 3 or 4 stickers together from whats app what kind of update was this. Very lousy app every 3 to 4 months I have to struggle with updates",1
Plees logn WhatsApp Plees,5
Great,5
Best,5
"Update lagu masih tiada orang sudah ada,kenapa?",1
I don't what's happening with my account than you binned it pls help me out. I enjoying using WhatsApp,1
Disturbed WhatsApp,3
Good work,5
it's so fantastic,3
Very well used and high quality,2
Good service,5
This is my favorite,5
good,5
deined to activated whatsApp,5
Good,5
perfect🙂‍↔️,5
Very good app,5
Best app to download for texting your loved ones,5
"Hey I'm not getting the update of chat theme in settings fix that asap, thanks",1
There is no chat theme option appears in my whatsapp.. Kindly fix it..... Thanks,2
Plz install what's app,1
It's faster than another apps and It sends messages clear,4
All good,5
"Dear WhatsApp Support Team, I'm writing to appeal the ban on my WhatsApp account. I understand that my actions may have violated WhatsApp's terms of service, and for that, I apologize. I assure you that I will adhere to WhatsApp's guidelines and policies moving forward. I will be more mindful of my actions and ensure that I do not engage in any activity that may be considered spamming or harassment.",4
Good,5
Good,3
Nice whatsApp,5
good,5
This applications good,5
Recently I've been using WhatsApp but the past day or two I've messaged people but they haven't received any messages? I've updated the app even unstalled it again still having same issue plus my phone signal is good connection please fix.,3
Good,5
Knp fetures post status sambil add lagu kt android xde lagi do,2
Nice 💯,4
👍😘,5
Nice,5
👍,4
It has been a great experience using the communication app. The only thing I find that should be is that poll and events or whatever feature are add should be available to be use for broadcast messages as well. Not everyone one want to be in groups as well as I the user would like to get personalise feed back if I send out a broadcast. Calls are great no complain there.,4
Nice 😊👍👌👍👌👍,5
व्हाट्सएप अच्छी एप्लीकेशन है मगर इसमें थोड़ा सुधार भी करना चाहिए जैसा की बन होता है बार बार इसमें थोड़ा सुधार करने की जरूरतहै,5
i am so 😊 how it works...,5
This is very convenient for my works,5
Bs thik hi h,3
Why is WhatsApp saying this is not the official app? It is. I downloaded this one.,1
Nice❤️❤️❤️,5
Yes of cose its ne iiii,3
Good,5
Good,5
Nice,3
Good,5
"WHERE IS THE MUSIC THINGG,, LEPAS UPDATE PUN SAMA JAA ,,, btw I really like this app 👍🏻👍🏻",5
Dis app so amazing,5
very good 👍,5
"I've been using this app for a while now. But my experience with is not nice. I don't like feature because i cannot verify the person if it is legit or not, thats when they able to scam you.",1
Love this app,5
Love this app,5
Nice the top whats,5
My Whatsapp bann,1
Not whatsapp is a 365 day nahi chalata hai,5
Why my whatsapp so late update like other people??,3
Excellent,5
Gooddd,5
Whatsaap is a very delicious aap.,5
It is an excellent app and is being refined day by day!,5
I can't open whatsapp on my phone,1
Good,5
super,1
Private place,5
So... When the official feature can be available for all user. Cuz the beta user seem no problem with the new features.,5
Nice experience good app,5
"Dear WhatsApp team, you need the official WhatsApp to use this account, I am facing this account problem due to which I am not able to use and open my WhatsApp account, I have not used any fake WhatsApp app, please help me",5
"It a great app,but yesterday my whatsapp seem like bugged cause it doesn't let me in.I tried to get into the app,but it forced me to get out from my WhatsApp.I restart my phone and now it doesn't make weird things.Overall,great app😁",4
Very nice,5
Mara chat backup he nhi huva Meray chats restore he nhi huvay,1
mantap,5
Please fix the low quality statues get after you post them pleaseeeeeeeeee,3
Estas muy Bien,5
New style,5
why is it showing I should download the official whatsapp after I downloaded it from play store it is so annoying,1
Good,5
Wow aap,5
Very useful App,5
"2025, and no translate feature, 1 star",2
In earlier version the date and time of pic post come at top of pic whenever u click on the picture to view but now the above said description is not followed Which makes it quite difficult to get exact time and date of the picture posted some time ago I hope the description features again whenever you click the pic to view,2
WA beta,5
Shame on you!!!! What are erotic ads doing on your messaging platform. This is the reason we preferred dealing with Gb and aero versions!!! Impunity,1
good,3
Very good,5
Very good,5
Im happy,5
Good,5
Very good,5
I get notified (vibvate) about group messages even though notifications (vibrate) is turned off,1
It very excieting,5
Very much,5
Very good experiences,5
I enjoy being in contact with family with this,4
Good,5
Flashlight always goes off when I try to minimise my video calls. It makes videos call annoying when you decide to rely on the device's light.,2
Super app,5
Everything is awesome i love this app i wish i found it earlier,5
Thanx,5
I love it,3
Best,5
How do i remove the betta programme to be sble to update my whatsapp messenger ?. Thanks.,4
Nice,5
Nice 👍 app,5
very good app,5
fou you,5
Good,1
This a good app . Me like this app this use full . My time also spend WhatsApp 😁 nice app WhatsApp,5
Hey u people why I installed WhatsApp from play store here to login to my account only for them to tell me I need an official WhatsApp why solve this issue😠😠,1
It's very amazing app I have to tell this app will helpful for all types.... And this very happy momentum to share to whatsapp,5
This App is easier way to connect People and Share your message,5
Good 😊,5
good,3
Good,5
💪,5
Good,5
Good 👍,4
nice,5
My calls are robotic can't hear them clear.please help,1
Nice very use full in this app ❣️,5
auto update,5
Good,5
Super 💯,5
Varry nice,4
I love it,5
Good,5
Good,5
I love this app,5
😎 😎,4
Good,5
sometimes. can not using and calling,4
Excellent apps,5
Very good I like it,5
Great,5
My whatapp is no longer so I want to update.,5
Not clear,5
"stickers won't save and voice messages keep sending before I'm done talking. new update sucks, if it's not broken don't fix it. Update Now it's saying I'm using unofficial Whatsapp when I'm on this Whatsapp from the play store -1 star",2
Mast,5
Feedback recover account complete backup Gmail email help,5
I love you this app,5
Good,4
❤☝🏼,5
Good,5
Back my whatsapp account,5
Good,5
Nice,5
Good 👍,5
وقت جيد,5
Me encanto esta app,5
My WhatsApp,5
this best,5
Terbaeek,5
Good,2
good,5
nice app,1
Didn't provide the latest update no whatsapp stattus music I'm very disappointed,1
Cool,5
Excellent service,5
Fine experience,1
Too many updates Interrupting business,1
Love whatsapp,5
Good,5
I like it but they don't want me to used it,5
"I have 2 different android cellphones, my app is updated but I do not have meta AI available. What is the problem? There is no help at all . Nowhere",1
Good,5
Love ❤️,5
Good app,5
Good 👍,5
It do not work but I might be doing it wrong,2
Great,5
"the app doesn't make the difference between contacts and messages, it's the same size of letter, you cannot see the distance between contacts and messages",1
My problem on those WhatsApp is this anytime I look into my WhatsApp the well restricted my WhatsApp account so I don't know what is the problem can you Google help me out,2
Good app.beta program full...meaning????,5
is good,4
Cool messaging app,5
Good,5
Gud,5
वेरी नाइस,5
Why didn't you say to update a new version? I can't place a song at my video or at my picture 😭,1
Much love 😘,5
Good,5
It's good,5
Set a timer to erase chats.,4
I will just say it was nice,4
it is amazing 😍,2
Bad app because my WhatsApp has banned i hate the Whatsapp application,2
"Review updated : in February 1st 2025 My account is been suspended 🙃 no reason nothing , why did you suspend my account",1
I have been trying to contact you for the last couple days but have been unable to,2
My wattsap is not working,5
Watsapp is excellent I have used it on my old phone absolutely brilliant thank you,5
love it,5
Please I need to get my account back,5
Nice,3
Good,5
مش إسلامي,1
Very good Love it,5
Great,5
Loving you,5
everyone's whatsapp is updated but my samsung A04S gets updated late like the typing bubbles doesn't show please fix,1
"This app gives me joy.. when ever am making use of it, most especially the video call 💖💖💖💖❤❤❤❤",5
My WhatsApp is baned please open it,1
"So many bugs and things that are not fixed from version to version... I'm even too tired to explain them all, I can't be the only one having them... And if the developers can't see this basic stuff, then they barely deserve three stars.. It's the second time that I lose all my chats because the backup function decides that it's a good idea to delete the backup and replace it by a blank just because I reset my phone and left it ""restoring"" during the night... Awful, horrible programming...",3
Not very good,5
nice,5
Very good 👍,5
Good,5
Awesome app,4
Superb,5
Nice work,5
This app is special and fantastic,4
"This app is such a joke. Why are you asking me to delete stuff out of my phone to accommodate this app? You are in my photos. You are in my music. You are in my contacts. I don't need you to be everywhere. You just need to be an app. This app has taken over my phone to the point where I'm having to accommodate the app more than any other anything else on my phone, my phone It self is not asking for more storage this stupid app is, and I don't think that's right.",1
"I'm so tired to have this 'video freezing' it's really annoying. When I send a 10 second video, it adds extra time to the video and freeze. I also tried to do everything to fix it but it didn't worked. I'm having this problem for 3 weeks and I'm SO TIRED. I want another update but REALLY fixed, because IT'S REALLY ANNOYING!!!",1
"it doesn't help me at all, it can't stay when you open it, problem also on typing",1
Yes it's top of communication!,5
I want this app to last for me,5
My present documents,5
For the first time I've restrictions for using Whatsapp! Please forgive me if I've done wrong as this will never happen again. WhatsApp remains my best messenger app which I never want to loose. 1Love!❤️👍😒,5
A good app,5
"Self employed experienced such that I will manage & control my working hours.Good time management, and work very well without supervision also,& always sobber.",3
Very good most ofthe time thankyou. Lin,5
My Ai is not working at all I've tried but is not always failed,2
I don't want to to suspend my account again,5
This is valuable,5
Its the best ever,3
Good,5
Great,5
No women's power,5
Appreciated,5
My account come back,5
Thank you,5
App can not open,2
I dont like when i use it to do business and tgey just blocking my whatsapp anyhow.,1
Slow installing process,4
Good,5
Love to talk to my friends,5
تحفهه🤙🏻😍🥀♡♡♕,5
Good nice one,5
Great,5
Adds too disturbing when using data.,5
OK but sometimes didn't send code specifically if u r requesting coz of restored.,3
Excellent,5
Apologize you backup my whatsapp It wasn't me,1
Sometimes notifications won't show up after the new update. DND and batery optimization are disabled on Samsung Galaxy M35,1
Nhai,2
awesome 👍👍👍,5
Masha Allah,5
happy,5
"Is the best app that can control over 1,000 of people's you know you know it's very good 100 person quotes",5
Nice messaging app. Really helps out with easy communication asap,5
Very good application,3
very nice 👌,5
Very nice,5
Nice 👍,5
I really enjoy this whatsapp Please keep it for me mokore oluwar with one love,5
This new partner is disastrous How possible nd right is it for whatsapp to restrict my account based know false claims Saying they saw something not following their terms and conditions but I've not for once gone against all the rules I just hope you guys rectify this new method,1
Good very good,5
very good,5
Good,5
Good..why sye tk dpt lagu di stts,5
Deficult,3
Good app,5
Love it,5
good,4
Fast forward App,3
ilove IT,5
I can't log into my WhatsApp,1
Why are you closing my account without reseon please am business man and you people close WhatsApp account please why how can I going return my WhatsApp account if put my number is showing something SCAM why please,1
حلو جدا بيتحدث كل شوية,5
Excellent,5
Make ma know the way to chat So lovely,5
very demure,5
Whatsapp is very good who created whatsapp,5
Perfect,4
Nice app to use,5
I need to your help about My whatsop,2
I will love WhatsApp,3
You guys tried alot,2
Fine,5
Best App ever,5
I want my WhatsApp to be strong so that they will not banned it again,5
I really want me WhatsApp to work fine,5
very good,5
"Whatsapp is a very good app. Ever since have been using it I am always exiting. But this new update brought alot of change. I can't even send message to some group chat expect if I be the admin. Secondly I always do not want to join come cumminity on Whatsapp but I found my self also there, that is my own point of view, if you can please changes this mistake this app will be a very nice and reliable app of all social app. THANKS",4
Good,5
أنه جيد ولكن الذكاء الاصتناعي لن يعمل عندي,5
You a blocking my accounts open it,1
Very smart,5
Kenapa whatapp saya Masih tidak terupdate😭,1
Best communicate app,5
It is very fantastic app,5
Eccellent,5
Third class,1
Exceptional 👌,5
Good,5
Useful,5
Okay,5
Very reliable and cool,2
It's so nice . I really like it 👍,4
❤️,5
"WhatsApp is a highly useful application. However, one major drawback is that it lacks the ability to store data independently. Despite being one of the most widely used applications in the world, WhatsApp relies on third-party cloud storage for data backup, which is a significant limitation. A cloud-based version of WhatsApp is something I hope to see in the future.",2
Good,1
Its the best,3
It is very good social message app and we can chat send vdos pictures and audio and vdo call and voice message and status and many lots of fuctions.,5
"After the recent update if I want to attach a picture to a message. It's 100 times more difficult. I have lots of albums in my phone. When I select the paperclip icon as usual in WhatsApp to attach a picture, I then select ""gallery"" as normal. It then shows ""recent"" photos first, which is normal. At that point, I always tap the down arrow to find the album I want with the picture in it I want to attach but, apart from recents, WhatsApp now only lets me select from 4 albums in my phone !!",1
Very good,5
Downloaded WhatsApp but can't open it.,4
wonderfuly organized,5
Good service,5
bagus ewe,5
Check,5
Tdk bisa buka whatsApp kenapa? Diperbaharui tdk bisa,5
Superp,5
Good evening 🌆🌆,5
Hello I love for you,5
برنامج رائع جدا ومميز ♥️,5
"Is cool but think i can have two WhatsApp in one phone with different number and different email, but this app is the best 💯💯💯",5
The wathapp is not working,4
Wow,3
The most perfect chart app,5
I love the app it helps me alot,5
I have been using this app ever since but there update for putting music on status has refused on mine though I have updated my app 3 times,5
It's fast and easy to download,5
It's an awesome App,5
Logged me out numerous time After sending a review they'll apologise for mistakenly flagging my account then it will take me the whole day to log in back it's really frustrating,1
Full image of Google Play,5
The best,5
Best community app ever,5
The App is sharp,5
Good social media app. Thanks for your good work. Try to work on your new update. Screen goes off while watching a status video.,4
Good,1
Please how can I get free number,5
It good to use it,4
Very user friendly & useful for all my communications and social marketing activities,5
"WhatsApp messenger is a good app. But this logging out someone acct saying WhatsApp is undergoing an upgrade is not funny, I have been trying to login no way, I had to download another one yet they are still messing up. It's not funny, you guys should fix your customer service.",1
Happy to use the application,5
This accountcanno long eruse WhatsAppduetospam problem,2
Fantastic,5
verry good,5
It's so awesome,1
"There's a new feature of adding music to status and that is not available on my side, and it still shows the app is up-to-date",2
Good,2
No use this apps,5
Very good,5
Wow,5
Great app for connecting with friends and families,5
I really appreciate the network,5
Nice 👍,5
Its good for use,5
"""WhatsApp is an amazing app! 📱 It’s super easy and fast 🚀, perfect for messages, calls, and video chats 🔥. It provides end-to-end encryption 🔒 for security, and its new features are just getting better and better! 🎉👏""Very Good app 💖💖💖💖💖💖💖💖💖",5
I love ur service❣️💓💓💓💓,5
Excellent,5
Just use it and thank me later,5
Good,5
Nice app,5
Taking screenshot is not allowed now but I will take photos of dp from another phone 🤡🔥,1
Great service,5
"I experiencing spam problem on my whatapp saying this device have account i even open new account but still the same, please help me bcz i am using it for important purpose such as school , work etc.",1
Thank you,5
Cannot download whattsapp,3
I want my whatsapp to be working,5
best app,5
This app needs to upgrade there quality... every time I post a video whatsapp drops my quality,4
App ok,5
My whatsapp has stopped. I tried all possible ways to register and up date but failed,5
"This is a very nice app Which helps a lot, what it does is beyond explanation",5
I love WhatsApp but I want to be saving someone status can it work,5
Nice,5
Sajid Ansari good 👍,5
ita good platform,5
good,5
Why it fail to work,5
انه تطبيق جميل جدا🌼🌻😍,5
"I have been using this app, it doesn't contain more ads",5
"Hey Whatsapp, an update I really need is more time option for my status updates. I want to be able to set my updates to expire within lesser time, and sometimes, beyond the 24 hour limit. Don't know if this makes sense, but I guess is something that would really serve my condition. Thank you.",5
Good,1
Good to use and fine to bussenes.,5
nice one,5
Very fast and accurate It only fails to open,5
cmne nk ada lagu kt stts,5
This app is amazing,5
"A so much Time this app is working good on my tablet since 3,4 year's ago and now they say your device is not compatible and don't give me install option 😔",1
Sa marche bien,5
Keep using WhatsApp,5
Why is it that my Whatsapp account is being reviewed on daily basis ??? Why? Why?? Why???,1
I don't even get notifications half the time. That's half the rating out the window for me.,2
This app has good and Nice conversation,5
Super efficient whatsaap,4
𝒔𝒐 𝒈𝒖𝒖,5
you are doing good keep going,5
Nice 🙂👍🏻👍🏻,4
Excellent,2
WhatsApp Messenger is malicious. I uninstalled this app because it lacks fact-checking mechanisms.,1
great,5
My registration process is failing,5
Very frustrating I can't believe I keep getting banned each time I request a review and the account comes back only to get blocked again and it has continued for months now,1
Nice app,5
Good,5
Always asking me to dwnload official one after sending me a verrification number i did 3tyms not open,1
it's fun,4
A way express to any feeling,5
amazing,5
Good,5
I have applied privacy om my profile photo to my contacts except but still the excluded contacts can still see it,1
Nice messaging app,1
Very helpful and fast delivery,4
I request ur team company to help me recover or review my WhatsApp account.i look forward to hearing ur positive response,5
Best,5
"Poor whatsapp, What's purpose of appeal review ban form? I don't like it. Banning people for no reason. Thank you for wasting my time and my future life. Gonna buy new phone no. Additionally, Whatsapp's Customer Service was so terrible. Can't reach to them to solve my problem. Only I got was repetitive replying from bots. So bad!",1
Since i updated my WhatsApp it's been great there is no laging now,5
Nice 👍,5
Not working,1
"Please i loved the app but now am trying to download it and there told me i dont have the right one, i downloaded it again and there said it is not the right one please help my situation.",1
I'm facing a lot of glitches in this old age app,1
Florida United States of America ((Great)),5
Good,5
💯💯,5
I'm facing challenges,5
Very good app allows me to talk to my loved ones whenever i feel like,4
Why my account is logging out,1
Good luck,5
It was fine,5
Good app,5
"Hey, Dear Whatsapp community Team. I am not able to run Whatsapp read all your terms and conditions. We will follow rules. I hope you will unban Whatsapp as soon as possible. Thanks 🙏",1
This app is very cool but they should find a way were someone can save video without status saver,3
Well sha Its a good app but atleast make it free mode please,5
l love these app very much,5
Good,5
Good,5
I mean with so much updates coming and going why hasn't anyone think of updating the text lines in WhatsApp status from ten too a decent time maybe 15 lines or 16 💁🏾‍♂️,2
Suitable app,5
Good,4
This app is very good when it come to communication,5
More apps to try Very nice app,5
Best i think,5
Why is that i cannot use my airtel number to join the whatsapp,1
Nice app,1
I love this application,5
This application is very good application and,1
Not much to say,3
Very good app easy to use to call and chat 👍,5
Change your updates for Huawei phones,1
Pls add music 🎶 on WhatsApp to use as status,2
okay,5
Great app but i always get super annoying bugs or error messages that stope from using the app when i need it the most and all the provided ways to fix it don't work because i keep on getting the exact same error message.,5
"The current WhatsApp update is not interesting, I feel the concept of WhatsApp is the fact that it is private, cause why are we having celebrities from our Instagram integrated to our WhatsApp, if I need to see them, I'd go to Instagram. I can't search for a contact status on the update page, it's just a bunch of inconveniences called update. I probably will just move to telegram if this is not fixed cause what's this",4
So realiable,4
Is good at doing business,5
"My whatsapp is OTP p,roblem My what'sapp is OTP problem my whatsapp OTP problem is solve please",1
Poor,1
I love this app,5
"Whatsapp is best at what it offers to it's users.the privacy, download, update are much more easier and relabel to make use of.",4
Nice one,5
I can not get conneted with whtapp,1
Perfect,5
Good,5
My WhatsApp is not working for verification number just for 1 hour letter verification number,1
Let's experience,5
Yes account pravicy secur and accept use Tecno Pop 5 LET,2
Very lovely and reliable,5
In 3 months i update 2 times today again update given why u guys like this wasting our data and time,1
"Hmm, I think video games should be added to whatsapp to make chatting interesting",3
Very good,5
It works very well with no ads at all I can chat freely now,5
Very ok,5
very nice app,5
Nice,5
Why screen shot is not available...,2
Good,5
Best,5
Fantastic,5
Tull us more optional,5
Mouhtar,5
"Worst app ever. They unknowingly and without any proof blocked my account and marked it spam as well. I never faced such ridiculous thing happens to me since meta buying the WhatsApp. Just awful, nowadays WhatsApp seems no longer worthy to preferable to anyone.",1
Anna Hockley BryanHockley Love from ❤️👨‍❤️‍💋‍👨💋💋💋💋💋👨‍❤️‍💋‍👨❤️ 2,5
Why dose it stop working,5
Muy buenos,5
"Nina Zaidi ya Miaka 5 nikiwa natumia WhatsApp kuwasiana na ndugu, jamaa na marafiki kwa njia ya massages, audio calls &video calls kwa uhakika zaidi. Hii app inatimiza kila hitaji la mtumiaji hivyo niseme tu asante sana kwa kuanzisha hii application.",5
"This app is slow in downloading videos🥺 I believe it will be faster at some certain point👍Anyways,WhatsApp business is the best😘",5
Very cool app,5
perfect,5
Forward to broadcast allow plz,1
Buy,1
Very good,5
I love this app,5
Is good,5
Cant install app,5
Very nice easy to get intought with your peaple,5
i haven't get a song features in my status whatsapp and chat theme. please give me soon,2
Good 😊👍,5
So far nothing to complain about I'm loving it,5
There should be a goddess Saraswati emoji in the WhatsApp emoji section 😔😮‍💨😤🤬😡😭😭,1
I love it but stop logging me out,3
"Fair for sending messages which are private, does not contain many ads",4
Yesterday I can make account on WhatsApp messager and after few hours they have been blocked the can show spam issue anyone can help me how can I recover my account,1
good for my work,5
This account can no longer use WhatsApp and the name of the phone is oppo A5s why????,1
Elightening,5
Good,5
Good,5
"During updation, my chat history vanished.",1
Nice app 👌,5
I love it,5
I love it because it helps download app faster than ever and it is a great way of getting things done.,4
".y friends invited me but we can't communicate via this, it's always say invite .we have send millions of invites.but we accept invite and it says down load whatsapp when we already have whataspp and so frustrating",1
The new updates on WhatsApp messenger is a problem nowadays. On a norms you aren't supposed to like peoples status. There are just some new features that aren't even useful at all,1
good,5
Thank you for your efforts and actions,5
Good app,5
Nice,5
Excellent,5
Nice,5
Cool,5
I love it so much,5
Refuse to open,2
quick means of communication,4
Very nice and good,5
Good,5
Amazing,5
Isse Accha To Snapchat Hai 🥴,1
I can call and text people on this and I use this cuz I have no credit,5
Superb,5
Good,5
Nice,5
good,5
💯💯💯app,5
"This app was perfect before but now it has disappointed me, since my account was restricted, they refused to restore it back up till now and each time I tried to enter my details for restoration, they said i, i need official WhatsApp",3
Lovely,5
Chatting,1
Allahu,2
This app is awesome,4
Nice,5
Whatsapp is my favorite app now that they added AI,4
It is simpo app,5
nice and easy to use,4
This app makes things easier,5
Well,5
Whatsap should improve their app by sending code to those that their WhatsApp was spammed,1
auto back problem 🥴 why?,1
"This app is so good,l have long priod when a used",5
sir my WhatsApp account is locked and there . is very important data in my WhatsApp account .I did not communit any such mistake but still mu account has been locked .from now on I request you to restore my account,5
Nice app,5
Gd apps,3
It gives more than you expect,3
